date,close_price_1000SHIBUSDT,return_1000SHIBUSDT,signal_1000SHIBUSDT,position_1000SHIBUSDT,signal_return_1000SHIBUSDT,cum_return_1000SHIBUSDT,cum_signal_return_1000SHIBUSDT
2021-05-10 00:00:00,0.034839,,0,0.5,,,
2021-05-11 00:00:00,0.030494,-0.124716553,0,0.5,-0.062358277,-0.124716553,-0.062358277
2021-05-12 00:00:00,0.018181,-0.403784351,0,0.5,-0.201892176,-0.478142312,-0.251660804
2021-05-13 00:00:00,0.02069,0.13800121,0,0.5,0.069000605,-0.406125319,-0.200024947
2021-05-14 00:00:00,0.018415,-0.109956501,0,0.5,-0.05497825,-0.471425701,-0.244006175
2021-05-15 00:00:00,0.01558,-0.153950584,0,0.5,-0.076975292,-0.552800023,-0.302199021
2021-05-16 00:00:00,0.017764,0.140179718,0,0.5,0.070089859,-0.490111656,-0.253290249
2021-05-17 00:00:00,0.016475,-0.072562486,0,0.5,-0.036281243,-0.527110422,-0.280381807
2021-05-18 00:00:00,0.015606,-0.052746586,0,0.5,-0.026373293,-0.552053733,-0.299360508
2021-05-19 00:00:00,0.009115,-0.415929771,0,0.5,-0.207964885,-0.738367921,-0.44506892
2021-05-20 00:00:00,0.009661,0.059901262,0,0.5,0.029950631,-0.722695829,-0.428448384
2021-05-21 00:00:00,0.008078,-0.163854673,0,0.5,-0.081927337,-0.768133414,-0.475274085
2021-05-22 00:00:00,0.008381,0.037509284,0,0.5,0.018754642,-0.759436264,-0.465433039
2021-05-23 00:00:00,0.008077,-0.036272521,0,0.5,-0.018136261,-0.768162117,-0.475128084
2021-05-24 00:00:00,0.010644,0.317816021,0,0.5,0.15890801,-0.694480324,-0.391721732
2021-05-25 00:00:00,0.009381,-0.118658399,0,0.5,-0.0593292,-0.730732799,-0.427810395
2021-05-26 00:00:00,0.009505,0.013218207,0,0.5,0.006609104,-0.72717357,-0.424028735
2021-05-27 00:00:00,0.008811,-0.073014203,0,0.5,-0.036507102,-0.747093774,-0.445055776
2021-05-28 00:00:00,0.007902,-0.103166496,0,0.5,-0.051583248,-0.773185223,-0.473681602
2021-05-29 00:00:00,0.007888,-0.001771703,0,0.5,-0.000885852,-0.773587072,-0.474147842
2021-05-30 00:00:00,0.007854,-0.004310345,0,0.5,-0.002155172,-0.77456299,-0.475281144
2021-05-31 00:00:00,0.009286,0.182327476,0,0.5,0.091163738,-0.733459629,-0.427445812
2021-06-01 00:00:00,0.008826,-0.049536937,0,0.5,-0.024768469,-0.746663222,-0.441627102
2021-06-02 00:00:00,0.009429,0.06832087,0,0.5,0.034160435,-0.729355033,-0.422552841
2021-06-03 00:00:00,0.009772,0.036377134,0,0.5,0.018188567,-0.719509745,-0.412049904
2021-06-04 00:00:00,0.00877,-0.102537863,0,0.5,-0.051268932,-0.748270616,-0.442193478
2021-06-05 00:00:00,0.008415,-0.040478905,0,0.5,-0.020239453,-0.758460346,-0.453483176
2021-06-06 00:00:00,0.00852,0.012477718,0,0.5,0.006238859,-0.755446482,-0.450073535
2021-06-07 00:00:00,0.007722,-0.093661972,0,0.5,-0.046830986,-0.778351847,-0.475827133
2021-06-08 00:00:00,0.007151,-0.073944574,0,0.5,-0.036972287,-0.794741525,-0.495207003
2021-06-09 00:00:00,0.007386,0.032862537,0,0.5,0.016431268,-0.787996211,-0.486912614
2021-06-10 00:00:00,0.00684,-0.073923639,0,0.5,-0.03696182,-0.803668303,-0.505877257
2021-06-11 00:00:00,0.0062,-0.093567251,0,0.5,-0.046783626,-0.82203852,-0.528994111
2021-06-12 00:00:00,0.00628,0.012903226,0,0.5,0.006451613,-0.819742243,-0.525955363
2021-06-13 00:00:00,0.006846,0.090127389,0,0.5,0.045063694,-0.803496082,-0.504593161
2021-06-14 00:00:00,0.00709,0.03564125,0,0.5,0.017820625,-0.796492437,-0.495764701
2021-06-15 00:00:00,0.009033,0.274047955,0,0.5,0.137023977,-0.740721605,-0.426672375
2021-06-16 00:00:00,0.008313,-0.079707738,0,0.5,-0.039853869,-0.7613881,-0.449521699
2021-06-17 00:00:00,0.007951,-0.043546253,0,0.5,-0.021773126,-0.771778754,-0.461507333
2021-06-18 00:00:00,0.007272,-0.085398063,0,0.5,-0.042699032,-0.791268406,-0.484500448
2021-06-19 00:00:00,0.007605,0.045792079,0,0.5,0.02289604,-0.781710152,-0.47269755
2021-06-20 00:00:00,0.007765,0.02103879,0,0.5,0.010519395,-0.777117598,-0.467150647
2021-06-21 00:00:00,0.006181,-0.203992273,0,0.5,-0.101996137,-0.822583886,-0.521499222
2021-06-22 00:00:00,0.006325,0.023297201,0,0.5,0.011648601,-0.818450587,-0.515925358
2021-06-23 00:00:00,0.006828,0.079525692,0,0.5,0.039762846,-0.804012744,-0.496677173
2021-06-24 00:00:00,0.007206,0.055360281,0,0.5,0.027680141,-0.793162835,-0.482745126
2021-06-25 00:00:00,0.007057,-0.020677213,0,0.5,-0.010338607,-0.797439651,-0.488092821
2021-06-26 00:00:00,0.007475,0.059231968,0,0.5,0.029615984,-0.785441603,-0.472932186
2021-06-27 00:00:00,0.007852,0.050434783,0,0.5,0.025217391,-0.774620397,-0.45964091
2021-06-28 00:00:00,0.008072,0.028018339,0,0.5,0.01400917,-0.768305634,-0.452070928
2021-06-29 00:00:00,0.008878,0.099851338,0,0.5,0.049925669,-0.745170642,-0.424715203
2021-06-30 00:00:00,0.008825,-0.005969813,0,0.5,-0.002984907,-0.746691926,-0.426432374
2021-07-01 00:00:00,0.008324,-0.056770538,0,0.5,-0.028385269,-0.761072361,-0.442713246
2021-07-02 00:00:00,0.008354,0.003604037,0,0.5,0.001802018,-0.760211257,-0.441709005
2021-07-03 00:00:00,0.008658,0.036389753,0,0.5,0.018194877,-0.751485404,-0.431550969
2021-07-04 00:00:00,0.008724,0.007623008,0,0.5,0.003811504,-0.749590976,-0.429384323
2021-07-05 00:00:00,0.008325,-0.045735901,0,0.5,-0.02286795,-0.761043658,-0.442433134
2021-07-06 00:00:00,0.008751,0.051171171,0,0.5,0.025585586,-0.748815982,-0.428167459
2021-07-07 00:00:00,0.008553,-0.022625986,0,0.5,-0.011312993,-0.754499268,-0.434636597
2021-07-08 00:00:00,0.008018,-0.062551152,0,0.5,-0.031275576,-0.769855622,-0.452318663
2021-07-09 00:00:00,0.007906,-0.013968571,0,0.5,-0.006984285,-0.77307041,-0.456143826
2021-07-10 00:00:00,0.007656,-0.031621553,0,0.5,-0.015810777,-0.780246276,-0.464742614
2021-07-11 00:00:00,0.007862,0.026907001,0,0.5,0.013453501,-0.774333362,-0.457541529
2021-07-12 00:00:00,0.007552,-0.03943017,0,0.5,-0.019715085,-0.783231436,-0.468236144
2021-07-13 00:00:00,0.007113,-0.058130297,0,0.5,-0.029065148,-0.795832257,-0.483691939
2021-07-14 00:00:00,0.007224,0.01560523,0,0.5,0.007802615,-0.792646172,-0.479663386
2021-07-15 00:00:00,0.006907,-0.043881506,0,0.5,-0.021940753,-0.801745171,-0.491079963
2021-07-16 00:00:00,0.006619,-0.041696829,0,0.5,-0.020848415,-0.810011768,-0.501690139
2021-07-17 00:00:00,0.006806,0.028252002,0,0.5,0.014126001,-0.804644221,-0.494651013
2021-07-18 00:00:00,0.006648,-0.02321481,0,0.5,-0.011607405,-0.809179368,-0.500516804
2021-07-19 00:00:00,0.006188,-0.069193742,0,0.5,-0.034596871,-0.822382962,-0.51779736
2021-07-20 00:00:00,0.005882,-0.049450549,0,0.5,-0.024725275,-0.831166222,-0.529719952
2021-07-21 00:00:00,0.006541,0.112036722,0,0.5,0.056018361,-0.812250639,-0.503375635
2021-07-22 00:00:00,0.006462,-0.012077664,0,0.5,-0.006038832,-0.814518212,-0.506374666
2021-07-23 00:00:00,0.00648,0.002785515,0,0.5,0.001392758,-0.81400155,-0.505687166
2021-07-24 00:00:00,0.006441,-0.006018519,0,0.5,-0.003009259,-0.815120985,-0.507174681
2021-07-25 00:00:00,0.006365,-0.01179941,0,0.5,-0.005899705,-0.817302448,-0.510082205
2021-07-26 00:00:00,0.006302,-0.009897879,0,0.5,-0.00494894,-0.819110767,-0.512506779
2021-07-27 00:00:00,0.006316,0.002221517,0,0.5,0.001110758,-0.818708918,-0.511965291
2021-07-28 00:00:00,0.006185,-0.020740975,0,0.5,-0.010370488,-0.822469072,-0.517026449
2021-07-29 00:00:00,0.006305,0.019401778,0,0.5,0.009700889,-0.819024656,-0.512341176
2021-07-30 00:00:00,0.006292,-0.002061856,0,0.5,-0.001030928,-0.819397801,-0.512843917
2021-07-31 00:00:00,0.00625,-0.006675143,0,0.5,-0.003337572,-0.820603347,-0.514469836
2021-08-01 00:00:00,0.006307,0.00912,0,0.5,0.00456,-0.818967249,-0.512255818
2021-08-02 00:00:00,0.00635,0.006817821,0,0.5,0.003408911,-0.817733,-0.510593142
2021-08-03 00:00:00,0.00619,-0.02519685,0,0.5,-0.012598425,-0.822325555,-0.516758897
2021-08-04 00:00:00,0.006242,0.008400646,0,0.5,0.004200323,-0.820832975,-0.514729129
2021-08-05 00:00:00,0.006224,-0.002883691,0,0.5,-0.001441846,-0.821349637,-0.515428814
2021-08-06 00:00:00,0.006311,0.013978149,0,0.5,0.006989075,-0.818852435,-0.51204211
2021-08-07 00:00:00,0.007798,0.235620345,0,0.5,0.117810173,-0.776170384,-0.454555707
2021-08-08 00:00:00,0.007295,-0.064503719,0,0.5,-0.032251859,-0.790608226,-0.4721473
2021-08-09 00:00:00,0.007626,0.045373544,0,0.5,0.022686772,-0.78110738,-0.460172026
2021-08-10 00:00:00,0.007578,-0.006294256,0,0.5,-0.003147128,-0.782485146,-0.461870934
2021-08-11 00:00:00,0.007783,0.027051993,0,0.5,0.013525996,-0.776600936,-0.454592202
2021-08-12 00:00:00,0.007657,-0.01618913,0,0.5,-0.008094565,-0.780217572,-0.459007041
2021-08-13 00:00:00,0.008135,0.062426538,0,0.5,0.031213269,-0.766497316,-0.442120882
2021-08-14 00:00:00,0.008141,0.000737554,0,0.5,0.000368777,-0.766325095,-0.441915149
2021-08-15 00:00:00,0.008561,0.051590714,0,0.5,0.025795357,-0.75426964,-0.427519151
2021-08-16 00:00:00,0.009042,0.056185025,0,0.5,0.028092513,-0.740463274,-0.411436726
2021-08-17 00:00:00,0.008059,-0.108714886,0,0.5,-0.054357443,-0.76867878,-0.443429521
2021-08-18 00:00:00,0.008022,-0.00459114,0,0.5,-0.00229557,-0.769740808,-0.444707167
2021-08-19 00:00:00,0.008368,0.043131389,0,0.5,0.021565694,-0.759809409,-0.432731892
2021-08-20 00:00:00,0.008496,0.015296367,0,0.5,0.007648184,-0.756135366,-0.428393321
2021-08-21 00:00:00,0.008136,-0.042372881,0,0.5,-0.021186441,-0.766468613,-0.440503632
2021-08-22 00:00:00,0.008213,0.00946411,0,0.5,0.004732055,-0.764258446,-0.437856064
2021-08-23 00:00:00,0.008187,-0.003165713,0,0.5,-0.001582856,-0.765004736,-0.438745858
2021-08-24 00:00:00,0.007486,-0.08562355,0,0.5,-0.042811775,-0.785125865,-0.462774144
2021-08-25 00:00:00,0.007527,0.00547689,0,0.5,0.002738445,-0.783949023,-0.46130298
2021-08-26 00:00:00,0.00697,-0.074000266,0,0.5,-0.037000133,-0.799936852,-0.481234841
2021-08-27 00:00:00,0.007478,0.072883788,0,0.5,0.036441894,-0.785355492,-0.462330057
2021-08-28 00:00:00,0.007238,-0.032094143,0,0.5,-0.016047071,-0.792244324,-0.470958084
2021-08-29 00:00:00,0.00712,-0.016302846,0,0.5,-0.008151423,-0.795631333,-0.475270529
2021-08-30 00:00:00,0.006669,-0.063342697,0,0.5,-0.031671348,-0.808576595,-0.491889419
2021-08-31 00:00:00,0.006863,0.029089819,0,0.5,0.014544909,-0.803008123,-0.484498996
2021-09-01 00:00:00,0.007195,0.048375346,0,0.5,0.024187673,-0.793478573,-0.472030227
2021-09-02 00:00:00,0.007093,-0.014176511,0,0.5,-0.007088256,-0.796406326,-0.475772612
2021-09-03 00:00:00,0.007074,-0.002678697,0,0.5,-0.001339349,-0.796951692,-0.476474735
2021-09-04 00:00:00,0.007446,0.052586938,0,0.5,0.026293469,-0.786274003,-0.462709439
2021-09-05 00:00:00,0.007547,0.01356433,0,0.5,0.006782165,-0.783374953,-0.459065446
2021-09-06 00:00:00,0.007239,-0.040810918,0,0.5,-0.020405459,-0.79221562,-0.470103464
2021-09-07 00:00:00,0.006051,-0.164111065,-1,0,-0.082055533,-0.826315336,-0.513584407
2021-09-08 00:00:00,0.006678,0.103619236,-1,0,0,-0.808318264,-0.513584407
2021-09-09 00:00:00,0.007309,0.094489368,-1,0,0,-0.790206378,-0.513584407
2021-09-10 00:00:00,0.006996,-0.042823916,-1,0,0,-0.799190562,-0.513584407
2021-09-11 00:00:00,0.006781,-0.030731847,-1,0,0,-0.805361807,-0.513584407
2021-09-12 00:00:00,0.006895,0.01681168,-1,0,0,-0.802089612,-0.513584407
2021-09-13 00:00:00,0.006492,-0.058448151,-1,0,0,-0.813657108,-0.513584407
2021-09-14 00:00:00,0.00667,0.027418361,-1,0,0,-0.808547892,-0.513584407
2021-09-15 00:00:00,0.006768,0.014692654,-1,0,0,-0.805734952,-0.513584407
2021-09-16 00:00:00,0.00854,0.261820331,0,0.5,0,-0.754872413,-0.513584407
2021-09-17 00:00:00,0.00845,-0.010538642,0,0.5,-0.005269321,-0.757455725,-0.516147486
2021-09-18 00:00:00,0.007838,-0.072426036,-1,0,-0.036213018,-0.775022245,-0.533669246
2021-09-19 00:00:00,0.00809,0.032151059,-1,0,0,-0.767788972,-0.533669246
2021-09-20 00:00:00,0.00701,-0.133498146,-1,0,0,-0.798788714,-0.533669246
2021-09-21 00:00:00,0.006874,-0.019400856,-1,0,0,-0.802692385,-0.533669246
2021-09-22 00:00:00,0.007243,0.053680535,-1,0,0,-0.792100807,-0.533669246
2021-09-23 00:00:00,0.007635,0.05412122,0,0.5,0,-0.780849048,-0.533669246
2021-09-24 00:00:00,0.007364,-0.035494434,-1,0,-0.017747217,-0.788627687,-0.541945319
2021-09-25 00:00:00,0.007315,-0.006653992,0,0.5,0,-0.790034157,-0.541945319
2021-09-26 00:00:00,0.007096,-0.029938483,-1,0,-0.014969241,-0.796320216,-0.54880205
2021-09-27 00:00:00,0.006974,-0.017192785,-1,0,0,-0.799822039,-0.54880205
2021-09-28 00:00:00,0.006975,0.00014339,-1,0,0,-0.799793335,-0.54880205
2021-09-29 00:00:00,0.007012,0.005304659,0,0.5,0,-0.798731307,-0.54880205
2021-09-30 00:00:00,0.00721,0.028237307,0,0.5,0.014118654,-0.793048021,-0.542431742
2021-10-01 00:00:00,0.0077,0.067961165,0,0.5,0.033980583,-0.778983323,-0.526883307
2021-10-02 00:00:00,0.007879,0.023246753,0,0.5,0.011623377,-0.773845403,-0.521384093
2021-10-03 00:00:00,0.008543,0.084274654,1,1,0.042137327,-0.754786303,-0.501216498
2021-10-04 00:00:00,0.013489,0.578953529,1,1,0.578953529,-0.612818967,-0.212444029
2021-10-05 00:00:00,0.017318,0.283860924,1,1,0.283860924,-0.502913402,0.011112336
2021-10-06 00:00:00,0.027716,0.600415752,1,1,0.600415752,-0.204454778,0.61820011
2021-10-07 00:00:00,0.022936,-0.172463559,1,1,-0.172463559,-0.341657338,0.33911956
2021-10-08 00:00:00,0.027221,0.186824206,1,1,0.186824206,-0.218662993,0.589299509
2021-10-09 00:00:00,0.026689,-0.019543735,1,1,-0.019543735,-0.233933236,0.558238661
2021-10-10 00:00:00,0.026143,-0.020457867,1,1,-0.020457867,-0.249605327,0.526360423
2021-10-11 00:00:00,0.030657,0.172665723,1,1,0.172665723,-0.120037889,0.789910549
2021-10-12 00:00:00,0.029019,-0.053429886,1,1,-0.053429886,-0.167054163,0.694275833
2021-10-13 00:00:00,0.029083,0.002205452,1,1,0.002205452,-0.165217142,0.698012477
2021-10-14 00:00:00,0.027456,-0.055943335,1,1,-0.055943335,-0.211917678,0.603019997
2021-10-15 00:00:00,0.025272,-0.079545455,1,1,-0.079545455,-0.274606045,0.475507042
2021-10-16 00:00:00,0.025704,0.017094017,1,1,0.017094017,-0.262206148,0.500729385
2021-10-17 00:00:00,0.027769,0.080337691,1,1,0.080337691,-0.202933494,0.621294518
2021-10-18 00:00:00,0.028654,0.031870071,1,1,0.031870071,-0.177530928,0.672965289
2021-10-19 00:00:00,0.028039,-0.021462972,1,1,-0.021462972,-0.195183559,0.637058482
2021-10-20 00:00:00,0.029257,0.043439495,1,1,0.043439495,-0.160222739,0.708171476
2021-10-21 00:00:00,0.027488,-0.060464162,1,1,-0.060464162,-0.210999168,0.604888318
2021-10-22 00:00:00,0.027977,0.017789581,1,1,0.017789581,-0.196963173,0.633438609
2021-10-23 00:00:00,0.033907,0.211959824,1,1,0.211959824,-0.026751629,0.979661969
2021-10-24 00:00:00,0.036084,0.064205031,1,1,0.064205031,0.035735813,1.106766228
2021-10-25 00:00:00,0.042305,0.172403281,1,1,0.172403281,0.214300066,1.469979638
2021-10-26 00:00:00,0.047936,0.133104834,1,1,0.133104834,0.375929275,1.798745868
2021-10-27 00:00:00,0.079004,0.648114152,1,1,0.648114152,1.26768851,3.612652674
2021-10-28 00:00:00,0.068661,-0.130917422,1,1,-0.130917422,0.970808577,3.008776077
2021-10-29 00:00:00,0.074823,0.08974527,1,1,0.08974527,1.147679325,3.36854477
2021-10-30 00:00:00,0.065317,-0.127046496,1,1,-0.127046496,0.874824191,2.813536462
2021-10-31 00:00:00,0.066938,0.024817429,1,1,0.024817429,0.921352507,2.908178632
2021-11-01 00:00:00,0.071552,0.068929457,1,1,0.068929457,1.053790292,3.177567264
2021-11-02 00:00:00,0.069211,-0.032717464,1,1,-0.032717464,0.986595482,3.040887856
2021-11-03 00:00:00,0.055573,-0.197049602,1,1,-0.197049602,0.595137633,2.244632513
2021-11-04 00:00:00,0.049401,-0.111061127,1,1,-0.111061127,0.41797985,1.88427997
2021-11-05 00:00:00,0.062506,0.265278031,1,1,0.265278031,0.794138753,2.64941608
2021-11-06 00:00:00,0.058701,-0.060874156,1,1,-0.060874156,0.68492207,2.427260956
2021-11-07 00:00:00,0.056998,-0.029011431,1,1,-0.029011431,0.63604007,2.327831212
2021-11-08 00:00:00,0.055278,-0.030176497,1,1,-0.030176497,0.586670111,2.227408922
2021-11-09 00:00:00,0.05493,-0.006295452,1,1,-0.006295452,0.576681305,2.207090924
2021-11-10 00:00:00,0.05026,-0.085017295,1,1,-0.085017295,0.442636126,1.93443273
2021-11-11 00:00:00,0.05658,0.12574612,1,1,0.12574612,0.624042022,2.30342626
2021-11-12 00:00:00,0.052386,-0.074125133,1,1,-0.074125133,0.503659692,2.058559351
2021-11-13 00:00:00,0.051689,-0.013305082,1,1,-0.013305082,0.483653377,2.017864969
2021-11-14 00:00:00,0.0532,0.029232525,1,1,0.029232525,0.527024312,2.106084784
2021-11-15 00:00:00,0.053494,0.005526316,1,1,0.005526316,0.53546313,2.123249989
2021-11-16 00:00:00,0.048318,-0.096758515,1,1,-0.096758515,0.386893998,1.821048958
2021-11-17 00:00:00,0.048174,-0.002980256,1,1,-0.002980256,0.382760699,1.812641511
2021-11-18 00:00:00,0.042506,-0.117656827,1,1,-0.117656827,0.220069462,1.481715034
2021-11-19 00:00:00,0.048513,0.141321225,1,1,0.141321225,0.392491174,1.832434043
2021-11-20 00:00:00,0.047689,-0.016985138,1,1,-0.016985138,0.368839519,1.78432476
2021-11-21 00:00:00,0.04414,-0.074419677,1,1,-0.074419677,0.266970923,1.577116209
2021-11-22 00:00:00,0.043306,-0.018894427,1,1,-0.018894427,0.243032234,1.528423076
2021-11-23 00:00:00,0.041961,-0.031058052,1,1,-0.031058052,0.204426074,1.44989518
2021-11-24 00:00:00,0.037891,-0.096994829,0,0.5,-0.096994829,0.087602974,1.212268018
2021-11-25 00:00:00,0.042761,0.128526563,0,0.5,0.064263282,0.227388846,1.35443562
2021-11-26 00:00:00,0.038685,-0.095320502,0,0.5,-0.047660251,0.110393524,1.242222627
2021-11-27 00:00:00,0.039199,0.013286804,0,0.5,0.006643402,0.125147105,1.257118613
2021-11-28 00:00:00,0.039134,-0.001658206,0,0.5,-0.000829103,0.12328138,1.25524723
2021-11-29 00:00:00,0.04522,0.155516942,0,0.5,0.077758471,0.297970665,1.430611806
2021-11-30 00:00:00,0.047459,0.04951349,0,0.5,0.024756745,0.362237722,1.490785842
2021-12-01 00:00:00,0.044178,-0.069133357,0,0.5,-0.034566679,0.268061655,1.404687648
2021-12-02 00:00:00,0.042218,-0.044365974,0,0.5,-0.022182987,0.211802865,1.351344493
2021-12-03 00:00:00,0.0404,-0.043062201,0,0.5,-0.0215311,0.159619966,1.300717459
2021-12-04 00:00:00,0.036389,-0.099282178,0,0.5,-0.049641089,0.04449037,1.186507338
2021-12-05 00:00:00,0.036201,-0.005166396,0,0.5,-0.002583198,0.039094119,1.180859156
2021-12-06 00:00:00,0.036752,0.015220574,0,0.5,0.007610287,0.054909728,1.197456121
2021-12-07 00:00:00,0.036243,-0.013849586,0,0.5,-0.006924793,0.040299664,1.182239191
2021-12-08 00:00:00,0.036973,0.02014182,0,0.5,0.01007091,0.061253193,1.204216326
2021-12-09 00:00:00,0.034646,-0.062937819,0,0.5,-0.03146891,-0.005539769,1.134852042
2021-12-10 00:00:00,0.033412,-0.035617387,0,0.5,-0.017808694,-0.040959844,1.096833116
2021-12-11 00:00:00,0.034418,0.030108943,0,0.5,0.015054471,-0.012084159,1.12839983
2021-12-12 00:00:00,0.03658,0.062815968,0,0.5,0.031407984,0.049972732,1.195248578
2021-12-13 00:00:00,0.0329,-0.100601422,0,0.5,-0.050300711,-0.055656018,1.084826014
2021-12-14 00:00:00,0.033948,0.031854103,0,0.5,0.015927052,-0.025574787,1.118031146
2021-12-15 00:00:00,0.033793,-0.004565807,0,0.5,-0.002282903,-0.030023824,1.113195886
2021-12-16 00:00:00,0.032712,-0.031988873,0,0.5,-0.015994437,-0.061052269,1.079396508
2021-12-17 00:00:00,0.031158,-0.047505503,0,0.5,-0.023752751,-0.105657453,1.03000512
2021-12-18 00:00:00,0.031384,0.007253354,0,0.5,0.003626677,-0.09917047,1.037367293
2021-12-19 00:00:00,0.030752,-0.02013765,0,0.5,-0.010068825,-0.117311059,1.016853398
2021-12-20 00:00:00,0.031191,0.014275494,0,0.5,0.007137747,-0.104710239,1.031249188
2021-12-21 00:00:00,0.032829,0.052515149,0,0.5,0.026257574,-0.057693964,1.084584864
2021-12-22 00:00:00,0.035034,0.067166225,0,0.5,0.033583112,0.005597176,1.154591712
2021-12-23 00:00:00,0.038652,0.103271108,0,0.5,0.051635554,0.10944631,1.265845249
2021-12-24 00:00:00,0.036209,-0.063205009,0,0.5,-0.031602504,0.039323746,1.194238865
2021-12-25 00:00:00,0.0377,0.041177608,0,0.5,0.020588804,0.082120612,1.239415618
2021-12-26 00:00:00,0.038255,0.014721485,0,0.5,0.007360743,0.098051035,1.25589938
2021-12-27 00:00:00,0.039105,0.022219318,0,0.5,0.011109659,0.12244898,1.280961653
2021-12-28 00:00:00,0.034922,-0.106968418,0,0.5,-0.053484209,0.002382388,1.158966223
2021-12-29 00:00:00,0.033635,-0.036853559,0,0.5,-0.01842678,-0.034558971,1.119183428
2021-12-30 00:00:00,0.033746,0.003300134,0,0.5,0.001650067,-0.031372887,1.122680222
2021-12-31 00:00:00,0.03337,-0.011142061,0,0.5,-0.005571031,-0.042165389,1.110854706
2022-01-01 00:00:00,0.03414,0.023074618,0,0.5,0.011537309,-0.020063722,1.135208289
2022-01-02 00:00:00,0.034039,-0.002958407,0,0.5,-0.001479203,-0.022962772,1.132049882
2022-01-03 00:00:00,0.033057,-0.028849261,0,0.5,-0.014424631,-0.051149574,1.10129585
2022-01-04 00:00:00,0.032434,-0.018846235,0,0.5,-0.009423118,-0.069031832,1.081495092
2022-01-05 00:00:00,0.03035,-0.064253561,0,0.5,-0.032126781,-0.128849852,1.014623356
2022-01-06 00:00:00,0.030734,0.012652389,0,0.5,0.006326194,-0.117827722,1.027368255
2022-01-07 00:00:00,0.029009,-0.056126765,0,0.5,-0.028063383,-0.167341198,0.970473444
2022-01-08 00:00:00,0.027725,-0.044262126,0,0.5,-0.022131063,-0.204196447,0.926864772
2022-01-09 00:00:00,0.028253,0.019044184,0,0.5,0.009522092,-0.189041017,0.945212556
2022-01-10 00:00:00,0.026682,-0.055604715,0,0.5,-0.027802357,-0.23413416,0.891131061
2022-01-11 00:00:00,0.027632,0.035604527,0,0.5,0.017802264,-0.206865869,0.924797475
2022-01-12 00:00:00,0.031451,0.138209323,0,0.5,0.069104661,-0.097247338,1.057809953
2022-01-13 00:00:00,0.029651,-0.057231885,0,0.5,-0.028615942,-0.148913574,0.998923782
2022-01-14 00:00:00,0.030743,0.036828437,0,0.5,0.018414219,-0.117569391,1.035732402
2022-01-15 00:00:00,0.030818,0.00243958,0,0.5,0.00121979,-0.115416631,1.038215567
2022-01-16 00:00:00,0.030491,-0.010610682,0,0.5,-0.005305341,-0.124802664,1.027402139
2022-01-17 00:00:00,0.028803,-0.055360598,0,0.5,-0.027680299,-0.173254112,0.971283041
2022-01-18 00:00:00,0.028054,-0.026004236,0,0.5,-0.013002118,-0.194753007,0.945652187
2022-01-19 00:00:00,0.02725,-0.028659015,0,0.5,-0.014329507,-0.217830592,0.917771949
2022-01-20 00:00:00,0.026425,-0.030275229,0,0.5,-0.015137615,-0.24151095,0.888741457
2022-01-21 00:00:00,0.022212,-0.159432356,0,0.5,-0.079716178,-0.362438646,0.738178207
2022-01-22 00:00:00,0.020508,-0.076715289,0,0.5,-0.038357645,-0.41134935,0.671505785
2022-01-23 00:00:00,0.022438,0.094109616,0,0.5,0.047054808,-0.355951663,0.750158169
2022-01-24 00:00:00,0.021185,-0.055842767,0,0.5,-0.027921383,-0.391917104,0.701291331
2022-01-25 00:00:00,0.021008,-0.008354968,0,0.5,-0.004177484,-0.396997618,0.694184214
2022-01-26 00:00:00,0.021088,0.003808073,0,0.5,0.001904037,-0.39470134,0.697410003
2022-01-27 00:00:00,0.021249,0.007634674,0,0.5,0.003817337,-0.390080083,0.703889588
2022-01-28 00:00:00,0.021208,-0.001929503,0,0.5,-0.000964751,-0.391256925,0.702245759
2022-01-29 00:00:00,0.021667,0.021642776,0,0.5,0.010821388,-0.378082035,0.720666421
2022-01-30 00:00:00,0.021065,-0.027784188,0,0.5,-0.013892094,-0.39536152,0.696762761
2022-01-31 00:00:00,0.021424,0.017042488,0,0.5,0.008521244,-0.385056976,0.71122129
2022-02-01 00:00:00,0.021673,0.011622479,0,0.5,0.00581124,-0.377909814,0.721165607
2022-02-02 00:00:00,0.020595,-0.049739307,0,0.5,-0.024869653,-0.408852148,0.678360815
2022-02-03 00:00:00,0.02074,0.007040544,-1,0,0.003520272,-0.404690146,0.684269102
2022-02-04 00:00:00,0.022197,0.070250723,-1,0,0,-0.362869198,0.684269102
2022-02-05 00:00:00,0.022483,0.012884624,-1,0,0,-0.354660007,0.684269102
2022-02-06 00:00:00,0.028479,0.266690388,0,0.5,0,-0.182554034,0.684269102
2022-02-07 00:00:00,0.032543,0.14270164,1,1,0.07135082,-0.065903155,0.804443083
2022-02-08 00:00:00,0.030968,-0.048397505,1,1,-0.048397505,-0.111111111,0.71711254
2022-02-09 00:00:00,0.03294,0.063678636,1,1,0.063678636,-0.054507879,0.826455925
2022-02-10 00:00:00,0.030818,-0.064420158,1,1,-0.064420158,-0.115416631,0.708795346
2022-02-11 00:00:00,0.028674,-0.069569732,0,0.5,-0.069569732,-0.176956859,0.589914911
2022-02-12 00:00:00,0.02914,0.016251657,0,0.5,0.008125828,-0.163581044,0.602834287
2022-02-13 00:00:00,0.030111,0.033321894,0,0.5,0.016660947,-0.13570998,0.629539024
2022-02-14 00:00:00,0.029559,-0.018332171,0,0.5,-0.009166085,-0.151554293,0.61460253
2022-02-15 00:00:00,0.031237,0.05676782,1,1,0.02838391,-0.103389879,0.660431263
2022-02-16 00:00:00,0.030918,-0.010212248,1,1,-0.010212248,-0.112546284,0.643474527
2022-02-17 00:00:00,0.028198,-0.087974643,0,0.5,-0.087974643,-0.190619708,0.498890443
2022-02-18 00:00:00,0.028076,-0.004326548,1,1,-0.002163274,-0.19412153,0.495647932
2022-02-19 00:00:00,0.027464,-0.021797977,0,0.5,-0.021797977,-0.211688051,0.463045833
2022-02-20 00:00:00,0.025467,-0.07271337,0,0.5,-0.036356685,-0.269008869,0.409854336
2022-02-21 00:00:00,0.024031,-0.056386697,0,0.5,-0.028193348,-0.310227044,0.370105822
2022-02-22 00:00:00,0.024936,0.03765969,0,0.5,0.018829845,-0.284250409,0.395904702
2022-02-23 00:00:00,0.024843,-0.003729548,0,0.5,-0.001864774,-0.286919831,0.393301656
2022-02-24 00:00:00,0.023812,-0.041500624,0,0.5,-0.020750312,-0.316513103,0.364390212
2022-02-25 00:00:00,0.024848,0.043507475,0,0.5,0.021753738,-0.286776314,0.394070798
2022-02-26 00:00:00,0.024429,-0.016862524,0,0.5,-0.008431262,-0.298803066,0.382317022
2022-02-27 00:00:00,0.023419,-0.041344304,0,0.5,-0.020672152,-0.327793565,0.353741554
2022-02-28 00:00:00,0.025778,0.100730176,0,0.5,0.050365088,-0.260082092,0.421922867
2022-03-01 00:00:00,0.027108,0.051594383,0,0.5,0.025797191,-0.221906484,0.458604484
2022-03-02 00:00:00,0.025896,-0.044710049,0,0.5,-0.022355024,-0.256695083,0.425997345
2022-03-03 00:00:00,0.025038,-0.03313253,0,0.5,-0.016566265,-0.281322656,0.402373895
2022-03-04 00:00:00,0.023555,-0.05922997,0,0.5,-0.029614985,-0.323889894,0.360842613
2022-03-05 00:00:00,0.024609,0.044746338,0,0.5,0.022373169,-0.293636442,0.391288975
2022-03-06 00:00:00,0.023499,-0.045105449,0,0.5,-0.022552725,-0.325497288,0.359911618
2022-03-07 00:00:00,0.02278,-0.030597047,0,0.5,-0.015298523,-0.346135079,0.339106978
2022-03-08 00:00:00,0.022903,0.005399473,-1,0,0.002699737,-0.342604552,0.342722214
2022-03-09 00:00:00,0.023842,0.040998996,-1,0,0,-0.315651999,0.342722214
2022-03-10 00:00:00,0.022595,-0.052302659,-1,0,0,-0.351445219,0.342722214
2022-03-11 00:00:00,0.02204,-0.024562956,-1,0,0,-0.367375642,0.342722214
2022-03-12 00:00:00,0.022121,0.003675136,-1,0,0,-0.365050662,0.342722214
2022-03-13 00:00:00,0.021485,-0.028750961,-1,0,0,-0.383306065,0.342722214
2022-03-14 00:00:00,0.022015,0.024668373,-1,0,0,-0.368093229,0.342722214
2022-03-15 00:00:00,0.021606,-0.018578242,-1,0,0,-0.379832946,0.342722214
2022-03-16 00:00:00,0.022714,0.051282051,-1,0,0,-0.348029507,0.342722214
2022-03-17 00:00:00,0.02218,-0.02350973,-1,0,0,-0.363357157,0.342722214
2022-03-18 00:00:00,0.022338,0.007123535,-1,0,0,-0.35882201,0.342722214
2022-03-19 00:00:00,0.024127,0.080087743,-1,0,0,-0.307471512,0.342722214
2022-03-20 00:00:00,0.023108,-0.042234841,-1,0,0,-0.336720342,0.342722214
2022-03-21 00:00:00,0.02293,-0.00770296,-1,0,0,-0.341829559,0.342722214
2022-03-22 00:00:00,0.023451,0.022721326,-1,0,0,-0.326875054,0.342722214
2022-03-23 00:00:00,0.02443,0.041746621,0,0.5,0,-0.298774362,0.342722214
2022-03-24 00:00:00,0.024696,0.010888252,-1,0,0.005444126,-0.291139241,0.350032163
2022-03-25 00:00:00,0.024123,-0.023202138,-1,0,0,-0.307586326,0.350032163
2022-03-26 00:00:00,0.024432,0.012809352,0,0.5,0,-0.298716955,0.350032163
2022-03-27 00:00:00,0.025585,0.047192207,0,0.5,0.023596103,-0.265621861,0.381887662
2022-03-28 00:00:00,0.026553,0.037834669,0,0.5,0.018917334,-0.237836907,0.408029293
2022-03-29 00:00:00,0.027339,0.029601175,0,0.5,0.014800588,-0.215275984,0.428868953
2022-03-30 00:00:00,0.027456,0.004279601,0,0.5,0.0021398,-0.211917678,0.431926448
2022-03-31 00:00:00,0.025846,-0.058639277,-1,0,-0.029319639,-0.258130256,0.389942882
2022-04-01 00:00:00,0.02615,0.011761975,0,0.5,0,-0.249404403,0.389942882
2022-04-02 00:00:00,0.02582,-0.012619503,0,0.5,-0.006309751,-0.258876546,0.381172687
2022-04-03 00:00:00,0.026845,0.039697909,0,0.5,0.019848954,-0.229455495,0.408587521
2022-04-04 00:00:00,0.026448,-0.014788601,0,0.5,-0.007394301,-0.240850771,0.398172001
2022-04-05 00:00:00,0.026774,0.012326074,0,0.5,0.006163037,-0.231493441,0.406788987
2022-04-06 00:00:00,0.024348,-0.090610294,0,0.5,-0.045305147,-0.301128046,0.343054206
2022-04-07 00:00:00,0.024771,0.01737309,0,0.5,0.008686545,-0.288986481,0.354720706
2022-04-08 00:00:00,0.023784,-0.03984498,-1,0,-0.01992249,-0.3173168,0.327731297
2022-04-09 00:00:00,0.024593,0.034014464,0,0.5,0,-0.294095697,0.327731297
2022-04-10 00:00:00,0.024446,-0.005977311,0,0.5,-0.002988655,-0.298315107,0.323763166
2022-04-11 00:00:00,0.022155,-0.093716763,0,0.5,-0.046858382,-0.364074744,0.261733766
2022-04-12 00:00:00,0.026913,0.214759648,0,0.5,0.107379824,-0.22750366,0.397218515
2022-04-13 00:00:00,0.026936,0.000854606,0,0.5,0.000427303,-0.22684348,0.397815551
2022-04-14 00:00:00,0.02578,-0.042916543,0,0.5,-0.021458271,-0.260024685,0.367820845
2022-04-15 00:00:00,0.025898,0.004577192,0,0.5,0.002288596,-0.256637676,0.370951234
2022-04-16 00:00:00,0.02559,-0.01189281,0,0.5,-0.005946405,-0.265478343,0.362799003
2022-04-17 00:00:00,0.024622,-0.037827276,0,0.5,-0.018913638,-0.293263297,0.337023516
2022-04-18 00:00:00,0.025216,0.024124766,0,0.5,0.012062383,-0.276213439,0.353151206
2022-04-19 00:00:00,0.025428,0.00840736,0,0.5,0.00420368,-0.270128304,0.358839421
2022-04-20 00:00:00,0.024816,-0.024067957,0,0.5,-0.012033978,-0.287694825,0.342487177
2022-04-21 00:00:00,0.0243,-0.020793037,0,0.5,-0.010396518,-0.302505812,0.328529984
2022-04-22 00:00:00,0.024285,-0.000617284,-1,0,-0.000308642,-0.302936364,0.328119944
2022-04-23 00:00:00,0.024102,-0.007535516,-1,0,0,-0.308189098,0.328119944
2022-04-24 00:00:00,0.023941,-0.006679944,-1,0,0,-0.312810356,0.328119944
2022-04-25 00:00:00,0.024297,0.014869888,-1,0,0,-0.302591923,0.328119944
2022-04-26 00:00:00,0.022974,-0.054451167,-1,0,0,-0.340566606,0.328119944
2022-04-27 00:00:00,0.023413,0.019108557,-1,0,0,-0.327965785,0.328119944
2022-04-28 00:00:00,0.022925,-0.020843121,-1,0,0,-0.341973076,0.328119944
2022-04-29 00:00:00,0.022193,-0.031930207,-1,0,0,-0.362984012,0.328119944
2022-04-30 00:00:00,0.020147,-0.092191231,-1,0,0,-0.421711301,0.328119944
2022-05-01 00:00:00,0.02153,0.068645456,-1,0,0,-0.382014409,0.328119944
2022-05-02 00:00:00,0.020669,-0.039990711,-1,0,0,-0.406728092,0.328119944
2022-05-03 00:00:00,0.020302,-0.01775606,-1,0,0,-0.417262264,0.328119944
2022-05-04 00:00:00,0.021779,0.072751453,-1,0,0,-0.374867246,0.328119944
2022-05-05 00:00:00,0.020257,-0.069883833,-1,0,0,-0.418553919,0.328119944
2022-05-06 00:00:00,0.020008,-0.012292047,-1,0,0,-0.425701082,0.328119944
2022-05-07 00:00:00,0.019261,-0.037335066,-1,0,0,-0.44714257,0.328119944
2022-05-08 00:00:00,0.018426,-0.043351851,-1,0,0,-0.471109963,0.328119944
2022-05-09 00:00:00,0.01396,-0.242374905,-1,0,0,-0.599299635,0.328119944
2022-05-10 00:00:00,0.016159,0.15752149,-1,0,0,-0.536180717,0.328119944
2022-05-11 00:00:00,0.012049,-0.254347422,-1,0,0,-0.654151956,0.328119944
2022-05-12 00:00:00,0.010839,-0.100423272,-1,0,0,-0.688883148,0.328119944
2022-05-13 00:00:00,0.012806,0.181474306,-1,0,0,-0.632423434,0.328119944
2022-05-14 00:00:00,0.012539,-0.020849602,-1,0,0,-0.640087259,0.328119944
2022-05-15 00:00:00,0.013045,0.040354095,-1,0,0,-0.625563305,0.328119944
2022-05-16 00:00:00,0.011983,-0.081410502,-1,0,0,-0.656046385,0.328119944
2022-05-17 00:00:00,0.012537,0.046232162,-1,0,0,-0.640144665,0.328119944
2022-05-18 00:00:00,0.011516,-0.081438941,-1,0,0,-0.669450903,0.328119944
2022-05-19 00:00:00,0.011816,0.026050712,-1,0,0,-0.660839863,0.328119944
2022-05-20 00:00:00,0.011598,-0.01844956,-1,0,0,-0.667097219,0.328119944
2022-05-21 00:00:00,0.011745,0.012674599,-1,0,0,-0.662877809,0.328119944
2022-05-22 00:00:00,0.011899,0.013111963,-1,0,0,-0.658457476,0.328119944
2022-05-23 00:00:00,0.011676,-0.018741071,-1,0,0,-0.664858348,0.328119944
2022-05-24 00:00:00,0.011735,0.0050531,-1,0,0,-0.663164844,0.328119944
2022-05-25 00:00:00,0.011597,-0.011759693,-1,0,0,-0.667125922,0.328119944
2022-05-26 00:00:00,0.010581,-0.087608864,-1,0,0,-0.696288642,0.328119944
2022-05-27 00:00:00,0.010476,-0.009923448,-1,0,0,-0.699302506,0.328119944
2022-05-28 00:00:00,0.010769,0.02796869,-1,0,0,-0.690892391,0.328119944
2022-05-29 00:00:00,0.011494,0.067322871,-1,0,0,-0.670082379,0.328119944
2022-05-30 00:00:00,0.012166,0.058465286,-1,0,0,-0.650793651,0.328119944
2022-05-31 00:00:00,0.011725,-0.036248562,-1,0,0,-0.663451879,0.328119944
2022-06-01 00:00:00,0.010887,-0.071471215,-1,0,0,-0.687505382,0.328119944
2022-06-02 00:00:00,0.011212,0.029852117,-1,0,0,-0.678176756,0.328119944
2022-06-03 00:00:00,0.010795,-0.037192294,-1,0,0,-0.690146101,0.328119944
2022-06-04 00:00:00,0.010885,0.008337193,-1,0,0,-0.687562789,0.328119944
2022-06-05 00:00:00,0.010806,-0.007257694,-1,0,0,-0.689830363,0.328119944
2022-06-06 00:00:00,0.011047,0.022302425,-1,0,0,-0.682912828,0.328119944
2022-06-07 00:00:00,0.010719,-0.029691319,-1,0,0,-0.692327564,0.328119944
2022-06-08 00:00:00,0.010574,-0.013527381,-1,0,0,-0.696489566,0.328119944
2022-06-09 00:00:00,0.010566,-0.000756573,-1,0,0,-0.696719194,0.328119944
2022-06-10 00:00:00,0.010124,-0.041832292,-1,0,0,-0.709406125,0.328119944
2022-06-11 00:00:00,0.009346,-0.076847096,-1,0,0,-0.731737421,0.328119944
2022-06-12 00:00:00,0.008583,-0.081639204,-1,0,0,-0.753638164,0.328119944
2022-06-13 00:00:00,0.008048,-0.062332518,-1,0,0,-0.768994518,0.328119944
2022-06-14 00:00:00,0.00818,0.01640159,-1,0,0,-0.76520566,0.328119944
2022-06-15 00:00:00,0.008826,0.078973105,-1,0,0,-0.746663222,0.328119944
2022-06-16 00:00:00,0.007964,-0.097665987,-1,0,0,-0.771405609,0.328119944
2022-06-17 00:00:00,0.008173,0.026243094,-1,0,0,-0.765406585,0.328119944
2022-06-18 00:00:00,0.007703,-0.057506424,-1,0,0,-0.778897213,0.328119944
2022-06-19 00:00:00,0.008214,0.06633779,-1,0,0,-0.764229743,0.328119944
2022-06-20 00:00:00,0.008114,-0.012174336,-1,0,0,-0.767100089,0.328119944
2022-06-21 00:00:00,0.010634,0.310574316,-1,0,0,-0.694767358,0.328119944
2022-06-22 00:00:00,0.009668,-0.0908407,-1,0,0,-0.722494905,0.328119944
2022-06-23 00:00:00,0.010291,0.064439388,-1,0,0,-0.704612647,0.328119944
2022-06-24 00:00:00,0.010818,0.051209795,-1,0,0,-0.689485921,0.328119944
2022-06-25 00:00:00,0.011793,0.090127565,0,0.5,0,-0.661500043,0.328119944
2022-06-26 00:00:00,0.010971,-0.069702366,0,0.5,-0.034851183,-0.685094291,0.281833393
2022-06-27 00:00:00,0.011062,0.008294595,0,0.5,0.004147297,-0.682482276,0.287149537
2022-06-28 00:00:00,0.009973,-0.098445127,-1,0,-0.049222564,-0.713740348,0.223792737
2022-06-29 00:00:00,0.01021,0.023764163,-1,0,0,-0.706937627,0.223792737
2022-06-30 00:00:00,0.010348,0.013516161,-1,0,0,-0.702976549,0.223792737
2022-07-01 00:00:00,0.010025,-0.031213761,-1,0,0,-0.712247768,0.223792737
2022-07-02 00:00:00,0.010066,0.004089776,-1,0,0,-0.711070926,0.223792737
2022-07-03 00:00:00,0.010034,-0.003179018,-1,0,0,-0.711989437,0.223792737
2022-07-04 00:00:00,0.010473,0.043751246,-1,0,0,-0.699388616,0.223792737
2022-07-05 00:00:00,0.010318,-0.014799962,-1,0,0,-0.703837653,0.223792737
2022-07-06 00:00:00,0.010459,0.013665439,-1,0,0,-0.699790465,0.223792737
2022-07-07 00:00:00,0.011278,0.078305765,0,0.5,0,-0.676282327,0.223792737
2022-07-08 00:00:00,0.011185,-0.008246143,0,0.5,-0.004123071,-0.678951749,0.218746952
2022-07-09 00:00:00,0.011614,0.03835494,0,0.5,0.01917747,-0.666637963,0.242119435
2022-07-10 00:00:00,0.011205,-0.035216118,0,0.5,-0.017608059,-0.67837768,0.220248122
2022-07-11 00:00:00,0.010302,-0.080589023,0,0.5,-0.040294511,-0.704296909,0.171078821
2022-07-12 00:00:00,0.009895,-0.039506892,0,0.5,-0.019753446,-0.715979219,0.147945978
2022-07-13 00:00:00,0.010527,0.063870642,0,0.5,0.031935321,-0.697838629,0.184606002
2022-07-14 00:00:00,0.010596,0.006554574,0,0.5,0.003277287,-0.69585809,0.188488295
2022-07-15 00:00:00,0.01082,0.021140053,0,0.5,0.010570026,-0.689428514,0.201050648
2022-07-16 00:00:00,0.011034,0.019778189,0,0.5,0.009889094,-0.683285973,0.212927951
2022-07-17 00:00:00,0.010714,-0.029001269,0,0.5,-0.014500634,-0.692471081,0.195339726
2022-07-18 00:00:00,0.011949,0.115269741,0,0.5,0.05763487,-0.657022303,0.264232976
2022-07-19 00:00:00,0.01216,0.017658381,0,0.5,0.008829191,-0.650965872,0.27539513
2022-07-20 00:00:00,0.011914,-0.020230263,0,0.5,-0.010115132,-0.658026924,0.262494341
2022-07-21 00:00:00,0.011992,0.00654692,0,0.5,0.00327346,-0.655788054,0.266627065
2022-07-22 00:00:00,0.011704,-0.024016011,0,0.5,-0.012008005,-0.664054651,0.251417401
2022-07-23 00:00:00,0.011589,-0.009825701,0,0.5,-0.00491285,-0.66735555,0.245269374
2022-07-24 00:00:00,0.01159,8.62887E-05,0,0.5,4.31444E-05,-0.667326846,0.245323101
2022-07-25 00:00:00,0.010685,-0.078084556,-1,0,-0.039042278,-0.693303482,0.19670285
2022-07-26 00:00:00,0.010855,0.015910154,-1,0,0,-0.688423893,0.19670285
2022-07-27 00:00:00,0.011507,0.060064486,0,0.5,0,-0.669709234,0.19670285
2022-07-28 00:00:00,0.011856,0.030329365,0,0.5,0.015164682,-0.659691725,0.214850469
2022-07-29 00:00:00,0.011738,-0.009952767,0,0.5,-0.004976383,-0.663078734,0.208804907
2022-07-30 00:00:00,0.011923,0.015760777,0,0.5,0.007880388,-0.657768593,0.21833076
2022-07-31 00:00:00,0.011696,-0.019038833,0,0.5,-0.009519416,-0.664284279,0.206732962
2022-08-01 00:00:00,0.011942,0.021032832,0,0.5,0.010516416,-0.657223227,0.219423468
2022-08-02 00:00:00,0.011734,-0.017417518,0,0.5,-0.008708759,-0.663193547,0.208803803
2022-08-03 00:00:00,0.011827,0.007925686,0,0.5,0.003962843,-0.660524125,0.213594102
2022-08-04 00:00:00,0.011832,0.000422761,0,0.5,0.000211381,-0.660380608,0.213850633
2022-08-05 00:00:00,0.012136,0.025693036,0,0.5,0.012846518,-0.651654755,0.229444387
2022-08-06 00:00:00,0.011961,-0.014419908,0,0.5,-0.007209954,-0.656677861,0.220580149
2022-08-07 00:00:00,0.012037,0.006353984,0,0.5,0.003176992,-0.654496398,0.224457923
2022-08-08 00:00:00,0.012311,0.022763147,0,0.5,0.011381573,-0.646631648,0.23839418
2022-08-09 00:00:00,0.01203,-0.022825116,0,0.5,-0.011412558,-0.654697322,0.224260935
2022-08-10 00:00:00,0.012381,0.029177057,0,0.5,0.014588529,-0.644622406,0.242121101
2022-08-11 00:00:00,0.012305,-0.006138438,0,0.5,-0.003069219,-0.646803869,0.238308759
2022-08-12 00:00:00,0.012679,0.030394149,0,0.5,0.015197074,-0.636068774,0.25712743
2022-08-13 00:00:00,0.012629,-0.003943529,0,0.5,-0.001971764,-0.637503947,0.25464867
2022-08-14 00:00:00,0.016899,0.338110698,0,0.5,0.169055349,-0.514940153,0.466753739
2022-08-15 00:00:00,0.015257,-0.097165513,0,0.5,-0.048582756,-0.562071242,0.3954948
2022-08-16 00:00:00,0.015799,0.035524677,0,0.5,0.017762339,-0.546513964,0.420282051
2022-08-17 00:00:00,0.014785,-0.064181277,0,0.5,-0.032090639,-0.575619277,0.374704293
2022-08-18 00:00:00,0.013476,-0.088535678,0,0.5,-0.044267839,-0.613192112,0.313849104
2022-08-19 00:00:00,0.013155,-0.023820125,0,0.5,-0.011910062,-0.622405924,0.29820108
2022-08-20 00:00:00,0.012872,-0.021512733,0,0.5,-0.010756366,-0.630529005,0.284237153
2022-08-21 00:00:00,0.013477,0.047001243,0,0.5,0.023500622,-0.613163409,0.314417524
2022-08-22 00:00:00,0.01315,-0.02426356,0,0.5,-0.01213178,-0.622549442,0.2984713
2022-08-23 00:00:00,0.013313,0.012395437,0,0.5,0.006197719,-0.617870777,0.30651886
2022-08-24 00:00:00,0.013037,-0.020731616,0,0.5,-0.010365808,-0.625792933,0.292975736
2022-08-25 00:00:00,0.013914,0.067270077,0,0.5,0.033635039,-0.600619995,0.336465025
2022-08-26 00:00:00,0.012423,-0.107158258,0,0.5,-0.053579129,-0.64341686,0.264858393
2022-08-27 00:00:00,0.012153,-0.021733881,0,0.5,-0.01086694,-0.651166796,0.251113253
2022-08-28 00:00:00,0.011797,-0.029293179,0,0.5,-0.014646589,-0.661385229,0.232788711
2022-08-29 00:00:00,0.01247,0.057048402,0,0.5,0.028524201,-0.642067798,0.267953024
2022-08-30 00:00:00,0.012187,-0.022694467,0,0.5,-0.011347233,-0.650190878,0.253565265
2022-08-31 00:00:00,0.012087,-0.008205465,0,0.5,-0.004102732,-0.653061224,0.248422222
2022-09-01 00:00:00,0.012269,0.0150575,0,0.5,0.00752875,-0.647837194,0.257821281
2022-09-02 00:00:00,0.012157,-0.009128698,0,0.5,-0.004564349,-0.651051982,0.252080145
2022-09-03 00:00:00,0.012319,0.013325656,0,0.5,0.006662828,-0.646402021,0.26042254
2022-09-04 00:00:00,0.012838,0.042130043,0,0.5,0.021065022,-0.631504923,0.286973368
2022-09-05 00:00:00,0.012631,-0.016124007,0,0.5,-0.008062003,-0.63744654,0.276597784
2022-09-06 00:00:00,0.012006,-0.049481435,-1,0,-0.024740717,-0.655386205,0.245013839
2022-09-07 00:00:00,0.012244,0.019823422,-1,0,0,-0.648554781,0.245013839
2022-09-08 00:00:00,0.012211,-0.002695198,1,1,0,-0.649501995,0.245013839
2022-09-09 00:00:00,0.012909,0.057161576,1,1,0.057161576,-0.629466977,0.316180792
2022-09-10 00:00:00,0.013254,0.02672554,1,1,0.02672554,-0.619564281,0.351356435
2022-09-11 00:00:00,0.012985,-0.02029576,1,1,-0.02029576,-0.627285513,0.323929629
2022-09-12 00:00:00,0.012859,-0.009703504,0,0.5,-0.009703504,-0.63090215,0.311082873
2022-09-13 00:00:00,0.012093,-0.059569173,0,0.5,-0.029784587,-0.652889004,0.272032811
2022-09-14 00:00:00,0.012188,0.007855784,-1,0,0.003927892,-0.650162175,0.277029219
2022-09-15 00:00:00,0.011695,-0.040449623,0,0.5,0,-0.664312983,0.277029219
2022-09-16 00:00:00,0.011566,-0.011030355,-1,0,-0.005515177,-0.668015729,0.269986176
2022-09-17 00:00:00,0.011925,0.031039253,0,0.5,0,-0.657711186,0.269986176
2022-09-18 00:00:00,0.010619,-0.10951782,-1,0,-0.05475891,-0.69519791,0.200443118
2022-09-19 00:00:00,0.010979,0.033901497,-1,0,0,-0.684864663,0.200443118
2022-09-20 00:00:00,0.010513,-0.042444667,-1,0,0,-0.698240478,0.200443118
2022-09-21 00:00:00,0.010364,-0.014172929,-1,0,0,-0.702517294,0.200443118
2022-09-22 00:00:00,0.010838,0.045735237,-1,0,0,-0.688911852,0.200443118
2022-09-23 00:00:00,0.011068,0.021221628,0,0.5,0,-0.682310055,0.200443118
2022-09-24 00:00:00,0.01124,0.015540296,0,0.5,0.007770148,-0.677373059,0.209770739
2022-09-25 00:00:00,0.011005,-0.020907473,0,0.5,-0.010453737,-0.684118373,0.197124114
2022-09-26 00:00:00,0.011114,0.009904589,-1,0,0.004952294,-0.680989695,0.203052625
2022-09-27 00:00:00,0.01111,-0.000359906,-1,0,0,-0.681104509,0.203052625
2022-09-28 00:00:00,0.011095,-0.001350135,-1,0,0,-0.681535061,0.203052625
2022-09-29 00:00:00,0.011125,0.002703921,0,0.5,0,-0.680673957,0.203052625
2022-09-30 00:00:00,0.011313,0.016898876,0,0.5,0.008449438,-0.675277706,0.213217744
2022-10-01 00:00:00,0.011168,-0.012817113,0,0.5,-0.006408557,-0.679439708,0.205442769
2022-10-02 00:00:00,0.010938,-0.020594556,0,0.5,-0.010297278,-0.686041505,0.19302999
2022-10-03 00:00:00,0.011161,0.020387639,0,0.5,0.01019382,-0.679640633,0.205191523
2022-10-04 00:00:00,0.011608,0.040050175,0,0.5,0.020025087,-0.666810184,0.229325588
2022-10-05 00:00:00,0.01144,-0.014472777,0,0.5,-0.007236389,-0.671632366,0.22042971
2022-10-06 00:00:00,0.01118,-0.022727273,0,0.5,-0.011363636,-0.679095267,0.206561191
2022-10-07 00:00:00,0.011096,-0.007513417,0,0.5,-0.003756708,-0.681506358,0.202028492
2022-10-08 00:00:00,0.010993,-0.009282624,0,0.5,-0.004641312,-0.684462815,0.196449503
2022-10-09 00:00:00,0.011036,0.00391158,0,0.5,0.00195579,-0.683228566,0.198789507
2022-10-10 00:00:00,0.010224,-0.073577383,0,0.5,-0.036788692,-0.706535779,0.154687609
2022-10-11 00:00:00,0.010246,0.0021518,0,0.5,0.0010759,-0.705904303,0.155929938
2022-10-12 00:00:00,0.010161,-0.00829592,0,0.5,-0.00414796,-0.708344097,0.151135186
2022-10-13 00:00:00,0.010372,0.020765673,0,0.5,0.010382836,-0.702287666,0.163087235
2022-10-14 00:00:00,0.010176,-0.01889703,0,0.5,-0.009448515,-0.707913545,0.152097787
2022-10-15 00:00:00,0.010212,0.003537736,0,0.5,0.001768868,-0.70688022,0.154135696
2022-10-16 00:00:00,0.010276,0.006267137,0,0.5,0.003133568,-0.705043199,0.157752259
2022-10-17 00:00:00,0.010393,0.011385753,0,0.5,0.005692877,-0.701684893,0.1643432
2022-10-18 00:00:00,0.01016,-0.022418936,0,0.5,-0.011209468,-0.708372801,0.151291532
2022-10-19 00:00:00,0.009845,-0.031003937,-1,0,-0.015501969,-0.717414392,0.133444247
2022-10-20 00:00:00,0.009896,0.005180295,0,0.5,0,-0.715950515,0.133444247
2022-10-21 00:00:00,0.01001,0.011519806,-1,0,0.005759903,-0.71267832,0.139972776
2022-10-22 00:00:00,0.009991,-0.001898102,-1,0,0,-0.713223686,0.139972776
2022-10-23 00:00:00,0.010163,0.017215494,-1,0,0,-0.70828669,0.139972776
2022-10-24 00:00:00,0.009917,-0.024205451,-1,0,0,-0.715347742,0.139972776
2022-10-25 00:00:00,0.010217,0.030251084,-1,0,0,-0.706736703,0.139972776
2022-10-26 00:00:00,0.010769,0.054027601,0,0.5,0,-0.690892391,0.139972776
2022-10-27 00:00:00,0.010632,-0.012721701,0,0.5,-0.006360851,-0.694824765,0.132721579
2022-10-28 00:00:00,0.011708,0.101203913,1,1,0.050601956,-0.663939838,0.190039507
2022-10-29 00:00:00,0.012907,0.102408609,1,1,0.102408609,-0.629524384,0.311909799
2022-10-30 00:00:00,0.011918,-0.076625087,1,1,-0.076625087,-0.65791211,0.211384596
2022-10-31 00:00:00,0.012439,0.043715388,1,1,0.043715388,-0.642957605,0.264340744
2022-11-01 00:00:00,0.012836,0.031915749,1,1,0.031915749,-0.63156233,0.304693126
2022-11-02 00:00:00,0.011753,-0.084372079,1,1,-0.084372079,-0.662648182,0.194613455
2022-11-03 00:00:00,0.011732,-0.001786778,1,1,-0.001786778,-0.663250954,0.192478946
2022-11-04 00:00:00,0.012511,0.066399591,1,1,0.066399591,-0.640890956,0.27165906
2022-11-05 00:00:00,0.01245,-0.004875709,1,1,-0.004875709,-0.642641867,0.26545882
2022-11-06 00:00:00,0.011829,-0.049879518,1,1,-0.049879518,-0.660466718,0.202338344
2022-11-07 00:00:00,0.011794,-0.00295883,1,1,-0.00295883,-0.66147134,0.198780829
2022-11-08 00:00:00,0.010163,-0.138290656,-1,0,-0.138290656,-0.70828669,0.033000642
2022-11-09 00:00:00,0.008727,-0.141296861,-1,0,0,-0.749504865,0.033000642
2022-11-10 00:00:00,0.010205,0.169359459,-1,0,0,-0.707081145,0.033000642
2022-11-11 00:00:00,0.009888,-0.031063204,-1,0,0,-0.716180143,0.033000642
2022-11-12 00:00:00,0.00957,-0.032160194,-1,0,0,-0.725307845,0.033000642
2022-11-13 00:00:00,0.009014,-0.058098224,-1,0,0,-0.741266971,0.033000642
2022-11-14 00:00:00,0.009084,0.007765698,-1,0,0,-0.739257728,0.033000642
2022-11-15 00:00:00,0.009263,0.019704976,-1,0,0,-0.734119808,0.033000642
2022-11-16 00:00:00,0.009138,-0.013494548,-1,0,0,-0.737707741,0.033000642
2022-11-17 00:00:00,0.009048,-0.009848982,-1,0,0,-0.740291053,0.033000642
2022-11-18 00:00:00,0.009096,0.00530504,-1,0,0,-0.738913287,0.033000642
2022-11-19 00:00:00,0.009154,0.006376429,-1,0,0,-0.737248486,0.033000642
2022-11-20 00:00:00,0.00878,-0.040856456,-1,0,0,-0.747983582,0.033000642
2022-11-21 00:00:00,0.008424,-0.040546697,-1,0,0,-0.758202015,0.033000642
2022-11-22 00:00:00,0.008814,0.046296296,-1,0,0,-0.747007664,0.033000642
2022-11-23 00:00:00,0.00905,0.026775584,-1,0,0,-0.740233646,0.033000642
2022-11-24 00:00:00,0.009013,-0.004088398,-1,0,0,-0.741295674,0.033000642
2022-11-25 00:00:00,0.009177,0.018195939,-1,0,0,-0.736588306,0.033000642
2022-11-26 00:00:00,0.009012,-0.017979732,-1,0,0,-0.741324378,0.033000642
2022-11-27 00:00:00,0.009278,0.029516201,-1,0,0,-0.733689256,0.033000642
2022-11-28 00:00:00,0.00908,-0.021340806,-1,0,0,-0.739372542,0.033000642
2022-11-29 00:00:00,0.009073,-0.000770925,-1,0,0,-0.739573467,0.033000642
2022-11-30 00:00:00,0.009351,0.030640362,-1,0,0,-0.731593903,0.033000642
2022-12-01 00:00:00,0.00921,-0.015078601,-1,0,0,-0.735641092,0.033000642
2022-12-02 00:00:00,0.009337,0.013789359,-1,0,0,-0.731995752,0.033000642
2022-12-03 00:00:00,0.009188,-0.015958016,-1,0,0,-0.736272568,0.033000642
2022-12-04 00:00:00,0.009345,0.017087505,-1,0,0,-0.731766124,0.033000642
2022-12-05 00:00:00,0.00942,0.008025682,-1,0,0,-0.729613364,0.033000642
2022-12-06 00:00:00,0.0093,-0.012738854,-1,0,0,-0.73305778,0.033000642
2022-12-07 00:00:00,0.009097,-0.021827957,-1,0,0,-0.738884583,0.033000642
2022-12-08 00:00:00,0.009261,0.018027921,-1,0,0,-0.734177215,0.033000642
2022-12-09 00:00:00,0.009218,-0.004643127,0,0.5,0,-0.735411464,0.033000642
2022-12-10 00:00:00,0.009189,-0.003146019,-1,0,-0.001573009,-0.736243865,0.031375722
2022-12-11 00:00:00,0.009109,-0.008706062,-1,0,0,-0.738540142,0.031375722
2022-12-12 00:00:00,0.008965,-0.015808541,-1,0,0,-0.742673441,0.031375722
2022-12-13 00:00:00,0.009177,0.023647518,0,0.5,0,-0.736588306,0.031375722
2022-12-14 00:00:00,0.008944,-0.025389561,-1,0,-0.01269478,-0.743276213,0.018282634
2022-12-15 00:00:00,0.008868,-0.008497317,-1,0,0,-0.745457677,0.018282634
2022-12-16 00:00:00,0.008182,-0.077356788,-1,0,0,-0.765148253,0.018282634
2022-12-17 00:00:00,0.008294,0.013688585,-1,0,0,-0.761933465,0.018282634
2022-12-18 00:00:00,0.008554,0.031347962,-1,0,0,-0.754470565,0.018282634
2022-12-19 00:00:00,0.008141,-0.048281506,-1,0,0,-0.766325095,0.018282634
2022-12-20 00:00:00,0.008458,0.038938705,-1,0,0,-0.757226097,0.018282634
2022-12-21 00:00:00,0.008248,-0.024828565,-1,0,0,-0.763253825,0.018282634
2022-12-22 00:00:00,0.008347,0.01200291,-1,0,0,-0.760412182,0.018282634
2022-12-23 00:00:00,0.00827,-0.009224871,-1,0,0,-0.762622349,0.018282634
2022-12-24 00:00:00,0.008324,0.006529625,-1,0,0,-0.761072361,0.018282634
2022-12-25 00:00:00,0.008284,-0.004805382,-1,0,0,-0.7622205,0.018282634
2022-12-26 00:00:00,0.008315,0.003742154,-1,0,0,-0.761330693,0.018282634
2022-12-27 00:00:00,0.008192,-0.014792544,-1,0,0,-0.764861219,0.018282634
2022-12-28 00:00:00,0.007919,-0.033325195,-1,0,0,-0.772697265,0.018282634
2022-12-29 00:00:00,0.008194,0.034726607,-1,0,0,-0.764803812,0.018282634
2022-12-30 00:00:00,0.008056,-0.016841591,-1,0,0,-0.76876489,0.018282634
2022-12-31 00:00:00,0.008084,0.00347567,-1,0,0,-0.767961193,0.018282634
2023-01-01 00:00:00,0.00813,0.005690252,-1,0,0,-0.766640834,0.018282634
2023-01-02 00:00:00,0.008186,0.006888069,-1,0,0,-0.76503344,0.018282634
2023-01-03 00:00:00,0.008146,-0.004886391,-1,0,0,-0.766181578,0.018282634
2023-01-04 00:00:00,0.008373,0.027866438,-1,0,0,-0.759665892,0.018282634
2023-01-05 00:00:00,0.008365,-0.000955452,-1,0,0,-0.759895519,0.018282634
2023-01-06 00:00:00,0.008431,0.007890018,-1,0,0,-0.758001091,0.018282634
2023-01-07 00:00:00,0.00842,-0.001304709,-1,0,0,-0.758316829,0.018282634
2023-01-08 00:00:00,0.008654,0.027790974,-1,0,0,-0.751600218,0.018282634
2023-01-09 00:00:00,0.008681,0.003119945,-1,0,0,-0.750825225,0.018282634
2023-01-10 00:00:00,0.009275,0.068425297,0,0.5,0,-0.733775367,0.018282634
2023-01-11 00:00:00,0.009133,-0.015309973,0,0.5,-0.007654987,-0.737851259,0.010487694
2023-01-12 00:00:00,0.009466,0.036461185,0,0.5,0.018230592,-0.728293005,0.028909483
2023-01-13 00:00:00,0.010213,0.078914008,0,0.5,0.039457004,-0.706851517,0.069507169
2023-01-14 00:00:00,0.010397,0.018016254,0,0.5,0.009008127,-0.70157008,0.079141425
2023-01-15 00:00:00,0.010673,0.026546119,0,0.5,0.01327306,-0.693647923,0.093464933
2023-01-16 00:00:00,0.010531,-0.0133046,0,0.5,-0.0066523,-0.697723815,0.086190876
2023-01-17 00:00:00,0.010541,0.000949577,0,0.5,0.000474789,-0.697436781,0.086706588
2023-01-18 00:00:00,0.011168,0.059482023,1,1,0.029741011,-0.679439708,0.11902634
2023-01-19 00:00:00,0.011532,0.032593123,1,1,0.032593123,-0.668991647,0.155498904
2023-01-20 00:00:00,0.012228,0.060353798,1,1,0.060353798,-0.649014036,0.225237651
2023-01-21 00:00:00,0.011871,-0.029195289,1,1,-0.029195289,-0.659261173,0.189466483
2023-01-22 00:00:00,0.012002,0.011035296,1,1,0.011035296,-0.655501019,0.202592598
2023-01-23 00:00:00,0.012003,8.33194E-05,1,1,8.33194E-05,-0.655472316,0.202692798
2023-01-24 00:00:00,0.01119,-0.067733067,1,1,-0.067733067,-0.678808232,0.121230726
2023-01-25 00:00:00,0.011638,0.040035746,1,1,0.040035746,-0.66594908,0.166120035
2023-01-26 00:00:00,0.011624,-0.001202956,1,1,-0.001202956,-0.666350929,0.164717244
2023-01-27 00:00:00,0.011737,0.009721266,1,1,0.009721266,-0.663107437,0.176039771
2023-01-28 00:00:00,0.011817,0.006816052,1,1,0.006816052,-0.66081116,0.184055719
2023-01-29 00:00:00,0.012083,0.022509943,1,1,0.022509943,-0.653176038,0.210708746
2023-01-30 00:00:00,0.011514,-0.047090954,1,1,-0.047090954,-0.66950831,0.153695316
2023-01-31 00:00:00,0.011815,0.026142088,1,1,0.026142088,-0.660868567,0.18385532
2023-02-01 00:00:00,0.011986,0.014473127,1,1,0.014473127,-0.655960274,0.200989409
2023-02-02 00:00:00,0.01215,0.01368263,1,1,0.01368263,-0.651252906,0.217422102
2023-02-03 00:00:00,0.012728,0.047572016,1,1,0.047572016,-0.634662304,0.275337326
2023-02-04 00:00:00,0.014719,0.156426776,1,1,0.156426776,-0.577513706,0.474834232
2023-02-05 00:00:00,0.014308,-0.027923093,1,1,-0.027923093,-0.58931083,0.433652299
2023-02-06 00:00:00,0.014086,-0.015515795,1,1,-0.015515795,-0.595682999,0.411408044
2023-02-07 00:00:00,0.014388,0.021439727,1,1,0.021439727,-0.587014553,0.441668247
2023-02-08 00:00:00,0.013754,-0.044064498,1,1,-0.044064498,-0.605212549,0.378141859
2023-02-09 00:00:00,0.012145,-0.11698415,1,1,-0.11698415,-0.651396424,0.216921105
2023-02-10 00:00:00,0.012861,0.058954302,1,1,0.058954302,-0.630844743,0.28866384
2023-02-11 00:00:00,0.012897,0.00279916,1,1,0.00279916,-0.629811418,0.292271017
2023-02-12 00:00:00,0.01282,-0.005970381,1,1,-0.005970381,-0.632021585,0.284555667
2023-02-13 00:00:00,0.012462,-0.027925117,1,1,-0.027925117,-0.642297425,0.248684299
2023-02-14 00:00:00,0.012751,0.023190499,1,1,0.023190499,-0.634002124,0.277641911
2023-02-15 00:00:00,0.013764,0.079444749,1,1,0.079444749,-0.604925515,0.379143853
2023-02-16 00:00:00,0.012687,-0.078247602,1,1,-0.078247602,-0.635839146,0.271229153
2023-02-17 00:00:00,0.013182,0.039016316,1,1,0.039016316,-0.621630931,0.320827831
2023-02-18 00:00:00,0.013188,0.000455166,1,1,0.000455166,-0.62145871,0.321429027
2023-02-19 00:00:00,0.013332,0.010919017,1,1,0.010919017,-0.617325411,0.335857734
2023-02-20 00:00:00,0.013501,0.012676268,1,1,0.012676268,-0.612474526,0.352791424
2023-02-21 00:00:00,0.013063,-0.032442041,1,1,-0.032442041,-0.625046643,0.308904109
2023-02-22 00:00:00,0.013156,0.007119345,1,1,0.007119345,-0.622377221,0.318222648
2023-02-23 00:00:00,0.013137,-0.001444208,1,1,-0.001444208,-0.622922587,0.316318861
2023-02-24 00:00:00,0.012543,-0.045215803,1,1,-0.045215803,-0.639972445,0.256800447
2023-02-25 00:00:00,0.012391,-0.012118313,1,1,-0.012118313,-0.644335371,0.241570145
2023-02-26 00:00:00,0.012838,0.03607457,0,0.5,0.03607457,-0.631504923,0.286359255
2023-02-27 00:00:00,0.012516,-0.025081788,1,1,-0.012540894,-0.640747438,0.27022716
2023-02-28 00:00:00,0.012016,-0.039948865,-1,0,-0.039948865,-0.65509917,0.219483026
2023-03-01 00:00:00,0.012255,0.019890146,0,0.5,0,-0.648239042,0.219483026
2023-03-02 00:00:00,0.01207,-0.015095879,1,1,-0.00754794,-0.653549183,0.210278441
2023-03-03 00:00:00,0.011385,-0.056752278,-1,0,-0.056752278,-0.673211057,0.141592382
2023-03-04 00:00:00,0.011123,-0.023012736,-1,0,0,-0.680731364,0.141592382
2023-03-05 00:00:00,0.011092,-0.002787018,-1,0,0,-0.681621172,0.141592382
2023-03-06 00:00:00,0.011147,0.004958529,-1,0,0,-0.680042481,0.141592382
2023-03-07 00:00:00,0.011122,-0.002242756,-1,0,0,-0.680760068,0.141592382
2023-03-08 00:00:00,0.010931,-0.01717317,0,0.5,0,-0.686242429,0.141592382
2023-03-09 00:00:00,0.010075,-0.078309395,0,0.5,-0.039154698,-0.710812595,0.096893678
2023-03-10 00:00:00,0.010269,0.019255583,0,0.5,0.009627792,-0.705244123,0.107454342
2023-03-11 00:00:00,0.010281,0.001168566,0,0.5,0.000584283,-0.704899681,0.108101408
2023-03-12 00:00:00,0.010734,0.044061862,0,0.5,0.022030931,-0.691897012,0.132513914
2023-03-13 00:00:00,0.01103,0.027575927,0,0.5,0.013787963,-0.683400786,0.148128974
2023-03-14 00:00:00,0.011266,0.021396192,0,0.5,0.010698096,-0.676626769,0.160411768
2023-03-15 00:00:00,0.010383,-0.078377419,0,0.5,-0.039188709,-0.701971928,0.114936729
2023-03-16 00:00:00,0.010501,0.011364731,0,0.5,0.005682365,-0.698584919,0.121272206
2023-03-17 00:00:00,0.011128,0.059708599,0,0.5,0.0298543,-0.680587847,0.154747003
2023-03-18 00:00:00,0.010706,-0.037922358,0,0.5,-0.018961179,-0.692700709,0.132851638
2023-03-19 00:00:00,0.010916,0.019615169,0,0.5,0.009807585,-0.686672981,0.143962176
2023-03-20 00:00:00,0.010444,-0.043239282,0,0.5,-0.021619641,-0.700221017,0.119230125
2023-03-21 00:00:00,0.010936,0.047108388,0,0.5,0.023554194,-0.686098912,0.145592688
2023-03-22 00:00:00,0.010569,-0.033558888,0,0.5,-0.016779444,-0.696633084,0.12637028
2023-03-23 00:00:00,0.010844,0.026019491,0,0.5,0.013009745,-0.688739631,0.14102407
2023-03-24 00:00:00,0.01061,-0.021578753,0,0.5,-0.010789377,-0.695456242,0.128713132
2023-03-25 00:00:00,0.010505,-0.009896324,0,0.5,-0.004948162,-0.698470105,0.123128076
2023-03-26 00:00:00,0.01061,0.00999524,0,0.5,0.00499762,-0.695456242,0.128741044
2023-03-27 00:00:00,0.010402,-0.019604147,0,0.5,-0.009802074,-0.701426562,0.117677041
2023-03-28 00:00:00,0.010451,0.004710633,0,0.5,0.002355316,-0.700020092,0.120309524
2023-03-29 00:00:00,0.010679,0.021816094,0,0.5,0.010908047,-0.693475703,0.132529913
2023-03-30 00:00:00,0.010563,-0.01086244,0,0.5,-0.00543122,-0.696805304,0.126378894
2023-03-31 00:00:00,0.010828,0.02508757,0,0.5,0.012543785,-0.689198886,0.140507949
2023-04-01 00:00:00,0.01118,0.032508312,0,0.5,0.016254156,-0.679095267,0.159045943
2023-04-02 00:00:00,0.010786,-0.035241503,0,0.5,-0.017620751,-0.690404432,0.138622682
2023-04-03 00:00:00,0.011224,0.040608196,1,1,0.020304098,-0.677832314,0.161741389
2023-04-04 00:00:00,0.011221,-0.000267284,1,1,-0.000267284,-0.677918425,0.161430873
2023-04-05 00:00:00,0.011225,0.000356474,1,1,0.000356474,-0.677803611,0.161844894
2023-04-06 00:00:00,0.010955,-0.024053452,0,0.5,-0.024053452,-0.685553546,0.133898513
2023-04-07 00:00:00,0.010922,-0.003012323,0,0.5,-0.001506162,-0.686500761,0.132190679
2023-04-08 00:00:00,0.010855,-0.006134408,1,1,-0.003067204,-0.688423893,0.128718019
2023-04-09 00:00:00,0.010949,0.008659604,1,1,0.008659604,-0.685725767,0.13849227
2023-04-10 00:00:00,0.011134,0.01689652,1,1,0.01689652,-0.680415626,0.157728828
2023-04-11 00:00:00,0.011041,-0.008352793,1,1,-0.008352793,-0.683085048,0.148058558
2023-04-12 00:00:00,0.010968,-0.00661172,0,0.5,-0.00661172,-0.685180401,0.140467917
2023-04-13 00:00:00,0.0111,0.012035011,0,0.5,0.006017505,-0.681391544,0.147330689
2023-04-14 00:00:00,0.011255,0.013963964,1,1,0.006981982,-0.676942507,0.155341331
2023-04-15 00:00:00,0.011561,0.027187916,1,1,0.027187916,-0.668159247,0.186752654
2023-04-16 00:00:00,0.01157,0.000778479,1,1,0.000778479,-0.667900916,0.187676517
2023-04-17 00:00:00,0.011372,-0.017113224,1,1,-0.017113224,-0.673584202,0.167351543
2023-04-18 00:00:00,0.011582,0.018466409,1,1,0.018466409,-0.667556474,0.188908334
2023-04-19 00:00:00,0.010826,-0.065273701,1,1,-0.065273701,-0.689256293,0.111303887
2023-04-20 00:00:00,0.010597,-0.02115278,0,0.5,-0.02115278,-0.695829387,0.08779672
2023-04-21 00:00:00,0.010278,-0.030102859,0,0.5,-0.01505143,-0.704985792,0.071423824
2023-04-22 00:00:00,0.010452,0.016929364,0,0.5,0.008464682,-0.699991389,0.080493086
2023-04-23 00:00:00,0.010327,-0.011959434,0,0.5,-0.005979717,-0.703579322,0.074032043
2023-04-24 00:00:00,0.010265,-0.00600368,0,0.5,-0.00300184,-0.705358937,0.070807971
2023-04-25 00:00:00,0.010358,0.009059912,0,0.5,0.004529956,-0.702689515,0.075658684
2023-04-26 00:00:00,0.010162,-0.018922572,0,0.5,-0.009461286,-0.708315394,0.06548157
2023-04-27 00:00:00,0.010265,0.0101358,0,0.5,0.0050679,-0.705358937,0.070881324
2023-04-28 00:00:00,0.010239,-0.002532879,0,0.5,-0.001266439,-0.706105227,0.069525118
2023-04-29 00:00:00,0.010292,0.005176287,0,0.5,0.002588143,-0.704583943,0.072293202
2023-04-30 00:00:00,0.010067,-0.02186164,0,0.5,-0.01093082,-0.711042223,0.060572158
2023-05-01 00:00:00,0.009959,-0.010728122,0,0.5,-0.005364061,-0.714142197,0.054883184
2023-05-02 00:00:00,0.01001,0.005120996,0,0.5,0.002560498,-0.71267832,0.057584211
2023-05-03 00:00:00,0.010118,0.010789211,0,0.5,0.005394605,-0.709578346,0.06328946
2023-05-04 00:00:00,0.009886,-0.022929433,0,0.5,-0.011464716,-0.71623755,0.051099148
2023-05-05 00:00:00,0.009993,0.010823387,0,0.5,0.005411693,-0.713166279,0.056787374
2023-05-06 00:00:00,0.009448,-0.054538177,0,0.5,-0.027269088,-0.728809667,0.027969746
2023-05-07 00:00:00,0.00934,-0.011430991,0,0.5,-0.005715495,-0.731909641,0.02209439
2023-05-08 00:00:00,0.008911,-0.045931478,0,0.5,-0.022965739,-0.744223428,-0.001378763
2023-05-09 00:00:00,0.008992,0.009089889,0,0.5,0.004544944,-0.741898447,0.003159915
2023-05-10 00:00:00,0.008993,0.00011121,-1,0,5.5605E-05,-0.741869744,0.003215696
2023-05-11 00:00:00,0.008675,-0.035360836,-1,0,0,-0.750997445,0.003215696
2023-05-12 00:00:00,0.008834,0.01832853,-1,0,0,-0.746433595,0.003215696
2023-05-13 00:00:00,0.008719,-0.013017885,-1,0,0,-0.749734493,0.003215696
2023-05-14 00:00:00,0.008781,0.007110907,-1,0,0,-0.747954878,0.003215696
2023-05-15 00:00:00,0.008792,0.001252705,-1,0,0,-0.74763914,0.003215696
2023-05-16 00:00:00,0.008777,-0.001706096,-1,0,0,-0.748069692,0.003215696
2023-05-17 00:00:00,0.008763,-0.001595078,-1,0,0,-0.748471541,0.003215696
2023-05-18 00:00:00,0.008694,-0.007874016,-1,0,0,-0.75045208,0.003215696
2023-05-19 00:00:00,0.008678,-0.00184035,-1,0,0,-0.750911335,0.003215696
2023-05-20 00:00:00,0.008714,0.004148421,-1,0,0,-0.74987801,0.003215696
2023-05-21 00:00:00,0.00852,-0.022263025,-1,0,0,-0.755446482,0.003215696
2023-05-22 00:00:00,0.008783,0.030868545,-1,0,0,-0.747897471,0.003215696
2023-05-23 00:00:00,0.008901,0.013435045,-1,0,0,-0.744510462,0.003215696
2023-05-24 00:00:00,0.008503,-0.044714077,-1,0,0,-0.755934441,0.003215696
2023-05-25 00:00:00,0.008505,0.000235211,-1,0,0,-0.755877034,0.003215696
2023-05-26 00:00:00,0.008544,0.004585538,-1,0,0,-0.754757599,0.003215696
2023-05-27 00:00:00,0.008626,0.009597378,-1,0,0,-0.752403915,0.003215696
2023-05-28 00:00:00,0.008811,0.021446789,-1,0,0,-0.747093774,0.003215696
2023-05-29 00:00:00,0.008708,-0.011689933,-1,0,0,-0.750050231,0.003215696
2023-05-30 00:00:00,0.008671,-0.004248966,-1,0,0,-0.751112259,0.003215696
2023-05-31 00:00:00,0.008589,-0.00945681,-1,0,0,-0.753465943,0.003215696
2023-06-01 00:00:00,0.008459,-0.015135639,-1,0,0,-0.757197394,0.003215696
2023-06-02 00:00:00,0.008608,0.017614375,-1,0,0,-0.752920578,0.003215696
2023-06-03 00:00:00,0.008599,-0.001045539,-1,0,0,-0.753178909,0.003215696
2023-06-04 00:00:00,0.008608,0.001046633,-1,0,0,-0.752920578,0.003215696
2023-06-05 00:00:00,0.007971,-0.074000929,-1,0,0,-0.771204684,0.003215696
2023-06-06 00:00:00,0.008173,0.025341864,-1,0,0,-0.765406585,0.003215696
2023-06-07 00:00:00,0.007872,-0.036828582,-1,0,0,-0.774046327,0.003215696
2023-06-08 00:00:00,0.007946,0.009400407,-1,0,0,-0.771922271,0.003215696
2023-06-09 00:00:00,0.007873,-0.009187012,-1,0,0,-0.774017624,0.003215696
2023-06-10 00:00:00,0.006847,-0.130318811,-1,0,0,-0.803467379,0.003215696
2023-06-11 00:00:00,0.00666,-0.027311231,-1,0,0,-0.808834926,0.003215696
2023-06-12 00:00:00,0.00666,0,-1,0,0,-0.808834926,0.003215696
2023-06-13 00:00:00,0.006793,0.01996997,-1,0,0,-0.805017366,0.003215696
2023-06-14 00:00:00,0.006555,-0.035036067,-1,0,0,-0.81184879,0.003215696
2023-06-15 00:00:00,0.006755,0.03051106,-1,0,0,-0.806108097,0.003215696
2023-06-16 00:00:00,0.006825,0.010362694,-1,0,0,-0.804098855,0.003215696
2023-06-17 00:00:00,0.00697,0.021245421,-1,0,0,-0.799936852,0.003215696
2023-06-18 00:00:00,0.0072,0.032998565,-1,0,0,-0.793335056,0.003215696
2023-06-19 00:00:00,0.007225,0.003472222,-1,0,0,-0.792617469,0.003215696
2023-06-20 00:00:00,0.007269,0.006089965,-1,0,0,-0.791354516,0.003215696
2023-06-21 00:00:00,0.007536,0.036731325,-1,0,0,-0.783690691,0.003215696
2023-06-22 00:00:00,0.007796,0.034501062,-1,0,0,-0.776227791,0.003215696
2023-06-23 00:00:00,0.007929,0.017060031,-1,0,0,-0.77241023,0.003215696
2023-06-24 00:00:00,0.007805,-0.015638794,-1,0,0,-0.77596946,0.003215696
2023-06-25 00:00:00,0.007853,0.006149904,-1,0,0,-0.774591693,0.003215696
2023-06-26 00:00:00,0.00755,-0.038583981,-1,0,0,-0.783288843,0.003215696
2023-06-27 00:00:00,0.007599,0.006490066,-1,0,0,-0.781882373,0.003215696
2023-06-28 00:00:00,0.007224,-0.049348598,-1,0,0,-0.792646172,0.003215696
2023-06-29 00:00:00,0.007323,0.013704319,-1,0,0,-0.789804529,0.003215696
2023-06-30 00:00:00,0.00755,0.030998225,-1,0,0,-0.783288843,0.003215696
2023-07-01 00:00:00,0.007648,0.012980132,-1,0,0,-0.780475903,0.003215696
2023-07-02 00:00:00,0.007654,0.000784519,-1,0,0,-0.780303683,0.003215696
2023-07-03 00:00:00,0.007762,0.014110269,-1,0,0,-0.777203708,0.003215696
2023-07-04 00:00:00,0.007677,-0.010950786,-1,0,0,-0.779643503,0.003215696
2023-07-05 00:00:00,0.007463,-0.027875472,-1,0,0,-0.785786044,0.003215696
2023-07-06 00:00:00,0.007136,-0.04381616,-1,0,0,-0.795172077,0.003215696
2023-07-07 00:00:00,0.00731,0.024383408,-1,0,0,-0.790177674,0.003215696
2023-07-08 00:00:00,0.007637,0.044733242,-1,0,0,-0.780791642,0.003215696
2023-07-09 00:00:00,0.007736,0.012963205,-1,0,0,-0.777949999,0.003215696
2023-07-10 00:00:00,0.007537,-0.025723888,0,0.5,0,-0.783661988,0.003215696
2023-07-11 00:00:00,0.007519,-0.002388218,0,0.5,-0.001194109,-0.78417865,0.002017747
2023-07-12 00:00:00,0.007502,-0.002260939,0,0.5,-0.001130469,-0.784666609,0.000884996
2023-07-13 00:00:00,0.007987,0.064649427,0,0.5,0.032324713,-0.770745429,0.033238317
2023-07-14 00:00:00,0.007985,-0.000250407,0,0.5,-0.000125203,-0.770802836,0.033108952
2023-07-15 00:00:00,0.00809,0.013149656,0,0.5,0.006574828,-0.767788972,0.039901466
2023-07-16 00:00:00,0.007851,-0.029542645,0,0.5,-0.014771323,-0.7746491,0.024540745
2023-07-17 00:00:00,0.007843,-0.001018978,0,0.5,-0.000509489,-0.774878728,0.024018753
2023-07-18 00:00:00,0.007715,-0.016320286,0,0.5,-0.008160143,-0.778552771,0.015662614
2023-07-19 00:00:00,0.00774,0.003240441,0,0.5,0.00162022,-0.777835185,0.017308211
2023-07-20 00:00:00,0.007695,-0.005813953,0,0.5,-0.002906977,-0.779126841,0.01435092
2023-07-21 00:00:00,0.007835,0.018193632,0,0.5,0.009096816,-0.775108356,0.023578283
2023-07-22 00:00:00,0.00777,-0.008296107,-1,0,-0.004148054,-0.776974081,0.019332426
2023-07-23 00:00:00,0.007851,0.01042471,-1,0,0,-0.7746491,0.019332426
2023-07-24 00:00:00,0.007664,-0.023818622,-1,0,0,-0.780016648,0.019332426
2023-07-25 00:00:00,0.00791,0.032098121,0,0.5,0,-0.772955596,0.019332426
2023-07-26 00:00:00,0.007853,-0.007206068,0,0.5,-0.003603034,-0.774591693,0.015659736
2023-07-27 00:00:00,0.007795,-0.007385712,0,0.5,-0.003692856,-0.776256494,0.011909051
2023-07-28 00:00:00,0.008176,0.048877486,0,0.5,0.024438743,-0.765320474,0.036638836
2023-07-29 00:00:00,0.008517,0.041707436,0,0.5,0.020853718,-0.755532593,0.05825661
2023-07-30 00:00:00,0.008281,-0.027709287,0,0.5,-0.013854644,-0.76230661,0.043594842
2023-07-31 00:00:00,0.00846,0.021615747,0,0.5,0.010807873,-0.75716869,0.054873883
2023-08-01 00:00:00,0.008424,-0.004255319,0,0.5,-0.00212766,-0.758202015,0.05262947
2023-08-02 00:00:00,0.008147,-0.032882241,0,0.5,-0.016441121,-0.766152875,0.035323062
2023-08-03 00:00:00,0.008283,0.016693261,0,0.5,0.008346631,-0.762249203,0.043964522
2023-08-04 00:00:00,0.008681,0.048050223,0,0.5,0.024025112,-0.750825225,0.069045886
2023-08-05 00:00:00,0.009975,0.149061168,0,0.5,0.074530584,-0.713682942,0.1487225
2023-08-06 00:00:00,0.009372,-0.060451128,0,0.5,-0.030225564,-0.730991131,0.114001715
2023-08-07 00:00:00,0.008977,-0.04214682,0,0.5,-0.02107341,-0.742328999,0.0905259
2023-08-08 00:00:00,0.00952,0.060487914,0,0.5,0.030243957,-0.726743018,0.123507718
2023-08-09 00:00:00,0.009615,0.009978992,0,0.5,0.004989496,-0.724016189,0.129113455
2023-08-10 00:00:00,0.009914,0.031097244,0,0.5,0.015548622,-0.715433853,0.146669613
2023-08-11 00:00:00,0.010516,0.060722211,0,0.5,0.030361106,-0.698154367,0.18148377
2023-08-12 00:00:00,0.010665,0.014168886,0,0.5,0.007084443,-0.693877551,0.189853924
2023-08-13 00:00:00,0.01022,-0.04172527,0,0.5,-0.020862635,-0.706650593,0.165030436
2023-08-14 00:00:00,0.010176,-0.004305284,0,0.5,-0.002152642,-0.707913545,0.162522543
2023-08-15 00:00:00,0.00993,-0.024174528,0,0.5,-0.012087264,-0.714974597,0.148470826
2023-08-16 00:00:00,0.009212,-0.072306143,0,0.5,-0.036153072,-0.735583685,0.106950078
2023-08-17 00:00:00,0.008115,-0.119083804,0,0.5,-0.059541902,-0.767071386,0.041040165
2023-08-18 00:00:00,0.008575,0.056685151,0,0.5,0.028342575,-0.753867792,0.070545925
2023-08-19 00:00:00,0.008441,-0.015626822,0,0.5,-0.007813411,-0.757714056,0.062181309
2023-08-20 00:00:00,0.008303,-0.016348774,0,0.5,-0.008174387,-0.761675134,0.053498628
2023-08-21 00:00:00,0.007967,-0.040467301,0,0.5,-0.02023365,-0.771319498,0.032182505
2023-08-22 00:00:00,0.007993,0.003263462,0,0.5,0.001631731,-0.770573208,0.033866749
2023-08-23 00:00:00,0.008307,0.039284374,0,0.5,0.019642187,-0.76156032,0.054174153
2023-08-24 00:00:00,0.008215,-0.011074997,0,0.5,-0.005537498,-0.764201039,0.048336665
2023-08-25 00:00:00,0.008141,-0.009007912,0,0.5,-0.004503956,-0.766325095,0.043615003
2023-08-26 00:00:00,0.008081,-0.007370102,0,0.5,-0.003685051,-0.768047303,0.039769229
2023-08-27 00:00:00,0.008037,-0.005444871,-1,0,-0.002722435,-0.769310256,0.036938524
2023-08-28 00:00:00,0.008221,0.022894115,-1,0,0,-0.764028818,0.036938524
2023-08-29 00:00:00,0.008363,0.017272838,0,0.5,0,-0.759952926,0.036938524
2023-08-30 00:00:00,0.008153,-0.025110606,-1,0,-0.012555303,-0.765980654,0.023919447
2023-08-31 00:00:00,0.007981,-0.021096529,-1,0,0,-0.77091765,0.023919447
2023-09-01 00:00:00,0.007889,-0.011527378,-1,0,0,-0.773558368,0.023919447
2023-09-02 00:00:00,0.007825,-0.008112562,-1,0,0,-0.77539539,0.023919447
2023-09-03 00:00:00,0.007679,-0.018658147,-1,0,0,-0.779586096,0.023919447
2023-09-04 00:00:00,0.00749,-0.02461258,-1,0,0,-0.785011051,0.023919447
2023-09-05 00:00:00,0.007645,0.020694259,-1,0,0,-0.780562014,0.023919447
2023-09-06 00:00:00,0.007685,0.005232178,-1,0,0,-0.779413875,0.023919447
2023-09-07 00:00:00,0.007683,-0.000260247,-1,0,0,-0.779471282,0.023919447
2023-09-08 00:00:00,0.007597,-0.011193544,-1,0,0,-0.78193978,0.023919447
2023-09-09 00:00:00,0.00756,-0.004870344,-1,0,0,-0.783001808,0.023919447
2023-09-10 00:00:00,0.007361,-0.026322751,-1,0,0,-0.788713798,0.023919447
2023-09-11 00:00:00,0.007051,-0.042113843,-1,0,0,-0.797611872,0.023919447
2023-09-12 00:00:00,0.007166,0.016309743,-1,0,0,-0.794310973,0.023919447
2023-09-13 00:00:00,0.007253,0.012140664,-1,0,0,-0.791813772,0.023919447
2023-09-14 00:00:00,0.007362,0.015028264,-1,0,0,-0.788685094,0.023919447
2023-09-15 00:00:00,0.007444,0.011138278,-1,0,0,-0.78633141,0.023919447
2023-09-16 00:00:00,0.007394,-0.006716819,-1,0,0,-0.787766583,0.023919447
2023-09-17 00:00:00,0.007205,-0.025561266,-1,0,0,-0.793191538,0.023919447
2023-09-18 00:00:00,0.007253,0.00666204,-1,0,0,-0.791813772,0.023919447
2023-09-19 00:00:00,0.007406,0.021094719,-1,0,0,-0.787422142,0.023919447
2023-09-20 00:00:00,0.007439,0.004455847,-1,0,0,-0.786474928,0.023919447
2023-09-21 00:00:00,0.007245,-0.026078774,-1,0,0,-0.7920434,0.023919447
2023-09-22 00:00:00,0.00729,0.00621118,-1,0,0,-0.790751744,0.023919447
2023-09-23 00:00:00,0.007504,0.029355281,-1,0,0,-0.784609202,0.023919447
2023-09-24 00:00:00,0.007301,-0.027052239,-1,0,0,-0.790436006,0.023919447
2023-09-25 00:00:00,0.007281,-0.002739351,-1,0,0,-0.791010075,0.023919447
2023-09-26 00:00:00,0.007261,-0.002746875,-1,0,0,-0.791584144,0.023919447
2023-09-27 00:00:00,0.007219,-0.005784327,-1,0,0,-0.79278969,0.023919447
2023-09-28 00:00:00,0.007301,0.011358914,-1,0,0,-0.790436006,0.023919447
2023-09-29 00:00:00,0.007316,0.002054513,-1,0,0,-0.790005454,0.023919447
2023-09-30 00:00:00,0.007338,0.003007108,-1,0,0,-0.789373977,0.023919447
2023-10-01 00:00:00,0.007524,0.025347506,-1,0,0,-0.784035133,0.023919447
2023-10-02 00:00:00,0.007315,-0.027777778,-1,0,0,-0.790034157,0.023919447
2023-10-03 00:00:00,0.007279,-0.004921394,-1,0,0,-0.791067482,0.023919447
2023-10-04 00:00:00,0.007235,-0.006044786,-1,0,0,-0.792330434,0.023919447
2023-10-05 00:00:00,0.007133,-0.014098134,-1,0,0,-0.795258188,0.023919447
2023-10-06 00:00:00,0.00723,0.013598766,-1,0,0,-0.792473952,0.023919447
2023-10-07 00:00:00,0.007237,0.000968188,-1,0,0,-0.792273027,0.023919447
2023-10-08 00:00:00,0.007189,-0.006632583,0,0.5,0,-0.793650794,0.023919447
2023-10-09 00:00:00,0.006912,-0.038531089,0,0.5,-0.019265545,-0.801601653,0.004193081
2023-10-10 00:00:00,0.006902,-0.001446759,0,0.5,-0.00072338,-0.801888688,0.003466668
2023-10-11 00:00:00,0.006776,-0.018255578,-1,0,-0.009127789,-0.805505324,-0.005692764
2023-10-12 00:00:00,0.006791,0.002213695,0,0.5,0,-0.805074773,-0.005692764
2023-10-13 00:00:00,0.006913,0.017964954,0,0.5,0.008982477,-0.80157295,0.003238578
2023-10-14 00:00:00,0.007022,0.015767395,0,0.5,0.007883697,-0.798444272,0.011147807
2023-10-15 00:00:00,0.00698,-0.005981202,0,0.5,-0.002990601,-0.799649818,0.008123867
2023-10-16 00:00:00,0.007098,0.016905444,-1,0,0.008452722,-0.796262809,0.016645258
2023-10-17 00:00:00,0.006886,-0.029867568,-1,0,0,-0.802347943,0.016645258
2023-10-18 00:00:00,0.006763,-0.017862329,-1,0,0,-0.80587847,0.016645258
2023-10-19 00:00:00,0.006835,0.010646163,-1,0,0,-0.80381182,0.016645258
2023-10-20 00:00:00,0.006907,0.010534016,-1,0,0,-0.801745171,0.016645258
2023-10-21 00:00:00,0.00706,0.022151441,-1,0,0,-0.797353541,0.016645258
2023-10-22 00:00:00,0.007133,0.010339943,-1,0,0,-0.795258188,0.016645258
2023-10-23 00:00:00,0.007515,0.053553904,0,0.5,0,-0.784293464,0.016645258
2023-10-24 00:00:00,0.007396,-0.015834997,0,0.5,-0.007917498,-0.787709176,0.008595971
2023-10-25 00:00:00,0.007804,0.055164954,1,1,0.027582477,-0.775998163,0.036415546
2023-10-26 00:00:00,0.007907,0.01319836,1,1,0.01319836,-0.773041706,0.050094532
2023-10-27 00:00:00,0.007697,-0.026558745,1,1,-0.026558745,-0.779069434,0.022205338
2023-10-28 00:00:00,0.00797,0.035468364,1,1,0.035468364,-0.771233388,0.05846129
2023-10-29 00:00:00,0.00802,0.006273526,1,1,0.006273526,-0.769798215,0.065101574
2023-10-30 00:00:00,0.007976,-0.005486284,1,1,-0.005486284,-0.771061167,0.059258124
2023-10-31 00:00:00,0.007788,-0.023570712,1,1,-0.023570712,-0.776457418,0.034290655
2023-11-01 00:00:00,0.007985,0.025295326,1,1,0.025295326,-0.770802836,0.060453375
2023-11-02 00:00:00,0.007866,-0.014902943,1,1,-0.014902943,-0.774218548,0.044649499
2023-11-03 00:00:00,0.007822,-0.005593694,1,1,-0.005593694,-0.775481501,0.038806049
2023-11-04 00:00:00,0.00796,0.017642547,1,1,0.017642547,-0.771520423,0.057133233
2023-11-05 00:00:00,0.008128,0.021105528,1,1,0.021105528,-0.76669824,0.079444587
2023-11-06 00:00:00,0.00847,0.042076772,1,1,0.042076772,-0.756881656,0.124864131
2023-11-07 00:00:00,0.008197,-0.032231405,1,1,-0.032231405,-0.764717701,0.08860818
2023-11-08 00:00:00,0.008284,0.010613639,1,1,0.010613639,-0.7622205,0.100162274
2023-11-09 00:00:00,0.008232,-0.006277161,1,1,-0.006277161,-0.76371308,0.093256378
2023-11-10 00:00:00,0.008503,0.032920311,1,1,0.032920311,-0.755934441,0.129246718
2023-11-11 00:00:00,0.009089,0.068916853,1,1,0.068916853,-0.739114211,0.207070848
2023-11-12 00:00:00,0.008921,-0.018483882,1,1,-0.018483882,-0.743936393,0.184759494
2023-11-13 00:00:00,0.00854,-0.042708217,1,1,-0.042708217,-0.754872413,0.134160529
2023-11-14 00:00:00,0.008345,-0.022833724,1,1,-0.022833724,-0.760469589,0.108263421
2023-11-15 00:00:00,0.008801,0.054643499,1,1,0.054643499,-0.747380809,0.168822812
2023-11-16 00:00:00,0.008494,-0.0348824,1,1,-0.0348824,-0.756192772,0.128051467
2023-11-17 00:00:00,0.008821,0.038497763,1,1,0.038497763,-0.74680674,0.171478925
2023-11-18 00:00:00,0.008559,-0.029701848,1,1,-0.029701848,-0.754327047,0.136683837
2023-11-19 00:00:00,0.008684,0.01460451,1,1,0.01460451,-0.750739114,0.153284547
2023-11-20 00:00:00,0.008431,-0.02913404,1,1,-0.02913404,-0.758001091,0.119684709
2023-11-21 00:00:00,0.007734,-0.082671095,1,1,-0.082671095,-0.778007405,0.027119149
2023-11-22 00:00:00,0.008096,0.04680631,1,1,0.04680631,-0.767616751,0.075194806
2023-11-23 00:00:00,0.008117,0.002593874,1,1,0.002593874,-0.767013979,0.077983725
2023-11-24 00:00:00,0.008192,0.009239867,1,1,0.009239867,-0.764861219,0.087944151
2023-11-25 00:00:00,0.008481,0.03527832,1,1,0.03527832,-0.756565918,0.126324993
2023-11-26 00:00:00,0.0083,-0.021341823,0,0.5,-0.021341823,-0.761761245,0.102287165
2023-11-27 00:00:00,0.008193,-0.012891566,0,0.5,-0.006445783,-0.764832515,0.095182061
2023-11-28 00:00:00,0.008314,0.014768705,0,0.5,0.007384352,-0.761359396,0.103269271
2023-11-29 00:00:00,0.008219,-0.01142651,0,0.5,-0.005713255,-0.764086225,0.096966013
2023-11-30 00:00:00,0.008301,0.009976883,1,1,0.004988441,-0.761732541,0.102438163
2023-12-01 00:00:00,0.00837,0.008312252,1,1,0.008312252,-0.759752002,0.111601907
2023-12-02 00:00:00,0.008535,0.019713262,0,0.5,0.019713262,-0.75501593,0.133515206
2023-12-03 00:00:00,0.009039,0.059050967,0,0.5,0.029525483,-0.740549384,0.16698279
2023-12-04 00:00:00,0.009216,0.019581812,0,0.5,0.009790906,-0.735468871,0.178408609
2023-12-05 00:00:00,0.009495,0.030273438,1,1,0.015136719,-0.727460604,0.196245849
2023-12-06 00:00:00,0.00973,0.024749868,1,1,0.024749868,-0.72071529,0.225852776
2023-12-07 00:00:00,0.009791,0.00626927,1,1,0.00626927,-0.718964379,0.233537979
2023-12-08 00:00:00,0.01021,0.042794403,1,1,0.042794403,-0.706937627,0.2863265
2023-12-09 00:00:00,0.010005,-0.020078355,0,0.5,-0.020078355,-0.712821838,0.26049918
2023-12-10 00:00:00,0.010336,0.033083458,0,0.5,0.016541729,-0.703320991,0.281350016
2023-12-11 00:00:00,0.009521,-0.078850619,0,0.5,-0.03942531,-0.726714314,0.230832395
2023-12-12 00:00:00,0.009589,0.007142107,0,0.5,0.003571053,-0.724762479,0.235227764
2023-12-13 00:00:00,0.009812,0.023255814,0,0.5,0.011627907,-0.718361606,0.249590877
2023-12-14 00:00:00,0.010098,0.029147982,1,1,0.014573991,-0.710152415,0.267802403
2023-12-15 00:00:00,0.009595,-0.049811844,1,1,-0.049811844,-0.724590258,0.204650828
2023-12-16 00:00:00,0.011609,0.20990099,1,1,0.20990099,-0.666781481,0.457508229
2023-12-17 00:00:00,0.010304,-0.112412783,1,1,-0.112412783,-0.704239502,0.293665673
2023-12-18 00:00:00,0.010439,0.013101708,1,1,0.013101708,-0.700364534,0.310614903
2023-12-19 00:00:00,0.010124,-0.030175304,1,1,-0.030175304,-0.709406125,0.2710667
2023-12-20 00:00:00,0.010243,0.011754247,1,1,0.011754247,-0.705990413,0.286007132
2023-12-21 00:00:00,0.01045,0.020208923,1,1,0.020208923,-0.700048796,0.311995951
2023-12-22 00:00:00,0.010915,0.044497608,1,1,0.044497608,-0.686701685,0.370376632
2023-12-23 00:00:00,0.011079,0.015025195,1,1,0.015025195,-0.681994317,0.390966808
2023-12-24 00:00:00,0.010665,-0.037367994,1,1,-0.037367994,-0.693877551,0.338989169
2023-12-25 00:00:00,0.011024,0.03366151,1,1,0.03366151,-0.683573007,0.384061566
2023-12-26 00:00:00,0.010598,-0.038642961,1,1,-0.038642961,-0.695800683,0.330577329
2023-12-27 00:00:00,0.010913,0.029722589,1,1,0.029722589,-0.686759092,0.370125533
2023-12-28 00:00:00,0.010622,-0.026665445,1,1,-0.026665445,-0.6951118,0.333590526
2023-12-29 00:00:00,0.010436,-0.017510827,1,1,-0.017510827,-0.700450644,0.310238253
2023-12-30 00:00:00,0.010449,0.001245688,1,1,0.001245688,-0.700077499,0.311870401
2023-12-31 00:00:00,0.010356,-0.008900373,1,1,-0.008900373,-0.702746922,0.300194265
2024-01-01 00:00:00,0.010696,0.032831209,1,1,0.032831209,-0.692987744,0.342881215
2024-01-02 00:00:00,0.010569,-0.011873598,1,1,-0.011873598,-0.696633084,0.326936384
2024-01-03 00:00:00,0.00956,-0.095467878,1,1,-0.095467878,-0.725594879,0.200256583
2024-01-04 00:00:00,0.009986,0.044560669,1,1,0.044560669,-0.713367203,0.25374082
2024-01-05 00:00:00,0.009819,-0.016723413,1,1,-0.016723413,-0.718160682,0.232773995
2024-01-06 00:00:00,0.009599,-0.02240554,0,0.5,-0.02240554,-0.724475444,0.205153027
2024-01-07 00:00:00,0.009019,-0.060422961,0,0.5,-0.03021148,-0.741123454,0.16874357
2024-01-08 00:00:00,0.009574,0.061536756,0,0.5,0.030768378,-0.725193031,0.204703914
2024-01-09 00:00:00,0.009664,0.00940046,0,0.5,0.00470023,-0.722609719,0.210366299
2024-01-10 00:00:00,0.009976,0.032284768,1,1,0.016142384,-0.713654238,0.229904497
2024-01-11 00:00:00,0.01015,0.01744186,1,1,0.01744186,-0.708659835,0.25135632
2024-01-12 00:00:00,0.009632,-0.051034483,0,0.5,-0.051034483,-0.72352823,0.187493997
2024-01-13 00:00:00,0.009882,0.02595515,0,0.5,0.012977575,-0.716352364,0.202904789
2024-01-14 00:00:00,0.00957,-0.031572556,0,0.5,-0.015786278,-0.725307845,0.1839154
2024-01-15 00:00:00,0.009539,-0.003239289,0,0.5,-0.001619645,-0.726197652,0.181997877
2024-01-16 00:00:00,0.009668,0.01352343,0,0.5,0.006761715,-0.722494905,0.18999021
2024-01-17 00:00:00,0.009528,-0.014480761,0,0.5,-0.007240381,-0.72651339,0.181374228
2024-01-18 00:00:00,0.00921,-0.033375315,0,0.5,-0.016687657,-0.735641092,0.16165986
2024-01-19 00:00:00,0.009304,0.010206298,0,0.5,0.005103149,-0.732942966,0.167587983
2024-01-20 00:00:00,0.00969,0.041487532,0,0.5,0.020743766,-0.721863429,0.191808155
2024-01-21 00:00:00,0.009345,-0.035603715,0,0.5,-0.017801858,-0.731766124,0.170591756
2024-01-22 00:00:00,0.008929,-0.044515784,0,0.5,-0.022257892,-0.743706765,0.144536851
2024-01-23 00:00:00,0.008831,-0.010975473,0,0.5,-0.005487737,-0.746519705,0.138255934
2024-01-24 00:00:00,0.008901,0.007926622,0,0.5,0.003963311,-0.744510462,0.142767197
2024-01-25 00:00:00,0.008867,-0.003819796,0,0.5,-0.001909898,-0.74548638,0.140584628
2024-01-26 00:00:00,0.009042,0.0197361,0,0.5,0.00986805,-0.740463274,0.151839974
2024-01-27 00:00:00,0.009131,0.009842955,0,0.5,0.004921478,-0.737908666,0.157508729
2024-01-28 00:00:00,0.009006,-0.013689629,0,0.5,-0.006844814,-0.741496599,0.149585797
2024-01-29 00:00:00,0.009208,0.022429491,0,0.5,0.011214746,-0.735698499,0.162478109
2024-01-30 00:00:00,0.009047,-0.017484796,0,0.5,-0.008742398,-0.740319757,0.152315263
2024-01-31 00:00:00,0.008945,-0.011274456,0,0.5,-0.005637228,-0.74324751,0.145819399
2024-02-01 00:00:00,0.009025,0.008943544,0,0.5,0.004471772,-0.740951233,0.150943242
2024-02-02 00:00:00,0.009074,0.005429363,0,0.5,0.002714681,-0.739544763,0.154067686
2024-02-03 00:00:00,0.009109,0.003857174,0,0.5,0.001928587,-0.738540142,0.156293407
2024-02-04 00:00:00,0.008898,-0.023163904,0,0.5,-0.011581952,-0.744596573,0.142901272
2024-02-05 00:00:00,0.008904,0.000674309,0,0.5,0.000337154,-0.744424352,0.143286606
2024-02-06 00:00:00,0.008864,-0.004492363,0,0.5,-0.002246181,-0.745572491,0.140718577
2024-02-07 00:00:00,0.00907,0.023240072,0,0.5,0.011620036,-0.739659577,0.153973768
2024-02-08 00:00:00,0.009215,0.01598677,0,0.5,0.007993385,-0.735497575,0.163197924
2024-02-09 00:00:00,0.009392,0.019207813,0,0.5,0.009603907,-0.730417061,0.174369169
2024-02-10 00:00:00,0.009412,0.002129472,0,0.5,0.001064736,-0.729842992,0.175619562
2024-02-11 00:00:00,0.009408,-0.000424989,0,0.5,-0.000212495,-0.729957806,0.175369749
2024-02-12 00:00:00,0.009625,0.023065476,0,0.5,0.011532738,-0.723729154,0.18892498
2024-02-13 00:00:00,0.009473,-0.015792208,0,0.5,-0.007896104,-0.728092081,0.179537105
2024-02-14 00:00:00,0.009759,0.030191069,1,1,0.015095535,-0.71988289,0.197342848
2024-02-15 00:00:00,0.009882,0.01260375,1,1,0.01260375,-0.716352364,0.212433859
2024-02-16 00:00:00,0.009882,0,1,1,0,-0.716352364,0.212433859
2024-02-17 00:00:00,0.009636,-0.024893746,1,1,-0.024893746,-0.723413416,0.182251838
2024-02-18 00:00:00,0.009745,0.011311748,1,1,0.011311748,-0.720284738,0.195625172
2024-02-19 00:00:00,0.009906,0.016521293,1,1,0.016521293,-0.715663481,0.215378446
2024-02-20 00:00:00,0.009765,-0.014233798,1,1,-0.014233798,-0.719710669,0.198078995
2024-02-21 00:00:00,0.00956,-0.020993344,1,1,-0.020993344,-0.725594879,0.172927311
2024-02-22 00:00:00,0.009542,-0.001882845,1,1,-0.001882845,-0.726111542,0.170718871
2024-02-23 00:00:00,0.009526,-0.001676797,1,1,-0.001676797,-0.726570797,0.168755812
2024-02-24 00:00:00,0.009652,0.013226958,1,1,0.013226958,-0.722954161,0.184214896
2024-02-25 00:00:00,0.009682,0.003108164,1,1,0.003108164,-0.722093057,0.18789563
2024-02-26 00:00:00,0.01008,0.041107209,1,1,0.041107209,-0.710669078,0.236726705
2024-02-27 00:00:00,0.010898,0.081150794,1,1,0.081150794,-0.687189644,0.337088058
2024-02-28 00:00:00,0.011717,0.075151404,1,1,0.075151404,-0.663681506,0.437572103
2024-02-29 00:00:00,0.012575,0.073226935,1,1,0.073226935,-0.639053934,0.542841102
2024-03-01 00:00:00,0.016887,0.342902584,1,1,0.342902584,-0.515284595,1.071885304
2024-03-02 00:00:00,0.022621,0.339551134,1,1,0.339551134,-0.350698929,1.775396308
2024-03-03 00:00:00,0.022558,-0.002785023,1,1,-0.002785023,-0.352507248,1.767666766
2024-03-04 00:00:00,0.035928,0.592694388,1,1,0.592694388,0.031258073,3.408047326
2024-03-05 00:00:00,0.035168,-0.021153418,1,1,-0.021153418,0.00944344,3.314802059
2024-03-06 00:00:00,0.033311,-0.052803685,1,1,-0.052803685,-0.043858894,3.086964609
2024-03-07 00:00:00,0.031546,-0.0529855,1,1,-0.0529855,-0.094520509,2.870414745
2024-03-08 00:00:00,0.035206,0.116021049,1,1,0.116021049,0.010534171,3.319464322
2024-03-09 00:00:00,0.034982,-0.006362552,1,1,-0.006362552,0.004104595,3.291981506
2024-03-10 00:00:00,0.032875,-0.060230976,1,1,-0.060230976,-0.056373604,3.033471272
2024-03-11 00:00:00,0.033878,0.030509506,1,1,0.030509506,-0.027584029,3.156530486
2024-03-12 00:00:00,0.032235,-0.04849755,1,1,-0.04849755,-0.074743822,2.954948941
2024-03-13 00:00:00,0.032041,-0.006018303,1,1,-0.006018303,-0.080312294,2.93114686
2024-03-14 00:00:00,0.032247,0.006429263,1,1,0.006429263,-0.07439938,2.956421235
2024-03-15 00:00:00,0.029934,-0.071727603,1,1,-0.071727603,-0.140790493,2.672636625
2024-03-16 00:00:00,0.025423,-0.150698203,1,1,-0.150698203,-0.270271822,2.119176886
2024-03-17 00:00:00,0.029572,0.163198678,1,1,0.163198678,-0.151181148,2.628222432
2024-03-18 00:00:00,0.026875,-0.091201136,1,1,-0.091201136,-0.228594391,2.297324424
2024-03-19 00:00:00,0.024905,-0.073302326,1,1,-0.073302326,-0.285140216,2.055622875
2024-03-20 00:00:00,0.027775,0.115237904,1,1,0.115237904,-0.202761273,2.407746451
2024-03-21 00:00:00,0.02722,-0.019981998,1,1,-0.019981998,-0.218691696,2.339652867
2024-03-22 00:00:00,0.026558,-0.024320353,1,1,-0.024320353,-0.23769339,2.258431332
2024-03-23 00:00:00,0.027149,0.022253182,1,1,0.022253182,-0.220729642,2.330941796
2024-03-24 00:00:00,0.02809,0.034660577,1,1,0.034660577,-0.193719682,2.44639416
2024-03-25 00:00:00,0.028722,0.02249911,1,1,0.02249911,-0.175579092,2.523934962
2024-03-26 00:00:00,0.030672,0.067892208,1,1,0.067892208,-0.119607337,2.763182687
2024-03-27 00:00:00,0.030194,-0.015584246,1,1,-0.015584246,-0.133327593,2.704536322
2024-03-28 00:00:00,0.032042,0.061204213,1,1,0.061204213,-0.08028359,2.931269551
2024-03-29 00:00:00,0.030827,-0.037918981,1,1,-0.037918981,-0.1151583,2.782199814
2024-03-30 00:00:00,0.029858,-0.031433484,1,1,-0.031433484,-0.142971957,2.663312098
2024-03-31 00:00:00,0.030776,0.030745529,1,1,0.030745529,-0.116622176,2.775942566
2024-04-01 00:00:00,0.028659,-0.068787367,1,1,-0.068787367,-0.177387411,2.51620542
2024-04-02 00:00:00,0.026417,-0.078230224,1,1,-0.078230224,-0.241740578,2.241131881
2024-04-03 00:00:00,0.026351,-0.002498391,0,0.5,-0.002498391,-0.243635007,2.233034266
2024-04-04 00:00:00,0.027713,0.051686843,0,0.5,0.025843422,-0.204540888,2.316586933
2024-04-05 00:00:00,0.0268,-0.032944827,0,0.5,-0.016472414,-0.230747151,2.261954741
2024-04-06 00:00:00,0.027452,0.024328358,0,0.5,0.012164179,-0.212032492,2.301633743
2024-04-07 00:00:00,0.028185,0.026701151,0,0.5,0.013350576,-0.190992853,2.345712453
2024-04-08 00:00:00,0.028757,0.020294483,0,0.5,0.010147241,-0.174574471,2.379662205
2024-04-09 00:00:00,0.027496,-0.043850193,0,0.5,-0.021925096,-0.21076954,2.305562785
2024-04-10 00:00:00,0.028072,0.020948502,0,0.5,0.010474251,-0.194236344,2.340186079
2024-04-11 00:00:00,0.02753,-0.019307495,0,0.5,-0.009653748,-0.209793622,2.307940766
2024-04-12 00:00:00,0.024747,-0.10108972,0,0.5,-0.05054486,-0.289675364,2.140741363
2024-04-13 00:00:00,0.02109,-0.147775488,0,0.5,-0.073887744,-0.394643934,1.908679069
2024-04-14 00:00:00,0.022688,0.075770507,0,0.5,0.037885254,-0.348775797,2.018875113
2024-04-15 00:00:00,0.021914,-0.034114951,0,0.5,-0.017057475,-0.370992279,1.967380726
2024-04-16 00:00:00,0.022658,0.033950899,0,0.5,0.016975449,-0.349636901,2.017753347
2024-04-17 00:00:00,0.022048,-0.026922058,0,0.5,-0.013461029,-0.367146015,1.977131281
2024-04-18 00:00:00,0.02277,0.032746734,0,0.5,0.016373367,-0.346422113,2.025876945
2024-04-19 00:00:00,0.022857,0.003820817,0,0.5,0.001910408,-0.343924912,2.031657606
2024-04-20 00:00:00,0.026149,0.1440259,0,0.5,0.07201295,-0.249433107,2.249976213
2024-04-21 00:00:00,0.02625,0.00386248,0,0.5,0.00193124,-0.246534057,2.256252698
2024-04-22 00:00:00,0.026871,0.023657143,0,0.5,0.011828571,-0.228709205,2.294769516
2024-04-23 00:00:00,0.026809,-0.00230732,0,0.5,-0.00115366,-0.23048882,2.290968472
2024-04-24 00:00:00,0.025676,-0.042261927,0,0.5,-0.021130963,-0.263009845,2.221427137
2024-04-25 00:00:00,0.025707,0.001207353,0,0.5,0.000603677,-0.262120038,2.223371837
2024-04-26 00:00:00,0.025208,-0.019411055,0,0.5,-0.009705528,-0.276443067,2.192087313
2024-04-27 00:00:00,0.024763,-0.017653126,0,0.5,-0.008826563,-0.289216108,2.163912153
2024-04-28 00:00:00,0.024202,-0.022654767,0,0.5,-0.011327384,-0.305318752,2.128073306
2024-04-29 00:00:00,0.024096,-0.004379803,0,0.5,-0.002189902,-0.308361319,2.121223133
2024-04-30 00:00:00,0.022377,-0.071339641,0,0.5,-0.035669821,-0.357702575,2.009889664
2024-05-01 00:00:00,0.022646,0.012021272,0,0.5,0.006010636,-0.349981343,2.027981015
2024-05-02 00:00:00,0.022785,0.006137949,0,0.5,0.003068975,-0.345991561,2.037273812
2024-05-03 00:00:00,0.024421,0.071801624,0,0.5,0.035900812,-0.299032693,2.146314408
2024-05-04 00:00:00,0.025037,0.025224192,0,0.5,0.012612096,-0.281351359,2.185996027
2024-05-05 00:00:00,0.024695,-0.013659784,0,0.5,-0.006829892,-0.291167944,2.164236019
2024-05-06 00:00:00,0.023862,-0.033731525,0,0.5,-0.016865762,-0.31507793,2.110868767
2024-05-07 00:00:00,0.022974,-0.03721398,0,0.5,-0.01860699,-0.340566606,2.052984862
2024-05-08 00:00:00,0.022525,-0.019543832,0,0.5,-0.009771916,-0.353454462,2.02315135
2024-05-09 00:00:00,0.023465,0.04173141,0,0.5,0.020865705,-0.326473205,2.086231534
2024-05-10 00:00:00,0.022411,-0.044917963,0,0.5,-0.022458981,-0.356726657,2.016917917
2024-05-11 00:00:00,0.022494,0.003703538,0,0.5,0.001851769,-0.354344269,2.022504553
2024-05-12 00:00:00,0.022302,-0.008535609,0,0.5,-0.004267805,-0.359855335,2.009605094
2024-05-13 00:00:00,0.023351,0.04703614,1,1,0.02351807,-0.3297454,2.080385197
2024-05-14 00:00:00,0.02296,-0.016744465,1,1,-0.016744465,-0.340968455,2.028805795
2024-05-15 00:00:00,0.025236,0.09912892,1,1,0.09912892,-0.27563937,2.329048042
2024-05-16 00:00:00,0.024552,-0.027104137,1,1,-0.027104137,-0.295272539,2.238817068
2024-05-17 00:00:00,0.025008,0.018572825,1,1,0.018572825,-0.28218376,2.298971051
2024-05-18 00:00:00,0.024749,-0.010356686,1,1,-0.010356686,-0.289617957,2.264804644
2024-05-19 00:00:00,0.023842,-0.036647945,1,1,-0.036647945,-0.315651999,2.145156262
2024-05-20 00:00:00,0.026075,0.09365825,0,0.5,0.09365825,-0.251557163,2.439726094
2024-05-21 00:00:00,0.026124,0.001879195,0,0.5,0.000939597,-0.250150693,2.442958051
2024-05-22 00:00:00,0.025334,-0.030240392,0,0.5,-0.015120196,-0.27282643,2.390899851
2024-05-23 00:00:00,0.024603,-0.028854504,0,0.5,-0.014427252,-0.293808663,2.341978484
2024-05-24 00:00:00,0.02441,-0.007844572,0,0.5,-0.003922286,-0.299348431,2.328870289
2024-05-25 00:00:00,0.025093,0.027980336,0,0.5,0.013990168,-0.279743965,2.375441744
2024-05-26 00:00:00,0.024334,-0.030247479,0,0.5,-0.01512374,-0.301529895,2.324392442
2024-05-27 00:00:00,0.025537,0.049437002,1,1,0.024718501,-0.266999627,2.406566439
2024-05-28 00:00:00,0.026763,0.048008772,1,1,0.048008772,-0.231809179,2.570111509
2024-05-29 00:00:00,0.027571,0.030190935,1,1,0.030190935,-0.20861678,2.677896514
2024-05-30 00:00:00,0.025885,-0.06115121,1,1,-0.06115121,-0.257010821,2.452988694
2024-05-31 00:00:00,0.025438,-0.017268688,1,1,-0.017268688,-0.26984127,2.393360108
2024-06-01 00:00:00,0.025271,-0.006564982,1,1,-0.006564982,-0.274634748,2.371082761
2024-06-02 00:00:00,0.024623,-0.02564204,1,1,-0.02564204,-0.293234593,2.284641321
2024-06-03 00:00:00,0.024438,-0.007513301,0,0.5,-0.007513301,-0.298544734,2.259962824
2024-06-04 00:00:00,0.024606,0.00687454,0,0.5,0.00343727,-0.293722552,2.271168196
2024-06-05 00:00:00,0.025954,0.054783386,1,1,0.027391693,-0.255030282,2.360771031
2024-06-06 00:00:00,0.025255,-0.026932265,1,1,-0.026932265,-0.275094004,2.270257856
2024-06-07 00:00:00,0.023691,-0.061928331,1,1,-0.061928331,-0.319986222,2.067736245
2024-06-08 00:00:00,0.023188,-0.021231691,0,0.5,-0.021231691,-0.334424065,2.002603016
2024-06-09 00:00:00,0.023471,0.012204589,1,1,0.006102294,-0.326300985,2.020925783
2024-06-10 00:00:00,0.022904,-0.024157471,1,1,-0.024157471,-0.342575849,1.947947856
2024-06-11 00:00:00,0.02162,-0.056060077,0,0.5,-0.056060077,-0.379431097,1.782685673
2024-06-12 00:00:00,0.022203,0.026965772,0,0.5,0.013482886,-0.362696978,1.820204307
2024-06-13 00:00:00,0.021177,-0.046209972,0,0.5,-0.023104986,-0.392146732,1.755043527
2024-06-14 00:00:00,0.020278,-0.042451716,0,0.5,-0.021225858,-0.417951147,1.696565363
2024-06-15 00:00:00,0.020757,0.023621659,0,0.5,0.011810829,-0.404202187,1.728414037
2024-06-16 00:00:00,0.020929,0.008286361,0,0.5,0.004143181,-0.399265191,1.739718349
2024-06-17 00:00:00,0.019309,-0.077404558,0,0.5,-0.038702279,-0.445764804,1.633685005
2024-06-18 00:00:00,0.018078,-0.063752654,0,0.5,-0.031876327,-0.481098769,1.5497328
2024-06-19 00:00:00,0.0181,0.001216949,0,0.5,0.000608474,-0.480467292,1.551284247
2024-06-20 00:00:00,0.018032,-0.003756906,0,0.5,-0.001878453,-0.482419128,1.54649178
2024-06-21 00:00:00,0.017861,-0.009483141,0,0.5,-0.004741571,-0.48732742,1.534417409
2024-06-22 00:00:00,0.017979,0.006606573,0,0.5,0.003303286,-0.483940412,1.542789316
2024-06-23 00:00:00,0.017523,-0.025362923,0,0.5,-0.012681462,-0.497029191,1.510543031
2024-06-24 00:00:00,0.017034,-0.02790618,0,0.5,-0.01395309,-0.511065186,1.475513197
2024-06-25 00:00:00,0.017737,0.0412704,0,0.5,0.0206352,-0.49088665,1.526595908
2024-06-26 00:00:00,0.017132,-0.034109489,0,0.5,-0.017054744,-0.508252246,1.48350546
2024-06-27 00:00:00,0.017562,0.02509923,0,0.5,0.012549615,-0.495909756,1.514672497
2024-06-28 00:00:00,0.016983,-0.03296891,0,0.5,-0.016484455,-0.512529062,1.473219491
2024-06-29 00:00:00,0.016893,-0.005299417,0,0.5,-0.002649709,-0.515112374,1.466666181
2024-06-30 00:00:00,0.017251,0.02119221,-1,0,0.010596105,-0.504836534,1.492803234
2024-07-01 00:00:00,0.017079,-0.009970436,-1,0,0,-0.50977353,1.492803234
2024-07-02 00:00:00,0.017266,0.010949119,-1,0,0,-0.504405982,1.492803234
2024-07-03 00:00:00,0.01638,-0.051314723,-1,0,0,-0.529837251,1.492803234
2024-07-04 00:00:00,0.014619,-0.107509158,-1,0,0,-0.580384052,1.492803234
2024-07-05 00:00:00,0.014953,0.02284698,-1,0,0,-0.570797095,1.492803234
2024-07-06 00:00:00,0.017395,0.16331171,-1,0,0,-0.500703235,1.492803234
2024-07-07 00:00:00,0.015488,-0.109629204,-1,0,0,-0.555440742,1.492803234
2024-07-08 00:00:00,0.016172,0.044163223,-1,0,0,-0.535807572,1.492803234
2024-07-09 00:00:00,0.016361,0.011686866,-1,0,0,-0.530382617,1.492803234
2024-07-10 00:00:00,0.016397,0.002200355,-1,0,0,-0.529349292,1.492803234
2024-07-11 00:00:00,0.016223,-0.010611697,-1,0,0,-0.534343695,1.492803234
2024-07-12 00:00:00,0.016486,0.016211552,-1,0,0,-0.526794684,1.492803234
2024-07-13 00:00:00,0.017105,0.03754701,-1,0,0,-0.50902724,1.492803234
2024-07-14 00:00:00,0.017614,0.029757381,-1,0,0,-0.494417176,1.492803234
2024-07-15 00:00:00,0.019243,0.092483252,-1,0,0,-0.447659232,1.492803234
2024-07-16 00:00:00,0.019313,0.003637686,-1,0,0,-0.44564999,1.492803234
2024-07-17 00:00:00,0.018599,-0.036969917,-1,0,0,-0.466144264,1.492803234
2024-07-18 00:00:00,0.017374,-0.065863756,-1,0,0,-0.501306008,1.492803234
2024-07-19 00:00:00,0.017791,0.024001381,-1,0,0,-0.489336663,1.492803234
2024-07-20 00:00:00,0.018095,0.017087291,0,0.5,0,-0.48061081,1.492803234
2024-07-21 00:00:00,0.018239,0.007957999,0,0.5,0.003979,-0.476477511,1.502722097
2024-07-22 00:00:00,0.017559,-0.037282746,-1,0,-0.018641373,-0.495995867,1.456067922
2024-07-23 00:00:00,0.017024,-0.030468706,-1,0,0,-0.51135222,1.456067922
2024-07-24 00:00:00,0.01678,-0.014332707,-1,0,0,-0.518355866,1.456067922
2024-07-25 00:00:00,0.01639,-0.023241955,-1,0,0,-0.529550217,1.456067922
2024-07-26 00:00:00,0.016955,0.034472239,-1,0,0,-0.513332759,1.456067922
2024-07-27 00:00:00,0.01701,0.003243881,-1,0,0,-0.511754069,1.456067922
2024-07-28 00:00:00,0.016789,-0.012992357,-1,0,0,-0.518097534,1.456067922
2024-07-29 00:00:00,0.016608,-0.010780868,-1,0,0,-0.523292861,1.456067922
2024-07-30 00:00:00,0.016395,-0.012825145,-1,0,0,-0.529406699,1.456067922
2024-07-31 00:00:00,0.015917,-0.02915523,-1,0,0,-0.543126955,1.456067922
2024-08-01 00:00:00,0.015781,-0.008544324,-1,0,0,-0.547030627,1.456067922
2024-08-02 00:00:00,0.014646,-0.071921931,-1,0,0,-0.579609059,1.456067922
2024-08-03 00:00:00,0.014225,-0.02874505,-1,0,0,-0.591693217,1.456067922
2024-08-04 00:00:00,0.013339,-0.06228471,-1,0,0,-0.617124487,1.456067922
2024-08-05 00:00:00,0.013226,-0.0084714,-1,0,0,-0.620367978,1.456067922
2024-08-06 00:00:00,0.013444,0.016482686,-1,0,0,-0.614110623,1.456067922
2024-08-07 00:00:00,0.012874,-0.042398096,-1,0,0,-0.630471598,1.456067922
2024-08-08 00:00:00,0.014308,0.111387292,-1,0,0,-0.58931083,1.456067922
2024-08-09 00:00:00,0.014033,-0.019220017,-1,0,0,-0.597204283,1.456067922
2024-08-10 00:00:00,0.014081,0.003420509,-1,0,0,-0.595826516,1.456067922
2024-08-11 00:00:00,0.013379,-0.049854414,-1,0,0,-0.615976348,1.456067922
2024-08-12 00:00:00,0.013906,0.039390089,-1,0,0,-0.600849623,1.456067922
2024-08-13 00:00:00,0.01388,-0.001869697,-1,0,0,-0.601595913,1.456067922
2024-08-14 00:00:00,0.0136,-0.020172911,-1,0,0,-0.609632883,1.456067922
2024-08-15 00:00:00,0.013255,-0.025367647,-1,0,0,-0.619535578,1.456067922
2024-08-16 00:00:00,0.013211,-0.003319502,-1,0,0,-0.62079853,1.456067922
2024-08-17 00:00:00,0.013369,0.011959731,-1,0,0,-0.616263383,1.456067922
2024-08-18 00:00:00,0.013227,-0.010621587,-1,0,0,-0.620339275,1.456067922
2024-08-19 00:00:00,0.013323,0.007257882,-1,0,0,-0.617583742,1.456067922
2024-08-20 00:00:00,0.01364,0.02379344,-1,0,0,-0.608484744,1.456067922
2024-08-21 00:00:00,0.014106,0.034164223,-1,0,0,-0.59510893,1.456067922
2024-08-22 00:00:00,0.014048,-0.004111726,-1,0,0,-0.596773731,1.456067922
2024-08-23 00:00:00,0.015292,0.088553531,-1,0,0,-0.561066621,1.456067922
2024-08-24 00:00:00,0.01561,0.020795187,-1,0,0,-0.551938919,1.456067922
2024-08-25 00:00:00,0.015102,-0.032543242,-1,0,0,-0.566520279,1.456067922
2024-08-26 00:00:00,0.014601,-0.033174414,-1,0,0,-0.580900715,1.456067922
2024-08-27 00:00:00,0.013746,-0.058557633,-1,0,0,-0.605442177,1.456067922
2024-08-28 00:00:00,0.013849,0.007493089,-1,0,0,-0.60248572,1.456067922
2024-08-29 00:00:00,0.014068,0.015813416,-1,0,0,-0.596199661,1.456067922
2024-08-30 00:00:00,0.01399,-0.005544498,-1,0,0,-0.598438532,1.456067922
2024-08-31 00:00:00,0.013824,-0.011865618,-1,0,0,-0.603203307,1.456067922
2024-09-01 00:00:00,0.013142,-0.049334491,-1,0,0,-0.622779069,1.456067922
2024-09-02 00:00:00,0.013659,0.039339522,-1,0,0,-0.607939378,1.456067922
2024-09-03 00:00:00,0.013072,-0.042975328,-1,0,0,-0.624788312,1.456067922
2024-09-04 00:00:00,0.013588,0.039473684,0,0.5,0,-0.609977324,1.456067922
2024-09-05 00:00:00,0.013191,-0.029216956,-1,0,-0.014608478,-0.6213726,1.420188507
2024-09-06 00:00:00,0.012784,-0.03085437,-1,0,0,-0.63305491,1.420188507
2024-09-07 00:00:00,0.012858,0.005788486,-1,0,0,-0.630930853,1.420188507
2024-09-08 00:00:00,0.013076,0.016954425,-1,0,0,-0.624673498,1.420188507
2024-09-09 00:00:00,0.013528,0.034567146,-1,0,0,-0.611699532,1.420188507
2024-09-10 00:00:00,0.013525,-0.000221762,0,0.5,0,-0.611785643,1.420188507
2024-09-11 00:00:00,0.013249,-0.020406654,-1,0,-0.010203327,-0.619707799,1.395494532
2024-09-12 00:00:00,0.013508,0.019548645,-1,0,0,-0.612273601,1.395494532
2024-09-13 00:00:00,0.013953,0.032943441,0,0.5,0,-0.59950056,1.395494532
2024-09-14 00:00:00,0.013729,-0.016053895,0,0.5,-0.008026948,-0.605930136,1.376266023
2024-09-15 00:00:00,0.013377,-0.025639158,0,0.5,-0.012819579,-0.616033755,1.345803293
2024-09-16 00:00:00,0.013173,-0.015250056,-1,0,-0.007625028,-0.621889262,1.327916477
2024-09-17 00:00:00,0.013307,0.010172322,0,0.5,0,-0.618042998,1.327916477
2024-09-18 00:00:00,0.013693,0.029007289,0,0.5,0.014503645,-0.60696346,1.361679751
2024-09-19 00:00:00,0.014092,0.029138976,0,0.5,0.014569488,-0.595510778,1.396088216
2024-09-20 00:00:00,0.014377,0.020224241,0,0.5,0.01011212,-0.587330291,1.420317748
2024-09-21 00:00:00,0.014986,0.042359324,0,0.5,0.021179662,-0.569849881,1.47157926
2024-09-22 00:00:00,0.014522,-0.030962231,-1,0,-0.015481116,-0.583168288,1.433316455
2024-09-23 00:00:00,0.014473,-0.003374191,-1,0,0,-0.584574758,1.433316455
2024-09-24 00:00:00,0.014824,0.024252056,-1,0,0,-0.574499842,1.433316455
2024-09-25 00:00:00,0.015244,0.028332434,0,0.5,0,-0.562444387,1.433316455
2024-09-26 00:00:00,0.01863,0.222120178,0,0.5,0.111060089,-0.465254456,1.703560798
2024-09-27 00:00:00,0.020255,0.087224906,0,0.5,0.043612453,-0.418611326,1.821469716
2024-09-28 00:00:00,0.019618,-0.031449025,0,0.5,-0.015724512,-0.436895433,1.77710348
2024-09-29 00:00:00,0.019337,-0.01432358,0,0.5,-0.00716179,-0.444961107,1.757214448
2024-09-30 00:00:00,0.01756,-0.091896364,0,0.5,-0.045948182,-0.495967163,1.630525456
2024-10-01 00:00:00,0.016397,-0.066230068,0,0.5,-0.033115034,-0.529349292,1.543415516
2024-10-02 00:00:00,0.016271,-0.007684332,0,0.5,-0.003842166,-0.532965929,1.53364329
2024-10-03 00:00:00,0.016064,-0.012722021,0,0.5,-0.00636101,-0.538907546,1.517526759
2024-10-04 00:00:00,0.017389,0.08248257,0,0.5,0.041241285,-0.500875456,1.621352797
2024-10-05 00:00:00,0.017431,0.00241532,0,0.5,0.00120766,-0.49966991,1.6245185
2024-10-06 00:00:00,0.018117,0.039355172,0,0.5,0.019677586,-0.479979334,1.676162689
2024-10-07 00:00:00,0.01742,-0.038472153,0,0.5,-0.019236077,-0.499985648,1.624683818
2024-10-08 00:00:00,0.017241,-0.010275545,0,0.5,-0.005137773,-0.505123568,1.611198789
2024-10-09 00:00:00,0.016893,-0.020184444,0,0.5,-0.010092222,-0.515112374,1.584845991
2024-10-10 00:00:00,0.016761,-0.007813887,0,0.5,-0.003906944,-0.518901231,1.574747144
2024-10-11 00:00:00,0.017659,0.053576756,0,0.5,0.026788378,-0.49312552,1.643720443
2024-10-12 00:00:00,0.01784,0.010249731,0,0.5,0.005124866,-0.487930193,1.657269154
2024-10-13 00:00:00,0.017632,-0.011659193,0,0.5,-0.005829596,-0.493900514,1.641778348
2024-10-14 00:00:00,0.018704,0.060798548,0,0.5,0.030399274,-0.4631304,1.722086492
2024-10-15 00:00:00,0.018232,-0.025235244,0,0.5,-0.012617622,-0.476678435,1.687740233
2024-10-16 00:00:00,0.018581,0.019142168,1,1,0.009571084,-0.466660926,1.713464821
2024-10-17 00:00:00,0.018207,-0.020128088,1,1,-0.020128088,-0.477396022,1.658847962
2024-10-18 00:00:00,0.018782,0.03158126,1,1,0.03158126,-0.46089153,1.742817731
2024-10-19 00:00:00,0.019013,0.01229901,1,1,0.01229901,-0.454261029,1.776551673
2024-10-20 00:00:00,0.019045,0.001683059,1,1,0.001683059,-0.453342518,1.781224773
2024-10-21 00:00:00,0.018357,-0.036124967,1,1,-0.036124967,-0.473090502,1.680753119
2024-10-22 00:00:00,0.018147,-0.011439778,1,1,-0.011439778,-0.47911823,1.650085899
2024-10-23 00:00:00,0.017641,-0.027883397,0,0.5,-0.027883397,-0.493642183,1.576192503
2024-10-24 00:00:00,0.018029,0.021994218,1,1,0.010997109,-0.482505238,1.604523173
2024-10-25 00:00:00,0.016539,-0.082644628,0,0.5,-0.082644628,-0.5252734,1.389273324
2024-10-26 00:00:00,0.017007,0.028296753,0,0.5,0.014148377,-0.511840179,1.423077663
2024-10-27 00:00:00,0.017224,0.012759452,0,0.5,0.006379726,-0.505611527,1.438536234
2024-10-28 00:00:00,0.01823,0.058406874,0,0.5,0.029203437,-0.476735842,1.509749874
2024-10-29 00:00:00,0.019073,0.046242457,0,0.5,0.023121229,-0.452538821,1.567778374
2024-10-30 00:00:00,0.01839,-0.035809783,1,1,-0.017904892,-0.472143288,1.521802581
2024-10-31 00:00:00,0.017896,-0.026862425,1,1,-0.026862425,-0.486322799,1.454060847
2024-11-01 00:00:00,0.017572,-0.018104604,1,1,-0.018104604,-0.495622722,1.409631047
2024-11-02 00:00:00,0.01744,-0.007511951,1,1,-0.007511951,-0.499411579,1.391530017
2024-11-03 00:00:00,0.016877,-0.03228211,-1,0,-0.03228211,-0.515571629,1.314326381
2024-11-04 00:00:00,0.016851,-0.001540558,0,0.5,0,-0.51631792,1.314326381
2024-11-05 00:00:00,0.017846,0.059046941,0,0.5,0.02952347,-0.487757972,1.382653328
2024-11-06 00:00:00,0.019075,0.068866973,1,1,0.034433486,-0.452481415,1.464696389
2024-11-07 00:00:00,0.019169,0.004927916,1,1,0.004927916,-0.449783289,1.476842206
2024-11-08 00:00:00,0.019024,-0.007564297,1,1,-0.007564297,-0.453945291,1.458106637
2024-11-09 00:00:00,0.020527,0.079005467,1,1,0.079005467,-0.410803984,1.652310499
2024-11-10 00:00:00,0.026083,0.270667901,1,1,0.270667901,-0.251327535,2.370205815
2024-11-11 00:00:00,0.027926,0.07065905,1,1,0.07065905,-0.19842705,2.608341356
2024-11-12 00:00:00,0.026482,-0.051708086,1,1,-0.051708086,-0.239874853,2.421760932
2024-11-13 00:00:00,0.025837,-0.024356166,1,1,-0.024356166,-0.258388588,2.338419953
2024-11-14 00:00:00,0.023427,-0.093277083,1,1,-0.093277083,-0.327563937,2.027021877
2024-11-15 00:00:00,0.025579,0.09185982,1,1,0.09185982,-0.265794081,2.305083561
2024-11-16 00:00:00,0.024628,-0.037178936,1,1,-0.037178936,-0.293091076,2.182204072
2024-11-17 00:00:00,0.024804,0.007146338,1,1,0.007146338,-0.288039266,2.204945176
2024-11-18 00:00:00,0.024874,0.002822125,1,1,0.002822125,-0.286030024,2.213989933
2024-11-19 00:00:00,0.024751,-0.004944922,1,1,-0.004944922,-0.28956055,2.198097003
2024-11-20 00:00:00,0.023883,-0.03506929,1,1,-0.03506929,-0.314475157,2.085942011
2024-11-21 00:00:00,0.024792,0.038060545,1,1,0.038060545,-0.288383708,2.203394646
2024-11-22 00:00:00,0.025445,0.026339142,1,1,0.026339142,-0.269640346,2.287769312
2024-11-23 00:00:00,0.025942,0.019532325,1,1,0.019532325,-0.255374724,2.351987089
2024-11-24 00:00:00,0.025752,-0.007324031,1,1,-0.007324031,-0.260828382,2.327437033
2024-11-25 00:00:00,0.024776,-0.037899969,1,1,-0.037899969,-0.288842963,2.201327273
2024-11-26 00:00:00,0.024365,-0.016588634,1,1,-0.016588634,-0.300640087,2.148221626
2024-11-27 00:00:00,0.025751,0.056884876,1,1,0.056884876,-0.260857085,2.327307822
2024-11-28 00:00:00,0.02551,-0.00935886,1,1,-0.00935886,-0.26777462,2.296168015
2024-11-29 00:00:00,0.02606,0.021560172,1,1,0.021560172,-0.251987715,2.367233966
2024-11-30 00:00:00,0.026744,0.026247122,1,1,0.026247122,-0.232354545,2.455614167
2024-12-01 00:00:00,0.030909,0.155735866,1,1,0.155735866,-0.112804616,2.993777231
2024-12-02 00:00:00,0.029939,-0.031382445,1,1,-0.031382445,-0.140646976,2.868442736
2024-12-03 00:00:00,0.028632,-0.043655433,1,1,-0.043655433,-0.178162404,2.699564195
2024-12-04 00:00:00,0.03288,0.148365465,1,1,0.148365465,-0.056230087,3.248451757
2024-12-05 00:00:00,0.030483,-0.07290146,1,1,-0.07290146,-0.125032291,2.938733422
2024-12-06 00:00:00,0.030873,0.012794016,1,1,0.012794016,-0.11383794,2.989125642
2024-12-07 00:00:00,0.031996,0.036374826,1,1,0.036374826,-0.08160395,3.134229393
2024-12-08 00:00:00,0.032215,0.006844606,1,1,0.006844606,-0.075317891,3.162526562
2024-12-09 00:00:00,0.027234,-0.154617414,1,1,-0.154617414,-0.218289848,2.518927468
2024-12-10 00:00:00,0.027146,-0.003231255,1,1,-0.003231255,-0.220815752,2.507556916
2024-12-11 00:00:00,0.028799,0.060892949,1,1,0.060892949,-0.173368926,2.721142401
2024-12-12 00:00:00,0.028141,-0.022848016,1,1,-0.022848016,-0.192255805,2.636121682
2024-12-13 00:00:00,0.028544,0.014320742,1,1,0.014320742,-0.180688309,2.688193642
2024-12-14 00:00:00,0.027469,-0.037661155,1,1,-0.037661155,-0.211544533,2.549292011
2024-12-15 00:00:00,0.027879,0.014925916,1,1,0.014925916,-0.199776113,2.602268447
2024-12-16 00:00:00,0.027185,-0.024893289,1,1,-0.024893289,-0.219696317,2.512596138
2024-12-17 00:00:00,0.026307,-0.032297223,1,1,-0.032297223,-0.244897959,2.399149038
2024-12-18 00:00:00,0.024039,-0.086212795,0,0.5,-0.086212795,-0.309997417,2.106098899
2024-12-19 00:00:00,0.021555,-0.103332085,0,0.5,-0.051666043,-0.381296823,1.945619061
2024-12-20 00:00:00,0.022457,0.041846439,0,0.5,0.02092322,-0.355406298,2.007250895
2024-12-21 00:00:00,0.021698,-0.033797925,0,0.5,-0.016898962,-0.377192227,1.956431475
2024-12-22 00:00:00,0.02151,-0.008664393,0,0.5,-0.004332197,-0.382588478,1.943623633
2024-12-23 00:00:00,0.022507,0.046350535,0,0.5,0.023175267,-0.353971124,2.011842898
2024-12-24 00:00:00,0.023482,0.043319856,0,0.5,0.021659928,-0.325985246,2.077079198
2024-12-25 00:00:00,0.02282,-0.028191806,0,0.5,-0.014095903,-0.34498694,2.033704987
2024-12-26 00:00:00,0.021573,-0.054645048,0,0.5,-0.027322524,-0.38078016,1.95081651
2024-12-27 00:00:00,0.021688,0.005330737,0,0.5,0.002665369,-0.377479262,1.958681524
2024-12-28 00:00:00,0.022164,0.021947621,0,0.5,0.01097381,-0.363816413,1.991149534
2024-12-29 00:00:00,0.021338,-0.037267641,0,0.5,-0.018633821,-0.387525474,1.93541299
2024-12-30 00:00:00,0.021394,0.002624426,0,0.5,0.001312213,-0.38591808,1.939264877