date,close_price_ADAUSDT,return_ADAUSDT,signal_ADAUSDT,position_ADAUSDT,signal_return_ADAUSDT,cum_return_ADAUSDT,cum_signal_return_ADAUSDT
2020-01-31 00:00:00,0.05387,,0,0.5,,,
2020-02-01 00:00:00,0.0562,0.043252274,0,0.5,0.021626137,0.043252274,0.021626137
2020-02-02 00:00:00,0.05583,-0.00658363,0,0.5,-0.003291815,0.036383887,0.018263133
2020-02-03 00:00:00,0.05718,0.024180548,0,0.5,0.012090274,0.061444218,0.030574213
2020-02-04 00:00:00,0.05601,-0.0204617,0,0.5,-0.01023085,0.039725265,0.020030563
2020-02-05 00:00:00,0.05949,0.062131762,0,0.5,0.031065881,0.104325227,0.051718711
2020-02-06 00:00:00,0.06014,0.010926206,0,0.5,0.005463103,0.116391312,0.057464359
2020-02-07 00:00:00,0.06014,0,0,0.5,0,0.116391312,0.057464359
2020-02-08 00:00:00,0.06018,0.000665115,0,0.5,0.000332557,0.117133841,0.057816026
2020-02-09 00:00:00,0.06194,0.029245597,0,0.5,0.014622798,0.149805086,0.073284257
2020-02-10 00:00:00,0.06029,-0.026638683,0,0.5,-0.013319341,0.119175794,0.058988817
2020-02-11 00:00:00,0.06357,0.054403715,0,0.5,0.027201858,0.180063115,0.087795281
2020-02-12 00:00:00,0.06825,0.073619632,0,0.5,0.036809816,0.266938927,0.127836825
2020-02-13 00:00:00,0.06882,0.008351648,0,0.5,0.004175824,0.277519955,0.132546473
2020-02-14 00:00:00,0.07082,0.029061319,0,0.5,0.01453066,0.314646371,0.14900312
2020-02-15 00:00:00,0.06433,-0.091640779,0,0.5,-0.04582039,0.194171153,0.09635535
2020-02-16 00:00:00,0.06159,-0.04259288,0,0.5,-0.02129644,0.143307964,0.073006883
2020-02-17 00:00:00,0.06024,-0.021919143,0,0.5,-0.010959571,0.118247633,0.061247188
2020-02-18 00:00:00,0.06283,0.042994688,0,0.5,0.021497344,0.166326341,0.084061184
2020-02-19 00:00:00,0.05737,-0.086901162,0,0.5,-0.043450581,0.064971227,0.036958095
2020-02-20 00:00:00,0.05818,0.014118877,0,0.5,0.007059439,0.080007425,0.044278438
2020-02-21 00:00:00,0.05847,0.004984531,0,0.5,0.002492265,0.085390756,0.046881057
2020-02-22 00:00:00,0.0583,-0.002907474,0,0.5,-0.001453737,0.08223501,0.045359167
2020-02-23 00:00:00,0.06151,0.055060034,0,0.5,0.027530017,0.141822907,0.074137923
2020-02-24 00:00:00,0.05907,-0.039668347,0,0.5,-0.019834173,0.09652868,0.052833285
2020-02-25 00:00:00,0.05606,-0.050956492,0,0.5,-0.025478246,0.040653425,0.026008939
2020-02-26 00:00:00,0.04914,-0.123439172,0,0.5,-0.061719586,-0.087803973,-0.037315908
2020-02-27 00:00:00,0.04989,0.015262515,0,0.5,0.007631258,-0.073881567,-0.029969417
2020-02-28 00:00:00,0.0489,-0.019843656,0,0.5,-0.009921828,-0.092259142,-0.039593894
2020-02-29 00:00:00,0.0471,-0.036809816,0,0.5,-0.018404908,-0.125672916,-0.05727008
2020-03-01 00:00:00,0.04563,-0.031210191,0,0.5,-0.015605096,-0.152960832,-0.07198147
2020-03-02 00:00:00,0.04933,0.081087004,0,0.5,0.040543502,-0.084276963,-0.034356349
2020-03-03 00:00:00,0.04869,-0.01297385,0,0.5,-0.006486925,-0.096157416,-0.040620407
2020-03-04 00:00:00,0.04903,0.006982953,0,0.5,0.003491477,-0.089845925,-0.037270756
2020-03-05 00:00:00,0.05102,0.040587395,0,0.5,0.020293698,-0.052905142,-0.017733419
2020-03-06 00:00:00,0.0518,0.015288122,0,0.5,0.007644061,-0.03842584,-0.010224913
2020-03-07 00:00:00,0.04882,-0.057528958,0,0.5,-0.028764479,-0.093744199,-0.038695278
2020-03-08 00:00:00,0.04296,-0.120032773,0,0.5,-0.060016387,-0.202524596,-0.096389314
2020-03-09 00:00:00,0.04157,-0.03235568,0,0.5,-0.01617784,-0.228327455,-0.111007783
2020-03-10 00:00:00,0.04147,-0.002405581,0,0.5,-0.00120279,-0.230183776,-0.112077054
2020-03-11 00:00:00,0.03967,-0.043404871,0,0.5,-0.021702435,-0.26359755,-0.131347145
2020-03-12 00:00:00,0.02329,-0.412906478,0,0.5,-0.206453239,-0.567662892,-0.31068334
2020-03-13 00:00:00,0.02844,0.221124946,0,0.5,0.110562473,-0.472062372,-0.234470786
2020-03-14 00:00:00,0.02574,-0.094936709,0,0.5,-0.047468354,-0.522183033,-0.270809198
2020-03-15 00:00:00,0.02689,0.044677545,0,0.5,0.022338772,-0.500835344,-0.25451997
2020-03-16 00:00:00,0.02412,-0.103012272,0,0.5,-0.051506136,-0.55225543,-0.292916766
2020-03-17 00:00:00,0.02569,0.065091211,0,0.5,0.032545605,-0.523111194,-0.269904314
2020-03-18 00:00:00,0.02605,0.014013235,0,0.5,0.007006617,-0.516428439,-0.264788813
2020-03-19 00:00:00,0.03031,0.16353167,0,0.5,0.081765835,-0.437349174,-0.204673657
2020-03-20 00:00:00,0.02946,-0.02804355,0,0.5,-0.014021775,-0.453127901,-0.215825544
2020-03-21 00:00:00,0.02946,0,0,0.5,0,-0.453127901,-0.215825544
2020-03-22 00:00:00,0.027,-0.083503055,0,0.5,-0.041751527,-0.498793391,-0.248566025
2020-03-23 00:00:00,0.02925,0.083333333,0,0.5,0.041666667,-0.457026174,-0.217256276
2020-03-24 00:00:00,0.0302,0.032478632,0,0.5,0.016239316,-0.439391127,-0.204545053
2020-03-25 00:00:00,0.02944,-0.025165563,0,0.5,-0.012582781,-0.453499165,-0.214554089
2020-03-26 00:00:00,0.03083,0.047214674,0,0.5,0.023607337,-0.427696306,-0.196011803
2020-03-27 00:00:00,0.02878,-0.066493675,0,0.5,-0.033246837,-0.465750882,-0.222741868
2020-03-28 00:00:00,0.02975,0.033703961,0,0.5,0.016851981,-0.44774457,-0.209643529
2020-03-29 00:00:00,0.02805,-0.057142857,0,0.5,-0.028571429,-0.479302023,-0.232225142
2020-03-30 00:00:00,0.02964,0.056684492,0,0.5,0.028342246,-0.449786523,-0.210464679
2020-03-31 00:00:00,0.0304,0.025641026,0,0.5,0.012820513,-0.435678485,-0.200342431
2020-04-01 00:00:00,0.03091,0.016776316,0,0.5,0.008388158,-0.426211249,-0.193634777
2020-04-02 00:00:00,0.03192,0.03267551,0,0.5,0.016337755,-0.40746241,-0.18046058
2020-04-03 00:00:00,0.03234,0.013157895,0,0.5,0.006578947,-0.399665862,-0.175068873
2020-04-04 00:00:00,0.03244,0.003092146,0,0.5,0.001546073,-0.397809541,-0.173793469
2020-04-05 00:00:00,0.03189,-0.016954377,0,0.5,-0.008477189,-0.408019306,-0.180797378
2020-04-06 00:00:00,0.03593,0.126685481,0,0.5,0.063342741,-0.333023947,-0.128906839
2020-04-07 00:00:00,0.03532,-0.016977456,0,0.5,-0.008488728,-0.344347503,-0.136301311
2020-04-08 00:00:00,0.03645,0.031993205,0,0.5,0.015996602,-0.323371079,-0.122485067
2020-04-09 00:00:00,0.03611,-0.009327846,0,0.5,-0.004663923,-0.329682569,-0.126577729
2020-04-10 00:00:00,0.03325,-0.079202437,0,0.5,-0.039601218,-0.382773343,-0.161166315
2020-04-11 00:00:00,0.03342,0.005112782,0,0.5,0.002556391,-0.379617598,-0.159021928
2020-04-12 00:00:00,0.03347,0.00149611,0,0.5,0.000748055,-0.378689438,-0.158392831
2020-04-13 00:00:00,0.03307,-0.011951001,0,0.5,-0.0059755,-0.386114721,-0.163421855
2020-04-14 00:00:00,0.03309,0.000604778,0,0.5,0.000302389,-0.385743456,-0.163168883
2020-04-15 00:00:00,0.03184,-0.037775763,0,0.5,-0.018887882,-0.408947466,-0.17897485
2020-04-16 00:00:00,0.03443,0.081344221,0,0.5,0.040672111,-0.360868758,-0.145582024
2020-04-17 00:00:00,0.0343,-0.003775777,0,0.5,-0.001887888,-0.363281975,-0.14719507
2020-04-18 00:00:00,0.03654,0.065306122,0,0.5,0.032653061,-0.32170039,-0.119348378
2020-04-19 00:00:00,0.03549,-0.028735632,0,0.5,-0.014367816,-0.341191758,-0.132001419
2020-04-20 00:00:00,0.03395,-0.043392505,0,0.5,-0.021696252,-0.369779098,-0.150833735
2020-04-21 00:00:00,0.03454,0.017378498,0,0.5,0.008689249,-0.358826805,-0.143455118
2020-04-22 00:00:00,0.03665,0.061088593,0,0.5,0.030544296,-0.319658437,-0.117292557
2020-04-23 00:00:00,0.04092,0.116507503,0,0.5,0.058253752,-0.24039354,-0.065871537
2020-04-24 00:00:00,0.04171,0.019305963,0,0.5,0.009652981,-0.225728606,-0.056854412
2020-04-25 00:00:00,0.04227,0.013426037,0,0.5,0.006713018,-0.21533321,-0.050523059
2020-04-26 00:00:00,0.04598,0.087769103,0,0.5,0.043884552,-0.146463709,-0.008855689
2020-04-27 00:00:00,0.04645,0.010221836,0,0.5,0.005110918,-0.137739001,-0.003790032
2020-04-28 00:00:00,0.04681,0.007750269,0,0.5,0.003875135,-0.131056247,7.0416E-05
2020-04-29 00:00:00,0.05152,0.100619526,0,0.5,0.050309763,-0.043623538,0.050383721
2020-04-30 00:00:00,0.04757,-0.076669255,0,0.5,-0.038334627,-0.116948209,0.010117653
2020-05-01 00:00:00,0.05103,0.072734917,0,0.5,0.036367458,-0.05271951,0.046853065
2020-05-02 00:00:00,0.05106,0.000587889,0,0.5,0.000293945,-0.052162614,0.047160782
2020-05-03 00:00:00,0.04893,-0.041715629,0,0.5,-0.020857814,-0.091702246,0.025319297
2020-05-04 00:00:00,0.04946,0.010831801,0,0.5,0.0054159,-0.081863746,0.030872324
2020-05-05 00:00:00,0.04947,0.000202184,0,0.5,0.000101092,-0.081678114,0.030976536
2020-05-06 00:00:00,0.04895,-0.010511421,0,0.5,-0.005255711,-0.091330982,0.025558022
2020-05-07 00:00:00,0.05127,0.047395301,0,0.5,0.023697651,-0.04826434,0.049861338
2020-05-08 00:00:00,0.05204,0.015018529,0,0.5,0.007509265,-0.03397067,0.057745025
2020-05-09 00:00:00,0.05152,-0.009992314,0,0.5,-0.004996157,-0.043623538,0.052460365
2020-05-10 00:00:00,0.04762,-0.075698758,0,0.5,-0.037849379,-0.116020048,0.012625393
2020-05-11 00:00:00,0.04781,0.00398992,0,0.5,0.00199496,-0.112493039,0.014645541
2020-05-12 00:00:00,0.05043,0.054800251,0,0.5,0.027400125,-0.063857435,0.042446956
2020-05-13 00:00:00,0.05145,0.020226056,0,0.5,0.010113028,-0.044922963,0.052989251
2020-05-14 00:00:00,0.05097,-0.009329446,0,0.5,-0.004664723,-0.053833302,0.048077348
2020-05-15 00:00:00,0.05033,-0.012556406,0,0.5,-0.006278203,-0.065713755,0.041497306
2020-05-16 00:00:00,0.05103,0.013908206,0,0.5,0.006954103,-0.05271951,0.048739985
2020-05-17 00:00:00,0.05128,0.004899079,0,0.5,0.002449539,-0.048078708,0.051308915
2020-05-18 00:00:00,0.05436,0.060062402,0,0.5,0.030031201,0.009095972,0.082880985
2020-05-19 00:00:00,0.0568,0.044885946,0,0.5,0.022442973,0.054390199,0.107184053
2020-05-20 00:00:00,0.05692,0.002112676,0,0.5,0.001056338,0.056617784,0.108353614
2020-05-21 00:00:00,0.05213,-0.084153197,0,0.5,-0.042076599,-0.032299981,0.061717863
2020-05-22 00:00:00,0.05576,0.069633608,0,0.5,0.034816804,0.035084463,0.098683486
2020-05-23 00:00:00,0.05494,-0.014705882,0,0.5,-0.007352941,0.019862632,0.090604931
2020-05-24 00:00:00,0.05106,-0.070622497,0,0.5,-0.035311249,-0.052162614,0.052094309
2020-05-25 00:00:00,0.0539,0.055620838,0,0.5,0.027810419,0.000556896,0.081353493
2020-05-26 00:00:00,0.05356,-0.006307978,0,0.5,-0.003153989,-0.005754594,0.077942916
2020-05-27 00:00:00,0.05507,0.028192681,0,0.5,0.014096341,0.022275849,0.093137967
2020-05-28 00:00:00,0.06489,0.178318504,0,0.5,0.089159252,0.204566549,0.19060133
2020-05-29 00:00:00,0.06463,-0.004006781,0,0.5,-0.00200339,0.199740115,0.188216091
2020-05-30 00:00:00,0.07678,0.187993192,1,1,0.093996596,0.425283089,0.299904359
2020-05-31 00:00:00,0.07385,-0.038160979,1,1,-0.038160979,0.37089289,0.250298735
2020-06-01 00:00:00,0.08112,0.098442789,1,1,0.098442789,0.50584741,0.37338163
2020-06-02 00:00:00,0.07876,-0.029092702,1,1,-0.029092702,0.46203824,0.333426248
2020-06-03 00:00:00,0.08561,0.086973083,1,1,0.086973083,0.589196213,0.449398439
2020-06-04 00:00:00,0.08878,0.037028385,1,1,0.037028385,0.648041582,0.503067322
2020-06-05 00:00:00,0.08516,-0.040774949,1,1,-0.040774949,0.58084277,0.441779828
2020-06-06 00:00:00,0.08611,0.011155472,1,1,0.011155472,0.598477817,0.457863562
2020-06-07 00:00:00,0.08658,0.005458135,1,1,0.005458135,0.607202525,0.465820778
2020-06-08 00:00:00,0.08652,-0.000693001,1,1,-0.000693001,0.606088732,0.464804964
2020-06-09 00:00:00,0.08293,-0.041493296,1,1,-0.041493296,0.539446816,0.404025377
2020-06-10 00:00:00,0.08364,0.008561437,1,1,0.008561437,0.552626694,0.416045853
2020-06-11 00:00:00,0.0753,-0.099713056,1,1,-0.099713056,0.397809541,0.274847593
2020-06-12 00:00:00,0.07949,0.05564409,1,1,0.05564409,0.475589382,0.345785328
2020-06-13 00:00:00,0.07906,-0.005409485,1,1,-0.005409485,0.467607203,0.338505322
2020-06-14 00:00:00,0.07646,-0.032886415,1,1,-0.032886415,0.419342862,0.29448668
2020-06-15 00:00:00,0.07823,0.023149359,1,1,0.023149359,0.45219974,0.324453217
2020-06-16 00:00:00,0.07919,0.012271507,1,1,0.012271507,0.47002042,0.340706254
2020-06-17 00:00:00,0.08341,0.053289557,1,1,0.053289557,0.548357156,0.412151896
2020-06-18 00:00:00,0.08173,-0.02014147,1,1,-0.02014147,0.517170967,0.383709081
2020-06-19 00:00:00,0.07989,-0.022513153,1,1,-0.022513153,0.483014665,0.352557427
2020-06-20 00:00:00,0.07942,-0.005883089,1,1,-0.005883089,0.474289957,0.344600211
2020-06-21 00:00:00,0.07829,-0.014228154,1,1,-0.014228154,0.453313533,0.325469032
2020-06-22 00:00:00,0.0835,0.066547452,1,1,0.066547452,0.550027845,0.413675618
2020-06-23 00:00:00,0.08274,-0.009101796,1,1,-0.009101796,0.535919807,0.40080863
2020-06-24 00:00:00,0.08252,-0.002658932,1,1,-0.002658932,0.531835901,0.397083976
2020-06-25 00:00:00,0.08156,-0.011633543,1,1,-0.011633543,0.514015222,0.380830939
2020-06-26 00:00:00,0.08055,-0.012383521,1,1,-0.012383521,0.495266382,0.36373139
2020-06-27 00:00:00,0.07728,-0.040595903,1,1,-0.040595903,0.434564693,0.308369482
2020-06-28 00:00:00,0.0802,0.037784679,1,1,0.037784679,0.488769259,0.357805803
2020-06-29 00:00:00,0.08377,0.044513716,1,1,0.044513716,0.555039911,0.418246785
2020-06-30 00:00:00,0.0829,-0.01038558,1,1,-0.01038558,0.53888992,0.40351747
2020-07-01 00:00:00,0.09661,0.165379976,1,1,0.165379976,0.793391498,0.635631155
2020-07-02 00:00:00,0.09287,-0.038712349,1,1,-0.038712349,0.723965101,0.572312032
2020-07-03 00:00:00,0.09634,0.037364057,1,1,0.037364057,0.788379432,0.631059988
2020-07-04 00:00:00,0.10005,0.038509446,1,1,0.038509446,0.857248933,0.693871205
2020-07-05 00:00:00,0.09806,-0.019890055,1,1,-0.019890055,0.820308149,0.660180013
2020-07-06 00:00:00,0.10505,0.071282888,1,1,0.071282888,0.950064971,0.778522439
2020-07-07 00:00:00,0.11741,0.117658258,1,1,0.117658258,1.179506219,0.987780291
2020-07-08 00:00:00,0.13008,0.107912444,1,1,0.107912444,1.414702061,1.20228652
2020-07-09 00:00:00,0.12415,-0.045587331,1,1,-0.045587331,1.304622239,1.101890155
2020-07-10 00:00:00,0.11842,-0.046153846,1,1,-0.046153846,1.198255058,1.00487984
2020-07-11 00:00:00,0.12528,0.057929404,1,1,0.057929404,1.325598663,1.121021334
2020-07-12 00:00:00,0.12694,0.013250319,1,1,0.013250319,1.356413588,1.149125544
2020-07-13 00:00:00,0.12407,-0.022609107,1,1,-0.022609107,1.303137182,1.100535736
2020-07-14 00:00:00,0.13268,0.069396309,1,1,0.069396309,1.462966401,1.246305162
2020-07-15 00:00:00,0.13077,-0.014395538,1,1,-0.014395538,1.427510674,1.21396839
2020-07-16 00:00:00,0.12586,-0.037546838,1,1,-0.037546838,1.336365324,1.130840878
2020-07-17 00:00:00,0.12213,-0.029636104,1,1,-0.029636104,1.267124559,1.067691057
2020-07-18 00:00:00,0.12255,0.003438958,1,1,0.003438958,1.274921106,1.07480176
2020-07-19 00:00:00,0.12393,0.01126071,1,1,0.01126071,1.300538333,1.098165501
2020-07-20 00:00:00,0.11766,-0.050593077,1,1,-0.050593077,1.184147021,0.992012853
2020-07-21 00:00:00,0.12321,0.047169811,1,1,0.047169811,1.287172823,1.085975723
2020-07-22 00:00:00,0.12393,0.005843682,1,1,0.005843682,1.300538333,1.098165501
2020-07-23 00:00:00,0.1243,0.002985556,1,1,0.002985556,1.30740672,1.104429692
2020-07-24 00:00:00,0.12204,-0.018181818,1,1,-0.018181818,1.26545387,1.066167334
2020-07-25 00:00:00,0.14361,0.176745329,1,1,0.176745329,1.665862261,1.43135276
2020-07-26 00:00:00,0.14849,0.033980921,1,1,0.033980921,1.756450715,1.513972365
2020-07-27 00:00:00,0.13873,-0.065728332,1,1,-0.065728332,1.575273807,1.348733155
2020-07-28 00:00:00,0.14918,0.075326173,1,1,0.075326173,1.769259328,1.525654236
2020-07-29 00:00:00,0.13985,-0.062541896,1,1,-0.062541896,1.5960646,1.367695032
2020-07-30 00:00:00,0.14076,0.006506972,1,1,0.006506972,1.612957119,1.383101557
2020-07-31 00:00:00,0.13905,-0.012148338,1,1,-0.012148338,1.581214034,1.354150834
2020-08-01 00:00:00,0.14428,0.03761237,1,1,0.03761237,1.67829961,1.442696026
2020-08-02 00:00:00,0.13393,-0.071735514,1,1,-0.071735514,1.48617041,1.26746797
2020-08-03 00:00:00,0.1376,0.027402374,1,1,0.027402374,1.554297383,1.329601976
2020-08-04 00:00:00,0.14348,0.042732558,1,1,0.042732558,1.663449044,1.429151828
2020-08-05 00:00:00,0.14245,-0.007178701,1,1,-0.007178701,1.64432894,1.411713674
2020-08-06 00:00:00,0.14461,0.015163215,1,1,0.015163215,1.684425469,1.448283007
2020-08-07 00:00:00,0.13911,-0.038033331,1,1,-0.038033331,1.582327826,1.355166649
2020-08-08 00:00:00,0.14741,0.059665013,1,1,0.059665013,1.73640245,1.495687699
2020-08-09 00:00:00,0.14532,-0.014178143,1,1,-0.014178143,1.697605346,1.460303483
2020-08-10 00:00:00,0.14406,-0.00867052,1,1,-0.00867052,1.674215704,1.438971372
2020-08-11 00:00:00,0.13699,-0.049076774,1,1,-0.049076774,1.542973826,1.319274526
2020-08-12 00:00:00,0.13677,-0.001605957,1,1,-0.001605957,1.53888992,1.315549871
2020-08-13 00:00:00,0.13955,0.020326095,1,1,0.020326095,1.590495638,1.362615958
2020-08-14 00:00:00,0.13847,-0.007739162,1,1,-0.007739162,1.570447373,1.344331291
2020-08-15 00:00:00,0.13862,0.001083267,1,1,0.001083267,1.573231854,1.346870828
2020-08-16 00:00:00,0.13893,0.00223633,1,1,0.00223633,1.578986449,1.352119205
2020-08-17 00:00:00,0.14069,0.01266825,1,1,0.01266825,1.611657694,1.381916439
2020-08-18 00:00:00,0.13706,-0.025801407,1,1,-0.025801407,1.54427325,1.320459643
2020-08-19 00:00:00,0.12986,-0.052531738,1,1,-0.052531738,1.410618155,1.198561865
2020-08-20 00:00:00,0.13435,0.034575697,1,1,0.034575697,1.493966957,1.274578674
2020-08-21 00:00:00,0.12316,-0.083289914,0,0.5,-0.083289914,1.286244663,1.085129211
2020-08-22 00:00:00,0.12525,0.016969795,1,1,0.008484898,1.325041767,1.102821319
2020-08-23 00:00:00,0.12154,-0.029620758,0,0.5,-0.029620758,1.256172267,1.040534156
2020-08-24 00:00:00,0.12375,0.018183314,0,0.5,0.009091657,1.297196956,1.059085993
2020-08-25 00:00:00,0.11248,-0.091070707,0,0.5,-0.045535354,1.087989605,0.965324785
2020-08-26 00:00:00,0.1144,0.017069701,0,0.5,0.008534851,1.123630963,0.982098538
2020-08-27 00:00:00,0.10734,-0.061713287,0,0.5,-0.030856643,0.992574717,0.92093763
2020-08-28 00:00:00,0.10938,0.019005031,0,0.5,0.009502515,1.030443661,0.93919137
2020-08-29 00:00:00,0.1163,0.063265679,0,0.5,0.03163284,1.158901058,1.000533499
2020-08-30 00:00:00,0.1175,0.010318143,0,0.5,0.005159071,1.181176907,1.010854395
2020-08-31 00:00:00,0.12264,0.043744681,0,0.5,0.02187234,1.276591795,1.054836486
2020-09-01 00:00:00,0.12465,0.016389432,0,0.5,0.008194716,1.313903843,1.071675288
2020-09-02 00:00:00,0.11504,-0.077095868,0,0.5,-0.038547934,1.135511416,0.991816486
2020-09-03 00:00:00,0.09436,-0.179763561,0,0.5,-0.08988178,0.751624281,0.812788474
2020-09-04 00:00:00,0.10154,0.076091564,0,0.5,0.038045782,0.884908112,0.881757429
2020-09-05 00:00:00,0.08996,-0.114043727,0,0.5,-0.057021863,0.669946167,0.774456114
2020-09-06 00:00:00,0.09266,0.030013339,0,0.5,0.01500667,0.720066828,0.801084791
2020-09-07 00:00:00,0.09362,0.010360458,0,0.5,0.005180229,0.737887507,0.810414822
2020-09-08 00:00:00,0.09105,-0.027451399,0,0.5,-0.0137257,0.690180063,0.785565612
2020-09-09 00:00:00,0.09331,0.024821527,0,0.5,0.012410763,0.732132913,0.807725844
2020-09-10 00:00:00,0.0971,0.040617297,0,0.5,0.020308649,0.80248747,0.844438313
2020-09-11 00:00:00,0.09702,-0.000823893,0,0.5,-0.000411946,0.801002413,0.843678504
2020-09-12 00:00:00,0.09766,0.006596578,0,0.5,0.003298289,0.812882866,0.849759488
2020-09-13 00:00:00,0.09507,-0.026520582,0,0.5,-0.013260291,0.764804158,0.825231139
2020-09-14 00:00:00,0.09664,0.016514147,0,0.5,0.008257074,0.793948394,0.840302207
2020-09-15 00:00:00,0.09312,-0.036423841,0,0.5,-0.018211921,0.728605903,0.80678677
2020-09-16 00:00:00,0.09148,-0.017611684,0,0.5,-0.008805842,0.698162242,0.790876491
2020-09-17 00:00:00,0.09411,0.028749453,0,0.5,0.014374727,0.746983479,0.816619851
2020-09-18 00:00:00,0.09099,-0.033152694,0,0.5,-0.016576347,0.689066271,0.786506931
2020-09-19 00:00:00,0.09143,0.004835696,0,0.5,0.002417848,0.697234082,0.790826433
2020-09-20 00:00:00,0.0894,-0.022202778,0,0.5,-0.011101389,0.65955077,0.770945772
2020-09-21 00:00:00,0.07984,-0.106935123,0,0.5,-0.053467562,0.482086505,0.67625762
2020-09-22 00:00:00,0.08148,0.020541082,0,0.5,0.010270541,0.512530165,0.693473693
2020-09-23 00:00:00,0.07668,-0.058910162,0,0.5,-0.029455081,0.423426768,0.643592288
2020-09-24 00:00:00,0.08261,0.077334377,0,0.5,0.038667188,0.53350659,0.707145381
2020-09-25 00:00:00,0.09686,0.172497276,0,0.5,0.086248638,0.7980323,0.854384345
2020-09-26 00:00:00,0.09548,-0.014247367,0,0.5,-0.007123684,0.772415073,0.841174297
2020-09-27 00:00:00,0.1013,0.060955174,0,0.5,0.030477587,0.880452942,0.897288847
2020-09-28 00:00:00,0.10023,-0.010562685,0,0.5,-0.005281343,0.86059031,0.887268615
2020-09-29 00:00:00,0.10109,0.008580265,0,0.5,0.004290133,0.876554669,0.895365248
2020-09-30 00:00:00,0.10138,0.002868731,0,0.5,0.001434365,0.881937999,0.898083894
2020-10-01 00:00:00,0.09803,-0.033043993,0,0.5,-0.016521996,0.819751253,0.866723759
2020-10-02 00:00:00,0.09288,-0.052534938,0,0.5,-0.026267469,0.724150733,0.81768965
2020-10-03 00:00:00,0.09327,0.004198966,0,0.5,0.002099483,0.731390384,0.821505859
2020-10-04 00:00:00,0.09688,0.038704835,0,0.5,0.019352418,0.798403564,0.856756401
2020-10-05 00:00:00,0.09735,0.004851363,1,1,0.002425681,0.807128272,0.8612603
2020-10-06 00:00:00,0.0929,-0.045711351,1,1,-0.045711351,0.724521997,0.776179578
2020-10-07 00:00:00,0.09371,0.008719053,1,1,0.008719053,0.739558196,0.791666181
2020-10-08 00:00:00,0.09627,0.027318322,1,1,0.027318322,0.787080007,0.840611496
2020-10-09 00:00:00,0.1013,0.052248883,1,1,0.052248883,0.880452942,0.936781391
2020-10-10 00:00:00,0.10495,0.036031589,1,1,0.036031589,0.94820865,1.006566703
2020-10-11 00:00:00,0.10643,0.014101953,1,1,0.014101953,0.975682198,1.034863213
2020-10-12 00:00:00,0.10948,0.028657333,1,1,0.028657333,1.032299981,1.093176966
2020-10-13 00:00:00,0.10931,-0.001552795,1,1,-0.001552795,1.029144236,1.089926691
2020-10-14 00:00:00,0.10714,-0.019851798,1,1,-0.019851798,0.988862075,1.04843789
2020-10-15 00:00:00,0.10673,-0.003826769,1,1,-0.003826769,0.98125116,1.040598992
2020-10-16 00:00:00,0.10422,-0.023517287,1,1,-0.023517287,0.934657509,0.99260964
2020-10-17 00:00:00,0.10593,0.016407599,1,1,0.016407599,0.966400594,1.025303581
2020-10-18 00:00:00,0.10742,0.014065893,1,1,0.014065893,0.994059774,1.053791283
2020-10-19 00:00:00,0.10868,0.011729659,1,1,0.011729659,1.017449415,1.077881555
2020-10-20 00:00:00,0.10238,-0.057968347,1,1,-0.057968347,0.900501207,0.957430195
2020-10-21 00:00:00,0.10597,0.035065442,1,1,0.035065442,0.967143122,1.026068351
2020-10-22 00:00:00,0.11089,0.046428234,1,1,0.046428234,1.058474104,1.120135128
2020-10-23 00:00:00,0.10814,-0.024799351,1,1,-0.024799351,1.007425283,1.067557153
2020-10-24 00:00:00,0.10813,-9.24727E-05,1,1,-9.24727E-05,1.007239651,1.06736596
2020-10-25 00:00:00,0.1065,-0.015074447,1,1,-0.015074447,0.976981622,1.036201561
2020-10-26 00:00:00,0.10303,-0.03258216,1,1,-0.03258216,0.912567292,0.969857717
2020-10-27 00:00:00,0.10256,-0.004561778,1,1,-0.004561778,0.903842584,0.960871663
2020-10-28 00:00:00,0.09872,-0.037441498,0,0.5,-0.037441498,0.832559866,0.887453691
2020-10-29 00:00:00,0.09536,-0.034035656,-1,0,-0.017017828,0.770187488,0.855333328
2020-10-30 00:00:00,0.09333,-0.021287752,0,0.5,0,0.732504177,0.855333328
2020-10-31 00:00:00,0.09291,-0.004500161,-1,0,-0.00225008,0.724707629,0.851158679
2020-11-01 00:00:00,0.09822,0.057152083,0,0.5,0,0.823278262,0.851158679
2020-11-02 00:00:00,0.09225,-0.060781918,-1,0,-0.030390959,0.712455912,0.794900192
2020-11-03 00:00:00,0.09354,0.01398374,-1,0,0,0.73640245,0.794900192
2020-11-04 00:00:00,0.09549,0.020846697,-1,0,0,0.772600705,0.794900192
2020-11-05 00:00:00,0.09758,0.021887109,0,0.5,0,0.81139781,0.794900192
2020-11-06 00:00:00,0.10917,0.118774339,0,0.5,0.05938717,1.026545387,0.901494234
2020-11-07 00:00:00,0.1014,-0.071173399,0,0.5,-0.0355867,0.882309263,0.833826329
2020-11-08 00:00:00,0.10667,0.051972387,0,0.5,0.025986193,0.980137368,0.881480495
2020-11-09 00:00:00,0.10567,-0.009374707,0,0.5,-0.004687354,0.96157416,0.872661331
2020-11-10 00:00:00,0.10594,0.002555124,-1,0,0.001277562,0.966586226,0.875053772
2020-11-11 00:00:00,0.10603,0.000849537,-1,0,0,0.968256915,0.875053772
2020-11-12 00:00:00,0.10461,-0.013392436,-1,0,0,0.94189716,0.875053772
2020-11-13 00:00:00,0.10647,0.017780327,-1,0,0,0.976424726,0.875053772
2020-11-14 00:00:00,0.10416,-0.021696252,-1,0,0,0.933543716,0.875053772
2020-11-15 00:00:00,0.10053,-0.03485023,-1,0,0,0.866159272,0.875053772
2020-11-16 00:00:00,0.1039,0.033522332,-1,0,0,0.928717282,0.875053772
2020-11-17 00:00:00,0.10966,0.055437921,0,0.5,0,1.035641359,0.875053772
2020-11-18 00:00:00,0.10679,-0.026171804,-1,0,-0.013085902,0.982364953,0.850517002
2020-11-19 00:00:00,0.10597,-0.007678622,0,0.5,0,0.967143122,0.850517002
2020-11-20 00:00:00,0.11852,0.118429744,0,0.5,0.059214872,1.200111379,0.96009513
2020-11-21 00:00:00,0.13354,0.126729666,1,1,0.063364833,1.478930759,1.084296231
2020-11-22 00:00:00,0.14626,0.095252359,1,1,0.095252359,1.715054761,1.282830363
2020-11-23 00:00:00,0.15494,0.059346369,1,1,0.059346369,1.876183404,1.418308057
2020-11-24 00:00:00,0.16758,0.081579966,1,1,0.081579966,2.11082235,1.615593547
2020-11-25 00:00:00,0.1551,-0.074471894,1,1,-0.074471894,1.879153518,1.420805342
2020-11-26 00:00:00,0.13872,-0.105609284,0,0.5,-0.105609284,1.575088175,1.165145822
2020-11-27 00:00:00,0.14174,0.021770473,1,1,0.010885236,1.631149063,1.188713946
2020-11-28 00:00:00,0.16503,0.164314943,1,1,0.164314943,2.06348617,1.548352354
2020-11-29 00:00:00,0.1669,0.011331273,1,1,0.011331273,2.098199369,1.57722843
2020-11-30 00:00:00,0.17231,0.03241462,1,1,0.03241462,2.198626323,1.660768309
2020-12-01 00:00:00,0.15567,-0.096570135,1,1,-0.096570135,1.889734546,1.403817554
2020-12-02 00:00:00,0.15857,0.018629151,1,1,0.018629151,1.943567849,1.448598635
2020-12-03 00:00:00,0.16424,0.035757079,1,1,0.035757079,2.048821236,1.536153369
2020-12-04 00:00:00,0.14793,-0.099305894,1,1,-0.099305894,1.746055318,1.284298392
2020-12-05 00:00:00,0.16008,0.082133441,1,1,0.082133441,1.971598292,1.47191568
2020-12-06 00:00:00,0.15888,-0.007496252,1,1,-0.007496252,1.949322443,1.453385578
2020-12-07 00:00:00,0.15411,-0.030022659,1,1,-0.030022659,1.860775942,1.37972842
2020-12-08 00:00:00,0.14115,-0.084095776,0,0.5,-0.084095776,1.62019677,1.179603313
2020-12-09 00:00:00,0.14808,0.049096706,1,1,0.024548353,1.7488398,1.233108984
2020-12-10 00:00:00,0.14188,-0.04186926,1,1,-0.04186926,1.633747912,1.139610363
2020-12-11 00:00:00,0.13933,-0.017972935,0,0.5,-0.017972935,1.586411732,1.101155286
2020-12-12 00:00:00,0.14443,0.036603747,1,1,0.018301873,1.681084091,1.139610363
2020-12-13 00:00:00,0.15423,0.067852939,1,1,0.067852939,1.863003527,1.284789215
2020-12-14 00:00:00,0.15887,0.030084938,1,1,0.030084938,1.949136811,1.353526957
2020-12-15 00:00:00,0.15395,-0.030968717,1,1,-0.030968717,1.857805829,1.280641248
2020-12-16 00:00:00,0.1685,0.094511205,1,1,0.094511205,2.127900501,1.4961874
2020-12-17 00:00:00,0.16361,-0.029020772,1,1,-0.029020772,2.037126415,1.423746116
2020-12-18 00:00:00,0.16521,0.009779353,1,1,0.009779353,2.066827548,1.447448786
2020-12-19 00:00:00,0.16454,-0.004055445,1,1,-0.004055445,2.054390199,1.437523293
2020-12-20 00:00:00,0.16206,-0.015072323,1,1,-0.015072323,2.008353443,1.400784155
2020-12-21 00:00:00,0.15285,-0.056830803,1,1,-0.056830803,1.8373863,1.264345663
2020-12-22 00:00:00,0.15659,0.024468433,1,1,0.024468433,1.906812697,1.319750653
2020-12-23 00:00:00,0.13634,-0.129318603,0,0.5,-0.129318603,1.530907741,1.01976374
2020-12-24 00:00:00,0.15309,0.122854628,0,0.5,0.061427314,1.84184147,1.143832402
2020-12-25 00:00:00,0.15773,0.030308969,1,1,0.015154484,1.927974754,1.176321076
2020-12-26 00:00:00,0.15856,0.005262157,1,1,0.005262157,1.943382216,1.187773219
2020-12-27 00:00:00,0.15481,-0.023650353,1,1,-0.023650353,1.873770187,1.13603161
2020-12-28 00:00:00,0.17663,0.140946967,1,1,0.140946967,2.27881938,1.437098787
2020-12-29 00:00:00,0.191,0.081356508,1,1,0.081356508,2.545572675,1.635372634
2020-12-30 00:00:00,0.18411,-0.036073298,1,1,-0.036073298,2.417672174,1.54030605
2020-12-31 00:00:00,0.18153,-0.014013362,1,1,-0.014013362,2.369779098,1.504707823
2021-01-01 00:00:00,0.17517,-0.035035531,1,1,-0.035035531,2.251717097,1.416954054
2021-01-02 00:00:00,0.17759,0.013815151,1,1,0.013815151,2.296640059,1.450344639
2021-01-03 00:00:00,0.2067,0.163916887,1,1,0.163916887,2.837015036,1.851997505
2021-01-04 00:00:00,0.22524,0.08969521,1,1,0.08969521,3.181176907,2.107808021
2021-01-05 00:00:00,0.2585,0.147664713,1,1,0.147664713,3.798589196,2.566721601
2021-01-06 00:00:00,0.3331,0.288588008,1,1,0.288588008,5.183404492,3.596034682
2021-01-07 00:00:00,0.29961,-0.100540378,1,1,-0.100540378,4.561722666,3.133947617
2021-01-08 00:00:00,0.30429,0.015620306,1,1,0.015620306,4.648598478,3.198521145
2021-01-09 00:00:00,0.3312,0.088435374,1,1,0.088435374,5.148134398,3.569818933
2021-01-10 00:00:00,0.30187,-0.088556763,1,1,-0.088556763,4.603675515,3.16513056
2021-01-11 00:00:00,0.27584,-0.086229171,1,1,-0.086229171,4.120475218,2.805974803
2021-01-12 00:00:00,0.28929,0.048760151,1,1,0.048760151,4.370150362,2.991554708
2021-01-13 00:00:00,0.31246,0.080092641,1,1,0.080092641,4.800259885,3.311248865
2021-01-14 00:00:00,0.3124,-0.000192025,1,1,-0.000192025,4.799146092,3.310420999
2021-01-15 00:00:00,0.30207,-0.033066581,1,1,-0.033066581,4.607388157,3.167890112
2021-01-16 00:00:00,0.35125,0.162809945,1,1,0.162809945,5.520326712,3.846464071
2021-01-17 00:00:00,0.38074,0.083957295,1,1,0.083957295,6.067755708,4.253360087
2021-01-18 00:00:00,0.37169,-0.023769501,1,1,-0.023769501,5.899758678,4.128490336
2021-01-19 00:00:00,0.36782,-0.010411902,1,1,-0.010411902,5.827919064,4.075092995
2021-01-20 00:00:00,0.37571,0.02145071,1,1,0.02145071,5.974382773,4.183957341
2021-01-21 00:00:00,0.3081,-0.179952623,1,1,-0.179952623,4.719324299,3.25109062
2021-01-22 00:00:00,0.34874,0.131905226,1,1,0.131905226,5.473733061,3.811831687
2021-01-23 00:00:00,0.34612,-0.00751276,1,1,-0.00751276,5.425097457,3.77568155
2021-01-24 00:00:00,0.35398,0.022708887,1,1,0.022708887,5.57100427,3.884131963
2021-01-25 00:00:00,0.34325,-0.030312447,1,1,-0.030312447,5.371821051,3.736081971
2021-01-26 00:00:00,0.34387,0.001806264,1,1,0.001806264,5.383330239,3.744636584
2021-01-27 00:00:00,0.31143,-0.094337977,1,1,-0.094337977,4.781139781,3.297037169
2021-01-28 00:00:00,0.3443,0.105545387,1,1,0.105545387,5.391312419,3.750569622
2021-01-29 00:00:00,0.34787,0.010368864,1,1,0.010368864,5.45758307,3.799827634
2021-01-30 00:00:00,0.36452,0.047862707,1,1,0.047862707,5.766660479,4.029560379
2021-01-31 00:00:00,0.34505,-0.053412707,1,1,-0.053412707,5.405234825,3.760917944
2021-02-01 00:00:00,0.40983,0.187740907,1,1,0.187740907,6.607759421,4.654736997
2021-02-02 00:00:00,0.42559,0.038454969,1,1,0.038454969,6.900315575,4.872189734
2021-02-03 00:00:00,0.44273,0.040273503,1,1,0.040273503,7.218488955,5.108683383
2021-02-04 00:00:00,0.44037,-0.005330563,1,1,-0.005330563,7.174679785,5.076120663
2021-02-05 00:00:00,0.53929,0.224629289,1,1,0.224629289,9.010952293,6.440995328
2021-02-06 00:00:00,0.63596,0.179254205,1,1,0.179254205,10.80545758,7.774825027
2021-02-07 00:00:00,0.66126,0.039782376,1,1,0.039782376,11.27510674,8.123908418
2021-02-08 00:00:00,0.67672,0.023379609,1,1,0.023379609,11.56209393,8.337221826
2021-02-09 00:00:00,0.70682,0.044479253,1,1,0.044479253,12.12084648,8.752534476
2021-02-10 00:00:00,0.943,0.334144478,1,1,0.334144478,16.50510488,12.01129002
2021-02-11 00:00:00,0.93026,-0.013510074,1,1,-0.013510074,16.26860962,11.83550652
2021-02-12 00:00:00,0.92426,-0.00644981,1,1,-0.00644981,16.15723037,11.75271995
2021-02-13 00:00:00,0.91496,-0.010062104,1,1,-0.010062104,15.98459254,11.62440076
2021-02-14 00:00:00,0.84508,-0.076374923,1,1,-0.076374923,14.68739558,10.66021312
2021-02-15 00:00:00,0.86003,0.017690633,1,1,0.017690633,14.96491554,10.86648967
2021-02-16 00:00:00,0.87,0.011592619,1,1,0.011592619,15.14999072,11.00405336
2021-02-17 00:00:00,0.89407,0.027666667,1,1,0.027666667,15.59680713,11.3361655
2021-02-18 00:00:00,0.9158,0.024304585,1,1,0.024304585,16.00018563,11.63599088
2021-02-19 00:00:00,0.92743,0.012699279,1,1,0.012699279,16.21607574,11.79645886
2021-02-20 00:00:00,1.11542,0.202699934,1,1,0.202699934,19.70577316,14.39030023
2021-02-21 00:00:00,1.10047,-0.013403023,1,1,-0.013403023,19.4282532,14.18402368
2021-02-22 00:00:00,1.09729,-0.002889674,1,1,-0.002889674,19.3692222,14.14014679
2021-02-23 00:00:00,0.96177,-0.12350427,1,1,-0.12350427,16.85353629,12.27027402
2021-02-24 00:00:00,1.04891,0.090603783,1,1,0.090603783,18.47113421,13.47261104
2021-02-25 00:00:00,1.07694,0.026722979,1,1,0.026722979,18.99146092,13.85936233
2021-02-26 00:00:00,1.24484,0.155904693,1,1,0.155904693,22.1082235,16.17600665
2021-02-27 00:00:00,1.31376,0.055364545,1,1,0.055364545,23.38759978,17.12694844
2021-02-28 00:00:00,1.3132,-0.000426257,1,1,-0.000426257,23.37720438,17.11922169
2021-03-01 00:00:00,1.298,-0.011574779,1,1,-0.011574779,23.09504362,16.9094957
2021-03-02 00:00:00,1.22294,-0.057827427,1,1,-0.057827427,21.70168925,15.87383565
2021-03-03 00:00:00,1.21399,-0.007318429,1,1,-0.007318429,21.53554854,15.75034567
2021-03-04 00:00:00,1.11288,-0.083287342,1,1,-0.083287342,19.65862261,14.35525391
2021-03-05 00:00:00,1.15845,0.040947811,1,1,0.040947811,20.50454799,14.98401795
2021-03-06 00:00:00,1.12936,-0.02511114,1,1,-0.02511114,19.96454427,14.58264103
2021-03-07 00:00:00,1.13081,0.001283913,1,1,0.001283913,19.99146092,14.60264779
2021-03-08 00:00:00,1.1204,-0.009205791,1,1,-0.009205791,19.79821793,14.45901308
2021-03-09 00:00:00,1.19879,0.069966084,1,1,0.069966084,21.25338779,15.54061968
2021-03-10 00:00:00,1.13289,-0.054972097,1,1,-0.054972097,20.0300724,14.63134714
2021-03-11 00:00:00,1.12587,-0.006196542,1,1,-0.006196542,19.89975868,14.53448684
2021-03-12 00:00:00,1.03356,-0.081989928,1,1,-0.081989928,18.18618897,13.26081539
2021-03-13 00:00:00,1.10128,0.065521111,1,1,0.065521111,19.4432894,14.19519986
2021-03-14 00:00:00,1.05358,-0.043313236,1,1,-0.043313236,18.55782439,13.53704659
2021-03-15 00:00:00,1.03161,-0.020852712,1,1,-0.020852712,18.14999072,13.23390975
2021-03-16 00:00:00,1.25166,0.213307355,1,1,0.213307355,22.23482458,16.27010739
2021-03-17 00:00:00,1.3803,0.102775514,1,1,0.102775514,24.62279562,18.04505155
2021-03-18 00:00:00,1.23068,-0.108396725,1,1,-0.108396725,21.84536848,15.98063033
2021-03-19 00:00:00,1.29577,0.052889459,1,1,0.052889459,23.05364767,16.87872669
2021-03-20 00:00:00,1.20201,-0.07235852,1,1,-0.07235852,21.31316131,15.58504848
2021-03-21 00:00:00,1.18788,-0.01175531,1,1,-0.01175531,21.05086319,15.39008609
2021-03-22 00:00:00,1.10267,-0.071732835,0,0.5,-0.071732835,19.46909226,14.21437875
2021-03-23 00:00:00,1.11709,0.013077349,1,1,0.006538674,19.73677371,14.31386062
2021-03-24 00:00:00,1.06886,-0.043174677,0,0.5,-0.043174677,18.84147021,13.65268963
2021-03-25 00:00:00,1.09694,0.02627098,1,1,0.01313549,19.36272508,13.84515989
2021-03-26 00:00:00,1.21608,0.108611228,1,1,0.108611228,21.57434565,15.45751093
2021-03-27 00:00:00,1.17727,-0.031914019,1,1,-0.031914019,20.85390756,14.93228562
2021-03-28 00:00:00,1.19102,0.011679564,0,0.5,0.011679564,21.10915166,15.11836777
2021-03-29 00:00:00,1.20366,0.010612752,0,0.5,0.005306376,21.34379061,15.20389789
2021-03-30 00:00:00,1.21415,0.008715086,0,0.5,0.004357543,21.53851866,15.27450707
2021-03-31 00:00:00,1.19364,-0.016892476,0,0.5,-0.008446238,21.15778727,15.1370487
2021-04-01 00:00:00,1.18623,-0.006207902,0,0.5,-0.003103951,21.0202339,15.0869601
2021-04-02 00:00:00,1.19283,0.005563845,0,0.5,0.002781923,21.14275107,15.13171277
2021-04-03 00:00:00,1.16378,-0.024353848,1,1,-0.012176924,20.60348988,14.93527814
2021-04-04 00:00:00,1.18403,0.017400196,1,1,0.017400196,20.97939484,15.2125551
2021-04-05 00:00:00,1.214,0.025311859,1,1,0.025311859,21.53573417,15.622925
2021-04-06 00:00:00,1.25529,0.034011532,1,1,0.034011532,22.30220902,16.18829615
2021-04-07 00:00:00,1.17391,-0.064829641,1,1,-0.064829641,20.79153518,15.07398508
2021-04-08 00:00:00,1.2203,0.03951751,1,1,0.03951751,21.65268238,15.70918895
2021-04-09 00:00:00,1.20364,-0.013652381,1,1,-0.013652381,21.34341934,15.48106874
2021-04-10 00:00:00,1.21892,0.012694826,1,1,0.012694826,21.62706516,15.69029303
2021-04-11 00:00:00,1.26757,0.039912381,1,1,0.039912381,22.53016521,16.35644238
2021-04-12 00:00:00,1.31676,0.038806535,1,1,0.038806535,23.4432894,17.02998577
2021-04-13 00:00:00,1.41587,0.075268082,1,1,0.075268082,25.28308892,18.38706822
2021-04-14 00:00:00,1.45412,0.027015192,1,1,0.027015192,25.99313161,18.91081359
2021-04-15 00:00:00,1.48103,0.018506038,1,1,0.018506038,26.49266753,19.27928387
2021-04-16 00:00:00,1.41272,-0.046123306,1,1,-0.046123306,25.22461481,18.34393625
2021-04-17 00:00:00,1.3704,-0.029956396,1,1,-0.029956396,24.43901986,17.76446163
2021-04-18 00:00:00,1.27744,-0.067834209,0,0.5,-0.067834209,22.71338407,16.49158922
2021-04-19 00:00:00,1.1949,-0.064613602,0,0.5,-0.032306801,21.18117691,15.92649193
2021-04-20 00:00:00,1.26764,0.060875387,1,1,0.030437694,22.53146464,16.4416953
2021-04-21 00:00:00,1.20426,-0.049998422,1,1,-0.049998422,21.35492853,15.56963805
2021-04-22 00:00:00,1.14487,-0.049316593,1,1,-0.049316593,20.25245963,14.75247996
2021-04-23 00:00:00,1.15866,0.012045036,1,1,0.012045036,20.50844626,14.94221915
2021-04-24 00:00:00,1.10326,-0.047813854,1,1,-0.047813854,19.48004455,14.17996021
2021-04-25 00:00:00,1.09093,-0.011175969,0,0.5,-0.011175969,19.2511602,14.01030944
2021-04-26 00:00:00,1.23816,0.134958247,1,1,0.067479123,21.98422127,15.02319196
2021-04-27 00:00:00,1.30745,0.055962073,1,1,0.055962073,23.27046594,15.91988299
2021-04-28 00:00:00,1.33871,0.023909136,1,1,0.023909136,23.85075181,16.32442278
2021-04-29 00:00:00,1.30785,-0.023052043,1,1,-0.023052043,23.27789122,15.92505945
2021-04-30 00:00:00,1.35455,0.035707459,1,1,0.035707459,24.14479302,16.52941031
2021-05-01 00:00:00,1.35357,-0.000723488,1,1,-0.000723488,24.12660108,16.516728
2021-05-02 00:00:00,1.32811,-0.018809519,1,1,-0.018809519,23.65398181,16.18724678
2021-05-03 00:00:00,1.36372,0.026812538,1,1,0.026812538,24.31501764,16.64808049
2021-05-04 00:00:00,1.27048,-0.068371807,1,1,-0.068371807,22.58418415,15.44144934
2021-05-05 00:00:00,1.48206,0.166535483,1,1,0.166535483,26.51178764,18.17953405
2021-05-06 00:00:00,1.6518,0.114529776,1,1,0.114529776,29.66270652,20.37616179
2021-05-07 00:00:00,1.65339,0.000962586,1,1,0.000962586,29.69222202,20.39673819
2021-05-08 00:00:00,1.62207,-0.018942899,1,1,-0.018942899,29.11082235,19.99142193
2021-05-09 00:00:00,1.76859,0.090329024,1,1,0.090329024,31.83070355,21.88755659
2021-05-10 00:00:00,1.6419,-0.071633335,1,1,-0.071633335,29.47893076,20.24804458
2021-05-11 00:00:00,1.7631,0.073816919,1,1,0.073816919,31.72879154,21.81650977
2021-05-12 00:00:00,1.5664,-0.111564857,1,1,-0.111564857,28.07740858,19.27098912
2021-05-13 00:00:00,1.9292,0.231613892,1,1,0.231613892,34.81214034,23.96603179
2021-05-14 00:00:00,2.0101,0.041934481,1,1,0.041934481,36.31390384,25.01296937
2021-05-15 00:00:00,2.1756,0.082334212,1,1,0.082334212,39.38611472,27.15472671
2021-05-16 00:00:00,2.301,0.057639272,1,1,0.057639272,41.71394097,28.77754466
2021-05-17 00:00:00,2.0316,-0.117079531,1,1,-0.117079531,36.71301281,25.29120371
2021-05-18 00:00:00,2.0046,-0.013290018,1,1,-0.013290018,36.2118062,24.94179314
2021-05-19 00:00:00,1.4655,-0.268931458,1,1,-0.268931458,26.20438092,17.9652289
2021-05-20 00:00:00,1.7998,0.228113272,1,1,0.228113272,32.41006126,22.29144932
2021-05-21 00:00:00,1.5474,-0.140237804,1,1,-0.140237804,27.72470763,19.02510761
2021-05-22 00:00:00,1.4625,-0.054866227,1,1,-0.054866227,26.14869129,17.9264055
2021-05-23 00:00:00,1.3145,-0.101196581,1,1,-0.101196581,23.40133655,16.01111797
2021-05-24 00:00:00,1.5483,0.177862305,1,1,0.177862305,27.74141452,19.03675463
2021-05-25 00:00:00,1.5528,0.002906413,1,1,0.002906413,27.82494895,19.09498972
2021-05-26 00:00:00,1.778,0.145028336,1,1,0.145028336,32.00538333,22.00933264
2021-05-27 00:00:00,1.6549,-0.069235096,1,1,-0.069235096,29.72025246,20.4162793
2021-05-28 00:00:00,1.5144,-0.08489939,1,1,-0.08489939,27.11212177,18.59805025
2021-05-29 00:00:00,1.401,-0.074881141,1,1,-0.074881141,25.00705402,17.13052589
2021-05-30 00:00:00,1.5754,0.124482512,1,1,0.124482512,28.24447745,19.3874593
2021-05-31 00:00:00,1.7369,0.102513647,1,1,0.102513647,31.24243549,21.47745212
2021-06-01 00:00:00,1.7366,-0.000172722,1,1,-0.000172722,31.23686653,21.47356978
2021-06-02 00:00:00,1.7532,0.009558908,1,1,0.009558908,31.54501578,21.68839257
2021-06-03 00:00:00,1.8456,0.052703628,1,1,0.052703628,33.26025617,22.88415316
2021-06-04 00:00:00,1.7085,-0.074284785,1,1,-0.074284785,30.71524039,21.10992397
2021-06-05 00:00:00,1.6556,-0.030962833,1,1,-0.030962833,29.73324671,20.42533809
2021-06-06 00:00:00,1.6765,0.012623822,1,1,0.012623822,30.12121775,20.69580775
2021-06-07 00:00:00,1.5658,-0.066030421,0,0.5,-0.066030421,28.06627065,19.26322444
2021-06-08 00:00:00,1.5811,0.009771363,0,0.5,0.004885681,28.35028773,19.3622241
2021-06-09 00:00:00,1.628,0.029662893,0,0.5,0.014831446,29.22090217,19.66422533
2021-06-10 00:00:00,1.5331,-0.058292383,0,0.5,-0.029146192,27.45925376,19.06194186
2021-06-11 00:00:00,1.4363,-0.063140043,0,0.5,-0.031570022,25.66233525,18.42858592
2021-06-12 00:00:00,1.4783,0.029241802,0,0.5,0.014620901,26.44198998,18.71264935
2021-06-13 00:00:00,1.5561,0.052628019,0,0.5,0.026314009,27.88620754,19.23136819
2021-06-14 00:00:00,1.5758,0.012659855,0,0.5,0.006329927,28.25190273,19.35943129
2021-06-15 00:00:00,1.5548,-0.013326564,0,0.5,-0.006663282,27.86207537,19.22377065
2021-06-16 00:00:00,1.4845,-0.045214819,0,0.5,-0.022607409,26.55708186,18.76656359
2021-06-17 00:00:00,1.481,-0.002357696,0,0.5,-0.001178848,26.49211064,18.74326181
2021-06-18 00:00:00,1.4154,-0.044294396,0,0.5,-0.022147198,25.27436421,18.30600389
2021-06-19 00:00:00,1.3829,-0.022961707,0,0.5,-0.011480853,24.67105996,18.08435449
2021-06-20 00:00:00,1.4264,0.031455637,0,0.5,0.015727818,25.4785595,18.38450975
2021-06-21 00:00:00,1.1731,-0.177579921,0,0.5,-0.088789961,20.77649898,16.66335989
2021-06-22 00:00:00,1.1562,-0.014406274,0,0.5,-0.007203137,20.46278077,16.53612829
2021-06-23 00:00:00,1.25,0.081127833,0,0.5,0.040563916,22.20400965,17.24746233
2021-06-24 00:00:00,1.3598,0.08784,0,0.5,0.04392,24.24224986,18.04889087
2021-06-25 00:00:00,1.251,-0.080011766,0,0.5,-0.040005883,22.22257286,17.28682317
2021-06-26 00:00:00,1.2504,-0.000479616,0,0.5,-0.000239808,22.21143494,17.28243784
2021-06-27 00:00:00,1.3371,0.069337812,0,0.5,0.034668906,23.82086505,17.91626996
2021-06-28 00:00:00,1.3256,-0.008600703,0,0.5,-0.004300352,23.60738816,17.83492335
2021-06-29 00:00:00,1.3729,0.035681955,0,0.5,0.017840978,24.48542788,18.17095679
2021-06-30 00:00:00,1.3851,0.008886299,0,0.5,0.00444315,24.71189902,18.25613622
2021-07-01 00:00:00,1.3307,-0.039275143,0,0.5,-0.019637571,23.70206052,17.87799247
2021-07-02 00:00:00,1.3941,0.047644097,0,0.5,0.023822049,24.87896789,18.32770493
2021-07-03 00:00:00,1.4037,0.006886163,0,0.5,0.003443082,25.05717468,18.39425179
2021-07-04 00:00:00,1.4609,0.040749448,0,0.5,0.020374724,26.11899016,18.78940432
2021-07-05 00:00:00,1.4024,-0.040043809,0,0.5,-0.020021904,25.03304251,18.39318276
2021-07-06 00:00:00,1.4145,0.008628066,0,0.5,0.004314033,25.25765732,18.47684559
2021-07-07 00:00:00,1.403,-0.008130081,0,0.5,-0.004065041,25.04418043,18.39767142
2021-07-08 00:00:00,1.3266,-0.05445474,0,0.5,-0.02722737,23.62595136,17.86952385
2021-07-09 00:00:00,1.3501,0.017714458,0,0.5,0.008857229,24.06218675,18.03665554
2021-07-10 00:00:00,1.3356,-0.010739945,0,0.5,-0.005369973,23.79302023,17.93442922
2021-07-11 00:00:00,1.3475,0.008909853,0,0.5,0.004454927,24.01392241,18.01878071
2021-07-12 00:00:00,1.3116,-0.026641929,0,0.5,-0.013320965,23.34750325,17.76543221
2021-07-13 00:00:00,1.2644,-0.035986581,0,0.5,-0.017993291,22.47131984,17.42778033
2021-07-14 00:00:00,1.263,-0.001107245,0,0.5,-0.000553622,22.44533135,17.4175783
2021-07-15 00:00:00,1.2253,-0.029849565,-1,0,-0.014924782,21.74549842,17.14269996
2021-07-16 00:00:00,1.1703,-0.044886966,-1,0,0,20.724522,17.14269996
2021-07-17 00:00:00,1.1713,0.000854482,-1,0,0,20.74308521,17.14269996
2021-07-18 00:00:00,1.1808,0.008110646,-1,0,0,20.91943568,17.14269996
2021-07-19 00:00:00,1.1214,-0.050304878,-1,0,0,19.81678114,17.14269996
2021-07-20 00:00:00,1.0534,-0.060638488,-1,0,0,18.55448301,17.14269996
2021-07-21 00:00:00,1.1705,0.11116385,0,0.5,0,20.72823464,17.14269996
2021-07-22 00:00:00,1.1851,0.012473302,1,1,0.006236651,20.99925747,17.25584964
2021-07-23 00:00:00,1.2077,0.019070121,0,0.5,0.019070121,21.41878597,17.6039909
2021-07-24 00:00:00,1.2324,0.020452099,0,0.5,0.01022605,21.8772972,17.79423623
2021-07-25 00:00:00,1.2274,-0.004057124,0,0.5,-0.002028562,21.78448116,17.75611095
2021-07-26 00:00:00,1.2547,0.022242138,1,1,0.011121069,22.29125673,17.96469896
2021-07-27 00:00:00,1.279,0.019367179,0,0.5,0.019367179,22.74234268,18.33199168
2021-07-28 00:00:00,1.2871,0.006333073,0,0.5,0.003166536,22.89270466,18.39320714
2021-07-29 00:00:00,1.2849,-0.001709269,0,0.5,-0.000854634,22.8518656,18.37663304
2021-07-30 00:00:00,1.3101,0.019612421,0,0.5,0.009806211,23.31965844,18.56664438
2021-07-31 00:00:00,1.3189,0.006717045,0,0.5,0.003358522,23.48301466,18.63235939
2021-08-01 00:00:00,1.314,-0.003715217,0,0.5,-0.001857609,23.39205495,18.59589015
2021-08-02 00:00:00,1.3084,-0.004261796,0,0.5,-0.002130898,23.28810098,18.55413331
2021-08-03 00:00:00,1.3696,0.046774687,0,0.5,0.023387343,24.4241693,19.01145254
2021-08-04 00:00:00,1.3764,0.004964953,0,0.5,0.002482477,24.55039911,19.0611305
2021-08-05 00:00:00,1.3867,0.00748329,0,0.5,0.003741645,24.74160015,19.13619213
2021-08-06 00:00:00,1.4024,0.011321843,0,0.5,0.005660922,25.03304251,19.25018153
2021-08-07 00:00:00,1.4736,0.050770108,1,1,0.025385054,26.3547429,19.76423349
2021-08-08 00:00:00,1.4264,-0.032030402,1,1,-0.032030402,25.4785595,19.09914675
2021-08-09 00:00:00,1.4758,0.034632642,1,1,0.034632642,26.39558196,19.79523329
2021-08-10 00:00:00,1.6796,0.138094593,1,1,0.138094593,30.17876369,22.66694256
2021-08-11 00:00:00,1.7955,0.069004525,1,1,0.069004525,32.33023947,24.30006869
2021-08-12 00:00:00,1.8341,0.02149819,1,1,0.02149819,33.04677928,24.84397437
2021-08-13 00:00:00,2.1411,0.167384548,1,1,0.167384548,38.74568405,29.16985635
2021-08-14 00:00:00,2.1901,0.022885433,1,1,0.022885433,39.65528123,29.86030657
2021-08-15 00:00:00,2.1691,-0.009588603,1,1,-0.009588603,39.26545387,29.56439933
2021-08-16 00:00:00,2.073,-0.044304089,1,1,-0.044304089,37.48152961,28.21027146
2021-08-17 00:00:00,1.925,-0.071394115,1,1,-0.071394115,34.73417487,26.12482998
2021-08-18 00:00:00,2.1057,0.09387013,1,1,0.09387013,38.0885465,28.67104129
2021-08-19 00:00:00,2.4459,0.161561476,1,1,0.161561476,44.40374977,33.46473852
2021-08-20 00:00:00,2.458,0.004947054,1,1,0.004947054,44.62836458,33.63523745
2021-08-21 00:00:00,2.4371,-0.008502848,1,1,-0.008502848,44.24039354,33.3407393
2021-08-22 00:00:00,2.7064,0.110500185,1,1,0.110500185,49.23946538,37.13539733
2021-08-23 00:00:00,2.9195,0.078739285,1,1,0.078739285,53.19528495,40.13815124
2021-08-24 00:00:00,2.7211,-0.067956842,1,1,-0.067956842,49.51234453,37.3425324
2021-08-25 00:00:00,2.7402,0.00701922,1,1,0.00701922,49.8669018,37.61166707
2021-08-26 00:00:00,2.5309,-0.076381286,1,1,-0.076381286,45.98162242,34.66245829
2021-08-27 00:00:00,2.9495,0.165395709,1,1,0.165395709,53.75218118,40.56087586
2021-08-28 00:00:00,2.8498,-0.033802339,1,1,-0.033802339,51.90142937,39.15602103
2021-08-29 00:00:00,2.8523,0.000877255,1,1,0.000877255,51.94783739,39.19124808
2021-08-30 00:00:00,2.7355,-0.040949409,1,1,-0.040949409,49.77965472,37.54544022
2021-08-31 00:00:00,2.7697,0.012502285,1,1,0.012502285,50.41451643,38.02734629
2021-09-01 00:00:00,2.8737,0.037549193,1,1,0.037549193,52.34509003,39.49279165
2021-09-02 00:00:00,2.9632,0.031144518,1,1,0.031144518,54.00649712,40.7539201
2021-09-03 00:00:00,2.967,0.001282397,1,1,0.001282397,54.07703731,40.80746522
2021-09-04 00:00:00,2.8355,-0.044320863,1,1,-0.044320863,51.6359755,38.95452229
2021-09-05 00:00:00,2.9148,0.027966849,1,1,0.027966849,53.10803787,40.07192438
2021-09-06 00:00:00,2.8355,-0.027205983,1,1,-0.027205983,51.6359755,38.95452229
2021-09-07 00:00:00,2.5115,-0.114265562,1,1,-0.114265562,45.62149619,34.38909636
2021-09-08 00:00:00,2.47,-0.01652399,1,1,-0.01652399,44.85112307,33.8043273
2021-09-09 00:00:00,2.5183,0.019554656,1,1,0.019554656,45.74772601,34.48491394
2021-09-10 00:00:00,2.3831,-0.053687011,1,1,-0.053687011,43.23798032,32.57983498
2021-09-11 00:00:00,2.6367,0.106416013,1,1,0.106416013,47.9456098,36.15326712
2021-09-12 00:00:00,2.5812,-0.021049039,1,1,-0.021049039,46.91535177,35.37122657
2021-09-13 00:00:00,2.4004,-0.07004494,1,1,-0.07004494,43.55912382,32.82360618
2021-09-14 00:00:00,2.3975,-0.001208132,1,1,-0.001208132,43.50529051,32.7827428
2021-09-15 00:00:00,2.5059,0.045213764,1,1,0.045213764,45.51754223,34.31018777
2021-09-16 00:00:00,2.4185,-0.034877689,1,1,-0.034877689,43.89511788,33.07865003
2021-09-17 00:00:00,2.3524,-0.02733099,1,1,-0.02733099,42.66808985,32.14724678
2021-09-18 00:00:00,2.3722,0.008416936,0,0.5,0.008416936,43.03564136,32.42624503
2021-09-19 00:00:00,2.2834,-0.037433606,0,0.5,-0.018716803,41.38722851,31.80061259
2021-09-20 00:00:00,2.08,-0.089077691,0,0.5,-0.044538846,37.61147206,30.33971117
2021-09-21 00:00:00,1.986,-0.045192308,0,0.5,-0.022596154,35.86653054,29.63155423
2021-09-22 00:00:00,2.2556,0.135750252,0,0.5,0.067875126,40.87117134,31.71067483
2021-09-23 00:00:00,2.3256,0.031033871,0,0.5,0.015516936,42.17059588,32.21824427
2021-09-24 00:00:00,2.2777,-0.020596835,0,0.5,-0.010298418,41.28141823,31.87614892
2021-09-25 00:00:00,2.298,0.008912499,0,0.5,0.00445625,41.65825135,32.02265325
2021-09-26 00:00:00,2.2051,-0.040426458,0,0.5,-0.020213229,39.93372935,31.3551588
2021-09-27 00:00:00,2.127,-0.035417895,0,0.5,-0.017708947,38.48394283,30.78218299
2021-09-28 00:00:00,2.0353,-0.043112365,0,0.5,-0.021556182,36.78169668,30.09708046
2021-09-29 00:00:00,2.0646,0.014395912,0,0.5,0.007197956,37.32559866,30.32091588
2021-09-30 00:00:00,2.115,0.024411508,0,0.5,0.012205754,38.26118433,30.70321127
2021-10-01 00:00:00,2.2555,0.06643026,0,0.5,0.03321513,40.86931502,31.75623756
2021-10-02 00:00:00,2.2485,-0.003103525,0,0.5,-0.001551762,40.73937256,31.70540766
2021-10-03 00:00:00,2.2536,0.002268179,0,0.5,0.001134089,40.83404492,31.74249852
2021-10-04 00:00:00,2.1925,-0.027112176,0,0.5,-0.013556088,39.69983293,31.29863833
2021-10-05 00:00:00,2.235,0.019384265,0,0.5,0.009692132,40.48876926,31.611681
2021-10-06 00:00:00,2.2119,-0.01033557,0,0.5,-0.005167785,40.05995916,31.44315084
2021-10-07 00:00:00,2.2803,0.03092364,0,0.5,0.01546182,41.32968257,31.944781
2021-10-08 00:00:00,2.2384,-0.018374775,0,0.5,-0.009187388,40.55188417,31.64210453
2021-10-09 00:00:00,2.271,0.014563974,0,0.5,0.007281987,41.15704474,31.87980391
2021-10-10 00:00:00,2.1883,-0.036415676,0,0.5,-0.018207838,39.62186746,31.28113377
2021-10-11 00:00:00,2.1705,-0.008134168,0,0.5,-0.004067084,39.29144236,31.14984369
2021-10-12 00:00:00,2.1197,-0.023404745,0,0.5,-0.011702373,38.34843141,30.77361423
2021-10-13 00:00:00,2.1913,0.033778365,0,0.5,0.016889182,39.67755708,31.3102446
2021-10-14 00:00:00,2.1748,-0.007529777,0,0.5,-0.003764888,39.37126415,31.18860014
2021-10-15 00:00:00,2.2199,0.020737539,0,0.5,0.01036877,40.20846482,31.52235631
2021-10-16 00:00:00,2.1808,-0.017613406,0,0.5,-0.008806703,39.4826434,31.23594158
2021-10-17 00:00:00,2.1612,-0.008987528,0,0.5,-0.004493764,39.11880453,31.09108087
2021-10-18 00:00:00,2.1302,-0.014343883,0,0.5,-0.007171942,38.54334509,30.86092552
2021-10-19 00:00:00,2.1121,-0.008496855,0,0.5,-0.004248427,38.20735103,30.72556669
2021-10-20 00:00:00,2.1924,0.038019033,1,1,0.019009517,39.69797661,31.32865438
2021-10-21 00:00:00,2.1376,-0.024995439,1,1,-0.024995439,38.68071283,30.52058547
2021-10-22 00:00:00,2.1589,0.009964446,0,0.5,0.009964446,39.07610915,30.83467065
2021-10-23 00:00:00,2.1691,0.004724628,0,0.5,0.002362314,39.26545387,30.90987414
2021-10-24 00:00:00,2.1219,-0.021760177,0,0.5,-0.010880089,38.38927047,30.56269189
2021-10-25 00:00:00,2.1465,0.011593383,0,0.5,0.005796692,38.84592538,30.74565108
2021-10-26 00:00:00,2.1403,-0.002888423,0,0.5,-0.001444212,38.73083349,30.69980364
2021-10-27 00:00:00,1.9128,-0.10629351,0,0.5,-0.053146755,34.50770373,29.01506194
2021-10-28 00:00:00,1.9878,0.039209536,0,0.5,0.019604768,35.89994431,29.60350027
2021-10-29 00:00:00,2.0178,0.015092062,0,0.5,0.007546031,36.45684054,29.83443522
2021-10-30 00:00:00,1.9579,-0.029685796,0,0.5,-0.014842898,35.3449044,29.37676284
2021-10-31 00:00:00,1.9675,0.004903213,0,0.5,0.002451606,35.52311119,29.4512347
2021-11-01 00:00:00,1.9496,-0.00909784,0,0.5,-0.00454892,35.19082978,29.31271447
2021-11-02 00:00:00,1.9725,0.011745999,0,0.5,0.005873,35.61592723,29.49074103
2021-11-03 00:00:00,2.065,0.046894804,0,0.5,0.023447402,37.33302395,30.20566969
2021-11-04 00:00:00,1.9837,-0.03937046,0,0.5,-0.01968523,35.82383516,29.5913789
2021-11-05 00:00:00,1.983,-0.000352876,0,0.5,-0.000176438,35.81084091,29.58598142
2021-11-06 00:00:00,2.0058,0.011497731,0,0.5,0.005748865,36.23408205,29.76181611
2021-11-07 00:00:00,2.0229,0.008525277,0,0.5,0.004262638,36.5515129,29.89294261
2021-11-08 00:00:00,2.1277,0.051806812,0,0.5,0.025903406,38.49693707,30.69317504
2021-11-09 00:00:00,2.2716,0.067631715,1,1,0.033815857,41.16818266,31.76490693
2021-11-10 00:00:00,2.097,-0.076862124,0,0.5,-0.076862124,37.92704659,29.24652661
2021-11-11 00:00:00,2.0796,-0.008297568,0,0.5,-0.004148784,37.60404678,29.1210403
2021-11-12 00:00:00,2.0471,-0.015628005,0,0.5,-0.007814003,37.00074253,28.88567441
2021-11-13 00:00:00,2.051,0.001905134,0,0.5,0.000952567,37.07313904,28.91414252
2021-11-14 00:00:00,2.0411,-0.004826914,0,0.5,-0.002413457,36.88936328,28.84194603
2021-11-15 00:00:00,2.0203,-0.010190584,0,0.5,-0.005095292,36.50324856,28.68989261
2021-11-16 00:00:00,1.8737,-0.072563481,0,0.5,-0.03628174,33.78188231,27.61269163
2021-11-17 00:00:00,1.8762,0.001334258,0,0.5,0.000667129,33.82829033,27.63177999
2021-11-18 00:00:00,1.7869,-0.047596205,0,0.5,-0.023798103,32.17059588,26.95039796
2021-11-19 00:00:00,1.8631,0.042643685,0,0.5,0.021321842,33.58511231,27.54635193
2021-11-20 00:00:00,1.922,0.031613977,0,0.5,0.015806988,34.67848524,27.99758379
2021-11-21 00:00:00,1.836,-0.044745057,0,0.5,-0.022372529,33.08204938,27.34883451
2021-11-22 00:00:00,1.7779,-0.03164488,0,0.5,-0.01582244,32.00352701,26.90028678
2021-11-23 00:00:00,1.7519,-0.014623995,0,0.5,-0.007311997,31.52088361,26.69627996
2021-11-24 00:00:00,1.6652,-0.049489126,0,0.5,-0.024744563,29.9114535,26.01094761
2021-11-25 00:00:00,1.677,0.007086236,0,0.5,0.003543118,30.13049935,26.10665058
2021-11-26 00:00:00,1.5326,-0.086106142,0,0.5,-0.043053071,27.44997216,24.93962603
2021-11-27 00:00:00,1.5441,0.007503589,0,0.5,0.003751794,27.66344904,25.03694618
2021-11-28 00:00:00,1.5935,0.031992747,0,0.5,0.015996373,28.58047151,25.45344289
2021-11-29 00:00:00,1.6021,0.005396925,0,0.5,0.002698463,28.74011509,25.52482651
2021-11-30 00:00:00,1.5544,-0.029773422,0,0.5,-0.014886711,27.85465008,25.12995908
2021-12-01 00:00:00,1.5473,-0.004567679,0,0.5,-0.002283839,27.72285131,25.07028245
2021-12-02 00:00:00,1.7212,0.112389323,0,0.5,0.056194662,30.95099313,26.53529315
2021-12-03 00:00:00,1.5562,-0.095863351,0,0.5,-0.047931676,27.88806386,25.21548041
2021-12-04 00:00:00,1.4187,-0.088356252,0,0.5,-0.044178126,25.3356228,24.05732961
2021-12-05 00:00:00,1.378,-0.028688236,-1,0,-0.014344118,24.58010024,23.69790432
2021-12-06 00:00:00,1.4184,0.029317852,-1,0,0,25.33005383,23.69790432
2021-12-07 00:00:00,1.3785,-0.028130288,-1,0,0,24.58938185,23.69790432
2021-12-08 00:00:00,1.3959,0.012622416,-1,0,0,24.91238166,23.69790432
2021-12-09 00:00:00,1.2875,-0.077655993,-1,0,0,22.90012994,23.69790432
2021-12-10 00:00:00,1.2097,-0.060427184,-1,0,0,21.45591238,23.69790432
2021-12-11 00:00:00,1.3534,0.118789783,-1,0,0,24.12344533,23.69790432
2021-12-12 00:00:00,1.3454,-0.005911039,-1,0,0,23.97493967,23.69790432
2021-12-13 00:00:00,1.2234,-0.090679352,-1,0,0,21.71022833,23.69790432
2021-12-14 00:00:00,1.2652,0.034167075,-1,0,0,22.48617041,23.69790432
2021-12-15 00:00:00,1.3104,0.035725577,-1,0,0,23.3252274,23.69790432
2021-12-16 00:00:00,1.2391,-0.054410867,-1,0,0,22.00167069,23.69790432
2021-12-17 00:00:00,1.217,-0.017835526,-1,0,0,21.5914238,23.69790432
2021-12-18 00:00:00,1.2417,0.020295809,-1,0,0,22.04993503,23.69790432
2021-12-19 00:00:00,1.2437,0.001610695,-1,0,0,22.08706144,23.69790432
2021-12-20 00:00:00,1.2373,-0.005145936,-1,0,0,21.96825691,23.69790432
2021-12-21 00:00:00,1.2796,0.034187343,-1,0,0,22.7534806,23.69790432
2021-12-22 00:00:00,1.3273,0.037277274,-1,0,0,23.63894561,23.69790432
2021-12-23 00:00:00,1.473,0.109771717,-1,0,0,26.34360497,23.69790432
2021-12-24 00:00:00,1.3929,-0.054378819,-1,0,0,24.85669204,23.69790432
2021-12-25 00:00:00,1.4528,0.043003805,-1,0,0,25.96862818,23.69790432
2021-12-26 00:00:00,1.4547,0.001307819,-1,0,0,26.00389827,23.69790432
2021-12-27 00:00:00,1.5159,0.04207053,-1,0,0,27.13996659,23.69790432
2021-12-28 00:00:00,1.3985,-0.077445742,-1,0,0,24.960646,23.69790432
2021-12-29 00:00:00,1.3316,-0.047836968,-1,0,0,23.7187674,23.69790432
2021-12-30 00:00:00,1.3576,0.019525383,-1,0,0,24.2014108,23.69790432
2021-12-31 00:00:00,1.3076,-0.036829699,-1,0,0,23.27325042,23.69790432
2022-01-01 00:00:00,1.3781,0.053915571,-1,0,0,24.58195656,23.69790432
2022-01-02 00:00:00,1.3769,-0.000870764,-1,0,0,24.55968071,23.69790432
2022-01-03 00:00:00,1.3196,-0.041615223,-1,0,0,23.49600891,23.69790432
2022-01-04 00:00:00,1.3093,-0.007805396,-1,0,0,23.30480787,23.69790432
2022-01-05 00:00:00,1.2297,-0.060795845,-1,0,0,21.82717654,23.69790432
2022-01-06 00:00:00,1.2788,0.039928438,-1,0,0,22.73863004,23.69790432
2022-01-07 00:00:00,1.209,-0.054582421,-1,0,0,21.44291814,23.69790432
2022-01-08 00:00:00,1.1814,-0.022828784,-1,0,0,20.9305736,23.69790432
2022-01-09 00:00:00,1.17,-0.009649568,-1,0,0,20.71895304,23.69790432
2022-01-10 00:00:00,1.1224,-0.040683761,-1,0,0,19.83534435,23.69790432
2022-01-11 00:00:00,1.1867,0.057287954,-1,0,0,21.0289586,23.69790432
2022-01-12 00:00:00,1.3122,0.105755456,0,0.5,0,23.35864117,23.69790432
2022-01-13 00:00:00,1.2313,-0.061652187,-1,0,-0.030826094,21.85687767,22.93656441
2022-01-14 00:00:00,1.2917,0.049053846,-1,0,0,22.97809541,22.93656441
2022-01-15 00:00:00,1.2914,-0.000232252,0,0.5,0,22.97252645,22.93656441
2022-01-16 00:00:00,1.4105,0.092225492,0,0.5,0.046112746,25.18340449,24.04034512
2022-01-17 00:00:00,1.5999,0.134278625,0,0.5,0.067139312,28.69927603,25.72153667
2022-01-18 00:00:00,1.4577,-0.088880555,0,0.5,-0.044440278,26.0595879,24.53402417
2022-01-19 00:00:00,1.3353,-0.083967895,0,0.5,-0.041983947,23.78745127,23.46200504
2022-01-20 00:00:00,1.2575,-0.058264061,-1,0,-0.02913203,22.34323371,22.74937717
2022-01-21 00:00:00,1.1202,-0.109184891,-1,0,0,19.79450529,22.74937717
2022-01-22 00:00:00,1.0705,-0.044367077,-1,0,0,18.87191387,22.74937717
2022-01-23 00:00:00,1.1238,0.049789818,-1,0,0,19.86133284,22.74937717
2022-01-24 00:00:00,1.0653,-0.052055526,-1,0,0,18.77538519,22.74937717
2022-01-25 00:00:00,1.0415,-0.022341125,-1,0,0,18.33358084,22.74937717
2022-01-26 00:00:00,1.0767,0.033797408,-1,0,0,18.98700575,22.74937717
2022-01-27 00:00:00,1.0416,-0.03259961,-1,0,0,18.33543716,22.74937717
2022-01-28 00:00:00,1.0478,0.005952381,-1,0,0,18.45052905,22.74937717
2022-01-29 00:00:00,1.0587,0.010402749,-1,0,0,18.65286802,22.74937717
2022-01-30 00:00:00,1.0343,-0.023047133,-1,0,0,18.19992575,22.74937717
2022-01-31 00:00:00,1.051,0.016146186,-1,0,0,18.50993132,22.74937717
2022-02-01 00:00:00,1.0946,0.041484301,-1,0,0,19.31928717,22.74937717
2022-02-02 00:00:00,1.0259,-0.062762653,-1,0,0,18.0439948,22.74937717
2022-02-03 00:00:00,1.06,0.033239107,-1,0,0,18.67700019,22.74937717
2022-02-04 00:00:00,1.1383,0.073867925,-1,0,0,20.13049935,22.74937717
2022-02-05 00:00:00,1.1245,-0.012123342,-1,0,0,19.87432708,22.74937717
2022-02-06 00:00:00,1.1423,0.015829257,-1,0,0,20.20475218,22.74937717
2022-02-07 00:00:00,1.1979,0.048673728,0,0.5,0,21.23686653,22.74937717
2022-02-08 00:00:00,1.1741,-0.019868103,0,0.5,-0.009934051,20.79506219,22.51344964
2022-02-09 00:00:00,1.194,0.016949153,0,0.5,0.008474576,21.16447002,22.71271616
2022-02-10 00:00:00,1.1498,-0.037018425,-1,0,-0.018509213,20.34397624,22.27381245
2022-02-11 00:00:00,1.0792,-0.061401983,-1,0,0,19.03341377,22.27381245
2022-02-12 00:00:00,1.0579,-0.019736842,-1,0,0,18.63801745,22.27381245
2022-02-13 00:00:00,1.0415,-0.01550241,-1,0,0,18.33358084,22.27381245
2022-02-14 00:00:00,1.0487,0.006913106,-1,0,0,18.46723594,22.27381245
2022-02-15 00:00:00,1.1074,0.055974063,-1,0,0,19.55689623,22.27381245
2022-02-16 00:00:00,1.0826,-0.022394799,-1,0,0,19.09652868,22.27381245
2022-02-17 00:00:00,1.0193,-0.058470349,-1,0,0,17.92147763,22.27381245
2022-02-18 00:00:00,0.9949,-0.023937997,-1,0,0,17.46853536,22.27381245
2022-02-19 00:00:00,0.9959,0.001005126,-1,0,0,17.48709857,22.27381245
2022-02-20 00:00:00,0.9308,-0.065368009,-1,0,0,16.27863375,22.27381245
2022-02-21 00:00:00,0.8563,-0.080038676,-1,0,0,14.89567477,22.27381245
2022-02-22 00:00:00,0.887,0.035851921,-1,0,0,15.46556525,22.27381245
2022-02-23 00:00:00,0.8655,-0.024239008,-1,0,0,15.06645628,22.27381245
2022-02-24 00:00:00,0.8523,-0.0152513,-1,0,0,14.82142194,22.27381245
2022-02-25 00:00:00,0.8981,0.053736947,-1,0,0,15.67161686,22.27381245
2022-02-26 00:00:00,0.8866,-0.01280481,-1,0,0,15.45813997,22.27381245
2022-02-27 00:00:00,0.856,-0.034513873,-1,0,0,14.89010581,22.27381245
2022-02-28 00:00:00,0.9617,0.123481308,-1,0,0,16.85223687,22.27381245
2022-03-01 00:00:00,0.9632,0.001559738,-1,0,0,16.88008168,22.27381245
2022-03-02 00:00:00,0.9383,-0.025851329,-1,0,0,16.41785781,22.27381245
2022-03-03 00:00:00,0.9014,-0.039326441,-1,0,0,15.73287544,22.27381245
2022-03-04 00:00:00,0.8438,-0.063900599,-1,0,0,14.66363468,22.27381245
2022-03-05 00:00:00,0.8645,0.02453188,-1,0,0,15.04789308,22.27381245
2022-03-06 00:00:00,0.8222,-0.048930017,-1,0,0,14.26266939,22.27381245
2022-03-07 00:00:00,0.7925,-0.036122598,-1,0,0,13.71134212,22.27381245
2022-03-08 00:00:00,0.8012,0.010977918,-1,0,0,13.87284203,22.27381245
2022-03-09 00:00:00,0.8487,0.059286071,-1,0,0,14.75459439,22.27381245
2022-03-10 00:00:00,0.8062,-0.050076588,-1,0,0,13.96565807,22.27381245
2022-03-11 00:00:00,0.7881,-0.022451005,-1,0,0,13.62966401,22.27381245
2022-03-12 00:00:00,0.7891,0.001268875,-1,0,0,13.64822721,22.27381245
2022-03-13 00:00:00,0.7865,-0.003294893,-1,0,0,13.59996287,22.27381245
2022-03-14 00:00:00,0.8024,0.020216147,-1,0,0,13.89511788,22.27381245
2022-03-15 00:00:00,0.7988,-0.00448654,-1,0,0,13.82829033,22.27381245
2022-03-16 00:00:00,0.8384,0.049574362,-1,0,0,14.56339335,22.27381245
2022-03-17 00:00:00,0.8354,-0.003578244,-1,0,0,14.50770373,22.27381245
2022-03-18 00:00:00,0.8512,0.018913096,-1,0,0,14.80100241,22.27381245
2022-03-19 00:00:00,0.9024,0.060150376,-1,0,0,15.75143865,22.27381245
2022-03-20 00:00:00,0.878,-0.027039007,-1,0,0,15.29849638,22.27381245
2022-03-21 00:00:00,0.9166,0.043963554,-1,0,0,16.0150362,22.27381245
2022-03-22 00:00:00,0.9744,0.063059132,0,0.5,0,17.0879896,22.27381245
2022-03-23 00:00:00,1.1064,0.13546798,0,0.5,0.06773399,19.53833302,23.85024064
2022-03-24 00:00:00,1.1306,0.02187274,0,0.5,0.01093637,19.98756265,24.12201207
2022-03-25 00:00:00,1.096,-0.03060322,0,0.5,-0.01530161,19.34527566,23.73760484
2022-03-26 00:00:00,1.1515,0.050638686,0,0.5,0.025319343,20.37553369,24.36394475
2022-03-27 00:00:00,1.1831,0.027442466,0,0.5,0.013721233,20.96213106,24.71196935
2022-03-28 00:00:00,1.1694,-0.011579748,0,0.5,-0.005789874,20.70781511,24.56310028
2022-03-29 00:00:00,1.1902,0.017786899,0,0.5,0.00889345,21.09392983,24.79044443
2022-03-30 00:00:00,1.1903,8.40195E-05,0,0.5,4.20097E-05,21.09578615,24.79152788
2022-03-31 00:00:00,1.1415,-0.040998068,0,0.5,-0.020499034,20.18990161,24.26282648
2022-04-01 00:00:00,1.1657,0.021200175,0,0.5,0.010600088,20.63913124,24.53061465
2022-04-02 00:00:00,1.1556,-0.008664322,0,0.5,-0.004332161,20.45164284,24.42001192
2022-04-03 00:00:00,1.1862,0.026479751,0,0.5,0.013239875,21.019677,24.75656971
2022-04-04 00:00:00,1.2118,0.021581521,0,0.5,0.01079076,21.49489512,25.03450268
2022-04-05 00:00:00,1.17,-0.034494141,0,0.5,-0.01724707,20.71895304,24.58548378
2022-04-06 00:00:00,1.0519,-0.100940171,0,0.5,-0.050470085,18.5266382,23.29418223
2022-04-07 00:00:00,1.088,0.034318852,0,0.5,0.017159426,19.19677,23.71105644
2022-04-08 00:00:00,1.0245,-0.058363971,0,0.5,-0.029181985,18.01800631,22.98993876
2022-04-09 00:00:00,1.044,0.019033675,0,0.5,0.009516837,18.37998886,23.21824711
2022-04-10 00:00:00,1.026,-0.017241379,0,0.5,-0.00862069,18.04585112,23.00946911
2022-04-11 00:00:00,0.9199,-0.103411306,0,0.5,-0.051705653,16.07629478,21.76804383
2022-04-12 00:00:00,0.9538,0.036851832,0,0.5,0.018425916,16.70558753,22.18756589
2022-04-13 00:00:00,0.9739,0.0210736,0,0.5,0.0105368,17.078708,22.43188864
2022-04-14 00:00:00,0.9317,-0.043330937,0,0.5,-0.021665469,16.29534063,21.92422579
2022-04-15 00:00:00,0.955,0.02500805,0,0.5,0.012504025,16.72786337,22.21087088
2022-04-16 00:00:00,0.9505,-0.004712042,0,0.5,-0.002356021,16.64432894,22.15618558
2022-04-17 00:00:00,0.9139,-0.038506049,0,0.5,-0.019253025,15.96491554,21.71035897
2022-04-18 00:00:00,0.936,0.024182077,0,0.5,0.012091038,16.37516243,21.98495079
2022-04-19 00:00:00,0.9522,0.017307692,0,0.5,0.008653846,16.67588639,22.18385902
2022-04-20 00:00:00,0.9361,-0.016908213,0,0.5,-0.008454106,16.37701875,21.98786021
2022-04-21 00:00:00,0.9088,-0.029163551,-1,0,-0.014581775,15.87024318,21.6526564
2022-04-22 00:00:00,0.9053,-0.003851232,-1,0,0,15.80527195,21.6526564
2022-04-23 00:00:00,0.8865,-0.020766597,-1,0,0,15.45628365,21.6526564
2022-04-24 00:00:00,0.8851,-0.001579244,-1,0,0,15.43029516,21.6526564
2022-04-25 00:00:00,0.897,0.013444808,-1,0,0,15.65119733,21.6526564
2022-04-26 00:00:00,0.8253,-0.07993311,-1,0,0,14.32021533,21.6526564
2022-04-27 00:00:00,0.8399,0.017690537,-1,0,0,14.59123817,21.6526564
2022-04-28 00:00:00,0.8429,0.003571854,-1,0,0,14.64692779,21.6526564
2022-04-29 00:00:00,0.8046,-0.045438368,-1,0,0,13.93595693,21.6526564
2022-04-30 00:00:00,0.7548,-0.061894109,-1,0,0,13.01150919,21.6526564
2022-05-01 00:00:00,0.7887,0.04491256,-1,0,0,13.64080193,21.6526564
2022-05-02 00:00:00,0.7804,-0.010523647,-1,0,0,13.48672731,21.6526564
2022-05-03 00:00:00,0.7706,-0.012557663,-1,0,0,13.30480787,21.6526564
2022-05-04 00:00:00,0.8983,0.165715027,-1,0,0,15.6753295,21.6526564
2022-05-05 00:00:00,0.7877,-0.123121452,-1,0,0,13.62223872,21.6526564
2022-05-06 00:00:00,0.7829,-0.00609369,-1,0,0,13.53313533,21.6526564
2022-05-07 00:00:00,0.7599,-0.029377954,-1,0,0,13.10618155,21.6526564
2022-05-08 00:00:00,0.7399,-0.026319253,-1,0,0,12.73491739,21.6526564
2022-05-09 00:00:00,0.6012,-0.187457765,-1,0,0,10.16020048,21.6526564
2022-05-10 00:00:00,0.6281,0.044743846,-1,0,0,10.65955077,21.6526564
2022-05-11 00:00:00,0.5176,-0.1759274,-1,0,0,8.608316317,21.6526564
2022-05-12 00:00:00,0.473,-0.086166924,-1,0,0,7.780397253,21.6526564
2022-05-13 00:00:00,0.5286,0.117547569,-1,0,0,8.812511602,21.6526564
2022-05-14 00:00:00,0.537,0.015891033,-1,0,0,8.968442547,21.6526564
2022-05-15 00:00:00,0.5977,0.113035382,-1,0,0,10.09522926,21.6526564
2022-05-16 00:00:00,0.5566,-0.068763594,-1,0,0,9.332281418,21.6526564
2022-05-17 00:00:00,0.5772,0.03701042,-1,0,0,9.714683497,21.6526564
2022-05-18 00:00:00,0.5059,-0.123527374,-1,0,0,8.391126787,21.6526564
2022-05-19 00:00:00,0.5331,0.053765566,-1,0,0,8.896046037,21.6526564
2022-05-20 00:00:00,0.5158,-0.032451698,-1,0,0,8.574902543,21.6526564
2022-05-21 00:00:00,0.5283,0.024234199,-1,0,0,8.80694264,21.6526564
2022-05-22 00:00:00,0.5413,0.024607231,-1,0,0,9.04826434,21.6526564
2022-05-23 00:00:00,0.5129,-0.052466285,-1,0,0,8.521069241,21.6526564
2022-05-24 00:00:00,0.5217,0.017157341,-1,0,0,8.684425469,21.6526564
2022-05-25 00:00:00,0.5142,-0.014376078,-1,0,0,8.545201411,21.6526564
2022-05-26 00:00:00,0.4785,-0.069428238,-1,0,0,7.882494895,21.6526564
2022-05-27 00:00:00,0.4563,-0.046394984,-1,0,0,7.470391684,21.6526564
2022-05-28 00:00:00,0.4641,0.017094017,-1,0,0,7.615184704,21.6526564
2022-05-29 00:00:00,0.4816,0.037707391,-1,0,0,7.940040839,21.6526564
2022-05-30 00:00:00,0.5697,0.182931894,-1,0,0,9.575459439,21.6526564
2022-05-31 00:00:00,0.6264,0.099526066,-1,0,0,10.62799332,21.6526564
2022-06-01 00:00:00,0.5512,-0.120051086,-1,0,0,9.232040097,21.6526564
2022-06-02 00:00:00,0.5867,0.064404935,-1,0,0,9.891033971,21.6526564
2022-06-03 00:00:00,0.5596,-0.046190557,-1,0,0,9.387971041,21.6526564
2022-06-04 00:00:00,0.5662,0.011794139,-1,0,0,9.510488212,21.6526564
2022-06-05 00:00:00,0.5671,0.001589544,-1,0,0,9.527195099,21.6526564
2022-06-06 00:00:00,0.6087,0.073355669,-1,0,0,10.29942454,21.6526564
2022-06-07 00:00:00,0.6138,0.008378512,-1,0,0,10.3940969,21.6526564
2022-06-08 00:00:00,0.6404,0.043336592,0,0.5,0,10.88787823,21.6526564
2022-06-09 00:00:00,0.6319,-0.013272954,0,0.5,-0.006636477,10.73009096,21.50232256
2022-06-10 00:00:00,0.5738,-0.091944928,0,0.5,-0.045972464,9.651568591,20.46783535
2022-06-11 00:00:00,0.5537,-0.035029627,0,0.5,-0.017514814,9.278448116,20.09183021
2022-06-12 00:00:00,0.4896,-0.115766661,-1,0,-0.05788333,8.088546501,18.87096484
2022-06-13 00:00:00,0.4638,-0.052696078,-1,0,0,7.609615742,18.87096484
2022-06-14 00:00:00,0.4828,0.040965934,-1,0,0,7.962316688,18.87096484
2022-06-15 00:00:00,0.5345,0.107083679,-1,0,0,8.922034528,18.87096484
2022-06-16 00:00:00,0.4757,-0.110009355,-1,0,0,7.830517913,18.87096484
2022-06-17 00:00:00,0.4869,0.023544251,-1,0,0,8.03842584,18.87096484
2022-06-18 00:00:00,0.4545,-0.066543438,-1,0,0,7.43697791,18.87096484
2022-06-19 00:00:00,0.4847,0.066446645,-1,0,0,7.997586783,18.87096484
2022-06-20 00:00:00,0.4914,0.013822983,-1,0,0,8.121960275,18.87096484
2022-06-21 00:00:00,0.481,-0.021164021,-1,0,0,7.928902914,18.87096484
2022-06-22 00:00:00,0.4589,-0.045945946,-1,0,0,7.518656024,18.87096484
2022-06-23 00:00:00,0.4796,0.045107867,-1,0,0,7.902914424,18.87096484
2022-06-24 00:00:00,0.498,0.038365304,-1,0,0,8.244477446,18.87096484
2022-06-25 00:00:00,0.4982,0.000401606,0,0.5,0,8.248190087,18.87096484
2022-06-26 00:00:00,0.4895,-0.017462866,0,0.5,-0.008731433,8.08669018,18.69746284
2022-06-27 00:00:00,0.4852,-0.008784474,0,0.5,-0.004392237,8.006868387,18.61094691
2022-06-28 00:00:00,0.469,-0.033388293,-1,0,-0.016694147,7.706144422,18.28355889
2022-06-29 00:00:00,0.4657,-0.007036247,-1,0,0,7.644885836,18.28355889
2022-06-30 00:00:00,0.4594,-0.013528022,-1,0,0,7.527937628,18.28355889
2022-07-01 00:00:00,0.4485,-0.0237266,-1,0,0,7.325598663,18.28355889
2022-07-02 00:00:00,0.4555,0.015607581,-1,0,0,7.455541118,18.28355889
2022-07-03 00:00:00,0.4559,0.000878156,-1,0,0,7.462966401,18.28355889
2022-07-04 00:00:00,0.4693,0.029392411,-1,0,0,7.711713384,18.28355889
2022-07-05 00:00:00,0.4568,-0.026635414,-1,0,0,7.479673288,18.28355889
2022-07-06 00:00:00,0.462,0.011383538,-1,0,0,7.576201968,18.28355889
2022-07-07 00:00:00,0.4773,0.033116883,-1,0,0,7.860219046,18.28355889
2022-07-08 00:00:00,0.4656,-0.024512885,-1,0,0,7.643029516,18.28355889
2022-07-09 00:00:00,0.4777,0.025987973,-1,0,0,7.867644329,18.28355889
2022-07-10 00:00:00,0.4621,-0.032656479,-1,0,0,7.578058288,18.28355889
2022-07-11 00:00:00,0.4344,-0.059943735,-1,0,0,7.063857435,18.28355889
2022-07-12 00:00:00,0.4167,-0.040745856,-1,0,0,6.735288658,18.28355889
2022-07-13 00:00:00,0.4379,0.05087593,-1,0,0,7.128828662,18.28355889
2022-07-14 00:00:00,0.4414,0.007992692,-1,0,0,7.193799889,18.28355889
2022-07-15 00:00:00,0.4417,0.000679656,-1,0,0,7.199368851,18.28355889
2022-07-16 00:00:00,0.4577,0.036223681,-1,0,0,7.496380174,18.28355889
2022-07-17 00:00:00,0.4475,-0.02228534,-1,0,0,7.307035456,18.28355889
2022-07-18 00:00:00,0.49,0.094972067,0,0.5,0,8.095971784,18.28355889
2022-07-19 00:00:00,0.5149,0.050816327,0,0.5,0.025408163,8.558195656,18.7735187
2022-07-20 00:00:00,0.4907,-0.046999417,-1,0,-0.023499709,8.108966029,18.30884677
2022-07-21 00:00:00,0.4992,0.017322193,0,0.5,0,8.266753295,18.30884677
2022-07-22 00:00:00,0.4825,-0.033453526,0,0.5,-0.016726763,7.956747726,17.98587227
2022-07-23 00:00:00,0.5168,0.071088083,0,0.5,0.035544041,8.593465751,18.6607069
2022-07-24 00:00:00,0.5119,-0.009481424,0,0.5,-0.004740712,8.502506033,18.56750115
2022-07-25 00:00:00,0.4747,-0.072670443,-1,0,-0.036335222,7.811954706,17.85651166
2022-07-26 00:00:00,0.4674,-0.015378134,-1,0,0,7.676443289,17.85651166
2022-07-27 00:00:00,0.511,0.093281985,0,0.5,0,8.485799146,17.85651166
2022-07-28 00:00:00,0.5128,0.003522505,0,0.5,0.001761252,8.51921292,17.88972273
2022-07-29 00:00:00,0.5217,0.017355694,0,0.5,0.008677847,8.684425469,18.05364486
2022-07-30 00:00:00,0.5263,0.008817328,0,0.5,0.004408664,8.769816224,18.13764598
2022-07-31 00:00:00,0.5158,-0.019950599,0,0.5,-0.009975299,8.574902543,17.94674223
2022-08-01 00:00:00,0.5122,-0.006979449,0,0.5,-0.003489725,8.508074995,17.88062332
2022-08-02 00:00:00,0.4959,-0.031823506,0,0.5,-0.015911753,8.205494709,17.5801995
2022-08-03 00:00:00,0.5001,0.008469449,0,0.5,0.004234725,8.283460182,17.65888153
2022-08-04 00:00:00,0.4993,-0.00159968,0,0.5,-0.00079984,8.268609616,17.64395741
2022-08-05 00:00:00,0.5173,0.036050471,0,0.5,0.018025235,8.602747355,17.98001913
2022-08-06 00:00:00,0.5111,-0.011985308,0,0.5,-0.005992654,8.487655467,17.86627844
2022-08-07 00:00:00,0.5272,0.031500685,0,0.5,0.015750342,8.786523111,18.16342878
2022-08-08 00:00:00,0.5366,0.017830046,0,0.5,0.008915023,8.961017264,18.33427119
2022-08-09 00:00:00,0.5124,-0.04509877,0,0.5,-0.022549385,8.511787637,17.89829526
2022-08-10 00:00:00,0.5372,0.048399688,0,0.5,0.024199844,8.972155188,18.35563106
2022-08-11 00:00:00,0.5303,-0.012844378,0,0.5,-0.006422189,8.844069055,18.23132553
2022-08-12 00:00:00,0.54,0.018291533,0,0.5,0.009145767,9.02413217,18.40721075
2022-08-13 00:00:00,0.5591,0.03537037,0,0.5,0.017685185,9.378689438,18.75043086
2022-08-14 00:00:00,0.5693,0.018243606,0,0.5,0.009121803,9.568034156,18.9305904
2022-08-15 00:00:00,0.5497,-0.034428245,0,0.5,-0.017214123,9.204195285,18.58750277
2022-08-16 00:00:00,0.5565,0.012370384,0,0.5,0.006185192,9.330425097,18.70865524
2022-08-17 00:00:00,0.5382,-0.032884097,0,0.5,-0.016442049,8.990718396,18.38460457
2022-08-18 00:00:00,0.5115,-0.04960981,-1,0,-0.024804905,8.49508075,17.90377129
2022-08-19 00:00:00,0.4496,-0.121016618,-1,0,0,7.346018192,17.90377129
2022-08-20 00:00:00,0.4502,0.00133452,-1,0,0,7.357156117,17.90377129
2022-08-21 00:00:00,0.4622,0.02665482,-1,0,0,7.579914609,17.90377129
2022-08-22 00:00:00,0.4612,-0.002163566,-1,0,0,7.561351402,17.90377129
2022-08-23 00:00:00,0.4653,0.008889853,-1,0,0,7.637460553,17.90377129
2022-08-24 00:00:00,0.4574,-0.016978294,-1,0,0,7.490811212,17.90377129
2022-08-25 00:00:00,0.4642,0.014866638,-1,0,0,7.617041025,17.90377129
2022-08-26 00:00:00,0.4311,-0.071305472,-1,0,0,7.002598849,17.90377129
2022-08-27 00:00:00,0.4495,0.042681512,-1,0,0,7.344161871,17.90377129
2022-08-28 00:00:00,0.4288,-0.046051168,-1,0,0,6.959903471,17.90377129
2022-08-29 00:00:00,0.45,0.049440299,-1,0,0,7.353443475,17.90377129
2022-08-30 00:00:00,0.4528,0.006222222,-1,0,0,7.405420457,17.90377129
2022-08-31 00:00:00,0.4457,-0.015680212,-1,0,0,7.273621682,17.90377129
2022-09-01 00:00:00,0.4572,0.025802109,-1,0,0,7.487098571,17.90377129
2022-09-02 00:00:00,0.454,-0.006999125,-1,0,0,7.427696306,17.90377129
2022-09-03 00:00:00,0.4799,0.057048458,-1,0,0,7.908483386,17.90377129
2022-09-04 00:00:00,0.5033,0.048760158,-1,0,0,8.342862447,17.90377129
2022-09-05 00:00:00,0.4983,-0.009934433,-1,0,0,8.250046408,17.90377129
2022-09-06 00:00:00,0.4624,-0.072044953,-1,0,0,7.583627251,17.90377129
2022-09-07 00:00:00,0.4784,0.034602076,-1,0,0,7.880638574,17.90377129
2022-09-08 00:00:00,0.479,0.001254181,-1,0,0,7.891776499,17.90377129
2022-09-09 00:00:00,0.502,0.048016701,0,0.5,0,8.318730277,17.90377129
2022-09-10 00:00:00,0.5117,0.019322709,-1,0,0.009661355,8.498793391,18.08640733
2022-09-11 00:00:00,0.5095,-0.004299394,-1,0,0,8.457954335,18.08640733
2022-09-12 00:00:00,0.5013,-0.01609421,-1,0,0,8.305736031,18.08640733
2022-09-13 00:00:00,0.4632,-0.076002394,-1,0,0,7.598477817,18.08640733
2022-09-14 00:00:00,0.4805,0.037348877,-1,0,0,7.919621311,18.08640733
2022-09-15 00:00:00,0.4658,-0.030593132,-1,0,0,7.646742157,18.08640733
2022-09-16 00:00:00,0.4743,0.018248175,-1,0,0,7.804529423,18.08640733
2022-09-17 00:00:00,0.4854,0.02340291,-1,0,0,8.010581028,18.08640733
2022-09-18 00:00:00,0.4475,-0.078079934,-1,0,0,7.307035456,18.08640733
2022-09-19 00:00:00,0.4522,0.010502793,0,0.5,0,7.394282532,18.08640733
2022-09-20 00:00:00,0.4418,-0.022998673,-1,0,-0.011499337,7.201225172,17.86692631
2022-09-21 00:00:00,0.4381,-0.00837483,-1,0,0,7.132541303,17.86692631
2022-09-22 00:00:00,0.4581,0.045651678,-1,0,0,7.503805458,17.86692631
2022-09-23 00:00:00,0.4617,0.007858546,0,0.5,0,7.570633005,17.86692631
2022-09-24 00:00:00,0.4507,-0.023824995,-1,0,-0.011912497,7.36643772,17.6421741
2022-09-25 00:00:00,0.4461,-0.010206346,0,0.5,0,7.281046965,17.6421741
2022-09-26 00:00:00,0.447,0.002017485,-1,0,0.001008742,7.297753852,17.66097925
2022-09-27 00:00:00,0.4409,-0.013646532,0,0.5,0,7.184518285,17.66097925
2022-09-28 00:00:00,0.4359,-0.01134044,-1,0,-0.00567022,7.091702246,17.55516739
2022-09-29 00:00:00,0.4379,0.004588208,-1,0,0,7.128828662,17.55516739
2022-09-30 00:00:00,0.4346,-0.007535967,-1,0,0,7.067570076,17.55516739
2022-10-01 00:00:00,0.4298,-0.011044639,-1,0,0,6.978466679,17.55516739
2022-10-02 00:00:00,0.4192,-0.024662634,-1,0,0,6.781696677,17.55516739
2022-10-03 00:00:00,0.4274,0.019561069,-1,0,0,6.933914981,17.55516739
2022-10-04 00:00:00,0.4352,0.018249883,-1,0,0,7.078708001,17.55516739
2022-10-05 00:00:00,0.4307,-0.010340074,-1,0,0,6.995173566,17.55516739
2022-10-06 00:00:00,0.4285,-0.005107964,-1,0,0,6.954334509,17.55516739
2022-10-07 00:00:00,0.4238,-0.010968495,-1,0,0,6.867087433,17.55516739
2022-10-08 00:00:00,0.4217,-0.004955168,-1,0,0,6.828104696,17.55516739
2022-10-09 00:00:00,0.4228,0.002608489,-1,0,0,6.848524225,17.55516739
2022-10-10 00:00:00,0.4007,-0.052270577,-1,0,0,6.438277334,17.55516739
2022-10-11 00:00:00,0.3905,-0.025455453,-1,0,0,6.248932616,17.55516739
2022-10-12 00:00:00,0.3809,-0.024583867,-1,0,0,6.070725821,17.55516739
2022-10-13 00:00:00,0.3764,-0.011814124,-1,0,0,5.987191387,17.55516739
2022-10-14 00:00:00,0.3663,-0.026833156,-1,0,0,5.799702989,17.55516739
2022-10-15 00:00:00,0.3637,-0.007098007,-1,0,0,5.751438649,17.55516739
2022-10-16 00:00:00,0.3701,0.017596921,-1,0,0,5.870243178,17.55516739
2022-10-17 00:00:00,0.3721,0.005403945,-1,0,0,5.907369593,17.55516739
2022-10-18 00:00:00,0.3621,-0.026874496,-1,0,0,5.721737516,17.55516739
2022-10-19 00:00:00,0.3495,-0.034797017,-1,0,0,5.487841099,17.55516739
2022-10-20 00:00:00,0.3399,-0.027467811,-1,0,0,5.309634305,17.55516739
2022-10-21 00:00:00,0.3489,0.026478376,-1,0,0,5.476703174,17.55516739
2022-10-22 00:00:00,0.3511,0.006305532,-1,0,0,5.517542231,17.55516739
2022-10-23 00:00:00,0.3617,0.030190829,-1,0,0,5.714312233,17.55516739
2022-10-24 00:00:00,0.3571,-0.012717722,-1,0,0,5.628921478,17.55516739
2022-10-25 00:00:00,0.3999,0.119854383,-1,0,0,6.423426768,17.55516739
2022-10-26 00:00:00,0.4026,0.006751688,-1,0,0,6.473547429,17.55516739
2022-10-27 00:00:00,0.388,-0.036264282,-1,0,0,6.202524596,17.55516739
2022-10-28 00:00:00,0.4042,0.041752577,-1,0,0,6.503248561,17.55516739
2022-10-29 00:00:00,0.4199,0.038842157,-1,0,0,6.794690923,17.55516739
2022-10-30 00:00:00,0.4054,-0.034532031,-1,0,0,6.525524411,17.55516739
2022-10-31 00:00:00,0.4053,-0.00024667,-1,0,0,6.52366809,17.55516739
2022-11-01 00:00:00,0.4009,-0.010856156,-1,0,0,6.441989976,17.55516739
2022-11-02 00:00:00,0.3854,-0.038663008,-1,0,0,6.154260256,17.55516739
2022-11-03 00:00:00,0.389,0.009340944,-1,0,0,6.221087804,17.55516739
2022-11-04 00:00:00,0.4212,0.08277635,-1,0,0,6.818823093,17.55516739
2022-11-05 00:00:00,0.4262,0.011870845,-1,0,0,6.911639131,17.55516739
2022-11-06 00:00:00,0.4018,-0.057250117,-1,0,0,6.458696863,17.55516739
2022-11-07 00:00:00,0.4039,0.005226481,-1,0,0,6.497679599,17.55516739
2022-11-08 00:00:00,0.372,-0.078979946,-1,0,0,5.905513273,17.55516739
2022-11-09 00:00:00,0.3171,-0.147580645,-1,0,0,4.886393169,17.55516739
2022-11-10 00:00:00,0.3686,0.162409335,-1,0,0,5.842398366,17.55516739
2022-11-11 00:00:00,0.3555,-0.035539881,-1,0,0,5.599220345,17.55516739
2022-11-12 00:00:00,0.3396,-0.044725738,-1,0,0,5.304065342,17.55516739
2022-11-13 00:00:00,0.3296,-0.029446408,-1,0,0,5.118433265,17.55516739
2022-11-14 00:00:00,0.3321,0.007584951,-1,0,0,5.164841285,17.55516739
2022-11-15 00:00:00,0.3371,0.015055706,-1,0,0,5.257657323,17.55516739
2022-11-16 00:00:00,0.3317,-0.016018985,-1,0,0,5.157416001,17.55516739
2022-11-17 00:00:00,0.3249,-0.020500452,-1,0,0,5.031186189,17.55516739
2022-11-18 00:00:00,0.3256,0.002154509,-1,0,0,5.044180434,17.55516739
2022-11-19 00:00:00,0.3279,0.007063882,-1,0,0,5.086875812,17.55516739
2022-11-20 00:00:00,0.3119,-0.048795364,-1,0,0,4.789864489,17.55516739
2022-11-21 00:00:00,0.3044,-0.024046169,-1,0,0,4.650640431,17.55516739
2022-11-22 00:00:00,0.3124,0.026281209,-1,0,0,4.799146092,17.55516739
2022-11-23 00:00:00,0.3183,0.018886044,-1,0,0,4.908669018,17.55516739
2022-11-24 00:00:00,0.3162,-0.006597549,-1,0,0,4.869686282,17.55516739
2022-11-25 00:00:00,0.3145,-0.005376344,-1,0,0,4.838128829,17.55516739
2022-11-26 00:00:00,0.3136,-0.002861685,-1,0,0,4.821421942,17.55516739
2022-11-27 00:00:00,0.3125,-0.003507653,-1,0,0,4.801002413,17.55516739
2022-11-28 00:00:00,0.3064,-0.01952,-1,0,0,4.687766846,17.55516739
2022-11-29 00:00:00,0.309,0.00848564,-1,0,0,4.736031186,17.55516739
2022-11-30 00:00:00,0.3186,0.031067961,-1,0,0,4.91423798,17.55516739
2022-12-01 00:00:00,0.3143,-0.013496547,-1,0,0,4.834416187,17.55516739
2022-12-02 00:00:00,0.319,0.014953866,-1,0,0,4.921663263,17.55516739
2022-12-03 00:00:00,0.3194,0.001253918,-1,0,0,4.929088547,17.55516739
2022-12-04 00:00:00,0.322,0.008140263,-1,0,0,4.977352887,17.55516739
2022-12-05 00:00:00,0.3192,-0.008695652,-1,0,0,4.925375905,17.55516739
2022-12-06 00:00:00,0.3179,-0.004072682,-1,0,0,4.901243735,17.55516739
2022-12-07 00:00:00,0.31,-0.024850582,-1,0,0,4.754594394,17.55516739
2022-12-08 00:00:00,0.3143,0.013870968,-1,0,0,4.834416187,17.55516739
2022-12-09 00:00:00,0.3116,-0.008590519,-1,0,0,4.784295526,17.55516739
2022-12-10 00:00:00,0.3123,0.00224647,-1,0,0,4.797289772,17.55516739
2022-12-11 00:00:00,0.3071,-0.016650656,-1,0,0,4.700761092,17.55516739
2022-12-12 00:00:00,0.3067,-0.001302507,-1,0,0,4.693335808,17.55516739
2022-12-13 00:00:00,0.3141,0.024127812,-1,0,0,4.830703546,17.55516739
2022-12-14 00:00:00,0.3078,-0.020057307,-1,0,0,4.713755337,17.55516739
2022-12-15 00:00:00,0.3001,-0.025016244,-1,0,0,4.570818637,17.55516739
2022-12-16 00:00:00,0.2631,-0.123292236,-1,0,0,3.883979952,17.55516739
2022-12-17 00:00:00,0.2669,0.014443177,-1,0,0,3.954520141,17.55516739
2022-12-18 00:00:00,0.2658,-0.004121394,-1,0,0,3.934100613,17.55516739
2022-12-19 00:00:00,0.2528,-0.048908954,-1,0,0,3.692778912,17.55516739
2022-12-20 00:00:00,0.2585,0.022547468,-1,0,0,3.798589196,17.55516739
2022-12-21 00:00:00,0.2533,-0.020116054,-1,0,0,3.702060516,17.55516739
2022-12-22 00:00:00,0.2566,0.01302803,-1,0,0,3.763319102,17.55516739
2022-12-23 00:00:00,0.2594,0.010911925,-1,0,0,3.815296083,17.55516739
2022-12-24 00:00:00,0.2589,-0.001927525,-1,0,0,3.806014479,17.55516739
2022-12-25 00:00:00,0.2589,0,-1,0,0,3.806014479,17.55516739
2022-12-26 00:00:00,0.2652,0.02433372,-1,0,0,3.922962688,17.55516739
2022-12-27 00:00:00,0.2602,-0.018853695,-1,0,0,3.830146649,17.55516739
2022-12-28 00:00:00,0.248,-0.04688701,-1,0,0,3.603675515,17.55516739
2022-12-29 00:00:00,0.2436,-0.017741935,-1,0,0,3.521997401,17.55516739
2022-12-30 00:00:00,0.2457,0.00862069,-1,0,0,3.560980137,17.55516739
2022-12-31 00:00:00,0.2456,-0.000407,-1,0,0,3.559123817,17.55516739
2023-01-01 00:00:00,0.2498,0.017100977,-1,0,0,3.637089289,17.55516739
2023-01-02 00:00:00,0.2535,0.014811849,-1,0,0,3.705773158,17.55516739
2023-01-03 00:00:00,0.2526,-0.003550296,-1,0,0,3.689066271,17.55516739
2023-01-04 00:00:00,0.2675,0.05898654,-1,0,0,3.965658066,17.55516739
2023-01-05 00:00:00,0.2691,0.005981308,-1,0,0,3.995359198,17.55516739
2023-01-06 00:00:00,0.2784,0.034559643,-1,0,0,4.16799703,17.55516739
2023-01-07 00:00:00,0.2766,-0.006465517,-1,0,0,4.134583256,17.55516739
2023-01-08 00:00:00,0.2975,0.075560376,-1,0,0,4.522554297,17.55516739
2023-01-09 00:00:00,0.3168,0.06487395,0,0.5,0,4.880824206,17.55516739
2023-01-10 00:00:00,0.3223,0.017361111,0,0.5,0.008680556,4.982921849,17.71623655
2023-01-11 00:00:00,0.323,0.00217189,0,0.5,0.001085945,4.995916094,17.73656135
2023-01-12 00:00:00,0.3293,0.019504644,0,0.5,0.009752322,5.112864303,17.91928633
2023-01-13 00:00:00,0.3455,0.049195263,0,0.5,0.024597631,5.413588268,18.38465596
2023-01-14 00:00:00,0.3525,0.020260492,0,0.5,0.010130246,5.543530722,18.5810273
2023-01-15 00:00:00,0.351,-0.004255319,0,0.5,-0.00212766,5.515685911,18.53936554
2023-01-16 00:00:00,0.3503,-0.001994302,0,0.5,-0.000997151,5.502691665,18.51988184
2023-01-17 00:00:00,0.3455,-0.013702541,0,0.5,-0.00685127,5.413588268,18.38614585
2023-01-18 00:00:00,0.3265,-0.054992764,0,0.5,-0.027496382,5.060887321,17.85309698
2023-01-19 00:00:00,0.338,0.035222052,0,0.5,0.017611026,5.27436421,18.18511936
2023-01-20 00:00:00,0.365,0.079881657,0,0.5,0.039940828,5.775570819,18.95138892
2023-01-21 00:00:00,0.3687,0.010136986,0,0.5,0.005068493,5.844254687,19.0525124
2023-01-22 00:00:00,0.3764,0.020884188,0,0.5,0.010442094,5.987191387,19.26190262
2023-01-23 00:00:00,0.375,-0.003719447,0,0.5,-0.001859724,5.961202896,19.22422107
2023-01-24 00:00:00,0.3587,-0.043466667,0,0.5,-0.021733333,5.65862261,18.78468134
2023-01-25 00:00:00,0.3733,0.040702537,0,0.5,0.020351268,5.929645443,19.1873247
2023-01-26 00:00:00,0.3796,0.016876507,0,0.5,0.008438253,6.046593651,19.35767046
2023-01-27 00:00:00,0.39,0.02739726,0,0.5,0.01369863,6.239651012,19.63654266
2023-01-28 00:00:00,0.3818,-0.021025641,0,0.5,-0.010512821,6.087432708,19.41959439
2023-01-29 00:00:00,0.3977,0.04164484,0,0.5,0.02082242,6.382587711,19.84477976
2023-01-30 00:00:00,0.3723,-0.063867237,0,0.5,-0.031933618,5.911082235,19.17913052
2023-01-31 00:00:00,0.3901,0.047810905,0,0.5,0.023905453,6.241507332,19.66152177
2023-02-01 00:00:00,0.397,0.017687772,0,0.5,0.008843886,6.369593466,19.84424992
2023-02-02 00:00:00,0.3983,0.003274559,0,0.5,0.00163728,6.393725636,19.87837778
2023-02-03 00:00:00,0.404,0.014310821,0,0.5,0.00715541,6.49953592,20.02777114
2023-02-04 00:00:00,0.3993,-0.011633663,0,0.5,-0.005816832,6.412288844,19.90545614
2023-02-05 00:00:00,0.3922,-0.017781117,0,0.5,-0.008890558,6.280490069,19.71959496
2023-02-06 00:00:00,0.382,-0.026007139,0,0.5,-0.01300357,6.09114535,19.45016626
2023-02-07 00:00:00,0.3989,0.044240838,0,0.5,0.022120419,6.40486356,19.90253251
2023-02-08 00:00:00,0.3944,-0.011281023,1,1,-0.005640511,6.321329126,19.78463153
2023-02-09 00:00:00,0.362,-0.082150101,0,0.5,-0.082150101,5.719881195,18.07717195
2023-02-10 00:00:00,0.3577,-0.011878453,0,0.5,-0.005939227,5.640059402,17.9638683
2023-02-11 00:00:00,0.3683,0.029633771,1,1,0.014816886,5.836829404,18.24485377
2023-02-12 00:00:00,0.3641,-0.011403747,1,1,-0.011403747,5.758863932,18.02539033
2023-02-13 00:00:00,0.3589,-0.014281791,0,0.5,-0.014281791,5.662335252,17.75367368
2023-02-14 00:00:00,0.3867,0.077458902,1,1,0.038729451,6.178392426,18.47999317
2023-02-15 00:00:00,0.4193,0.084303077,1,1,0.084303077,6.783552998,20.12221654
2023-02-16 00:00:00,0.3875,-0.075840687,1,1,-0.075840687,6.193242992,18.52029313
2023-02-17 00:00:00,0.4033,0.040774194,1,1,0.040774194,6.486541674,19.31621734
2023-02-18 00:00:00,0.4061,0.006942723,1,1,0.006942723,6.538518656,19.4572672
2023-02-19 00:00:00,0.3994,-0.016498399,1,1,-0.016498399,6.414145164,19.11975504
2023-02-20 00:00:00,0.404,0.011517276,1,1,0.011517276,6.49953592,19.35147981
2023-02-21 00:00:00,0.3925,-0.028465347,1,1,-0.028465347,6.286059031,18.77216788
2023-02-22 00:00:00,0.3889,-0.009171975,0,0.5,-0.009171975,6.219231483,18.59081806
2023-02-23 00:00:00,0.3822,-0.017228079,0,0.5,-0.00861404,6.094857991,18.42206198
2023-02-24 00:00:00,0.3656,-0.043432758,-1,0,-0.021716379,5.786708743,18.00028512
2023-02-25 00:00:00,0.3617,-0.010667396,-1,0,0,5.714312233,18.00028512
2023-02-26 00:00:00,0.3688,0.019629527,-1,0,0,5.846111008,18.00028512
2023-02-27 00:00:00,0.3646,-0.011388286,-1,0,0,5.768145536,18.00028512
2023-02-28 00:00:00,0.3516,-0.035655513,-1,0,0,5.526823835,18.00028512
2023-03-01 00:00:00,0.3599,0.023606371,-1,0,0,5.680898459,18.00028512
2023-03-02 00:00:00,0.3502,-0.026951931,-1,0,0,5.500835344,18.00028512
2023-03-03 00:00:00,0.3428,-0.021130782,-1,0,0,5.363467607,18.00028512
2023-03-04 00:00:00,0.3364,-0.018669778,-1,0,0,5.244663078,18.00028512
2023-03-05 00:00:00,0.3367,0.000891795,-1,0,0,5.25023204,18.00028512
2023-03-06 00:00:00,0.3302,-0.019305019,-1,0,0,5.12957119,18.00028512
2023-03-07 00:00:00,0.3303,0.000302847,-1,0,0,5.131427511,18.00028512
2023-03-08 00:00:00,0.3175,-0.038752649,-1,0,0,4.893818452,18.00028512
2023-03-09 00:00:00,0.3097,-0.024566929,-1,0,0,4.749025432,18.00028512
2023-03-10 00:00:00,0.3146,0.015821763,-1,0,0,4.839985149,18.00028512
2023-03-11 00:00:00,0.3049,-0.030832804,-1,0,0,4.659922035,18.00028512
2023-03-12 00:00:00,0.33,0.082322073,-1,0,0,5.125858548,18.00028512
2023-03-13 00:00:00,0.3433,0.04030303,0,0.5,0,5.372749211,18.00028512
2023-03-14 00:00:00,0.3431,-0.000582581,0,0.5,-0.00029129,5.36903657,17.99475052
2023-03-15 00:00:00,0.324,-0.055668901,-1,0,-0.027834451,5.014479302,17.46604208
2023-03-16 00:00:00,0.3246,0.001851852,-1,0,0,5.025617227,17.46604208
2023-03-17 00:00:00,0.3494,0.076401725,0,0.5,0,5.485984778,17.46604208
2023-03-18 00:00:00,0.3371,-0.035203205,0,0.5,-0.017601603,5.257657323,17.14101014
2023-03-19 00:00:00,0.3447,0.022545239,0,0.5,0.011272619,5.398737702,17.34550684
2023-03-20 00:00:00,0.332,-0.036843632,0,0.5,-0.018421816,5.162984964,17.00754929
2023-03-21 00:00:00,0.3694,0.112650602,0,0.5,0.056325301,5.857248933,18.02182993
2023-03-22 00:00:00,0.3595,-0.026800217,0,0.5,-0.013400108,5.673473176,17.76693535
2023-03-23 00:00:00,0.3715,0.033379694,0,0.5,0.016689847,5.896231669,18.08015263
2023-03-24 00:00:00,0.3596,-0.032032301,0,0.5,-0.016016151,5.675329497,17.77456203
2023-03-25 00:00:00,0.351,-0.023915462,0,0.5,-0.011957731,5.515685911,17.55006087
2023-03-26 00:00:00,0.3555,0.012820513,0,0.5,0.006410256,5.599220345,17.66897151
2023-03-27 00:00:00,0.3452,-0.028973277,0,0.5,-0.014486639,5.408019306,17.39852087
2023-03-28 00:00:00,0.3679,0.06575898,0,0.5,0.03287949,5.829404121,18.00345486
2023-03-29 00:00:00,0.3809,0.035335689,1,1,0.017667845,6.070725821,18.33920494
2023-03-30 00:00:00,0.3758,-0.013389341,1,1,-0.013389341,5.976053462,18.08026573
2023-03-31 00:00:00,0.399,0.061734965,1,1,0.061734965,6.406719881,19.25818528
2023-04-01 00:00:00,0.3919,-0.017794486,1,1,-0.017794486,6.274921106,18.89770128
2023-04-02 00:00:00,0.3813,-0.027047716,1,1,-0.027047716,6.078151105,18.3595139
2023-04-03 00:00:00,0.387,0.014948859,1,1,0.014948859,6.183961389,18.64891655
2023-04-04 00:00:00,0.3892,0.005684755,1,1,0.005684755,6.224800446,18.76061581
2023-04-05 00:00:00,0.3921,0.007451182,1,1,0.007451182,6.278633748,18.90785576
2023-04-06 00:00:00,0.3829,-0.023463402,1,1,-0.023463402,6.107852237,18.44074973
2023-04-07 00:00:00,0.3832,0.000783494,1,1,0.000783494,6.113421199,18.45598145
2023-04-08 00:00:00,0.385,0.004697286,1,1,0.004697286,6.146834973,18.54737176
2023-04-09 00:00:00,0.3891,0.010649351,1,1,0.010649351,6.222944125,18.75553857
2023-04-10 00:00:00,0.397,0.020303264,1,1,0.020303264,6.369593466,19.15664049
2023-04-11 00:00:00,0.4012,0.010579345,1,1,0.010579345,6.447558938,19.36988454
2023-04-12 00:00:00,0.4047,0.008723829,1,1,0.008723829,6.512530165,19.54758792
2023-04-13 00:00:00,0.4251,0.050407709,1,1,0.050407709,6.891219603,20.58334477
2023-04-14 00:00:00,0.4378,0.029875323,1,1,0.029875323,7.126972341,21.22815417
2023-04-15 00:00:00,0.4525,0.033576976,1,1,0.033576976,7.399851494,21.97450837
2023-04-16 00:00:00,0.4514,-0.002430939,1,1,-0.002430939,7.379431966,21.91865873
2023-04-17 00:00:00,0.4345,-0.037439078,1,1,-0.037439078,7.065713755,21.06060527
2023-04-18 00:00:00,0.4434,0.020483314,1,1,0.020483314,7.230926304,21.51247958
2023-04-19 00:00:00,0.4162,-0.061344159,1,1,-0.061344159,6.726007054,20.13147046
2023-04-20 00:00:00,0.4005,-0.037722249,1,1,-0.037722249,6.434564693,19.33434387
2023-04-21 00:00:00,0.382,-0.04619226,1,1,-0.04619226,6.09114535,18.39505458
2023-04-22 00:00:00,0.3954,0.035078534,1,1,0.035078534,6.339892333,19.07540466
2023-04-23 00:00:00,0.3885,-0.017450683,1,1,-0.017450683,6.2118062,18.72507514
2023-04-24 00:00:00,0.3832,-0.013642214,1,1,-0.013642214,6.113421199,18.45598145
2023-04-25 00:00:00,0.3942,0.028705637,1,1,0.028705637,6.317616484,19.01447779
2023-04-26 00:00:00,0.401,0.017250127,1,1,0.017250127,6.443846297,19.35973007
2023-04-27 00:00:00,0.4096,0.021446384,1,1,0.021446384,6.603489883,19.79637266
2023-04-28 00:00:00,0.4042,-0.013183594,1,1,-0.013183594,6.503248561,19.52220173
2023-04-29 00:00:00,0.4022,-0.004948046,1,1,-0.004948046,6.466122146,19.42065694
2023-04-30 00:00:00,0.3953,-0.017155644,0,0.5,-0.017155644,6.338036013,19.07032742
2023-05-01 00:00:00,0.3864,-0.022514546,0,0.5,-0.011257273,6.172823464,18.84439026
2023-05-02 00:00:00,0.3914,0.012939959,1,1,0.006469979,6.265639503,18.97278306
2023-05-03 00:00:00,0.3939,0.006387328,1,1,0.006387328,6.312047522,19.10035577
2023-05-04 00:00:00,0.387,-0.017517136,0,0.5,-0.017517136,6.183961389,18.74825509
2023-05-05 00:00:00,0.3938,0.017571059,1,1,0.00878553,6.310191201,18.92175398
2023-05-06 00:00:00,0.3785,-0.038852209,0,0.5,-0.038852209,6.026174123,18.14774982
2023-05-07 00:00:00,0.3759,-0.006869221,0,0.5,-0.00343461,5.977909783,18.08198476
2023-05-08 00:00:00,0.3651,-0.028731045,0,0.5,-0.014365523,5.777427139,17.80786208
2023-05-09 00:00:00,0.3629,-0.006025746,0,0.5,-0.003012873,5.736588082,17.75119637
2023-05-10 00:00:00,0.3689,0.01653348,0,0.5,0.00826674,5.847967329,17.90620764
2023-05-11 00:00:00,0.3596,-0.025210084,0,0.5,-0.012605042,5.675329497,17.6678941
2023-05-12 00:00:00,0.3701,0.02919911,0,0.5,0.014599555,5.870243178,17.94043705
2023-05-13 00:00:00,0.3644,-0.015401243,0,0.5,-0.007700621,5.764432894,17.79458391
2023-05-14 00:00:00,0.3707,0.017288694,0,0.5,0.008644347,5.881381103,17.95705081
2023-05-15 00:00:00,0.3667,-0.010790397,0,0.5,-0.005395198,5.807128272,17.85477377
2023-05-16 00:00:00,0.3682,0.004090537,0,0.5,0.002045269,5.834973083,17.89333684
2023-05-17 00:00:00,0.3755,0.019826181,0,0.5,0.009913091,5.9704845,18.08062821
2023-05-18 00:00:00,0.3712,-0.011451398,0,0.5,-0.005725699,5.890662707,17.97137827
2023-05-19 00:00:00,0.3678,-0.009159483,0,0.5,-0.004579741,5.8275478,17.88449426
2023-05-20 00:00:00,0.366,-0.004893964,0,0.5,-0.002446982,5.794134026,17.83828425
2023-05-21 00:00:00,0.3601,-0.016120219,-1,0,-0.008060109,5.684611101,17.68644562
2023-05-22 00:00:00,0.3677,0.021105249,-1,0,0,5.825691479,17.68644562
2023-05-23 00:00:00,0.3702,0.006799021,-1,0,0,5.872099499,17.68644562
2023-05-24 00:00:00,0.3637,-0.017558077,0,0.5,0,5.751438649,17.68644562
2023-05-25 00:00:00,0.3579,-0.015947209,-1,0,-0.007973605,5.643772044,17.53744729
2023-05-26 00:00:00,0.3625,0.012852752,-1,0,0,5.729162799,17.53744729
2023-05-27 00:00:00,0.3666,0.011310345,-1,0,0,5.805271951,17.53744729
2023-05-28 00:00:00,0.3827,0.043917076,0,0.5,0,6.104139595,17.53744729
2023-05-29 00:00:00,0.3788,-0.01019075,-1,0,-0.005095375,6.031743085,17.44299204
2023-05-30 00:00:00,0.3776,-0.003167899,0,0.5,0,6.009467236,17.44299204
2023-05-31 00:00:00,0.3743,-0.008739407,-1,0,-0.004369703,5.94820865,17.36240164
2023-06-01 00:00:00,0.3641,-0.027250868,-1,0,0,5.758863932,17.36240164
2023-06-02 00:00:00,0.3781,0.038450975,-1,0,0,6.01874884,17.36240164
2023-06-03 00:00:00,0.3761,-0.005289606,-1,0,0,5.981622424,17.36240164
2023-06-04 00:00:00,0.3773,0.003190641,-1,0,0,6.003898274,17.36240164
2023-06-05 00:00:00,0.3511,-0.069440763,-1,0,0,5.517542231,17.36240164
2023-06-06 00:00:00,0.3528,0.004841925,-1,0,0,5.549099684,17.36240164
2023-06-07 00:00:00,0.322,-0.087301587,-1,0,0,4.977352887,17.36240164
2023-06-08 00:00:00,0.3227,0.002173913,-1,0,0,4.990347132,17.36240164
2023-06-09 00:00:00,0.2948,-0.086458011,-1,0,0,4.472433637,17.36240164
2023-06-10 00:00:00,0.2744,-0.069199457,-1,0,0,4.093744199,17.36240164
2023-06-11 00:00:00,0.2717,-0.00983965,-1,0,0,4.043623538,17.36240164
2023-06-12 00:00:00,0.2745,0.010305484,-1,0,0,4.09560052,17.36240164
2023-06-13 00:00:00,0.275,0.001821494,-1,0,0,4.104882124,17.36240164
2023-06-14 00:00:00,0.2632,-0.042909091,-1,0,0,3.885836273,17.36240164
2023-06-15 00:00:00,0.2619,-0.00493921,-1,0,0,3.861704102,17.36240164
2023-06-16 00:00:00,0.263,0.004200076,-1,0,0,3.882123631,17.36240164
2023-06-17 00:00:00,0.2665,0.013307985,-1,0,0,3.947094858,17.36240164
2023-06-18 00:00:00,0.2607,-0.021763602,-1,0,0,3.839428253,17.36240164
2023-06-19 00:00:00,0.2631,0.009205984,-1,0,0,3.883979952,17.36240164
2023-06-20 00:00:00,0.2703,0.027366021,-1,0,0,4.017635047,17.36240164
2023-06-21 00:00:00,0.286,0.058083611,-1,0,0,4.309077409,17.36240164
2023-06-22 00:00:00,0.2897,0.012937063,-1,0,0,4.377761277,17.36240164
2023-06-23 00:00:00,0.2965,0.023472558,-1,0,0,4.50399109,17.36240164
2023-06-24 00:00:00,0.2892,-0.024620573,-1,0,0,4.368479673,17.36240164
2023-06-25 00:00:00,0.2918,0.008990318,-1,0,0,4.416744013,17.36240164
2023-06-26 00:00:00,0.2802,-0.039753256,-1,0,0,4.201410804,17.36240164
2023-06-27 00:00:00,0.2865,0.02248394,-1,0,0,4.318359012,17.36240164
2023-06-28 00:00:00,0.2667,-0.069109948,-1,0,0,3.9508075,17.36240164
2023-06-29 00:00:00,0.275,0.03112111,-1,0,0,4.104882124,17.36240164
2023-06-30 00:00:00,0.2868,0.042909091,-1,0,0,4.323927975,17.36240164
2023-07-01 00:00:00,0.2922,0.018828452,-1,0,0,4.424169296,17.36240164
2023-07-02 00:00:00,0.2915,-0.002395619,-1,0,0,4.411175051,17.36240164
2023-07-03 00:00:00,0.2966,0.017495712,-1,0,0,4.50584741,17.36240164
2023-07-04 00:00:00,0.2923,-0.01449764,-1,0,0,4.426025617,17.36240164
2023-07-05 00:00:00,0.2837,-0.029421827,-1,0,0,4.266382031,17.36240164
2023-07-06 00:00:00,0.2783,-0.019034191,-1,0,0,4.166140709,17.36240164
2023-07-07 00:00:00,0.2843,0.021559468,-1,0,0,4.277519955,17.36240164
2023-07-08 00:00:00,0.2904,0.021456208,-1,0,0,4.390755523,17.36240164
2023-07-09 00:00:00,0.2842,-0.021349862,-1,0,0,4.275663635,17.36240164
2023-07-10 00:00:00,0.2876,0.011963406,0,0.5,0,4.338778541,17.36240164
2023-07-11 00:00:00,0.2927,0.017732962,0,0.5,0.008866481,4.4334509,17.52521153
2023-07-12 00:00:00,0.2888,-0.013324223,0,0.5,-0.006662111,4.36105439,17.4017945
2023-07-13 00:00:00,0.3565,0.234418283,1,1,0.117209141,5.617783553,19.55865304
2023-07-14 00:00:00,0.3279,-0.080224404,1,1,-0.080224404,5.086875812,17.90934735
2023-07-15 00:00:00,0.3257,-0.006709363,0,0.5,-0.006709363,5.046036755,17.78247768
2023-07-16 00:00:00,0.3141,-0.035615597,0,0.5,-0.017807799,4.830703546,17.4480031
2023-07-17 00:00:00,0.3118,-0.007322509,0,0.5,-0.003661254,4.788008168,17.38046027
2023-07-18 00:00:00,0.3092,-0.008338679,0,0.5,-0.004169339,4.739743828,17.30382589
2023-07-19 00:00:00,0.3224,0.042690815,0,0.5,0.021345408,4.98477817,17.69452852
2023-07-20 00:00:00,0.3159,-0.02016129,0,0.5,-0.010080645,4.864117319,17.50607561
2023-07-21 00:00:00,0.3125,-0.0107629,0,0.5,-0.00538145,4.801002413,17.40648609
2023-07-22 00:00:00,0.3099,-0.00832,0,0.5,-0.00416,4.752738073,17.32991511
2023-07-23 00:00:00,0.3169,0.022587932,0,0.5,0.011293966,4.882680527,17.53693254
2023-07-24 00:00:00,0.305,-0.037551278,0,0.5,-0.018775639,4.661778355,17.18888979
2023-07-25 00:00:00,0.3036,-0.004590164,0,0.5,-0.002295082,4.635789864,17.1471448
2023-07-26 00:00:00,0.3065,0.009552042,0,0.5,0.004776021,4.689623167,17.23381594
2023-07-27 00:00:00,0.3076,0.003588907,0,0.5,0.001794454,4.710042695,17.26653568
2023-07-28 00:00:00,0.3097,0.006827048,0,0.5,0.003413524,4.749025432,17.32888894
2023-07-29 00:00:00,0.3129,0.01033258,0,0.5,0.00516629,4.808427696,17.42358129
2023-07-30 00:00:00,0.3156,0.008628955,0,0.5,0.004314477,4.858548357,17.50306942
2023-07-31 00:00:00,0.3069,-0.02756654,0,0.5,-0.01378327,4.69704845,17.24803662
2023-08-01 00:00:00,0.3102,0.010752688,0,0.5,0.005376344,4.758307035,17.34614434
2023-08-02 00:00:00,0.2992,-0.035460993,0,0.5,-0.017730496,4.554111751,17.02085809
2023-08-03 00:00:00,0.292,-0.024064171,-1,0,-0.012032086,4.420456655,16.80402959
2023-08-04 00:00:00,0.2933,0.004452055,0,0.5,0,4.444588825,16.80402959
2023-08-05 00:00:00,0.2937,0.001363791,0,0.5,0.000681896,4.452014108,16.81617008
2023-08-06 00:00:00,0.2921,-0.005447736,0,0.5,-0.002723868,4.422312976,16.76764118
2023-08-07 00:00:00,0.2909,-0.004108182,0,0.5,-0.002054091,4.400037126,16.73114483
2023-08-08 00:00:00,0.2973,0.022000688,0,0.5,0.011000344,4.518841656,16.92619352
2023-08-09 00:00:00,0.3013,0.013454423,0,0.5,0.006727212,4.593094487,17.04678682
2023-08-10 00:00:00,0.2962,-0.016926651,0,0.5,-0.008463326,4.498422127,16.89405098
2023-08-11 00:00:00,0.2931,-0.010465901,0,0.5,-0.005232951,4.440876183,16.8004123
2023-08-12 00:00:00,0.2917,-0.004776527,-1,0,-0.002388263,4.414887693,16.75790022
2023-08-13 00:00:00,0.2893,-0.008227631,-1,0,0,4.370335994,16.75790022
2023-08-14 00:00:00,0.2904,0.003802281,-1,0,0,4.390755523,16.75790022
2023-08-15 00:00:00,0.2818,-0.029614325,-1,0,0,4.231111936,16.75790022
2023-08-16 00:00:00,0.2746,-0.025550035,-1,0,0,4.097456841,16.75790022
2023-08-17 00:00:00,0.2549,-0.071740714,-1,0,0,3.731761648,16.75790022
2023-08-18 00:00:00,0.2636,0.034131032,-1,0,0,3.893261556,16.75790022
2023-08-19 00:00:00,0.2686,0.018968134,-1,0,0,3.986077594,16.75790022
2023-08-20 00:00:00,0.2701,0.005584512,-1,0,0,4.013922406,16.75790022
2023-08-21 00:00:00,0.2627,-0.02739726,-1,0,0,3.876554669,16.75790022
2023-08-22 00:00:00,0.2583,-0.016749144,-1,0,0,3.794876555,16.75790022
2023-08-23 00:00:00,0.2679,0.037166086,-1,0,0,3.973083349,16.75790022
2023-08-24 00:00:00,0.2656,-0.008585293,-1,0,0,3.930387971,16.75790022
2023-08-25 00:00:00,0.261,-0.017319277,-1,0,0,3.844997216,16.75790022
2023-08-26 00:00:00,0.2607,-0.001149425,-1,0,0,3.839428253,16.75790022
2023-08-27 00:00:00,0.2631,0.009205984,-1,0,0,3.883979952,16.75790022
2023-08-28 00:00:00,0.2674,0.016343596,-1,0,0,3.963801745,16.75790022
2023-08-29 00:00:00,0.2724,0.018698579,-1,0,0,4.056617784,16.75790022
2023-08-30 00:00:00,0.2652,-0.026431718,-1,0,0,3.922962688,16.75790022
2023-08-31 00:00:00,0.2553,-0.037330317,-1,0,0,3.739186932,16.75790022
2023-09-01 00:00:00,0.2548,-0.00195848,-1,0,0,3.729905328,16.75790022
2023-09-02 00:00:00,0.256,0.004709576,-1,0,0,3.752181177,16.75790022
2023-09-03 00:00:00,0.2557,-0.001171875,-1,0,0,3.746612215,16.75790022
2023-09-04 00:00:00,0.2561,0.001564333,-1,0,0,3.754037498,16.75790022
2023-09-05 00:00:00,0.2577,0.00624756,-1,0,0,3.78373863,16.75790022
2023-09-06 00:00:00,0.2576,-0.000388048,-1,0,0,3.781882309,16.75790022
2023-09-07 00:00:00,0.2578,0.000776398,-1,0,0,3.785594951,16.75790022
2023-09-08 00:00:00,0.2542,-0.013964313,-1,0,0,3.718767403,16.75790022
2023-09-09 00:00:00,0.253,-0.004720692,-1,0,0,3.696491554,16.75790022
2023-09-10 00:00:00,0.2488,-0.016600791,-1,0,0,3.618526081,16.75790022
2023-09-11 00:00:00,0.2419,-0.027733119,-1,0,0,3.490439948,16.75790022
2023-09-12 00:00:00,0.2454,0.014468789,-1,0,0,3.555411175,16.75790022
2023-09-13 00:00:00,0.2485,0.012632437,-1,0,0,3.612957119,16.75790022
2023-09-14 00:00:00,0.2512,0.010865191,-1,0,0,3.66307778,16.75790022
2023-09-15 00:00:00,0.2504,-0.003184713,-1,0,0,3.648227214,16.75790022
2023-09-16 00:00:00,0.2501,-0.001198083,-1,0,0,3.642658251,16.75790022
2023-09-17 00:00:00,0.2468,-0.013194722,-1,0,0,3.581399666,16.75790022
2023-09-18 00:00:00,0.2514,0.018638574,-1,0,0,3.666790421,16.75790022
2023-09-19 00:00:00,0.2546,0.012728719,-1,0,0,3.726192686,16.75790022
2023-09-20 00:00:00,0.2514,-0.012568735,-1,0,0,3.666790421,16.75790022
2023-09-21 00:00:00,0.2448,-0.026252983,-1,0,0,3.54427325,16.75790022
2023-09-22 00:00:00,0.2448,0,-1,0,0,3.54427325,16.75790022
2023-09-23 00:00:00,0.2459,0.004493464,-1,0,0,3.564692779,16.75790022
2023-09-24 00:00:00,0.2425,-0.013826759,-1,0,0,3.501577873,16.75790022
2023-09-25 00:00:00,0.2457,0.013195876,-1,0,0,3.560980137,16.75790022
2023-09-26 00:00:00,0.2453,-0.001628002,-1,0,0,3.553554854,16.75790022
2023-09-27 00:00:00,0.2446,-0.002853649,-1,0,0,3.540560609,16.75790022
2023-09-28 00:00:00,0.2489,0.017579722,-1,0,0,3.620382402,16.75790022
2023-09-29 00:00:00,0.2492,0.001205303,-1,0,0,3.625951364,16.75790022
2023-09-30 00:00:00,0.2538,0.018459069,-1,0,0,3.71134212,16.75790022
2023-10-01 00:00:00,0.2658,0.047281324,0,0.5,0,3.934100613,16.75790022
2023-10-02 00:00:00,0.2589,-0.025959368,0,0.5,-0.012979684,3.806014479,16.52740829
2023-10-03 00:00:00,0.2608,0.007338741,0,0.5,0.00366937,3.841284574,16.59172284
2023-10-04 00:00:00,0.2588,-0.007668712,0,0.5,-0.003834356,3.804158159,16.52426992
2023-10-05 00:00:00,0.2601,0.005023184,0,0.5,0.002511592,3.828290329,16.56828374
2023-10-06 00:00:00,0.2645,0.016916571,0,0.5,0.008458285,3.909968443,16.71688129
2023-10-07 00:00:00,0.2585,-0.02268431,0,0.5,-0.011342155,3.798589196,16.51593368
2023-10-08 00:00:00,0.2561,-0.009284333,0,0.5,-0.004642166,3.754037498,16.4346218
2023-10-09 00:00:00,0.2511,-0.019523624,-1,0,-0.009761812,3.661221459,16.2644283
2023-10-10 00:00:00,0.2489,-0.00876145,0,0.5,0,3.620382402,16.2644283
2023-10-11 00:00:00,0.2479,-0.004017678,0,0.5,-0.002008839,3.601819194,16.22974685
2023-10-12 00:00:00,0.2458,-0.008471158,0,0.5,-0.004235579,3.562836458,16.1567689
2023-10-13 00:00:00,0.2457,-0.000406835,-1,0,-0.000203417,3.560980137,16.15327891
2023-10-14 00:00:00,0.2467,0.004070004,-1,0,0,3.579543345,16.15327891
2023-10-15 00:00:00,0.2471,0.001621403,-1,0,0,3.586968628,16.15327891
2023-10-16 00:00:00,0.2511,0.016187778,0,0.5,0,3.661221459,16.15327891
2023-10-17 00:00:00,0.2462,-0.019514138,-1,0,-0.009757069,3.570261741,15.98591319
2023-10-18 00:00:00,0.2427,-0.014216084,-1,0,0,3.505290514,15.98591319
2023-10-19 00:00:00,0.2469,0.017305315,-1,0,0,3.583255987,15.98591319
2023-10-20 00:00:00,0.2511,0.017010936,-1,0,0,3.661221459,15.98591319
2023-10-21 00:00:00,0.2585,0.029470331,0,0.5,0,3.798589196,15.98591319
2023-10-22 00:00:00,0.2639,0.020889749,0,0.5,0.010444874,3.898830518,16.16332891
2023-10-23 00:00:00,0.2809,0.06441834,0,0.5,0.03220917,4.214405049,16.71614549
2023-10-24 00:00:00,0.2791,-0.006407974,0,0.5,-0.003203987,4.180991275,16.65938319
2023-10-25 00:00:00,0.2808,0.006091007,0,0.5,0.003045503,4.212548728,16.7131649
2023-10-26 00:00:00,0.2872,0.022792023,1,1,0.011396011,4.331353258,16.91502433
2023-10-27 00:00:00,0.2893,0.007311978,1,1,0.007311978,4.370335994,17.04601859
2023-10-28 00:00:00,0.2907,0.004839267,1,1,0.004839267,4.396324485,17.1333481
2023-10-29 00:00:00,0.2955,0.016511868,1,1,0.016511868,4.485427882,17.43276355
2023-10-30 00:00:00,0.3031,0.02571912,1,1,0.02571912,4.626508261,17.90683801
2023-10-31 00:00:00,0.293,-0.033322336,0,0.5,-0.033322336,4.439019863,17.276818
2023-11-01 00:00:00,0.3075,0.049488055,1,1,0.024744027,4.708186375,17.72906008
2023-11-02 00:00:00,0.3233,0.051382114,1,1,0.051382114,5.001485057,18.69139878
2023-11-03 00:00:00,0.3292,0.018249304,1,1,0.018249304,5.111007982,19.0507531
2023-11-04 00:00:00,0.3279,-0.003948967,1,1,-0.003948967,5.086875812,18.97157334
2023-11-05 00:00:00,0.342,0.043000915,1,1,0.043000915,5.348617041,19.83036926
2023-11-06 00:00:00,0.3628,0.060818713,1,1,0.060818713,5.734731762,21.09724552
2023-11-07 00:00:00,0.3514,-0.031422271,1,1,-0.031422271,5.523111194,20.40289988
2023-11-08 00:00:00,0.3579,0.018497439,1,1,0.018497439,5.643772044,20.79879871
2023-11-09 00:00:00,0.3685,0.029617212,1,1,0.029617212,5.840542046,21.44441834
2023-11-10 00:00:00,0.3863,0.048303935,1,1,0.048303935,6.170967143,22.52857207
2023-11-11 00:00:00,0.3849,-0.003624126,1,1,-0.003624126,6.144978652,22.44330155
2023-11-12 00:00:00,0.3838,-0.002857885,1,1,-0.002857885,6.124559124,22.37630328
2023-11-13 00:00:00,0.357,-0.069828035,1,1,-0.069828035,5.627065157,20.74398195
2023-11-14 00:00:00,0.358,0.00280112,1,1,0.00280112,5.645628365,20.80488946
2023-11-15 00:00:00,0.3789,0.058379888,1,1,0.058379888,6.033599406,22.07785647
2023-11-16 00:00:00,0.3707,-0.021641594,1,1,-0.021641594,5.881381103,21.57841487
2023-11-17 00:00:00,0.3671,-0.009711357,1,1,-0.009711357,5.814553555,21.35914783
2023-11-18 00:00:00,0.3773,0.027785345,1,1,0.027785345,6.003898274,21.98040445
2023-11-19 00:00:00,0.3841,0.018022794,1,1,0.018022794,6.130128086,22.39457554
2023-11-20 00:00:00,0.3806,-0.00911221,1,1,-0.00911221,6.065156859,22.18139924
2023-11-21 00:00:00,0.3567,-0.062795586,1,1,-0.062795586,5.621496195,20.7257097
2023-11-22 00:00:00,0.3804,0.066442389,1,1,0.066442389,6.061444218,22.16921774
2023-11-23 00:00:00,0.3874,0.018401682,1,1,0.018401682,6.191386672,22.59557033
2023-11-24 00:00:00,0.3861,-0.003355705,1,1,-0.003355705,6.167254502,22.51639056
2023-11-25 00:00:00,0.3942,0.020979021,1,1,0.020979021,6.317616484,23.00974141
2023-11-26 00:00:00,0.3873,-0.017503805,1,1,-0.017503805,6.189530351,22.58947958
2023-11-27 00:00:00,0.3777,-0.024786987,1,1,-0.024786987,6.011323557,22.00476746
2023-11-28 00:00:00,0.3859,0.021710352,1,1,0.021710352,6.16354186,22.50420906
2023-11-29 00:00:00,0.3818,-0.010624514,1,1,-0.010624514,6.087432708,22.25448826
2023-11-30 00:00:00,0.3759,-0.015453117,1,1,-0.015453117,5.977909783,21.89513394
2023-12-01 00:00:00,0.3845,0.022878425,1,1,0.022878425,6.137553369,22.41893854
2023-12-02 00:00:00,0.3982,0.035630689,1,1,0.035630689,6.391869315,23.25337146
2023-12-03 00:00:00,0.3952,-0.007533903,1,1,-0.007533903,6.336179692,23.07064893
2023-12-04 00:00:00,0.4071,0.030111336,1,1,0.030111336,6.557081864,23.79544832
2023-12-05 00:00:00,0.4261,0.046671579,1,1,0.046671579,6.90978281,24.95269106
2023-12-06 00:00:00,0.4433,0.040366111,1,1,0.040366111,7.229069983,26.00030028
2023-12-07 00:00:00,0.4558,0.028197609,1,1,0.028197609,7.46111008,26.76164418
2023-12-08 00:00:00,0.546,0.197893813,1,1,0.197893813,9.135511416,32.25550181
2023-12-09 00:00:00,0.5796,0.061538462,1,1,0.061538462,9.759235196,34.30199422
2023-12-10 00:00:00,0.595,0.026570048,1,1,0.026570048,10.04510859,35.23996992
2023-12-11 00:00:00,0.5512,-0.073613445,1,1,-0.073613445,9.232040097,32.57222087
2023-12-12 00:00:00,0.579,0.050435414,1,1,0.050435414,9.748097271,34.26544972
2023-12-13 00:00:00,0.6683,0.154231434,1,1,0.154231434,11.40579172,39.70449058
2023-12-14 00:00:00,0.6436,-0.036959449,1,1,-0.036959449,10.94728049,38.20007502
2023-12-15 00:00:00,0.6008,-0.066500932,1,1,-0.066500932,10.1527752,35.59323349
2023-12-16 00:00:00,0.6081,0.012150466,1,1,0.012150466,10.28828662,36.03785833
2023-12-17 00:00:00,0.5809,-0.044729485,1,1,-0.044729485,9.783367366,34.38117399
2023-12-18 00:00:00,0.602,0.036322947,1,1,0.036322947,10.17505105,35.6663225
2023-12-19 00:00:00,0.576,-0.043189369,1,1,-0.043189369,9.692407648,34.08272718
2023-12-20 00:00:00,0.5899,0.024131944,1,1,0.024131944,9.950436235,34.9293416
2023-12-21 00:00:00,0.6359,0.077979319,1,1,0.077979319,10.80434379,37.73108718
2023-12-22 00:00:00,0.6229,-0.020443466,1,1,-0.020443466,10.56302209,36.93928951
2023-12-23 00:00:00,0.6135,-0.015090705,1,1,-0.015090705,10.38852794,36.3667589
2023-12-24 00:00:00,0.5923,-0.034555827,1,1,-0.034555827,9.994987934,35.07551963
2023-12-25 00:00:00,0.6248,0.054870842,1,1,0.054870842,10.59829218,37.05501379
2023-12-26 00:00:00,0.6092,-0.02496799,1,1,-0.02496799,10.30870614,36.10485659
2023-12-27 00:00:00,0.6342,0.041037426,1,1,0.041037426,10.77278634,37.62754441
2023-12-28 00:00:00,0.6164,-0.028066856,1,1,-0.028066856,10.44236124,36.54339068
2023-12-29 00:00:00,0.6085,-0.012816353,1,1,-0.012816353,10.2957119,36.06222133
2023-12-30 00:00:00,0.6014,-0.011668036,1,1,-0.011668036,10.16391312,35.629778
2023-12-31 00:00:00,0.5941,-0.012138344,1,1,-0.012138344,10.02840171,35.18515316
2024-01-01 00:00:00,0.6241,0.050496549,1,1,0.050496549,10.58529794,37.01237853
2024-01-02 00:00:00,0.6058,-0.029322224,1,1,-0.029322224,10.24559124,35.89777105
2024-01-03 00:00:00,0.5568,-0.08088478,1,1,-0.08088478,9.33599406,32.91330294
2024-01-04 00:00:00,0.5697,0.023168103,1,1,0.023168103,9.575459439,33.69900985
2024-01-05 00:00:00,0.541,-0.050377392,1,1,-0.050377392,9.042695378,31.95096424
2024-01-06 00:00:00,0.523,-0.033271719,1,1,-0.033271719,8.708557639,30.85462902
2024-01-07 00:00:00,0.4944,-0.054684512,0,0.5,-0.054684512,8.177649898,29.11267416
2024-01-08 00:00:00,0.541,0.094255663,0,0.5,0.047127832,9.042695378,30.5318192
2024-01-09 00:00:00,0.5123,-0.053049908,0,0.5,-0.026524954,8.509931316,29.69543916
2024-01-10 00:00:00,0.5662,0.10521179,1,1,0.052605895,9.510488212,31.3102002
2024-01-11 00:00:00,0.5821,0.02808195,1,1,0.02808195,9.805643215,32.21753363
2024-01-12 00:00:00,0.5479,-0.058752792,0,0.5,-0.058752792,9.170781511,30.26591079
2024-01-13 00:00:00,0.5491,0.002190181,0,0.5,0.00109509,9.19305736,30.30014979
2024-01-14 00:00:00,0.5251,-0.043707886,0,0.5,-0.021853943,8.747540375,29.61611811
2024-01-15 00:00:00,0.5276,0.004760998,0,0.5,0.002380499,8.793948394,29.68899975
2024-01-16 00:00:00,0.5355,0.014973465,0,0.5,0.007486732,8.940597735,29.91876007
2024-01-17 00:00:00,0.5283,-0.013445378,0,0.5,-0.006722689,8.80694264,29.71090286
2024-01-18 00:00:00,0.5026,-0.048646602,0,0.5,-0.024323301,8.329868201,28.96391232
2024-01-19 00:00:00,0.504,0.002785515,0,0.5,0.001392758,8.355856692,29.00564479
2024-01-20 00:00:00,0.5161,0.024007937,0,0.5,0.012003968,8.580471505,29.3658316
2024-01-21 00:00:00,0.5034,-0.024607634,0,0.5,-0.012303817,8.344718767,28.99221596
2024-01-22 00:00:00,0.4788,-0.0488677,0,0.5,-0.02443385,7.888063857,28.25939066
2024-01-23 00:00:00,0.477,-0.003759398,0,0.5,-0.001879699,7.854650084,28.20439181
2024-01-24 00:00:00,0.4766,-0.000838574,0,0.5,-0.000419287,7.8472248,28.19214678
2024-01-25 00:00:00,0.4666,-0.020981956,0,0.5,-0.010490978,7.661592723,27.88589262
2024-01-26 00:00:00,0.4848,0.039005572,0,0.5,0.019502786,7.999443104,28.449248
2024-01-27 00:00:00,0.486,0.002475248,0,0.5,0.001237624,8.021718953,28.48569509
2024-01-28 00:00:00,0.4902,0.008641975,0,0.5,0.004320988,8.099684425,28.61310241
2024-01-29 00:00:00,0.5261,0.073235414,0,0.5,0.036617707,8.766103583,29.69746632
2024-01-30 00:00:00,0.5137,-0.023569664,0,0.5,-0.011784832,8.535919807,29.33570185
2024-01-31 00:00:00,0.4974,-0.031730582,0,0.5,-0.015865291,8.233339521,28.85441711
2024-02-01 00:00:00,0.5076,0.020506634,0,0.5,0.010253317,8.42268424,29.16052392
2024-02-02 00:00:00,0.5143,0.01319937,0,0.5,0.006599685,8.547057732,29.35957387
2024-02-03 00:00:00,0.5125,-0.003499903,0,0.5,-0.001749951,8.513643958,29.30644609
2024-02-04 00:00:00,0.4933,-0.037463415,0,0.5,-0.018731707,8.157230369,28.73875461
2024-02-05 00:00:00,0.494,0.001419015,0,0.5,0.000709507,8.170224615,28.75985448
2024-02-06 00:00:00,0.4983,0.008704453,1,1,0.004352227,8.250046408,28.88937611
2024-02-07 00:00:00,0.5022,0.00782661,0,0.5,0.00782661,8.322442918,29.12330862
2024-02-08 00:00:00,0.5302,0.055754679,1,1,0.02787734,8.842212734,29.96306633
2024-02-09 00:00:00,0.5408,0.019992456,0,0.5,0.019992456,9.038982736,30.58209406
2024-02-10 00:00:00,0.5516,0.019970414,0,0.5,0.009985207,9.23946538,30.89744781
2024-02-11 00:00:00,0.5414,-0.018491661,0,0.5,-0.00924583,9.050120661,30.60252942
2024-02-12 00:00:00,0.5596,0.03361655,1,1,0.016808275,9.387971041,31.13371342
2024-02-13 00:00:00,0.5451,-0.025911365,1,1,-0.025911365,9.118804529,30.30108503
2024-02-14 00:00:00,0.5774,0.059255183,1,1,0.059255183,9.718396139,32.15583654
2024-02-15 00:00:00,0.6093,0.055247662,1,1,0.055247662,10.31056247,33.98761899
2024-02-16 00:00:00,0.5991,-0.016740522,1,1,-0.016740522,10.12121775,33.40190798
2024-02-17 00:00:00,0.6103,0.018694709,1,1,0.018694709,10.32912567,34.04504163
2024-02-18 00:00:00,0.6197,0.015402261,1,1,0.015402261,10.50361983,34.58481452
2024-02-19 00:00:00,0.6315,0.019041472,1,1,0.019041472,10.72266568,35.26240176
2024-02-20 00:00:00,0.6222,-0.014726841,1,1,-0.014726841,10.55002784,34.72837114
2024-02-21 00:00:00,0.599,-0.037287046,1,1,-0.037287046,10.11936143,33.39616572
2024-02-22 00:00:00,0.5863,-0.021202003,1,1,-0.021202003,9.883608688,32.6668981
2024-02-23 00:00:00,0.5829,-0.005799079,1,1,-0.005799079,9.820493781,32.4716611
2024-02-24 00:00:00,0.5973,0.024704066,1,1,0.024704066,10.08780397,33.29854722
2024-02-25 00:00:00,0.592,-0.008873263,1,1,-0.008873263,9.989418972,32.99420719
2024-02-26 00:00:00,0.6199,0.047128378,1,1,0.047128378,10.50733247,34.59629905
2024-02-27 00:00:00,0.6245,0.007420552,1,1,0.007420552,10.59272322,34.86044323
2024-02-28 00:00:00,0.6294,0.007846277,1,1,0.007846277,10.68368294,35.1418142
2024-02-29 00:00:00,0.6554,0.041309183,1,1,0.041309183,11.16632634,36.63480303
2024-03-01 00:00:00,0.7205,0.099328654,1,1,0.099328654,12.37479116,40.37301736
2024-03-02 00:00:00,0.7424,0.030395559,1,1,0.030395559,12.78132541,41.63057334
2024-03-03 00:00:00,0.7288,-0.018318966,1,1,-0.018318966,12.52886579,40.84962534
2024-03-04 00:00:00,0.7707,0.057491767,1,1,0.057491767,13.30666419,43.25563426
2024-03-05 00:00:00,0.692,-0.10211496,1,1,-0.10211496,11.84573974,38.73647192
2024-03-06 00:00:00,0.7357,0.063150289,1,1,0.063150289,12.65695192,41.2458416
2024-03-07 00:00:00,0.7437,0.010873998,1,1,0.010873998,12.80545758,41.70522278
2024-03-08 00:00:00,0.7235,-0.02716149,1,1,-0.02716149,12.43048079,40.54528531
2024-03-09 00:00:00,0.7424,0.026123013,1,1,0.026123013,12.78132541,41.63057334
2024-03-10 00:00:00,0.7173,-0.033809267,1,1,-0.033809267,12.3153889,40.18926489
2024-03-11 00:00:00,0.7766,0.082671128,1,1,0.082671128,13.41618712,43.59442788
2024-03-12 00:00:00,0.7488,-0.035797064,1,1,-0.035797064,12.90012994,41.99807828
2024-03-13 00:00:00,0.7646,0.021100427,1,1,0.021100427,13.19342862,42.90535611
2024-03-14 00:00:00,0.7515,-0.017133142,1,1,-0.017133142,12.9502506,42.15311943
2024-03-15 00:00:00,0.7282,-0.031004657,1,1,-0.031004657,12.51772786,40.81517175
2024-03-16 00:00:00,0.6597,-0.094067564,1,1,-0.094067564,11.24614813,36.88172041
2024-03-17 00:00:00,0.6818,0.033500076,1,1,0.033500076,11.65639503,38.15076091
2024-03-18 00:00:00,0.661,-0.03050748,1,1,-0.03050748,11.2702803,36.95636985
2024-03-19 00:00:00,0.5866,-0.112556732,0,0.5,-0.112556732,9.88917765,32.68412489
2024-03-20 00:00:00,0.6399,0.090862598,1,1,0.045431299,10.87859662,34.21443844
2024-03-21 00:00:00,0.6323,-0.011876856,1,1,-0.011876856,10.73751624,33.79620164
2024-03-22 00:00:00,0.6152,-0.027044125,1,1,-0.027044125,10.42008539,32.85516882
2024-03-23 00:00:00,0.6235,0.013491547,1,1,0.013491547,10.57416001,33.31192744
2024-03-24 00:00:00,0.6474,0.038331997,1,1,0.038331997,11.01782068,34.62717213
2024-03-25 00:00:00,0.6573,0.015291937,1,1,0.015291937,11.20159644,35.1719806
2024-03-26 00:00:00,0.6656,0.012627415,1,1,0.012627415,11.35567106,35.62873922
2024-03-27 00:00:00,0.6486,-0.025540865,1,1,-0.025540865,11.04009653,34.69320952
2024-03-28 00:00:00,0.6517,0.004779525,1,1,0.004779525,11.09764247,34.86380612
2024-03-29 00:00:00,0.665,0.020408163,1,1,0.020408163,11.34453314,35.59572053
2024-03-30 00:00:00,0.6441,-0.031428571,0,0.5,-0.031428571,10.95656209,34.44556931
2024-03-31 00:00:00,0.6506,0.010091601,0,0.5,0.0050458,11.07722294,34.62442058
2024-04-01 00:00:00,0.6217,-0.044420535,0,0.5,-0.022210267,10.54074624,33.83319267
2024-04-02 00:00:00,0.5809,-0.065626508,0,0.5,-0.032813254,9.783367366,32.69020227
2024-04-03 00:00:00,0.5697,-0.019280427,0,0.5,-0.009640213,9.575459439,32.36542153
2024-04-04 00:00:00,0.5834,0.024047744,0,0.5,0.012023872,9.829775385,32.76660309
2024-04-05 00:00:00,0.5745,-0.015255399,0,0.5,-0.0076277,9.664562836,32.50904158
2024-04-06 00:00:00,0.5841,0.016710183,0,0.5,0.008355091,9.842769631,32.78901269
2024-04-07 00:00:00,0.5898,0.009758603,0,0.5,0.004879301,9.948579915,32.95387947
2024-04-08 00:00:00,0.6143,0.041539505,0,0.5,0.020769752,10.4033785,33.65909314
2024-04-09 00:00:00,0.5915,-0.037115416,0,0.5,-0.018557708,9.980137368,33.01589981
2024-04-10 00:00:00,0.5865,-0.008453085,0,0.5,-0.004226543,9.887321329,32.87213016
2024-04-11 00:00:00,0.5864,-0.000170503,-1,0,-8.52515E-05,9.885465008,32.86924251
2024-04-12 00:00:00,0.5026,-0.142905866,-1,0,0,8.329868201,32.86924251
2024-04-13 00:00:00,0.4448,-0.11500199,-1,0,0,7.256914795,32.86924251
2024-04-14 00:00:00,0.4671,0.050134892,-1,0,0,7.670874327,32.86924251
2024-04-15 00:00:00,0.4606,-0.01391565,-1,0,0,7.550213477,32.86924251
2024-04-16 00:00:00,0.4581,-0.005427703,-1,0,0,7.503805458,32.86924251
2024-04-17 00:00:00,0.4438,-0.031215892,-1,0,0,7.238351587,32.86924251
2024-04-18 00:00:00,0.4577,0.031320415,-1,0,0,7.496380174,32.86924251
2024-04-19 00:00:00,0.4679,0.02228534,-1,0,0,7.685724893,32.86924251
2024-04-20 00:00:00,0.5068,0.083137423,-1,0,0,8.407833674,32.86924251
2024-04-21 00:00:00,0.499,-0.015390687,-1,0,0,8.263040653,32.86924251
2024-04-22 00:00:00,0.5163,0.034669339,-1,0,0,8.584184147,32.86924251
2024-04-23 00:00:00,0.4997,-0.03215185,-1,0,0,8.276034899,32.86924251
2024-04-24 00:00:00,0.4743,-0.050830498,-1,0,0,7.804529423,32.86924251
2024-04-25 00:00:00,0.4702,-0.008644318,-1,0,0,7.728420271,32.86924251
2024-04-26 00:00:00,0.4628,-0.015737984,-1,0,0,7.591052534,32.86924251
2024-04-27 00:00:00,0.4672,0.009507347,-1,0,0,7.672730648,32.86924251
2024-04-28 00:00:00,0.4601,-0.015196918,-1,0,0,7.540931873,32.86924251
2024-04-29 00:00:00,0.4568,-0.007172354,-1,0,0,7.479673288,32.86924251
2024-04-30 00:00:00,0.4409,-0.034807356,-1,0,0,7.184518285,32.86924251
2024-05-01 00:00:00,0.4499,0.020412792,-1,0,0,7.351587154,32.86924251
2024-05-02 00:00:00,0.4575,0.016892643,-1,0,0,7.492667533,32.86924251
2024-05-03 00:00:00,0.4669,0.020546448,-1,0,0,7.667161686,32.86924251
2024-05-04 00:00:00,0.463,-0.008352966,-1,0,0,7.594765175,32.86924251
2024-05-05 00:00:00,0.4577,-0.011447084,-1,0,0,7.496380174,32.86924251
2024-05-06 00:00:00,0.4537,-0.008739349,-1,0,0,7.422127344,32.86924251
2024-05-07 00:00:00,0.4411,-0.027771655,-1,0,0,7.188230926,32.86924251
2024-05-08 00:00:00,0.4516,0.023804126,-1,0,0,7.383144607,32.86924251
2024-05-09 00:00:00,0.4633,0.025907883,-1,0,0,7.600334138,32.86924251
2024-05-10 00:00:00,0.4476,-0.03388733,-1,0,0,7.308891776,32.86924251
2024-05-11 00:00:00,0.4388,-0.019660411,-1,0,0,7.145535549,32.86924251
2024-05-12 00:00:00,0.4374,-0.00319052,-1,0,0,7.119547058,32.86924251
2024-05-13 00:00:00,0.4363,-0.002514861,-1,0,0,7.099127529,32.86924251
2024-05-14 00:00:00,0.4281,-0.018794408,-1,0,0,6.946909226,32.86924251
2024-05-15 00:00:00,0.4524,0.056762439,-1,0,0,7.397995174,32.86924251
2024-05-16 00:00:00,0.4596,0.015915119,0,0.5,0,7.531650269,32.86924251
2024-05-17 00:00:00,0.482,0.048738033,0,0.5,0.024369017,7.947466122,33.69460264
2024-05-18 00:00:00,0.4819,-0.000207469,0,0.5,-0.000103734,7.945609801,33.69100362
2024-05-19 00:00:00,0.4671,-0.030711766,-1,0,-0.015355883,7.670874327,33.15829262
2024-05-20 00:00:00,0.5021,0.074930422,-1,0,0,8.320586597,33.15829262
2024-05-21 00:00:00,0.4949,-0.014339773,0,0.5,0,8.186931502,33.15829262
2024-05-22 00:00:00,0.4837,-0.022630835,0,0.5,-0.011315417,7.979023575,32.77177729
2024-05-23 00:00:00,0.4658,-0.037006409,-1,0,-0.018503204,7.646742157,32.14689119
2024-05-24 00:00:00,0.4601,-0.012237012,-1,0,0,7.540931873,32.14689119
2024-05-25 00:00:00,0.4622,0.004564225,-1,0,0,7.579914609,32.14689119
2024-05-26 00:00:00,0.4581,-0.008870619,-1,0,0,7.503805458,32.14689119
2024-05-27 00:00:00,0.4687,0.023139053,0,0.5,0,7.700575459,32.14689119
2024-05-28 00:00:00,0.4579,-0.023042458,-1,0,-0.011521229,7.500092816,31.76499827
2024-05-29 00:00:00,0.4513,-0.014413627,-1,0,0,7.377575645,31.76499827
2024-05-30 00:00:00,0.4468,-0.009971194,0,0.5,0,7.29404121,31.76499827
2024-05-31 00:00:00,0.4473,0.001119069,-1,0,0.000559534,7.303322814,31.78333141
2024-06-01 00:00:00,0.4503,0.006706908,-1,0,0,7.359012437,31.78333141
2024-06-02 00:00:00,0.4466,-0.008216744,-1,0,0,7.290328569,31.78333141
2024-06-03 00:00:00,0.4577,0.024854456,-1,0,0,7.496380174,31.78333141
2024-06-04 00:00:00,0.4617,0.008739349,0,0.5,0,7.570633005,31.78333141
2024-06-05 00:00:00,0.4616,-0.000216591,0,0.5,-0.000108295,7.568776685,31.77978113
2024-06-06 00:00:00,0.4585,-0.006715771,0,0.5,-0.003357886,7.511230741,31.66971037
2024-06-07 00:00:00,0.4493,-0.020065431,-1,0,-0.010032715,7.34044923,31.34194447
2024-06-08 00:00:00,0.4366,-0.028266192,-1,0,0,7.104696492,31.34194447
2024-06-09 00:00:00,0.4441,0.017178195,-1,0,0,7.243920549,31.34194447
2024-06-10 00:00:00,0.4408,-0.007430759,0,0.5,0,7.182661964,31.34194447
2024-06-11 00:00:00,0.4216,-0.043557169,-1,0,-0.021778584,6.826248376,30.6375827
2024-06-12 00:00:00,0.438,0.038899431,0,0.5,0,7.130684982,30.6375827
2024-06-13 00:00:00,0.421,-0.038812785,-1,0,-0.019406393,6.815110451,30.02361135
2024-06-14 00:00:00,0.4119,-0.021615202,-1,0,0,6.646185261,30.02361135
2024-06-15 00:00:00,0.4138,0.00461277,-1,0,0,6.681455355,30.02361135
2024-06-16 00:00:00,0.4166,0.006766554,-1,0,0,6.733432337,30.02361135
2024-06-17 00:00:00,0.4011,-0.037205953,-1,0,0,6.445702617,30.02361135
2024-06-18 00:00:00,0.3833,-0.044377961,-1,0,0,6.11527752,30.02361135
2024-06-19 00:00:00,0.3843,0.002608923,-1,0,0,6.133840728,30.02361135
2024-06-20 00:00:00,0.384,-0.00078064,-1,0,0,6.128271765,30.02361135
2024-06-21 00:00:00,0.3758,-0.021354167,-1,0,0,5.976053462,30.02361135
2024-06-22 00:00:00,0.3845,0.023150612,-1,0,0,6.137553369,30.02361135
2024-06-23 00:00:00,0.3798,-0.012223667,-1,0,0,6.050306293,30.02361135
2024-06-24 00:00:00,0.3776,-0.005792522,-1,0,0,6.009467236,30.02361135
2024-06-25 00:00:00,0.3917,0.037341102,-1,0,0,6.271208465,30.02361135
2024-06-26 00:00:00,0.3848,-0.017615522,-1,0,0,6.143122332,30.02361135
2024-06-27 00:00:00,0.3913,0.016891892,-1,0,0,6.263783182,30.02361135
2024-06-28 00:00:00,0.3856,-0.014566829,-1,0,0,6.157972898,30.02361135
2024-06-29 00:00:00,0.3838,-0.00466805,-1,0,0,6.124559124,30.02361135
2024-06-30 00:00:00,0.3923,0.022146952,-1,0,0,6.282346389,30.02361135
2024-07-01 00:00:00,0.4032,0.027784859,-1,0,0,6.484685354,30.02361135
2024-07-02 00:00:00,0.4183,0.037450397,-1,0,0,6.76498979,30.02361135
2024-07-03 00:00:00,0.4068,-0.02749223,-1,0,0,6.551512901,30.02361135
2024-07-04 00:00:00,0.3621,-0.109882006,-1,0,0,5.721737516,30.02361135
2024-07-05 00:00:00,0.3497,-0.034244684,-1,0,0,5.49155374,30.02361135
2024-07-06 00:00:00,0.3706,0.059765513,-1,0,0,5.879524782,30.02361135
2024-07-07 00:00:00,0.3465,-0.065029682,-1,0,0,5.432151476,30.02361135
2024-07-08 00:00:00,0.3688,0.064357864,-1,0,0,5.846111008,30.02361135
2024-07-09 00:00:00,0.3752,0.017353579,-1,0,0,5.964915537,30.02361135
2024-07-10 00:00:00,0.3882,0.034648188,-1,0,0,6.206237238,30.02361135
2024-07-11 00:00:00,0.3958,0.019577537,-1,0,0,6.347317616,30.02361135
2024-07-12 00:00:00,0.4163,0.051793835,-1,0,0,6.727863375,30.02361135
2024-07-13 00:00:00,0.4414,0.060293058,0,0.5,0,7.193799889,30.02361135
2024-07-14 00:00:00,0.4316,-0.022202084,0,0.5,-0.011101042,7.011880453,29.67921693
2024-07-15 00:00:00,0.4447,0.030352178,0,0.5,0.015176089,7.255058474,30.14480746
2024-07-16 00:00:00,0.4379,-0.015291208,0,0.5,-0.007645604,7.128828662,29.9066866
2024-07-17 00:00:00,0.4357,-0.005023978,0,0.5,-0.002511989,7.087989605,29.82904934
2024-07-18 00:00:00,0.4231,-0.028918981,0,0.5,-0.01445949,6.854093187,29.38327699
2024-07-19 00:00:00,0.4388,0.037107067,0,0.5,0.018553533,7.145535549,29.94699414
2024-07-20 00:00:00,0.437,-0.004102097,0,0.5,-0.002051048,7.112121775,29.88352036
2024-07-21 00:00:00,0.4467,0.022196796,0,0.5,0.011098398,7.29218489,30.22627797
2024-07-22 00:00:00,0.4258,-0.046787553,0,0.5,-0.023393777,6.904213848,29.4957774
2024-07-23 00:00:00,0.4097,-0.037811179,0,0.5,-0.018905589,6.605346204,28.91923675
2024-07-24 00:00:00,0.406,-0.009030998,0,0.5,-0.004515499,6.536662335,28.78413646
2024-07-25 00:00:00,0.3946,-0.028078818,0,0.5,-0.014039409,6.325041767,28.36598479
2024-07-26 00:00:00,0.417,0.056766346,0,0.5,0.028383173,6.74085762,29.19948461
2024-07-27 00:00:00,0.4173,0.000719424,0,0.5,0.000359712,6.746426583,29.21034774
2024-07-28 00:00:00,0.407,-0.024682483,0,0.5,-0.012341241,6.555225543,28.83751454
2024-07-29 00:00:00,0.4029,-0.01007371,0,0.5,-0.005036855,6.479116391,28.68722731
2024-07-30 00:00:00,0.401,-0.00471581,0,0.5,-0.002357905,6.443846297,28.61722764
2024-07-31 00:00:00,0.3878,-0.032917706,-1,0,-0.016458853,6.198811955,28.12976205
2024-08-01 00:00:00,0.3924,0.011861784,-1,0,0,6.28420271,28.12976205
2024-08-02 00:00:00,0.3635,-0.073649337,-1,0,0,5.747726007,28.12976205
2024-08-03 00:00:00,0.3645,0.002751032,0,0.5,0,5.766289215,28.12976205
2024-08-04 00:00:00,0.344,-0.056241427,-1,0,-0.028120713,5.385743456,27.31061236
2024-08-05 00:00:00,0.3117,-0.093895349,-1,0,0,4.786151847,27.31061236
2024-08-06 00:00:00,0.3309,0.06159769,-1,0,0,5.142565435,27.31061236
2024-08-07 00:00:00,0.3238,-0.021456633,-1,0,0,5.01076666,27.31061236
2024-08-08 00:00:00,0.3513,0.084928968,-1,0,0,5.521254873,27.31061236
2024-08-09 00:00:00,0.3482,-0.008824367,-1,0,0,5.463708929,27.31061236
2024-08-10 00:00:00,0.3455,-0.007754164,-1,0,0,5.413588268,27.31061236
2024-08-11 00:00:00,0.3274,-0.052387844,-1,0,0,5.077594208,27.31061236
2024-08-12 00:00:00,0.3387,0.034514356,-1,0,0,5.287358456,27.31061236
2024-08-13 00:00:00,0.3397,0.002952465,-1,0,0,5.305921663,27.31061236
2024-08-14 00:00:00,0.3351,-0.01354136,-1,0,0,5.220530908,27.31061236
2024-08-15 00:00:00,0.3246,-0.03133393,-1,0,0,5.025617227,27.31061236
2024-08-16 00:00:00,0.3298,0.016019717,-1,0,0,5.122145907,27.31061236
2024-08-17 00:00:00,0.3371,0.022134627,-1,0,0,5.257657323,27.31061236
2024-08-18 00:00:00,0.3341,-0.008899436,-1,0,0,5.2019677,27.31061236
2024-08-19 00:00:00,0.3364,0.006884166,-1,0,0,5.244663078,27.31061236
2024-08-20 00:00:00,0.3433,0.020511296,-1,0,0,5.372749211,27.31061236
2024-08-21 00:00:00,0.3686,0.073696475,-1,0,0,5.842398366,27.31061236
2024-08-22 00:00:00,0.3761,0.02034726,-1,0,0,5.981622424,27.31061236
2024-08-23 00:00:00,0.3911,0.03988301,-1,0,0,6.26007054,27.31061236
2024-08-24 00:00:00,0.3933,0.00562516,-1,0,0,6.300909597,27.31061236
2024-08-25 00:00:00,0.3846,-0.022120519,-1,0,0,6.13940969,27.31061236
2024-08-26 00:00:00,0.366,-0.048361934,-1,0,0,5.794134026,27.31061236
2024-08-27 00:00:00,0.35,-0.043715847,-1,0,0,5.497122703,27.31061236
2024-08-28 00:00:00,0.3498,-0.000571429,-1,0,0,5.493410061,27.31061236
2024-08-29 00:00:00,0.3577,0.022584334,-1,0,0,5.640059402,27.31061236
2024-08-30 00:00:00,0.3468,-0.030472463,-1,0,0,5.437720438,27.31061236
2024-08-31 00:00:00,0.3449,-0.005478662,-1,0,0,5.402450343,27.31061236
2024-09-01 00:00:00,0.3308,-0.040881415,-1,0,0,5.140709115,27.31061236
2024-09-02 00:00:00,0.3359,0.01541717,-1,0,0,5.235381474,27.31061236
2024-09-03 00:00:00,0.3182,-0.052694254,-1,0,0,4.906812697,27.31061236
2024-09-04 00:00:00,0.323,0.015084852,0,0.5,0,4.995916094,27.31061236
2024-09-05 00:00:00,0.3249,0.005882353,-1,0,0.002941176,5.031186189,27.39387887
2024-09-06 00:00:00,0.3144,-0.032317636,-1,0,0,4.836272508,27.39387887
2024-09-07 00:00:00,0.3252,0.034351145,-1,0,0,5.036755151,27.39387887
2024-09-08 00:00:00,0.3388,0.041820418,-1,0,0,5.289214776,27.39387887
2024-09-09 00:00:00,0.3433,0.013282172,-1,0,0,5.372749211,27.39387887
2024-09-10 00:00:00,0.3428,-0.001456452,0,0.5,0,5.363467607,27.39387887
2024-09-11 00:00:00,0.353,0.029754959,0,0.5,0.01487748,5.552812326,27.81630822
2024-09-12 00:00:00,0.3561,0.00878187,0,0.5,0.004390935,5.61035827,27.94283875
2024-09-13 00:00:00,0.3603,0.01179444,0,0.5,0.00589722,5.688323742,28.11352104
2024-09-14 00:00:00,0.3537,-0.018318068,0,0.5,-0.009159034,5.565806571,27.84686931
2024-09-15 00:00:00,0.3382,-0.043822448,0,0.5,-0.021911224,5.278076852,27.21479908
2024-09-16 00:00:00,0.33,-0.024246008,-1,0,-0.012123004,5.125858548,26.87275096
2024-09-17 00:00:00,0.3336,0.010909091,-1,0,0,5.192686096,26.87275096
2024-09-18 00:00:00,0.344,0.03117506,0,0.5,0,5.385743456,26.87275096
2024-09-19 00:00:00,0.3509,0.02005814,0,0.5,0.01002907,5.51382959,27.15228872
2024-09-20 00:00:00,0.352,0.003134796,-1,0,0.001567398,5.534249118,27.19641457
2024-09-21 00:00:00,0.3582,0.017613636,-1,0,0,5.649341006,27.19641457
2024-09-22 00:00:00,0.3515,-0.018704634,-1,0,0,5.524967514,27.19641457
2024-09-23 00:00:00,0.3636,0.034423898,-1,0,0,5.749582328,27.19641457
2024-09-24 00:00:00,0.3876,0.066006601,0,0.5,0,6.195099313,27.19641457
2024-09-25 00:00:00,0.3808,-0.01754386,0,0.5,-0.00877193,6.068869501,26.9490776
2024-09-26 00:00:00,0.4013,0.053834034,0,0.5,0.026917017,6.449415259,27.70138339
2024-09-27 00:00:00,0.4017,0.000996761,0,0.5,0.00049838,6.456840542,27.71568759
2024-09-28 00:00:00,0.4005,-0.002987304,0,0.5,-0.001493652,6.434564693,27.67279635
2024-09-29 00:00:00,0.3972,-0.0082397,0,0.5,-0.00411985,6.373306107,27.55466872
2024-09-30 00:00:00,0.3732,-0.060422961,0,0.5,-0.03021148,5.927789122,26.69198991
2024-10-01 00:00:00,0.3518,-0.057341908,0,0.5,-0.028670954,5.530536477,25.89803414
2024-10-02 00:00:00,0.3429,-0.025298465,0,0.5,-0.012649233,5.365323928,25.55779465
2024-10-03 00:00:00,0.3451,0.006415865,0,0.5,0.003207932,5.406162985,25.64299026
2024-10-04 00:00:00,0.3514,0.018255578,0,0.5,0.009127789,5.523111194,25.88618186
2024-10-05 00:00:00,0.3507,-0.001992032,0,0.5,-0.000996016,5.510116948,25.85940279
2024-10-06 00:00:00,0.3573,0.018819504,0,0.5,0.009409752,5.632634119,26.11214311
2024-10-07 00:00:00,0.3508,-0.018191996,0,0.5,-0.009095998,5.511973269,25.86553112
2024-10-08 00:00:00,0.3444,-0.018244014,0,0.5,-0.009122007,5.39316874,25.62046356
2024-10-09 00:00:00,0.3395,-0.014227642,-1,0,-0.007113821,5.302209022,25.43109034
2024-10-10 00:00:00,0.3393,-0.000589102,-1,0,0,5.29849638,25.43109034
2024-10-11 00:00:00,0.3516,0.036251105,-1,0,0,5.526823835,25.43109034
2024-10-12 00:00:00,0.3529,0.003697383,-1,0,0,5.550956005,25.43109034
2024-10-13 00:00:00,0.3483,-0.013034854,-1,0,0,5.46556525,25.43109034
2024-10-14 00:00:00,0.3642,0.045650301,0,0.5,0,5.760720252,25.43109034
2024-10-15 00:00:00,0.359,-0.014277869,0,0.5,-0.007138935,5.664191572,25.24240051
2024-10-16 00:00:00,0.3521,-0.019220056,0,0.5,-0.009610028,5.536105439,24.99021031
2024-10-17 00:00:00,0.3431,-0.02556092,0,0.5,-0.01278046,5.36903657,24.65804347
2024-10-18 00:00:00,0.3506,0.021859516,0,0.5,0.010929758,5.508260627,24.93847968
2024-10-19 00:00:00,0.3512,0.001711352,0,0.5,0.000855676,5.519398552,24.96067461
2024-10-20 00:00:00,0.3648,0.038724374,0,0.5,0.019362187,5.771858177,25.46333004
2024-10-21 00:00:00,0.3609,-0.010690789,0,0.5,-0.005345395,5.699461667,25.3218731
2024-10-22 00:00:00,0.3644,0.009697977,0,0.5,0.004848989,5.764432894,25.44950756
2024-10-23 00:00:00,0.3495,-0.040889133,-1,0,-0.020444566,5.487841099,24.90875885
2024-10-24 00:00:00,0.3464,-0.008869814,-1,0,0,5.430295155,24.90875885
2024-10-25 00:00:00,0.3257,-0.059757506,-1,0,0,5.046036755,24.90875885
2024-10-26 00:00:00,0.3334,0.023641388,-1,0,0,5.188973455,24.90875885
2024-10-27 00:00:00,0.3397,0.018896221,-1,0,0,5.305921663,24.90875885
2024-10-28 00:00:00,0.3435,0.011186341,-1,0,0,5.376461853,24.90875885
2024-10-29 00:00:00,0.3562,0.036972344,-1,0,0,5.612214591,24.90875885
2024-10-30 00:00:00,0.355,-0.003368894,-1,0,0,5.589938741,24.90875885
2024-10-31 00:00:00,0.3416,-0.037746479,-1,0,0,5.341191758,24.90875885
2024-11-01 00:00:00,0.3575,0.046545667,0,0.5,0,5.636346761,24.90875885
2024-11-02 00:00:00,0.3482,-0.026013986,0,0.5,-0.013006993,5.463708929,24.5717638
2024-11-03 00:00:00,0.3339,-0.041068352,-1,0,-0.020534176,5.198255058,24.04666871
2024-11-04 00:00:00,0.3261,-0.023360288,-1,0,0,5.053462038,24.04666871
2024-11-05 00:00:00,0.3335,0.022692426,-1,0,0,5.190829775,24.04666871
2024-11-06 00:00:00,0.3632,0.089055472,0,0.5,0,5.742157045,24.04666871
2024-11-07 00:00:00,0.4068,0.120044053,1,1,0.060022026,6.551512901,25.55002052
2024-11-08 00:00:00,0.4448,0.093411996,1,1,0.093411996,7.256914795,28.03011093
2024-11-09 00:00:00,0.497,0.117356115,1,1,0.117356115,8.225914238,31.43697197
2024-11-10 00:00:00,0.5907,0.188531187,1,1,0.188531187,9.965286802,37.55235281
2024-11-11 00:00:00,0.6139,0.039275436,1,1,0.039275436,10.39595322,39.06651327
2024-11-12 00:00:00,0.5714,-0.069229516,1,1,-0.069229516,9.607016893,36.29272794
2024-11-13 00:00:00,0.5788,0.012950648,1,1,0.012950648,9.74438463,36.77569291
2024-11-14 00:00:00,0.5795,0.001209399,1,1,0.001209399,9.757378875,36.82137879
2024-11-15 00:00:00,0.7076,0.221052632,1,1,0.221052632,12.13532578,45.1818941
2024-11-16 00:00:00,0.742,0.048615037,1,1,0.048615037,12.77390013,47.42702858
2024-11-17 00:00:00,0.703,-0.052560647,1,1,-0.052560647,12.04993503,44.88167263
2024-11-18 00:00:00,0.7333,0.043100996,1,1,0.043100996,12.61240022,46.85921841
2024-11-19 00:00:00,0.7389,0.007636711,1,1,0.007636711,12.71635419,47.22470541
2024-11-20 00:00:00,0.8003,0.083096495,1,1,0.083096495,13.85613514,51.2320094
2024-11-21 00:00:00,0.8226,0.027864551,1,1,0.027864551,14.27009467,52.68743087
2024-11-22 00:00:00,1.0177,0.237174812,1,1,0.237174812,17.8917765,65.42073718
2024-11-23 00:00:00,1.0665,0.047951263,1,1,0.047951263,18.79766104,68.60569539
2024-11-24 00:00:00,1.0233,-0.040506329,1,1,-0.040506329,17.99573046,65.78622418
2024-11-25 00:00:00,0.9445,-0.077005766,1,1,-0.077005766,16.53294969,60.64329986
2024-11-26 00:00:00,0.9607,0.017151932,1,1,0.017151932,16.83367366,61.70060156
2024-11-27 00:00:00,1.0123,0.053710836,1,1,0.053710836,17.79153518,65.06830328
2024-11-28 00:00:00,1.0328,0.020250914,1,1,0.020250914,18.17208094,66.40624679
2024-11-29 00:00:00,1.0762,0.042021689,1,1,0.042021689,18.97772415,69.2387711
2024-11-30 00:00:00,1.08,0.003530942,1,1,0.003530942,19.04826434,69.48678014
2024-12-01 00:00:00,1.1512,0.065925926,1,1,0.065925926,20.36996473,74.13368639
2024-12-02 00:00:00,1.2036,0.045517721,1,1,0.045517721,21.34267681,77.55360054
2024-12-03 00:00:00,1.1924,-0.009305417,1,1,-0.009305417,21.13476889,76.82262652
2024-12-04 00:00:00,1.1881,-0.003606172,1,1,-0.003606172,21.05494709,76.54198471
2024-12-05 00:00:00,1.1605,-0.023230368,1,1,-0.023230368,20.54260256,74.74065588
2024-12-06 00:00:00,1.2288,0.058853942,1,1,0.058853942,21.81046965,79.19829207
2024-12-07 00:00:00,1.2116,-0.013997396,1,1,-0.013997396,21.49118248,78.07572483
2024-12-08 00:00:00,1.1947,-0.013948498,1,1,-0.013948498,21.17746427,76.97273726
2024-12-09 00:00:00,1.0033,-0.160207583,1,1,-0.160207583,17.62446631,64.48091344
2024-12-10 00:00:00,1.0214,0.018040466,1,1,0.018040466,17.96046037,65.66221966
2024-12-11 00:00:00,1.0867,0.063931858,1,1,0.063931858,19.17263783,69.92405924
2024-12-12 00:00:00,1.1229,0.033311862,1,1,0.033311862,19.84462595,72.28667169
2024-12-13 00:00:00,1.1212,-0.001513937,1,1,-0.001513937,19.8130685,72.17572027
2024-12-14 00:00:00,1.0603,-0.054316803,1,1,-0.054316803,18.68256915,68.20104906
2024-12-15 00:00:00,1.0997,0.037159295,1,1,0.037159295,19.41395953,70.77251122
2024-12-16 00:00:00,1.0774,-0.020278258,1,1,-0.020278258,19,69.31708975
2024-12-17 00:00:00,1.0518,-0.023760906,1,1,-0.023760906,18.52478188,67.64629199
2024-12-18 00:00:00,0.968,-0.079672942,1,1,-0.079672942,16.96918508,62.17703998
2024-12-19 00:00:00,0.8802,-0.090702479,1,1,-0.090702479,15.33933544,56.44672582
2024-12-20 00:00:00,0.9492,0.078391275,1,1,0.078391275,16.62019677,60.95004788
2024-12-21 00:00:00,0.9048,-0.046776233,1,1,-0.046776233,15.79599035,58.05225803
2024-12-22 00:00:00,0.883,-0.024093722,0,0.5,-0.024093722,15.39131242,56.62946932
2024-12-23 00:00:00,0.9261,0.048810872,0,0.5,0.024405436,16.19138667,58.03594165
2024-12-24 00:00:00,0.9355,0.010150092,0,0.5,0.005075046,16.36588082,58.33555176
2024-12-25 00:00:00,0.9172,-0.019561732,0,0.5,-0.009780866,16.02617412,57.75519869
2024-12-26 00:00:00,0.8604,-0.061927606,0,0.5,-0.030963803,14.97178392,55.9359143
2024-12-27 00:00:00,0.8768,0.019060902,0,0.5,0.009530451,15.27622053,56.47853924
2024-12-28 00:00:00,0.8892,0.014142336,0,0.5,0.007071168,15.50640431,56.88497964
2024-12-29 00:00:00,0.8582,-0.034862798,0,0.5,-0.017431399,14.93094487,55.87596346
2024-12-30 00:00:00,0.8613,0.003612212,0,0.5,0.001806106,14.98849081,55.97868747
2024-12-31 00:00:00,0.8447,-0.019273192,0,0.5,-0.009636596,14.68034156,55.42960688
2025-01-01 00:00:00,0.9223,0.091866935,0,0.5,0.045933468,16.12084648,58.0216144
2025-01-02 00:00:00,0.9613,0.04228559,0,0.5,0.021142795,16.84481158,59.2694963
2025-01-03 00:00:00,0.9662,0.005097264,0,0.5,0.002548632,16.9357713,59.42310107