date,close_price_AVAXUSDT,return_AVAXUSDT,signal_AVAXUSDT,position_AVAXUSDT,signal_return_AVAXUSDT,cum_return_AVAXUSDT,cum_signal_return_AVAXUSDT
2020-09-23 00:00:00,3.5136,,0,0.5,,,
2020-09-24 00:00:00,4.6133,0.312983834,0,0.5,0.156491917,0.312983834,0.156491917
2020-09-25 00:00:00,4.6867,0.01591052,0,0.5,0.00795526,0.333874089,0.165692111
2020-09-26 00:00:00,4.5203,-0.035504726,0,0.5,-0.017752363,0.286515255,0.144998321
2020-09-27 00:00:00,4.6391,0.026281441,0,0.5,0.013140721,0.32032673,0.160044424
2020-09-28 00:00:00,4.1955,-0.095621996,0,0.5,-0.047810998,0.194074454,0.104581543
2020-09-29 00:00:00,4.1314,-0.015278274,0,0.5,-0.007639137,0.175831056,0.096143493
2020-09-30 00:00:00,4.321,0.045892434,0,0.5,0.022946217,0.229792805,0.121295839
2020-10-01 00:00:00,4.1477,-0.040106457,0,0.5,-0.020053228,0.180470173,0.098810238
2020-10-02 00:00:00,3.8972,-0.060394918,0,0.5,-0.030197459,0.109175774,0.065628961
2020-10-03 00:00:00,4.0169,0.030714359,0,0.5,0.01535718,0.143243397,0.081994016
2020-10-04 00:00:00,3.9608,-0.013965994,0,0.5,-0.006982997,0.127276867,0.074438455
2020-10-05 00:00:00,3.976,0.003837609,0,0.5,0.001918804,0.131602914,0.076500092
2020-10-06 00:00:00,3.5338,-0.111217304,0,0.5,-0.055608652,0.005749089,0.016637373
2020-10-07 00:00:00,3.4413,-0.026175788,0,0.5,-0.013087894,-0.020577186,0.003331731
2020-10-08 00:00:00,3.9034,0.13428065,0,0.5,0.067140325,0.110940346,0.07069575
2020-10-09 00:00:00,4.2356,0.085105293,0,0.5,0.042552646,0.20548725,0.116256687
2020-10-10 00:00:00,4.0142,-0.052271225,0,0.5,-0.026135612,0.142474954,0.087082635
2020-10-11 00:00:00,4.0924,0.019480843,0,0.5,0.009740422,0.16473133,0.097671278
2020-10-12 00:00:00,4.4123,0.078169289,0,0.5,0.039084645,0.25577755,0.14057337
2020-10-13 00:00:00,4.4774,0.01475421,0,0.5,0.007377105,0.274305556,0.148987499
2020-10-14 00:00:00,4.1513,-0.072832447,0,0.5,-0.036416224,0.181494763,0.107145714
2020-10-15 00:00:00,4.1266,-0.005949943,0,0.5,-0.002974972,0.174464936,0.103851986
2020-10-16 00:00:00,4.0281,-0.023869529,0,0.5,-0.011934765,0.146431011,0.090677773
2020-10-17 00:00:00,4.189,0.039944391,0,0.5,0.019972195,0.192224499,0.112461002
2020-10-18 00:00:00,4.1186,-0.01680592,0,0.5,-0.00840296,0.172188069,0.103113037
2020-10-19 00:00:00,4.0401,-0.019059875,0,0.5,-0.009529937,0.149846311,0.092600439
2020-10-20 00:00:00,3.7938,-0.060963838,0,0.5,-0.030481919,0.079747268,0.059295881
2020-10-21 00:00:00,3.9601,0.043834678,0,0.5,0.021917339,0.127077641,0.082512828
2020-10-22 00:00:00,4.3346,0.094568319,0,0.5,0.047284159,0.233663479,0.133698537
2020-10-23 00:00:00,4.2541,-0.018571494,0,0.5,-0.009285747,0.210752505,0.123171299
2020-10-24 00:00:00,4.1815,-0.017065889,0,0.5,-0.008532945,0.190089936,0.11358734
2020-10-25 00:00:00,4.1429,-0.009231137,0,0.5,-0.004615569,0.179104053,0.108447501
2020-10-26 00:00:00,4.142,-0.000217239,0,0.5,-0.00010862,0.178847905,0.108327102
2020-10-27 00:00:00,4.1245,-0.004225012,0,0.5,-0.002112506,0.173867259,0.105985755
2020-10-28 00:00:00,4.0505,-0.017941569,0,0.5,-0.008970784,0.152806239,0.096064195
2020-10-29 00:00:00,3.7776,-0.067374398,0,0.5,-0.033687199,0.075136612,0.059140862
2020-10-30 00:00:00,3.716,-0.01630665,0,0.5,-0.008153325,0.057604736,0.050505343
2020-10-31 00:00:00,3.6403,-0.020371367,0,0.5,-0.010185684,0.036059882,0.039805228
2020-11-01 00:00:00,3.6866,0.012718732,0,0.5,0.006359366,0.04923725,0.04641773
2020-11-02 00:00:00,3.6079,-0.021347583,0,0.5,-0.010673792,0.02683857,0.035248485
2020-11-03 00:00:00,3.3318,-0.076526511,0,0.5,-0.038263256,-0.051741803,-0.004363493
2020-11-04 00:00:00,3.1748,-0.047121676,0,0.5,-0.023560838,-0.096425319,-0.027821523
2020-11-05 00:00:00,3.337,0.051089832,0,0.5,0.025544916,-0.05026184,-0.002987305
2020-11-06 00:00:00,3.5966,0.077794426,0,0.5,0.038897213,0.023622495,0.03579371
2020-11-07 00:00:00,3.4209,-0.048851693,0,0.5,-0.024425847,-0.026383197,0.010493572
2020-11-08 00:00:00,3.475,0.015814552,0,0.5,0.007907276,-0.010985883,0.018483823
2020-11-09 00:00:00,3.4189,-0.016143885,0,0.5,-0.008071942,-0.026952413,0.01026268
2020-11-10 00:00:00,3.5736,0.045248472,0,0.5,0.022624236,0.017076503,0.033119102
2020-11-11 00:00:00,3.4865,-0.024373181,0,0.5,-0.012186591,-0.007712887,0.020528902
2020-11-12 00:00:00,3.4219,-0.01852861,0,0.5,-0.009264305,-0.026098588,0.011074411
2020-11-13 00:00:00,3.6781,0.074870686,0,0.5,0.037435343,0.046818078,0.048924328
2020-11-14 00:00:00,3.4863,-0.052146489,0,0.5,-0.026073244,-0.007769809,0.021575468
2020-11-15 00:00:00,3.5424,0.016091558,0,0.5,0.008045779,0.008196721,0.029794838
2020-11-16 00:00:00,3.7074,0.046578591,0,0.5,0.023289295,0.055157104,0.053778035
2020-11-17 00:00:00,3.8463,0.037465609,0,0.5,0.018732805,0.094689208,0.073518253
2020-11-18 00:00:00,3.7491,-0.02527104,0,0.5,-0.01263552,0.067025273,0.059953792
2020-11-19 00:00:00,3.6398,-0.029153664,0,0.5,-0.014576832,0.035917577,0.044503023
2020-11-20 00:00:00,3.7217,0.022501236,0,0.5,0.011250618,0.059227004,0.056254328
2020-11-21 00:00:00,4.0412,0.085847865,0,0.5,0.042923933,0.150159381,0.101592918
2020-11-22 00:00:00,3.9028,-0.034247253,0,0.5,-0.017123627,0.110769581,0.082729652
2020-11-23 00:00:00,4.0805,0.045531413,0,0.5,0.022765707,0.16134449,0.107378758
2020-11-24 00:00:00,4.2712,0.046734469,0,0.5,0.023367234,0.215619308,0.133255137
2020-11-25 00:00:00,4.0444,-0.053099831,0,0.5,-0.026549916,0.151070128,0.103167308
2020-11-26 00:00:00,3.5386,-0.125061814,0,0.5,-0.062530907,0.007115209,0.034185256
2020-11-27 00:00:00,3.5851,0.01314079,0,0.5,0.006570395,0.020349499,0.040980262
2020-11-28 00:00:00,3.6317,0.012998243,0,0.5,0.006499121,0.03361225,0.047745719
2020-11-29 00:00:00,3.7037,0.019825426,0,0.5,0.009912713,0.054104053,0.058131721
2020-11-30 00:00:00,3.7075,0.001026001,0,0.5,0.000513001,0.055185565,0.058674543
2020-12-01 00:00:00,3.5574,-0.040485502,0,0.5,-0.020242751,0.012465847,0.037244058
2020-12-02 00:00:00,3.7354,0.050036544,0,0.5,0.025018272,0.063126138,0.063194112
2020-12-03 00:00:00,3.8171,0.021871821,0,0.5,0.01093591,0.086378643,0.074821107
2020-12-04 00:00:00,3.5359,-0.073668492,0,0.5,-0.036834246,0.006346767,0.035230883
2020-12-05 00:00:00,3.6408,0.029667129,0,0.5,0.014833564,0.036202186,0.050587046
2020-12-06 00:00:00,3.5984,-0.011645792,0,0.5,-0.005822896,0.024134791,0.044469587
2020-12-07 00:00:00,3.3765,-0.061666296,0,0.5,-0.030833148,-0.039019809,0.012265302
2020-12-08 00:00:00,3.1113,-0.07854287,0,0.5,-0.039271435,-0.114497951,-0.027487809
2020-12-09 00:00:00,3.2588,0.047407836,0,0.5,0.023703918,-0.072518215,-0.00443546
2020-12-10 00:00:00,3.1474,-0.034184362,0,0.5,-0.017092181,-0.104223588,-0.021451829
2020-12-11 00:00:00,3.2383,0.028880981,0,0.5,0.014440491,-0.078352687,-0.007321114
2020-12-12 00:00:00,3.3375,0.030633357,0,0.5,0.015316679,-0.050119536,0.00788343
2020-12-13 00:00:00,3.3445,0.002097378,0,0.5,0.001048689,-0.048127277,0.008940386
2020-12-14 00:00:00,3.1491,-0.058424279,0,0.5,-0.029212139,-0.103739754,-0.020532921
2020-12-15 00:00:00,3.3012,0.048299514,0,0.5,0.024149757,-0.06045082,0.003120971
2020-12-16 00:00:00,3.3461,0.013601115,0,0.5,0.006800557,-0.047671903,0.009942753
2020-12-17 00:00:00,3.2177,-0.038373031,0,0.5,-0.019186516,-0.084215619,-0.00943453
2020-12-18 00:00:00,3.4123,0.060477981,0,0.5,0.030238991,-0.028830829,0.02051917
2020-12-19 00:00:00,3.466,0.015737186,0,0.5,0.007868593,-0.013547359,0.02854922
2020-12-20 00:00:00,3.3144,-0.043739181,0,0.5,-0.02186959,-0.056693989,0.00605527
2020-12-21 00:00:00,3.0923,-0.06701062,0,0.5,-0.03350531,-0.11990551,-0.027652924
2020-12-22 00:00:00,3.0735,-0.006079617,0,0.5,-0.003039809,-0.125256148,-0.030608673
2020-12-23 00:00:00,2.9529,-0.039238653,0,0.5,-0.019619327,-0.159579918,-0.049627478
2020-12-24 00:00:00,3.1062,0.051915067,0,0.5,0.025957533,-0.115949454,-0.024958151
2020-12-25 00:00:00,2.9534,-0.049191939,0,0.5,-0.024595969,-0.159437614,-0.048940251
2020-12-26 00:00:00,2.9265,-0.009108147,0,0.5,-0.004554073,-0.167093579,-0.053271447
2020-12-27 00:00:00,2.91,-0.005638134,0,0.5,-0.002819067,-0.171789617,-0.055940338
2020-12-28 00:00:00,2.9646,0.018762887,0,0.5,0.009381443,-0.15625,-0.047083696
2020-12-29 00:00:00,2.9253,-0.013256426,0,0.5,-0.006628213,-0.167435109,-0.053399828
2020-12-30 00:00:00,2.9166,-0.002974054,0,0.5,-0.001487027,-0.169911202,-0.054807448
2020-12-31 00:00:00,3.1926,0.094630734,0,0.5,0.047315367,-0.09135929,-0.010085315
2021-01-01 00:00:00,3.6541,0.144553029,0,0.5,0.072276514,0.039987477,0.061462268
2021-01-02 00:00:00,3.505,-0.040803481,0,0.5,-0.020401741,-0.002447632,0.03980659
2021-01-03 00:00:00,3.4907,-0.004079886,0,0.5,-0.002039943,-0.006517532,0.037685444
2021-01-04 00:00:00,3.6036,0.032343083,0,0.5,0.016171542,0.025614754,0.054466417
2021-01-05 00:00:00,4.2626,0.182872683,0,0.5,0.091436341,0.213171676,0.150882969
2021-01-06 00:00:00,4.5808,0.074649275,0,0.5,0.037324638,0.303734062,0.193839258
2021-01-07 00:00:00,4.4722,-0.023707649,0,0.5,-0.011853825,0.272825592,0.179687697
2021-01-08 00:00:00,5.7084,0.276418765,0,0.5,0.138209382,0.62465847,0.342731605
2021-01-09 00:00:00,7.1895,0.259459744,0,0.5,0.129729872,1.04619194,0.516924004
2021-01-10 00:00:00,6.5449,-0.08965853,0,0.5,-0.044829265,0.862733379,0.448921416
2021-01-11 00:00:00,6.4571,-0.013415025,0,0.5,-0.006707513,0.837744763,0.439202757
2021-01-12 00:00:00,7.7118,0.194313237,0,0.5,0.097156618,1.194842896,0.57903083
2021-01-13 00:00:00,8.4617,0.097240592,0,0.5,0.048620296,1.408270719,0.655803777
2021-01-14 00:00:00,9.3204,0.10148079,0,0.5,0.050740395,1.652663934,0.739819914
2021-01-15 00:00:00,9.3586,0.004098537,0,0.5,0.002049268,1.663535974,0.743385272
2021-01-16 00:00:00,12.7952,0.367213045,0,0.5,0.183606522,2.641621129,1.063482179
2021-01-17 00:00:00,13.1289,0.026080093,0,0.5,0.013040046,2.736594945,1.090390082
2021-01-18 00:00:00,12.6751,-0.034564967,0,0.5,-0.017282484,2.607439663,1.054262949
2021-01-19 00:00:00,11.7022,-0.076756791,0,0.5,-0.038378395,2.330544171,0.975423634
2021-01-20 00:00:00,12.3692,0.056997829,0,0.5,0.028498915,2.52037796,1.031721063
2021-01-21 00:00:00,11.2759,-0.088388901,1,1,-0.044194451,2.209215619,0.941930267
2021-01-22 00:00:00,12.7114,0.127306911,1,1,0.127306911,2.617770947,1.189151411
2021-01-23 00:00:00,12.8923,0.01423132,1,1,0.01423132,2.669256603,1.220305925
2021-01-24 00:00:00,12.4682,-0.032895604,1,1,-0.032895604,2.548554189,1.14726762
2021-01-25 00:00:00,12.1388,-0.02641921,1,1,-0.02641921,2.454804189,1.090538505
2021-01-26 00:00:00,12.1862,0.003904834,1,1,0.003904834,2.468294627,1.098701711
2021-01-27 00:00:00,11.1092,-0.088378658,1,1,-0.088378658,2.161771403,0.91322127
2021-01-28 00:00:00,11.9178,0.072786519,1,1,0.072786519,2.391905738,1.052477987
2021-01-29 00:00:00,11.5976,-0.026867375,1,1,-0.026867375,2.300774135,0.997333292
2021-01-30 00:00:00,12.0375,0.037930261,1,1,0.037930261,2.425973361,1.073092666
2021-01-31 00:00:00,13.4644,0.118537902,1,1,0.118537902,2.832081056,1.318832722
2021-02-01 00:00:00,13.2448,-0.016309676,1,1,-0.016309676,2.769581056,1.281013311
2021-02-02 00:00:00,13.4628,0.01645929,1,1,0.01645929,2.831625683,1.31855717
2021-02-03 00:00:00,14.8534,0.103292034,1,1,0.103292034,3.227402095,1.558045657
2021-02-04 00:00:00,15.29,0.029393943,1,1,0.029393943,3.351662113,1.633236707
2021-02-05 00:00:00,17.8632,0.168293002,1,1,0.168293002,4.084016393,2.076392017
2021-02-06 00:00:00,18.119,0.014319943,1,1,0.014319943,4.156819217,2.120445774
2021-02-07 00:00:00,23.7402,0.310237872,1,1,0.310237872,5.756659836,3.08852623
2021-02-08 00:00:00,30.1671,0.270718023,1,1,0.270718023,7.585809426,4.195363967
2021-02-09 00:00:00,31.9082,0.057715193,1,1,0.057715193,8.081341075,4.495215401
2021-02-10 00:00:00,54.9172,0.721099905,1,1,0.721099905,14.62989526,8.457814707
2021-02-11 00:00:00,47.5001,-0.13505969,1,1,-0.13505969,12.51892646,7.180445186
2021-02-12 00:00:00,48.4247,0.019465222,1,1,0.019465222,12.78207536,7.339679369
2021-02-13 00:00:00,44.2039,-0.08716213,1,1,-0.08716213,11.58080032,6.612775151
2021-02-14 00:00:00,39.2,-0.113200419,1,1,-0.113200419,10.15664845,5.751005814
2021-02-15 00:00:00,38.1642,-0.026423469,1,1,-0.026423469,9.861851093,5.572620819
2021-02-16 00:00:00,36.6762,-0.038989419,1,1,-0.038989419,9.438353825,5.316358149
2021-02-17 00:00:00,37.1984,0.014238116,1,1,0.014238116,9.586976321,5.406291191
2021-02-18 00:00:00,41.1329,0.105770678,1,1,0.105770678,10.70676799,6.083888956
2021-02-19 00:00:00,38.8859,-0.054627804,1,1,-0.054627804,10.06725296,5.696911658
2021-02-20 00:00:00,36.0081,-0.074006259,1,1,-0.074006259,9.248206967,5.201298277
2021-02-21 00:00:00,36.2344,0.006284697,1,1,0.006284697,9.312613843,5.240271558
2021-02-22 00:00:00,32.2924,-0.108791646,1,1,-0.108791646,8.190687614,4.561382147
2021-02-23 00:00:00,27.5483,-0.146910728,1,1,-0.146910728,6.840477004,3.744355446
2021-02-24 00:00:00,29.6555,0.076491108,1,1,0.076491108,7.44020378,4.107256452
2021-02-25 00:00:00,26.7276,-0.098730421,1,1,-0.098730421,6.606898907,3.603014873
2021-02-26 00:00:00,25.9372,-0.029572427,1,1,-0.029572427,6.381944444,3.466892551
2021-02-27 00:00:00,25.677,-0.010031923,1,1,-0.010031923,6.307889344,3.422081028
2021-02-28 00:00:00,23.925,-0.06823227,1,1,-0.06823227,5.809255464,3.120352401
2021-03-01 00:00:00,27.4816,0.148656217,1,1,0.148656217,6.821493625,3.732868403
2021-03-02 00:00:00,27.1118,-0.013456276,1,1,-0.013456276,6.716245446,3.669181618
2021-03-03 00:00:00,27.2227,0.00409047,1,1,0.00409047,6.747808515,3.688280765
2021-03-04 00:00:00,25.7677,-0.053448042,1,1,-0.053448042,6.333703324,3.43770134
2021-03-05 00:00:00,24.2636,-0.058371527,1,1,-0.058371527,5.905623862,3.178665936
2021-03-06 00:00:00,24.9377,0.027782357,1,1,0.027782357,6.09747837,3.294759125
2021-03-07 00:00:00,26.7401,0.072276112,1,1,0.072276112,6.610456512,3.605167617
2021-03-08 00:00:00,25.63,-0.04151443,1,1,-0.04151443,6.29451275,3.41398671
2021-03-09 00:00:00,34.3501,0.340230199,1,1,0.340230199,8.776326275,4.915758286
2021-03-10 00:00:00,29.6156,-0.137830749,0,0.5,-0.137830749,7.428847905,4.100384893
2021-03-11 00:00:00,30.8663,0.042231121,0,0.5,0.021115561,7.784807605,4.20808238
2021-03-12 00:00:00,28.0242,-0.092077768,0,0.5,-0.046038884,6.975922131,3.96830808
2021-03-13 00:00:00,30.9576,0.104673818,0,0.5,0.052336909,7.81079235,4.228333967
2021-03-14 00:00:00,28.8123,-0.069298008,0,0.5,-0.034649004,7.200221995,4.047177403
2021-03-15 00:00:00,28.9611,0.005164461,0,0.5,0.002582231,7.242571721,4.060210379
2021-03-16 00:00:00,33.0058,0.13965975,0,0.5,0.069829875,8.393727231,4.413564238
2021-03-17 00:00:00,32.7399,-0.00805616,0,0.5,-0.00402808,8.318049863,4.391757969
2021-03-18 00:00:00,33.2432,0.01537268,0,0.5,0.00768634,8.46129326,4.433200853
2021-03-19 00:00:00,37.3661,0.124022356,1,1,0.062011178,9.634705146,4.77012004
2021-03-20 00:00:00,34.231,-0.083902254,0,0.5,-0.083902254,8.742429417,4.285993965
2021-03-21 00:00:00,32.8665,-0.039861529,0,0.5,-0.019930765,8.354081284,4.180640064
2021-03-22 00:00:00,29.193,-0.111770344,0,0.5,-0.055885172,7.308572404,3.891119104
2021-03-23 00:00:00,28.4859,-0.02422156,0,0.5,-0.01211078,7.10732582,3.831883836
2021-03-24 00:00:00,25.8228,-0.093488357,0,0.5,-0.046744179,6.349385246,3.606021395
2021-03-25 00:00:00,25.8246,6.97058E-05,0,0.5,3.48529E-05,6.349897541,3.606181928
2021-03-26 00:00:00,28.2868,0.0953432,0,0.5,0.0476716,7.050660291,3.82576599
2021-03-27 00:00:00,27.6364,-0.022993057,1,1,-0.011496528,6.865551002,3.770286434
2021-03-28 00:00:00,28.7914,0.041792708,1,1,0.041792708,7.194273679,3.969649623
2021-03-29 00:00:00,29.6,0.028084775,1,1,0.028084775,7.424408015,4.109221116
2021-03-30 00:00:00,29.6998,0.003371622,1,1,0.003371622,7.452811931,4.126447477
2021-03-31 00:00:00,28.8004,-0.030283032,1,1,-0.030283032,7.196835155,3.971203103
2021-04-01 00:00:00,28.3045,-0.017218511,1,1,-0.017218511,7.05569786,3.885606388
2021-04-02 00:00:00,29.1181,0.028744546,1,1,0.028744546,7.287255237,4.026040925
2021-04-03 00:00:00,28.177,-0.032320103,1,1,-0.032320103,7.019410291,3.863598763
2021-04-04 00:00:00,29.2138,0.036795968,1,1,0.036795968,7.314492259,4.042559589
2021-04-05 00:00:00,31.355,0.073294128,1,1,0.073294128,7.923895719,4.412149598
2021-04-06 00:00:00,31.5321,0.005648222,1,1,0.005648222,7.974299863,4.44271862
2021-04-07 00:00:00,29.5754,-0.062054224,1,1,-0.062054224,7.417406648,4.104974939
2021-04-08 00:00:00,30.7944,0.041216687,0,0.5,0.041216687,7.764344262,4.315385093
2021-04-09 00:00:00,31.5737,0.025306549,1,1,0.012653275,7.986139572,4.38264212
2021-04-10 00:00:00,31.8805,0.009716948,1,1,0.009716948,8.073457423,4.434944973
2021-04-11 00:00:00,31.6214,-0.008127225,1,1,-0.008127225,7.999715392,4.390773952
2021-04-12 00:00:00,33.9088,0.072337088,1,1,0.072337088,8.650728597,4.780726843
2021-04-13 00:00:00,33.7292,-0.00529656,1,1,-0.00529656,8.599612933,4.750108875
2021-04-14 00:00:00,38.489,0.141118082,1,1,0.141118082,9.954291894,5.561553209
2021-04-15 00:00:00,37.0683,-0.036911845,1,1,-0.036911845,9.54994877,5.319354174
2021-04-16 00:00:00,35.5202,-0.041763447,1,1,-0.041763447,9.109346539,5.055436158
2021-04-17 00:00:00,33.9586,-0.043963716,1,1,-0.043963716,8.664902095,4.78921668
2021-04-18 00:00:00,29.3351,-0.136151078,0,0.5,-0.136151078,7.349015255,4.001008588
2021-04-19 00:00:00,26.1768,-0.107662834,0,0.5,-0.053831417,6.450136612,3.731797209
2021-04-20 00:00:00,27.4302,0.047882094,0,0.5,0.023941047,6.806864754,3.845081389
2021-04-21 00:00:00,25.8407,-0.05794708,0,0.5,-0.02897354,6.354479736,3.704702229
2021-04-22 00:00:00,23.97,-0.07239355,0,0.5,-0.036196775,5.822062842,3.534407182
2021-04-23 00:00:00,23.5679,-0.016775136,0,0.5,-0.008387568,5.707621812,3.496374534
2021-04-24 00:00:00,21.8333,-0.073600109,0,0.5,-0.036800054,5.213940118,3.330907707
2021-04-25 00:00:00,21.6154,-0.009980168,0,0.5,-0.004990084,5.151923953,3.309296114
2021-04-26 00:00:00,26.408,0.22172155,0,0.5,0.110860775,6.515938069,3.787028022
2021-04-27 00:00:00,28.0003,0.060296122,0,0.5,0.030148061,6.969119991,3.931347635
2021-04-28 00:00:00,28.2819,0.010057035,0,0.5,0.005028518,7.04926571,3.956145004
2021-04-29 00:00:00,27.9664,-0.011155545,0,0.5,-0.005577772,6.959471767,3.928500755
2021-04-30 00:00:00,32.8467,0.174505836,1,1,0.087252918,8.348446038,4.358526826
2021-05-01 00:00:00,31.853,-0.030252659,1,1,-0.030252659,8.065630692,4.196417144
2021-05-02 00:00:00,31.2878,-0.017744012,1,1,-0.017744012,7.904770036,4.104211858
2021-05-03 00:00:00,35.9222,0.148121632,1,1,0.148121632,9.223759107,4.860256049
2021-05-04 00:00:00,30.3941,-0.153890909,1,1,-0.153890909,7.650415528,3.95841592
2021-05-05 00:00:00,35.3226,0.162153181,1,1,0.162153181,9.053107923,4.762438835
2021-05-06 00:00:00,38.103,0.078714477,1,1,0.078714477,9.84443306,5.216026196
2021-05-07 00:00:00,37.8974,-0.005395901,1,1,-0.005395901,9.785917577,5.182485137
2021-05-08 00:00:00,38.4214,0.013826806,1,1,0.013826806,9.935052368,5.26796916
2021-05-09 00:00:00,39.025,0.015709995,1,1,0.015709995,10.10684199,5.366438923
2021-05-10 00:00:00,34.6661,-0.111695067,1,1,-0.111695067,8.866262523,4.6553391
2021-05-11 00:00:00,36.78,0.060978881,1,1,0.060978881,9.467896175,5.000195352
2021-05-12 00:00:00,32.992,-0.102990756,0,0.5,-0.102990756,8.389799636,4.382230697
2021-05-13 00:00:00,35.008,0.061105723,1,1,0.030552861,8.963570128,4.546673245
2021-05-14 00:00:00,37.017,0.057386883,0,0.5,0.057386883,9.535348361,4.864979534
2021-05-15 00:00:00,34.528,-0.067239377,0,0.5,-0.033619688,8.826958106,4.66780075
2021-05-16 00:00:00,36.652,0.061515292,1,1,0.030757646,9.431466302,4.842128959
2021-05-17 00:00:00,33.679,-0.081114264,0,0.5,-0.081114264,8.585325592,4.368248969
2021-05-18 00:00:00,36.966,0.09759791,1,1,0.048798955,9.520833333,4.630213908
2021-05-19 00:00:00,22.958,-0.378942812,0,0.5,-0.378942812,5.534039162,2.496684816
2021-05-20 00:00:00,25.022,0.089903302,0,0.5,0.044951651,6.121470856,2.653866571
2021-05-21 00:00:00,21.775,-0.129765806,0,0.5,-0.064882903,5.19734745,2.4167931
2021-05-22 00:00:00,18.746,-0.139104478,0,0.5,-0.069552239,4.33526867,2.179147491
2021-05-23 00:00:00,15.583,-0.168729329,0,0.5,-0.084364664,3.435052368,1.910939779
2021-05-24 00:00:00,19.422,0.246358211,0,0.5,0.123179105,4.527663934,2.269506737
2021-05-25 00:00:00,19.453,0.001596128,0,0.5,0.000798064,4.536486794,2.272116013
2021-05-26 00:00:00,20.816,0.070066314,0,0.5,0.035033157,4.924408015,2.386748567
2021-05-27 00:00:00,19.119,-0.081523828,0,0.5,-0.040761914,4.441427596,2.248698213
2021-05-28 00:00:00,16.716,-0.12568649,0,0.5,-0.062843245,3.757513661,2.044539476
2021-05-29 00:00:00,16.152,-0.033740129,0,0.5,-0.016870065,3.596994536,1.993177898
2021-05-30 00:00:00,16.497,0.021359584,0,0.5,0.010679792,3.695184426,2.025144415
2021-05-31 00:00:00,18.124,0.098623992,0,0.5,0.049311996,4.158242259,2.174320325
2021-06-01 00:00:00,17.751,-0.020580446,0,0.5,-0.010290223,4.052083333,2.141655861
2021-06-02 00:00:00,18.686,0.052673089,0,0.5,0.026336544,4.318192168,2.22439622
2021-06-03 00:00:00,20.262,0.084341218,0,0.5,0.042170609,4.766734973,2.360370973
2021-06-04 00:00:00,18.224,-0.100582371,0,0.5,-0.050291185,4.186703097,2.191373933
2021-06-05 00:00:00,17.202,-0.056079895,-1,0,-0.028039947,3.895833333,2.101887976
2021-06-06 00:00:00,17.375,0.01005697,-1,0,0,3.945070583,2.101887976
2021-06-07 00:00:00,15.52,-0.10676259,-1,0,0,3.41712204,2.101887976
2021-06-08 00:00:00,14.771,-0.048260309,-1,0,0,3.203950364,2.101887976
2021-06-09 00:00:00,15.392,0.042041839,-1,0,0,3.380692168,2.101887976
2021-06-10 00:00:00,14.178,-0.078872141,-1,0,0,3.035177596,2.101887976
2021-06-11 00:00:00,13.405,-0.054521089,-1,0,0,2.815175319,2.101887976
2021-06-12 00:00:00,13.529,0.00925028,-1,0,0,2.850466758,2.101887976
2021-06-13 00:00:00,14.734,0.089067928,-1,0,0,3.193419854,2.101887976
2021-06-14 00:00:00,15.107,0.025315597,-1,0,0,3.29957878,2.101887976
2021-06-15 00:00:00,14.716,-0.025882041,-1,0,0,3.188296903,2.101887976
2021-06-16 00:00:00,14.072,-0.043761892,-1,0,0,3.005009107,2.101887976
2021-06-17 00:00:00,14.846,0.055002843,-1,0,0,3.225295993,2.101887976
2021-06-18 00:00:00,13.636,-0.081503435,-1,0,0,2.880919854,2.101887976
2021-06-19 00:00:00,13.365,-0.019873863,-1,0,0,2.803790984,2.101887976
2021-06-20 00:00:00,13.911,0.040852974,-1,0,0,2.959187158,2.101887976
2021-06-21 00:00:00,11.168,-0.197182086,-1,0,0,2.178506375,2.101887976
2021-06-22 00:00:00,10.573,-0.053277221,-1,0,0,2.00916439,2.101887976
2021-06-23 00:00:00,11.449,0.082852549,-1,0,0,2.25848133,2.101887976
2021-06-24 00:00:00,11.491,0.003668443,-1,0,0,2.270434882,2.101887976
2021-06-25 00:00:00,10.227,-0.10999913,-1,0,0,1.910689891,2.101887976
2021-06-26 00:00:00,10.307,0.007822431,-1,0,0,1.933458561,2.101887976
2021-06-27 00:00:00,10.949,0.062287766,-1,0,0,2.11617714,2.101887976
2021-06-28 00:00:00,11.33,0.034797698,-1,0,0,2.224612933,2.101887976
2021-06-29 00:00:00,11.92,0.052074139,-1,0,0,2.392531876,2.101887976
2021-06-30 00:00:00,11.942,0.001845638,-1,0,0,2.39879326,2.101887976
2021-07-01 00:00:00,11.184,-0.063473455,-1,0,0,2.183060109,2.101887976
2021-07-02 00:00:00,11.1,-0.00751073,-1,0,0,2.159153005,2.101887976
2021-07-03 00:00:00,11.491,0.035225225,-1,0,0,2.270434882,2.101887976
2021-07-04 00:00:00,12.348,0.074580106,-1,0,0,2.514344262,2.101887976
2021-07-05 00:00:00,12.028,-0.025915128,-1,0,0,2.423269581,2.101887976
2021-07-06 00:00:00,13.375,0.111988693,-1,0,0,2.806637067,2.101887976
2021-07-07 00:00:00,13.087,-0.02153271,-1,0,0,2.724669854,2.101887976
2021-07-08 00:00:00,12.098,-0.075571178,-1,0,0,2.443192168,2.101887976
2021-07-09 00:00:00,12.556,0.037857497,-1,0,0,2.573542805,2.101887976
2021-07-10 00:00:00,12.023,-0.042449825,-1,0,0,2.421846539,2.101887976
2021-07-11 00:00:00,12.428,0.033685436,-1,0,0,2.537112933,2.101887976
2021-07-12 00:00:00,12.148,-0.022529771,-1,0,0,2.457422587,2.101887976
2021-07-13 00:00:00,11.907,-0.019838657,-1,0,0,2.388831967,2.101887976
2021-07-14 00:00:00,11.78,-0.010665995,-1,0,0,2.352686703,2.101887976
2021-07-15 00:00:00,11.392,-0.032937182,-1,0,0,2.242258652,2.101887976
2021-07-16 00:00:00,10.8,-0.051966292,-1,0,0,2.073770492,2.101887976
2021-07-17 00:00:00,10.954,0.014259259,-1,0,0,2.117600182,2.101887976
2021-07-18 00:00:00,10.686,-0.024465949,-1,0,0,2.041325137,2.101887976
2021-07-19 00:00:00,10.179,-0.047445255,-1,0,0,1.897028689,2.101887976
2021-07-20 00:00:00,9.616,-0.055309952,-1,0,0,1.736794171,2.101887976
2021-07-21 00:00:00,10.436,0.085274542,-1,0,0,1.970173042,2.101887976
2021-07-22 00:00:00,10.831,0.037849751,0,0.5,0,2.082593352,2.101887976
2021-07-23 00:00:00,11.085,0.023451205,-1,0,0.011725602,2.15488388,2.138259481
2021-07-24 00:00:00,11.142,0.005142084,-1,0,0,2.171106557,2.138259481
2021-07-25 00:00:00,11.242,0.008975049,0,0.5,0,2.199567395,2.138259481
2021-07-26 00:00:00,11.455,0.018946807,0,0.5,0.009473403,2.26018898,2.167989479
2021-07-27 00:00:00,11.921,0.040680925,0,0.5,0.020340463,2.392816485,2.232427851
2021-07-28 00:00:00,12.319,0.033386461,0,0.5,0.01669323,2.506090619,2.286387514
2021-07-29 00:00:00,12.432,0.009172822,0,0.5,0.004586411,2.538251366,2.301460238
2021-07-30 00:00:00,12.982,0.044240669,0,0.5,0.022120335,2.694785974,2.374489643
2021-07-31 00:00:00,13.554,0.044061008,0,0.5,0.022030504,2.857581967,2.44883135
2021-08-01 00:00:00,12.849,-0.052014166,0,0.5,-0.026007083,2.65693306,2.359137308
2021-08-02 00:00:00,12.995,0.011362752,0,0.5,0.005681376,2.698485883,2.37822183
2021-08-03 00:00:00,12.575,-0.032320123,0,0.5,-0.016160062,2.578950364,2.323629557
2021-08-04 00:00:00,13.707,0.090019881,0,0.5,0.04500994,2.901127049,2.473225925
2021-08-05 00:00:00,13.841,0.009776027,0,0.5,0.004888013,2.939264572,2.4902031
2021-08-06 00:00:00,14.784,0.068130915,0,0.5,0.034065458,3.207650273,2.609098466
2021-08-07 00:00:00,15.859,0.072713745,0,0.5,0.036356872,3.513604281,2.740313998
2021-08-08 00:00:00,14.837,-0.064442903,0,0.5,-0.032221452,3.222734517,2.619795652
2021-08-09 00:00:00,16.178,0.090382153,0,0.5,0.045191076,3.604394353,2.783378114
2021-08-10 00:00:00,16.449,0.016751144,0,0.5,0.008375572,3.681523224,2.815066069
2021-08-11 00:00:00,16.699,0.015198492,0,0.5,0.007599246,3.752675319,2.844057695
2021-08-12 00:00:00,16.606,-0.005569196,0,0.5,-0.002784598,3.72620674,2.83335354
2021-08-13 00:00:00,18.051,0.087016741,0,0.5,0.04350837,4.137465847,3.000136506
2021-08-14 00:00:00,18.116,0.003600909,0,0.5,0.001800454,4.155965392,3.007338569
2021-08-15 00:00:00,18.791,0.037259881,0,0.5,0.01862994,4.348076047,3.081995047
2021-08-16 00:00:00,19.109,0.016922995,0,0.5,0.008461498,4.438581512,3.116534838
2021-08-17 00:00:00,23.491,0.229316029,0,0.5,0.114658015,5.685735428,3.58852855
2021-08-18 00:00:00,30.034,0.278532204,1,1,0.139266102,7.547928051,4.227555034
2021-08-19 00:00:00,30.699,0.022141573,1,1,0.022141573,7.737192623,4.343301325
2021-08-20 00:00:00,39.2,0.276914557,1,1,0.276914557,10.15664845,5.822939247
2021-08-21 00:00:00,43.748,0.116020408,1,1,0.116020408,11.45104736,6.614539443
2021-08-22 00:00:00,43.788,0.000914328,1,1,0.000914328,11.46243169,6.621501626
2021-08-23 00:00:00,46.458,0.06097561,1,1,0.06097561,12.22233607,7.086227335
2021-08-24 00:00:00,55.592,0.196607689,1,1,0.196607689,14.821949,8.676041801
2021-08-25 00:00:00,46.314,-0.166894517,1,1,-0.166894517,12.18135246,7.061163477
2021-08-26 00:00:00,41.35,-0.107181414,1,1,-0.107181414,10.76855647,6.197156578
2021-08-27 00:00:00,50.178,0.213494559,1,1,0.213494559,13.28107923,7.733710345
2021-08-28 00:00:00,50.296,0.002351628,1,1,0.002351628,13.31466302,7.754248785
2021-08-29 00:00:00,47.451,-0.056565134,1,1,-0.056565134,12.50495219,7.259063526
2021-08-30 00:00:00,41.476,-0.125919369,1,1,-0.125919369,10.80441712,6.219087454
2021-08-31 00:00:00,39.545,-0.046557045,1,1,-0.046557045,10.25483834,5.882988075
2021-09-01 00:00:00,42.565,0.076368694,1,1,0.076368694,11.11435565,6.408632884
2021-09-02 00:00:00,47.604,0.118383649,1,1,0.118383649,12.54849727,7.285693875
2021-09-03 00:00:00,45.96,-0.034534913,1,1,-0.034534913,12.08060109,6.999548158
2021-09-04 00:00:00,47.259,0.028263708,1,1,0.028263708,12.45030738,7.225645048
2021-09-05 00:00:00,48.195,0.019805751,1,1,0.019805751,12.71670082,7.388560128
2021-09-06 00:00:00,47.137,-0.021952485,1,1,-0.021952485,12.41558515,7.20441039
2021-09-07 00:00:00,37.976,-0.194348389,1,1,-0.194348389,9.808287796,5.60989645
2021-09-08 00:00:00,37.053,-0.024304824,1,1,-0.024304824,9.545594262,5.44924408
2021-09-09 00:00:00,40.782,0.100639624,1,1,0.100639624,10.60689891,6.098293581
2021-09-10 00:00:00,49.376,0.210730224,1,1,0.210730224,13.05282332,7.594118578
2021-09-11 00:00:00,57.108,0.156594297,1,1,0.156594297,15.2534153,8.939908534
2021-09-12 00:00:00,59.295,0.03829586,1,1,0.03829586,15.87585383,9.320565884
2021-09-13 00:00:00,53.142,-0.103769289,1,1,-0.103769289,14.12465847,8.249608099
2021-09-14 00:00:00,51.496,-0.030973618,1,1,-0.030973618,13.65619308,7.963114272
2021-09-15 00:00:00,57.903,0.12441743,1,1,0.12441743,15.47967896,9.078281919
2021-09-16 00:00:00,67.594,0.167366112,1,1,0.167366112,18.23781876,10.76504478
2021-09-17 00:00:00,70.166,0.038050715,1,1,0.038050715,18.96983151,11.21271314
2021-09-18 00:00:00,69.087,-0.015377818,1,1,-0.015377818,18.66273907,11.02490826
2021-09-19 00:00:00,70.076,0.014315284,1,1,0.014315284,18.94421676,11.19704823
2021-09-20 00:00:00,57.34,-0.181745533,1,1,-0.181745533,15.31944444,8.980289194
2021-09-21 00:00:00,59.048,0.029787234,1,1,0.029787234,15.80555556,9.277574404
2021-09-22 00:00:00,74.001,0.253234657,1,1,0.253234657,20.06130464,11.88021243
2021-09-23 00:00:00,76.446,0.033040094,1,1,0.033040094,20.75717213,12.30577586
2021-09-24 00:00:00,72.292,-0.054339011,1,1,-0.054339011,19.57490893,11.58275316
2021-09-25 00:00:00,68.246,-0.055967465,1,1,-0.055967465,18.42338342,10.87852836
2021-09-26 00:00:00,66.761,-0.021759517,1,1,-0.021759517,18.00073998,10.62005732
2021-09-27 00:00:00,66.323,-0.006560717,1,1,-0.006560717,17.87608151,10.54382142
2021-09-28 00:00:00,61.492,-0.072840493,1,1,-0.072840493,16.50113843,9.70296378
2021-09-29 00:00:00,65.474,0.064756391,1,1,0.064756391,17.634449,10.39604909
2021-09-30 00:00:00,66.659,0.018098787,1,1,0.018098787,17.97170993,10.60230376
2021-10-01 00:00:00,67.687,0.015421774,1,1,0.015421774,18.26428734,10.78123186
2021-10-02 00:00:00,69.168,0.021880125,1,1,0.021880125,18.68579235,11.03900668
2021-10-03 00:00:00,68.774,-0.005696276,1,1,-0.005696276,18.57365665,10.97042918
2021-10-04 00:00:00,65.273,-0.050905866,1,1,-0.050905866,17.57724271,10.36106412
2021-10-05 00:00:00,64.674,-0.009176842,1,1,-0.009176842,17.4067623,10.25680543
2021-10-06 00:00:00,60.084,-0.070971333,1,1,-0.070971333,16.10040984,9.457894942
2021-10-07 00:00:00,61.596,0.025164769,1,1,0.025164769,16.5307377,9.721065455
2021-10-08 00:00:00,60.546,-0.017046561,1,1,-0.017046561,16.23189891,9.538308154
2021-10-09 00:00:00,60.715,0.002791266,1,1,0.002791266,16.27999772,9.567723377
2021-10-10 00:00:00,56.512,-0.069225068,1,1,-0.069225068,15.08378871,8.836172008
2021-10-11 00:00:00,55.344,-0.020668177,0,0.5,-0.020668177,14.75136612,8.632876267
2021-10-12 00:00:00,54.368,-0.017635155,0,0.5,-0.008817577,14.47358834,8.547937636
2021-10-13 00:00:00,55.035,0.012268246,1,1,0.006134123,14.66342213,8.60650586
2021-10-14 00:00:00,56.229,0.021695285,1,1,0.021695285,15.00324454,8.814921741
2021-10-15 00:00:00,56.417,0.00334347,0,0.5,0.00334347,15.05675091,8.847737642
2021-10-16 00:00:00,57.683,0.022440045,0,0.5,0.011220022,15.41706512,8.958229478
2021-10-17 00:00:00,56.116,-0.027165716,0,0.5,-0.013582858,14.97108379,8.822968261
2021-10-18 00:00:00,55.538,-0.010300093,0,0.5,-0.005150046,14.80658015,8.772379519
2021-10-19 00:00:00,56.87,0.023983579,0,0.5,0.011991789,15.18567851,8.889567836
2021-10-20 00:00:00,59.686,0.049516441,1,1,0.024758221,15.9871357,9.134415937
2021-10-21 00:00:00,61.518,0.030693965,1,1,0.030693965,16.50853825,9.445481346
2021-10-22 00:00:00,65.578,0.065996944,0,0.5,0.065996944,17.66404827,10.13485119
2021-10-23 00:00:00,65.525,-0.000808198,0,0.5,-0.000404099,17.64896403,10.13035161
2021-10-24 00:00:00,64.585,-0.01434567,0,0.5,-0.007172835,17.38143215,10.05051544
2021-10-25 00:00:00,69.793,0.080637919,1,1,0.04031896,18.86367259,10.49606072
2021-10-26 00:00:00,68.699,-0.015674924,1,1,-0.015674924,18.55231102,10.31586084
2021-10-27 00:00:00,61.585,-0.103553181,0,0.5,-0.103553181,16.52760701,9.144067451
2021-10-28 00:00:00,64.306,0.044182837,1,1,0.022091418,17.30202641,9.368164289
2021-10-29 00:00:00,64.924,0.009610301,0,0.5,0.009610301,17.47791439,9.467805466
2021-10-30 00:00:00,62.407,-0.038768406,0,0.5,-0.019384203,16.7615551,9.2648954
2021-10-31 00:00:00,64.519,0.033842357,0,0.5,0.016921179,17.362648,9.438589529
2021-11-01 00:00:00,64.961,0.006850695,0,0.5,0.003425348,17.4884449,9.474345326
2021-11-02 00:00:00,67.826,0.044103385,0,0.5,0.022051693,18.30384791,9.705322369
2021-11-03 00:00:00,75.652,0.115383481,1,1,0.057691741,20.53119308,10.32293105
2021-11-04 00:00:00,78.978,0.043964469,1,1,0.043964469,21.47780055,10.8207377
2021-11-05 00:00:00,74.246,-0.059915419,1,1,-0.059915419,20.1310337,10.11249324
2021-11-06 00:00:00,78.791,0.061215419,1,1,0.061215419,21.42457878,10.79274917
2021-11-07 00:00:00,87.609,0.111916336,1,1,0.111916336,23.93425546,12.11255045
2021-11-08 00:00:00,91.241,0.041456928,1,1,0.041456928,24.9679531,12.65615651
2021-11-09 00:00:00,88.405,-0.031082518,1,1,-0.031082518,24.16080373,12.23168878
2021-11-10 00:00:00,85.189,-0.036378033,1,1,-0.036378033,23.24550319,11.75034597
2021-11-11 00:00:00,87.916,0.032011175,1,1,0.032011175,24.02163024,12.15849953
2021-11-12 00:00:00,84.855,-0.034817326,1,1,-0.034817326,23.15044399,11.70035576
2021-11-13 00:00:00,97.675,0.151081256,1,1,0.151081256,26.79912341,13.61914147
2021-11-14 00:00:00,95.406,-0.0232301,1,1,-0.0232301,26.15334699,13.27953735
2021-11-15 00:00:00,93.922,-0.015554577,1,1,-0.015554577,25.73098816,13.05742519
2021-11-16 00:00:00,97.898,0.042333,1,1,0.042333,26.86259107,13.65251816
2021-11-17 00:00:00,107.614,0.099246154,1,1,0.099246154,29.62784608,15.10672424
2021-11-18 00:00:00,100.605,-0.065130931,1,1,-0.065130931,27.63302596,14.05767829
2021-11-19 00:00:00,111.947,0.112737935,1,1,0.112737935,30.86105419,15.75524986
2021-11-20 00:00:00,125.937,0.124969852,1,1,0.124969852,34.84272541,17.84915095
2021-11-21 00:00:00,128.67,0.021701327,1,1,0.021701327,35.62056011,18.25820254
2021-11-22 00:00:00,134.884,0.048294086,1,1,0.048294086,37.38911658,19.18825982
2021-11-23 00:00:00,123.937,-0.081158625,1,1,-0.081158625,34.27350865,17.54980841
2021-11-24 00:00:00,115.357,-0.069228721,1,1,-0.069228721,31.83156876,16.2656289
2021-11-25 00:00:00,119.292,0.034111497,1,1,0.034111497,32.95150273,16.85458535
2021-11-26 00:00:00,104.376,-0.125037723,1,1,-0.125037723,28.70628415,14.62208866
2021-11-27 00:00:00,113.52,0.087606346,1,1,0.087606346,31.30874317,15.99068277
2021-11-28 00:00:00,110.506,-0.026550388,1,1,-0.026550388,30.45093352,15.53957356
2021-11-29 00:00:00,120.483,0.09028469,1,1,0.09028469,33.29047131,17.03284383
2021-11-30 00:00:00,120.421,-0.000514595,1,1,-0.000514595,33.27282559,17.02356422
2021-12-01 00:00:00,119.64,-0.00648558,1,1,-0.00648558,33.05054645,16.90667095
2021-12-02 00:00:00,107.875,-0.098336677,1,1,-0.098336677,29.70212887,15.14578844
2021-12-03 00:00:00,108.279,0.003745075,1,1,0.003745075,29.81711066,15.20625563
2021-12-04 00:00:00,92.986,-0.14123699,1,1,-0.14123699,25.46459472,12.91733288
2021-12-05 00:00:00,86.315,-0.071741983,1,1,-0.071741983,23.56597222,11.91887582
2021-12-06 00:00:00,92.883,0.076093379,1,1,0.076093379,25.43528005,12.90191673
2021-12-07 00:00:00,89.543,-0.035959218,1,1,-0.035959218,24.48468807,12.40201469
2021-12-08 00:00:00,93.188,0.0407067,1,1,0.0407067,25.52208561,12.94756647
2021-12-09 00:00:00,85.406,-0.083508606,0,0.5,-0.083508606,23.30726321,11.78282464
2021-12-10 00:00:00,80.542,-0.056951502,0,0.5,-0.028475751,21.92292805,11.4188241
2021-12-11 00:00:00,86.511,0.074110402,0,0.5,0.037055201,23.62175546,11.87900613
2021-12-12 00:00:00,87.914,0.016217591,1,1,0.008108795,24.02106102,11.98343935
2021-12-13 00:00:00,79.008,-0.101303547,0,0.5,-0.101303547,21.4863388,10.6681709
2021-12-14 00:00:00,87.136,0.102875658,0,0.5,0.051437829,23.7996357,11.26835628
2021-12-15 00:00:00,101.156,0.160897907,1,1,0.080448953,27.78984517,12.2553327
2021-12-16 00:00:00,98.318,-0.028055676,1,1,-0.028055676,26.98212659,11.88344538
2021-12-17 00:00:00,110.747,0.126416323,1,1,0.126416323,30.51952413,13.51212316
2021-12-18 00:00:00,115.896,0.046493359,1,1,0.046493359,31.98497268,14.18684051
2021-12-19 00:00:00,107.529,-0.072194036,0,0.5,-0.072194036,29.60365437,13.0904412
2021-12-20 00:00:00,113.515,0.055668703,0,0.5,0.027834352,31.30732013,13.48263949
2021-12-21 00:00:00,123.154,0.084913888,0,0.5,0.042456944,34.05066029,14.09752811
2021-12-22 00:00:00,116.657,-0.052755087,0,0.5,-0.026377544,32.20155965,13.6992924
2021-12-23 00:00:00,121.437,0.040974824,0,0.5,0.020487412,33.5619877,14.00044286
2021-12-24 00:00:00,114.877,-0.05401978,0,0.5,-0.02700989,31.69495674,13.59528255
2021-12-25 00:00:00,114.985,0.000940136,0,0.5,0.000470068,31.72569444,13.60214332
2021-12-26 00:00:00,115.068,0.000721833,1,1,0.000360917,31.74931694,13.60741348
2021-12-27 00:00:00,113.828,-0.010776237,1,1,-0.010776237,31.39640255,13.45000054
2021-12-28 00:00:00,107.002,-0.059967671,0,0.5,-0.059967671,29.45366576,12.58346767
2021-12-29 00:00:00,103.074,-0.036709594,0,0.5,-0.018354797,28.33572404,12.33414587
2021-12-30 00:00:00,101.732,-0.013019772,0,0.5,-0.006509886,27.9537796,12.2473421
2021-12-31 00:00:00,109.46,0.075964298,0,0.5,0.037982149,30.15323315,12.75050463
2022-01-01 00:00:00,114.107,0.042453864,1,1,0.021226932,31.47580829,13.04238566
2022-01-02 00:00:00,113.064,-0.009140544,1,1,-0.009140544,31.17896175,12.91403062
2022-01-03 00:00:00,108.099,-0.043913182,1,1,-0.043913182,29.76588115,12.30302126
2022-01-04 00:00:00,103.327,-0.044144719,1,1,-0.044144719,28.40772996,11.71576312
2022-01-05 00:00:00,97.358,-0.057768057,1,1,-0.057768057,26.70890255,10.9811982
2022-01-06 00:00:00,95.068,-0.023521436,1,1,-0.023521436,26.05714936,10.69938321
2022-01-07 00:00:00,86.685,-0.088178988,0,0.5,-0.088178988,23.67127732,9.667743438
2022-01-08 00:00:00,83.845,-0.0327623,0,0.5,-0.01638115,22.86298953,9.492993531
2022-01-09 00:00:00,89.32,0.065299064,1,1,0.032649532,24.4212204,9.835584858
2022-01-10 00:00:00,84.368,-0.055441111,0,0.5,-0.055441111,23.01183971,9.234847999
2022-01-11 00:00:00,89.525,0.061125071,1,1,0.030562536,24.47956512,9.547650905
2022-01-12 00:00:00,95.9,0.071209159,1,1,0.071209159,26.29394353,10.29874026
2022-01-13 00:00:00,89.686,-0.064796663,1,1,-0.064796663,24.52538707,9.566619593
2022-01-14 00:00:00,90.346,0.007359008,0,0.5,0.007359008,24.7132286,9.644379433
2022-01-15 00:00:00,92.994,0.029309543,0,0.5,0.014654772,25.46687158,9.800370383
2022-01-16 00:00:00,92.237,-0.00814031,0,0.5,-0.004070155,25.25142304,9.7564112
2022-01-17 00:00:00,86.653,-0.060539697,0,0.5,-0.030269848,23.66216985,9.430816265
2022-01-18 00:00:00,85.985,-0.007708908,0,0.5,-0.003854454,23.47205146,9.390611164
2022-01-19 00:00:00,82.543,-0.040030238,0,0.5,-0.020015119,22.49242942,9.182641846
2022-01-20 00:00:00,79.213,-0.040342609,0,0.5,-0.020171305,21.54468352,8.977244675
2022-01-21 00:00:00,66.027,-0.166462576,-1,0,-0.083231288,17.79183743,8.146825752
2022-01-22 00:00:00,59.771,-0.094749118,-1,0,0,16.01132741,8.146825752
2022-01-23 00:00:00,64.76,0.083468572,-1,0,0,17.43123862,8.146825752
2022-01-24 00:00:00,62.967,-0.027686844,-1,0,0,16.92093579,8.146825752
2022-01-25 00:00:00,67.94,0.078977877,0,0.5,0,18.33629326,8.146825752
2022-01-26 00:00:00,65.83,-0.031056815,0,0.5,-0.015528407,17.73576958,8.004790115
2022-01-27 00:00:00,64.66,-0.017773052,-1,0,-0.008886526,17.40277778,7.924768814
2022-01-28 00:00:00,66.93,0.035106712,0,0.5,0,18.0488388,7.924768814
2022-01-29 00:00:00,71.87,0.073808457,0,0.5,0.036904228,19.45480419,8.25413052
2022-01-30 00:00:00,67.91,-0.055099485,-1,0,-0.027549743,18.32775501,7.999181606
2022-01-31 00:00:00,69.82,0.02812546,0,0.5,0,18.87135701,7.999181606
2022-02-01 00:00:00,73.29,0.049699227,0,0.5,0.024849613,19.85894809,8.222807789
2022-02-02 00:00:00,67.78,-0.075180789,0,0.5,-0.037590394,18.29075592,7.876118808
2022-02-03 00:00:00,68.41,0.009294777,0,0.5,0.004647389,18.4700592,7.917369581
2022-02-04 00:00:00,77.75,0.136529747,0,0.5,0.068264874,21.12830146,8.526112688
2022-02-05 00:00:00,76.98,-0.009903537,0,0.5,-0.004951768,20.90915301,8.478941583
2022-02-06 00:00:00,78.9,0.024941543,0,0.5,0.012470772,21.45560109,8.597151299
2022-02-07 00:00:00,83.17,0.054119138,0,0.5,0.027059569,22.67087887,8.856846078
2022-02-08 00:00:00,86.31,0.037753998,0,0.5,0.018876999,23.56454918,9.04291375
2022-02-09 00:00:00,89.96,0.042289422,1,1,0.021144711,24.60336976,9.255268259
2022-02-10 00:00:00,91.15,0.013228101,1,1,0.013228101,24.94205373,9.390925987
2022-02-11 00:00:00,81.71,-0.103565551,0,0.5,-0.103565551,22.25535064,8.314784009
2022-02-12 00:00:00,81.26,-0.005507282,0,0.5,-0.002753641,22.12727687,8.289134438
2022-02-13 00:00:00,77.87,-0.041717942,0,0.5,-0.020858971,21.16245446,8.09537265
2022-02-14 00:00:00,81.81,0.050597149,0,0.5,0.025298575,22.28381148,8.325472613
2022-02-15 00:00:00,92.96,0.136291407,1,1,0.068145703,25.4571949,8.960963505
2022-02-16 00:00:00,95.25,0.024634251,1,1,0.024634251,26.10894809,9.206344383
2022-02-17 00:00:00,88.17,-0.074330709,1,1,-0.074330709,24.09392077,8.447699572
2022-02-18 00:00:00,83.62,-0.051604854,1,1,-0.051604854,22.79895264,7.960152412
2022-02-19 00:00:00,84.97,0.016144463,1,1,0.016144463,23.18317395,8.104809262
2022-02-20 00:00:00,77.27,-0.090620219,1,1,-0.090620219,20.99168944,7.279729454
2022-02-21 00:00:00,69.98,-0.094344506,1,1,-0.094344506,18.91689435,6.498582466
2022-02-22 00:00:00,74.36,0.062589311,1,1,0.062589311,20.16347905,6.967913578
2022-02-23 00:00:00,73.41,-0.012775686,1,1,-0.012775686,19.89310109,6.866118017
2022-02-24 00:00:00,76.36,0.040185261,1,1,0.040185261,20.73269581,7.182220022
2022-02-25 00:00:00,80.93,0.059848088,1,1,0.059848088,22.0333561,7.671910246
2022-02-26 00:00:00,81.77,0.01037934,1,1,0.01037934,22.27242714,7.761918952
2022-02-27 00:00:00,74.99,-0.082915495,1,1,-0.082915495,20.34278233,7.035420108
2022-02-28 00:00:00,84.49,0.126683558,1,1,0.126683558,23.04656193,8.053375715
2022-03-01 00:00:00,86.86,0.028050657,1,1,0.028050657,23.72108379,8.307328851
2022-03-02 00:00:00,83.29,-0.041100622,1,1,-0.041100622,22.70503188,7.924791849
2022-03-03 00:00:00,78.42,-0.058470405,1,1,-0.058470405,21.31898907,7.402955659
2022-03-04 00:00:00,75.74,-0.034174955,0,0.5,-0.034174955,20.55623862,7.115785024
2022-03-05 00:00:00,76.63,0.011750726,1,1,0.005875363,20.80954007,7.163468208
2022-03-06 00:00:00,72.45,-0.054547827,-1,0,-0.054547827,19.61987705,6.718168755
2022-03-07 00:00:00,71.64,-0.011180124,-1,0,0,19.38934426,6.718168755
2022-03-08 00:00:00,72.94,0.018146287,-1,0,0,19.75933515,6.718168755
2022-03-09 00:00:00,77.58,0.063613929,-1,0,0,21.07991803,6.718168755
2022-03-10 00:00:00,73.89,-0.047563805,-1,0,0,20.02971311,6.718168755
2022-03-11 00:00:00,71.18,-0.03667614,-1,0,0,19.25842441,6.718168755
2022-03-12 00:00:00,70.87,-0.004355156,-1,0,0,19.17019581,6.718168755
2022-03-13 00:00:00,67.9,-0.041907718,-1,0,0,18.32490893,6.718168755
2022-03-14 00:00:00,68.92,0.015022091,-1,0,0,18.61520947,6.718168755
2022-03-15 00:00:00,69.8,0.012768427,-1,0,0,18.86566485,6.718168755
2022-03-16 00:00:00,74.06,0.061031519,-1,0,0,20.07809654,6.718168755
2022-03-17 00:00:00,79.38,0.071833648,-1,0,0,21.59221311,6.718168755
2022-03-18 00:00:00,85.72,0.079868985,-1,0,0,23.39663024,6.718168755
2022-03-19 00:00:00,89.53,0.044447037,0,0.5,0,24.48098816,6.718168755
2022-03-20 00:00:00,84.82,-0.052608064,0,0.5,-0.026304032,23.1404827,6.515149795
2022-03-21 00:00:00,86.21,0.016387644,0,0.5,0.008193822,23.53608834,6.576727597
2022-03-22 00:00:00,83.89,-0.026911031,0,0.5,-0.013455516,22.8757969,6.47477882
2022-03-23 00:00:00,85.94,0.024436762,0,0.5,0.012218381,23.45924408,6.566108517
2022-03-24 00:00:00,87.55,0.018734,0,0.5,0.009367,23.91746357,6.636980258
2022-03-25 00:00:00,83.48,-0.046487721,0,0.5,-0.023243861,22.75910747,6.459467353
2022-03-26 00:00:00,85.85,0.028390034,0,0.5,0.014195017,23.43362933,6.565354617
2022-03-27 00:00:00,89.89,0.047058824,0,0.5,0.023529412,24.58344718,6.743362961
2022-03-28 00:00:00,89.56,-0.003671154,0,0.5,-0.001835577,24.48952641,6.729149423
2022-03-29 00:00:00,92.74,0.035506923,0,0.5,0.017753461,25.39458106,6.866368579
2022-03-30 00:00:00,95.57,0.030515419,0,0.5,0.01525771,26.20002277,6.986391347
2022-03-31 00:00:00,97.46,0.01977608,0,0.5,0.00988804,26.7379326,7.065361106
2022-04-01 00:00:00,96.82,-0.006566797,0,0.5,-0.003283398,26.55578324,7.038879313
2022-04-02 00:00:00,96.22,-0.006197067,0,0.5,-0.003098533,26.38501821,7.013970577
2022-04-03 00:00:00,98.05,0.019018915,1,1,0.009509457,26.90585155,7.09017909
2022-04-04 00:00:00,96.13,-0.019581846,1,1,-0.019581846,26.35940346,6.931758449
2022-04-05 00:00:00,90.98,-0.053573286,0,0.5,-0.053573286,24.89367031,6.506828083
2022-04-06 00:00:00,82.89,-0.088920642,0,0.5,-0.044460321,22.59118852,6.173072097
2022-04-07 00:00:00,87.53,0.055977802,0,0.5,0.027988901,23.9117714,6.373838502
2022-04-08 00:00:00,83.62,-0.044670399,0,0.5,-0.022335199,22.79895264,6.209142349
2022-04-09 00:00:00,84.49,0.01040421,1,1,0.005202105,23.04656193,6.246645063
2022-04-10 00:00:00,80.94,-0.042016807,0,0.5,-0.042016807,22.03620219,5.942164178
2022-04-11 00:00:00,74.28,-0.082283173,0,0.5,-0.041141586,20.14071038,5.656552531
2022-04-12 00:00:00,76.27,0.026790522,0,0.5,0.013395261,20.70708106,5.74571879
2022-04-13 00:00:00,80.15,0.050871902,0,0.5,0.025435951,21.81136157,5.917302564
2022-04-14 00:00:00,76.79,-0.041921397,0,0.5,-0.020960699,20.85507741,5.77231107
2022-04-15 00:00:00,77.38,0.007683292,0,0.5,0.003841646,21.02299636,5.798327892
2022-04-16 00:00:00,77.73,0.004523133,-1,0,0.002261566,21.12260929,5.813702761
2022-04-17 00:00:00,75.37,-0.030361508,-1,0,0,20.45093352,5.813702761
2022-04-18 00:00:00,77.7,0.030914157,-1,0,0,21.11407104,5.813702761
2022-04-19 00:00:00,80.26,0.032947233,-1,0,0,21.84266849,5.813702761
2022-04-20 00:00:00,78.18,-0.025915774,-1,0,0,21.25068306,5.813702761
2022-04-21 00:00:00,74.95,-0.041314914,-1,0,0,20.331398,5.813702761
2022-04-22 00:00:00,73.98,-0.012941961,-1,0,0,20.05532787,5.813702761
2022-04-23 00:00:00,72.78,-0.0162206,-1,0,0,19.71379781,5.813702761
2022-04-24 00:00:00,71.44,-0.018411652,-1,0,0,19.33242259,5.813702761
2022-04-25 00:00:00,72.85,0.019736842,-1,0,0,19.7337204,5.813702761
2022-04-26 00:00:00,68.65,-0.057652711,-1,0,0,18.53836521,5.813702761
2022-04-27 00:00:00,69.81,0.016897305,-1,0,0,18.86851093,5.813702761
2022-04-28 00:00:00,67.2,-0.037387194,-1,0,0,18.12568306,5.813702761
2022-04-29 00:00:00,63.36,-0.057142857,-1,0,0,17.03278689,5.813702761
2022-04-30 00:00:00,56.91,-0.101799242,-1,0,0,15.19706284,5.813702761
2022-05-01 00:00:00,58.7,0.031453172,-1,0,0,15.70651184,5.813702761
2022-05-02 00:00:00,60.32,0.027597956,-1,0,0,16.16757741,5.813702761
2022-05-03 00:00:00,59.58,-0.012267905,-1,0,0,15.95696721,5.813702761
2022-05-04 00:00:00,67.24,0.128566633,-1,0,0,18.1370674,5.813702761
2022-05-05 00:00:00,58.99,-0.122694825,-1,0,0,15.78904827,5.813702761
2022-05-06 00:00:00,56.95,-0.034582133,-1,0,0,15.20844718,5.813702761
2022-05-07 00:00:00,55.02,-0.033889377,-1,0,0,14.65915301,5.813702761
2022-05-08 00:00:00,51.59,-0.062340967,-1,0,0,13.68294627,5.813702761
2022-05-09 00:00:00,41.17,-0.201977127,-1,0,0,10.71732696,5.813702761
2022-05-10 00:00:00,44.53,0.081612825,-1,0,0,11.67361111,5.813702761
2022-05-11 00:00:00,31.1,-0.301594431,-1,0,0,7.851320583,5.813702761
2022-05-12 00:00:00,30.3,-0.025723473,-1,0,0,7.62363388,5.813702761
2022-05-13 00:00:00,32.18,0.062046205,-1,0,0,8.158697632,5.813702761
2022-05-14 00:00:00,33.91,0.053760099,-1,0,0,8.651070128,5.813702761
2022-05-15 00:00:00,36.52,0.076968446,-1,0,0,9.393897996,5.813702761
2022-05-16 00:00:00,32.52,-0.109529025,-1,0,0,8.255464481,5.813702761
2022-05-17 00:00:00,34.37,0.056888069,-1,0,0,8.781989982,5.813702761
2022-05-18 00:00:00,29.57,-0.139656677,-1,0,0,7.415869763,5.813702761
2022-05-19 00:00:00,30.36,0.026716266,-1,0,0,7.640710383,5.813702761
2022-05-20 00:00:00,28.76,-0.052700922,-1,0,0,7.185336976,5.813702761
2022-05-21 00:00:00,29.87,0.038595271,-1,0,0,7.501252277,5.813702761
2022-05-22 00:00:00,31.69,0.0609307,-1,0,0,8.019239526,5.813702761
2022-05-23 00:00:00,29.04,-0.083622594,-1,0,0,7.265027322,5.813702761
2022-05-24 00:00:00,29.05,0.000344353,-1,0,0,7.267873406,5.813702761
2022-05-25 00:00:00,27.22,-0.062994836,-1,0,0,6.747040073,5.813702761
2022-05-26 00:00:00,23.4,-0.140337987,-1,0,0,5.659836066,5.813702761
2022-05-27 00:00:00,22.55,-0.036324786,-1,0,0,5.417918944,5.813702761
2022-05-28 00:00:00,24.74,0.097117517,-1,0,0,6.041211293,5.813702761
2022-05-29 00:00:00,26.14,0.056588521,-1,0,0,6.439663024,5.813702761
2022-05-30 00:00:00,27.68,0.058913542,-1,0,0,6.877959927,5.813702761
2022-05-31 00:00:00,26.41,-0.045881503,-1,0,0,6.516507286,5.813702761
2022-06-01 00:00:00,23.68,-0.103369936,-1,0,0,5.739526412,5.813702761
2022-06-02 00:00:00,24.62,0.039695946,-1,0,0,6.007058288,5.813702761
2022-06-03 00:00:00,22.98,-0.06661251,-1,0,0,5.540300546,5.813702761
2022-06-04 00:00:00,24.56,0.06875544,-1,0,0,5.989981785,5.813702761
2022-06-05 00:00:00,24.16,-0.016286645,-1,0,0,5.876138434,5.813702761
2022-06-06 00:00:00,25.97,0.074917219,-1,0,0,6.391279599,5.813702761
2022-06-07 00:00:00,24.58,-0.053523296,-1,0,0,5.995673953,5.813702761
2022-06-08 00:00:00,24.49,-0.003661513,-1,0,0,5.970059199,5.813702761
2022-06-09 00:00:00,24.41,-0.003266639,-1,0,0,5.947290528,5.813702761
2022-06-10 00:00:00,22.06,-0.09627202,-1,0,0,5.278460838,5.813702761
2022-06-11 00:00:00,19.89,-0.098368087,-1,0,0,4.660860656,5.813702761
2022-06-12 00:00:00,17.27,-0.131724485,-1,0,0,3.915186703,5.813702761
2022-06-13 00:00:00,16.1,-0.067747539,-1,0,0,3.5821949,5.813702761
2022-06-14 00:00:00,16.53,0.026708075,-1,0,0,3.704576503,5.813702761
2022-06-15 00:00:00,18.28,0.105868119,-1,0,0,4.202641166,5.813702761
2022-06-16 00:00:00,15.78,-0.136761488,-1,0,0,3.491120219,5.813702761
2022-06-17 00:00:00,15.97,0.012040558,-1,0,0,3.545195811,5.813702761
2022-06-18 00:00:00,14.81,-0.072636193,-1,0,0,3.215050091,5.813702761
2022-06-19 00:00:00,16.16,0.091154625,-1,0,0,3.599271403,5.813702761
2022-06-20 00:00:00,17.09,0.057549505,-1,0,0,3.863957195,5.813702761
2022-06-21 00:00:00,16.89,-0.01170275,-1,0,0,3.807035519,5.813702761
2022-06-22 00:00:00,16.07,-0.048549438,-1,0,0,3.573656648,5.813702761
2022-06-23 00:00:00,18.27,0.136901058,-1,0,0,4.199795082,5.813702761
2022-06-24 00:00:00,20.48,0.120963328,-1,0,0,4.828779599,5.813702761
2022-06-25 00:00:00,21.35,0.042480469,-1,0,0,5.076388889,5.813702761
2022-06-26 00:00:00,19.72,-0.076346604,-1,0,0,4.612477231,5.813702761
2022-06-27 00:00:00,19.33,-0.019776876,-1,0,0,4.501479964,5.813702761
2022-06-28 00:00:00,18.1,-0.063631661,-1,0,0,4.151411658,5.813702761
2022-06-29 00:00:00,17.78,-0.017679558,-1,0,0,4.060336976,5.813702761
2022-06-30 00:00:00,16.97,-0.045556805,-1,0,0,3.829804189,5.813702761
2022-07-01 00:00:00,16.11,-0.050677666,-1,0,0,3.585040984,5.813702761
2022-07-02 00:00:00,16.31,0.012414649,-1,0,0,3.641962659,5.813702761
2022-07-03 00:00:00,16.63,0.019619865,-1,0,0,3.733037341,5.813702761
2022-07-04 00:00:00,17.91,0.076969333,-1,0,0,4.097336066,5.813702761
2022-07-05 00:00:00,18.01,0.005583473,-1,0,0,4.125796903,5.813702761
2022-07-06 00:00:00,19.16,0.063853415,-1,0,0,4.453096539,5.813702761
2022-07-07 00:00:00,20.18,0.053235908,-1,0,0,4.743397086,5.813702761
2022-07-08 00:00:00,19.69,-0.024281467,-1,0,0,4.60393898,5.813702761
2022-07-09 00:00:00,19.87,0.009141696,-1,0,0,4.655168488,5.813702761
2022-07-10 00:00:00,19.14,-0.036738802,-1,0,0,4.447404372,5.813702761
2022-07-11 00:00:00,17.32,-0.095088819,-1,0,0,3.929417122,5.813702761
2022-07-12 00:00:00,16.74,-0.033487298,-1,0,0,3.764344262,5.813702761
2022-07-13 00:00:00,18.82,0.124253286,0,0.5,0,4.35632969,5.813702761
2022-07-14 00:00:00,19.75,0.049415515,0,0.5,0.024707758,4.621015483,5.982054078
2022-07-15 00:00:00,19.35,-0.020253165,0,0.5,-0.010126582,4.507172131,5.911349733
2022-07-16 00:00:00,21.25,0.098191214,0,0.5,0.049095607,5.047928051,6.250666645
2022-07-17 00:00:00,20.61,-0.030117647,0,0.5,-0.015058824,4.865778689,6.141480135
2022-07-18 00:00:00,23.96,0.162542455,0,0.5,0.081271228,5.819216758,6.721876992
2022-07-19 00:00:00,24.71,0.03130217,0,0.5,0.015651085,6.032673042,6.842732747
2022-07-20 00:00:00,23.59,-0.045325779,0,0.5,-0.02266289,5.713911658,6.664993761
2022-07-21 00:00:00,24.99,0.059347181,0,0.5,0.029673591,6.112363388,6.892441647
2022-07-22 00:00:00,23.61,-0.055222089,0,0.5,-0.027611044,5.719603825,6.67452309
2022-07-23 00:00:00,23.58,-0.001270648,0,0.5,-0.000635324,5.711065574,6.669647281
2022-07-24 00:00:00,23.77,0.008057676,0,0.5,0.004028838,5.765141166,6.700547048
2022-07-25 00:00:00,20.9,-0.120740429,-1,0,-0.060370215,4.948315118,6.23566337
2022-07-26 00:00:00,20.69,-0.010047847,0,0.5,0,4.888547359,6.23566337
2022-07-27 00:00:00,23.39,0.130497825,0,0.5,0.065248913,5.656989982,6.707782536
2022-07-28 00:00:00,24.19,0.034202651,0,0.5,0.017101325,5.884676685,6.839595833
2022-07-29 00:00:00,24.47,0.011575031,0,0.5,0.005787516,5.964367031,6.884967616
2022-07-30 00:00:00,24.22,-0.010216592,0,0.5,-0.005108296,5.893214936,6.844688868
2022-07-31 00:00:00,23.69,-0.021882742,0,0.5,-0.010941371,5.742372495,6.758857219
2022-08-01 00:00:00,23.57,-0.005065428,0,0.5,-0.002532714,5.70821949,6.739206251
2022-08-02 00:00:00,22.81,-0.032244378,0,0.5,-0.016122189,5.491917122,6.614433303
2022-08-03 00:00:00,23.02,0.009206488,0,0.5,0.004603244,5.551684882,6.649484399
2022-08-04 00:00:00,23.35,0.014335361,0,0.5,0.00716768,5.645605647,6.704313457
2022-08-05 00:00:00,24.95,0.068522484,0,0.5,0.034261242,6.100979053,6.968272805
2022-08-06 00:00:00,26.64,0.067735471,0,0.5,0.033867735,6.581967213,7.238140161
2022-08-07 00:00:00,27.87,0.046171171,0,0.5,0.023085586,6.932035519,7.42832245
2022-08-08 00:00:00,27.91,0.001435235,0,0.5,0.000717618,6.943419854,7.434370762
2022-08-09 00:00:00,27.39,-0.018631315,0,0.5,-0.009315657,6.795423497,7.355799053
2022-08-10 00:00:00,29.16,0.064622125,0,0.5,0.032311062,7.299180328,7.625783798
2022-08-11 00:00:00,28.51,-0.022290809,0,0.5,-0.011145405,7.114184882,7.529645947
2022-08-12 00:00:00,29.32,0.028411084,0,0.5,0.014205542,7.344717668,7.65081419
2022-08-13 00:00:00,29.15,-0.00579809,0,0.5,-0.002899045,7.296334244,7.62573509
2022-08-14 00:00:00,28.17,-0.033619211,0,0.5,-0.016809605,7.017418033,7.480739886
2022-08-15 00:00:00,27.87,-0.010649627,0,0.5,-0.005324814,6.932035519,7.435581527
2022-08-16 00:00:00,27.09,-0.027987083,0,0.5,-0.013993541,6.710040984,7.317537867
2022-08-17 00:00:00,25.54,-0.057216685,0,0.5,-0.028608343,6.268897996,7.079586895
2022-08-18 00:00:00,24.18,-0.053249804,-1,0,-0.026624902,5.881830601,6.864468684
2022-08-19 00:00:00,22.42,-0.072787428,-1,0,0,5.380919854,6.864468684
2022-08-20 00:00:00,22.28,-0.006244425,-1,0,0,5.341074681,6.864468684
2022-08-21 00:00:00,22.95,0.030071813,-1,0,0,5.531762295,6.864468684
2022-08-22 00:00:00,22.55,-0.017429194,-1,0,0,5.417918944,6.864468684
2022-08-23 00:00:00,23.5,0.042128603,-1,0,0,5.688296903,6.864468684
2022-08-24 00:00:00,22.99,-0.021702128,0,0.5,0,5.54314663,6.864468684
2022-08-25 00:00:00,22.97,-0.000869943,0,0.5,-0.000434972,5.537454463,6.861047863
2022-08-26 00:00:00,20.64,-0.101436657,-1,0,-0.050718328,4.87431694,6.462348657
2022-08-27 00:00:00,20.03,-0.029554264,-1,0,0,4.700705829,6.462348657
2022-08-28 00:00:00,18.51,-0.075886171,-1,0,0,4.268101093,6.462348657
2022-08-29 00:00:00,19.3,0.042679633,-1,0,0,4.492941712,6.462348657
2022-08-30 00:00:00,19.39,0.004663212,-1,0,0,4.518556466,6.462348657
2022-08-31 00:00:00,19.12,-0.013924703,-1,0,0,4.441712204,6.462348657
2022-09-01 00:00:00,19.31,0.009937238,-1,0,0,4.495787796,6.462348657
2022-09-02 00:00:00,18.83,-0.024857587,-1,0,0,4.359175774,6.462348657
2022-09-03 00:00:00,18.87,0.00212427,-1,0,0,4.370560109,6.462348657
2022-09-04 00:00:00,19,0.006889242,-1,0,0,4.407559199,6.462348657
2022-09-05 00:00:00,19.44,0.023157895,-1,0,0,4.532786885,6.462348657
2022-09-06 00:00:00,18.19,-0.064300412,-1,0,0,4.177026412,6.462348657
2022-09-07 00:00:00,18.99,0.043980209,-1,0,0,4.404713115,6.462348657
2022-09-08 00:00:00,19.13,0.007372301,-1,0,0,4.444558288,6.462348657
2022-09-09 00:00:00,20.38,0.065342394,-1,0,0,4.800318761,6.462348657
2022-09-10 00:00:00,20.43,0.002453386,-1,0,0,4.81454918,6.462348657
2022-09-11 00:00:00,20.67,0.01174743,-1,0,0,4.882855191,6.462348657
2022-09-12 00:00:00,21.36,0.033381713,-1,0,0,5.079234973,6.462348657
2022-09-13 00:00:00,18.83,-0.118445693,-1,0,0,4.359175774,6.462348657
2022-09-14 00:00:00,19.1,0.014338821,-1,0,0,4.436020036,6.462348657
2022-09-15 00:00:00,18.18,-0.048167539,-1,0,0,4.174180328,6.462348657
2022-09-16 00:00:00,18.04,-0.00770077,-1,0,0,4.134335155,6.462348657
2022-09-17 00:00:00,18.46,0.023281596,-1,0,0,4.253870674,6.462348657
2022-09-18 00:00:00,16.69,-0.09588299,-1,0,0,3.750113843,6.462348657
2022-09-19 00:00:00,17.26,0.034152187,-1,0,0,3.912340619,6.462348657
2022-09-20 00:00:00,16.65,-0.035341831,-1,0,0,3.738729508,6.462348657
2022-09-21 00:00:00,16.51,-0.008408408,-1,0,0,3.698884335,6.462348657
2022-09-22 00:00:00,17.66,0.069654755,-1,0,0,4.026183971,6.462348657
2022-09-23 00:00:00,17.96,0.016987542,-1,0,0,4.111566485,6.462348657
2022-09-24 00:00:00,17.59,-0.020601336,-1,0,0,4.006261384,6.462348657
2022-09-25 00:00:00,17.31,-0.015918135,-1,0,0,3.926571038,6.462348657
2022-09-26 00:00:00,17.56,0.014442519,-1,0,0,3.997723133,6.462348657
2022-09-27 00:00:00,17.29,-0.015375854,-1,0,0,3.920878871,6.462348657
2022-09-28 00:00:00,17.25,-0.002313476,-1,0,0,3.909494536,6.462348657
2022-09-29 00:00:00,17.33,0.004637681,-1,0,0,3.932263206,6.462348657
2022-09-30 00:00:00,17.18,-0.008655511,-1,0,0,3.889571949,6.462348657
2022-10-01 00:00:00,16.95,-0.01338766,-1,0,0,3.824112022,6.462348657
2022-10-02 00:00:00,16.52,-0.025368732,-1,0,0,3.701730419,6.462348657
2022-10-03 00:00:00,17.14,0.037530266,-1,0,0,3.878187614,6.462348657
2022-10-04 00:00:00,17.43,0.016919487,-1,0,0,3.960724044,6.462348657
2022-10-05 00:00:00,17.37,-0.003442341,-1,0,0,3.943647541,6.462348657
2022-10-06 00:00:00,17.02,-0.020149683,-1,0,0,3.844034608,6.462348657
2022-10-07 00:00:00,16.89,-0.007638073,-1,0,0,3.807035519,6.462348657
2022-10-08 00:00:00,16.76,-0.007696862,-1,0,0,3.77003643,6.462348657
2022-10-09 00:00:00,16.88,0.007159905,-1,0,0,3.804189435,6.462348657
2022-10-10 00:00:00,16.19,-0.040876777,-1,0,0,3.607809654,6.462348657
2022-10-11 00:00:00,15.94,-0.015441631,-1,0,0,3.536657559,6.462348657
2022-10-12 00:00:00,15.94,0,-1,0,0,3.536657559,6.462348657
2022-10-13 00:00:00,15.64,-0.018820577,-1,0,0,3.451275046,6.462348657
2022-10-14 00:00:00,15.66,0.001278772,-1,0,0,3.456967213,6.462348657
2022-10-15 00:00:00,15.42,-0.01532567,-1,0,0,3.388661202,6.462348657
2022-10-16 00:00:00,15.73,0.020103761,0,0.5,0,3.4768898,6.462348657
2022-10-17 00:00:00,16.16,0.0273363,0,0.5,0.01366815,3.599271403,6.564345158
2022-10-18 00:00:00,15.86,-0.018564356,-1,0,-0.009282178,3.513888889,6.494131558
2022-10-19 00:00:00,15.04,-0.051702396,-1,0,0,3.280510018,6.494131558
2022-10-20 00:00:00,15.13,0.005984043,-1,0,0,3.306124772,6.494131558
2022-10-21 00:00:00,15.67,0.035690681,-1,0,0,3.459813297,6.494131558
2022-10-22 00:00:00,15.66,-0.000638162,-1,0,0,3.456967213,6.494131558
2022-10-23 00:00:00,16.31,0.041507024,-1,0,0,3.641962659,6.494131558
2022-10-24 00:00:00,15.74,-0.034947885,-1,0,0,3.479735883,6.494131558
2022-10-25 00:00:00,16.621,0.055972046,-1,0,0,3.730475865,6.494131558
2022-10-26 00:00:00,16.992,0.02232116,-1,0,0,3.836065574,6.494131558
2022-10-27 00:00:00,16.878,-0.00670904,-1,0,0,3.803620219,6.494131558
2022-10-28 00:00:00,18.32,0.085436663,1,1,0,4.214025501,6.494131558
2022-10-29 00:00:00,18.28,-0.002183406,1,1,-0.002183406,4.202641166,6.477768826
2022-10-30 00:00:00,18.241,-0.002133479,1,1,-0.002133479,4.191541439,6.461815161
2022-10-31 00:00:00,19.266,0.056192095,1,1,0.056192095,4.483265027,6.881110186
2022-11-01 00:00:00,18.614,-0.033842001,1,1,-0.033842001,4.297700364,6.614397643
2022-11-02 00:00:00,17.902,-0.038250779,0,0.5,-0.038250779,4.095059199,6.323141002
2022-11-03 00:00:00,18.022,0.006703162,0,0.5,0.003351581,4.129212204,6.347685101
2022-11-04 00:00:00,19.375,0.075074908,0,0.5,0.037537454,4.514287341,6.623498494
2022-11-05 00:00:00,19.593,0.011251613,0,0.5,0.005625806,4.576331967,6.666386821
2022-11-06 00:00:00,18.219,-0.070127086,0,0.5,-0.035063543,4.185280055,6.397576136
2022-11-07 00:00:00,18.065,-0.008452714,0,0.5,-0.004226357,4.141450364,6.366311338
2022-11-08 00:00:00,15.994,-0.114641572,-1,0,-0.057320786,3.552026412,5.944068582
2022-11-09 00:00:00,12.858,-0.196073528,-1,0,0,2.659494536,5.944068582
2022-11-10 00:00:00,15.403,0.197931249,-1,0,0,3.38382286,5.944068582
2022-11-11 00:00:00,14.12,-0.083295462,-1,0,0,3.01867031,5.944068582
2022-11-12 00:00:00,13.086,-0.073229462,-1,0,0,2.724385246,5.944068582
2022-11-13 00:00:00,13.011,-0.005731316,-1,0,0,2.703039617,5.944068582
2022-11-14 00:00:00,13.127,0.008915533,-1,0,0,2.736054189,5.944068582
2022-11-15 00:00:00,13.505,0.028795612,-1,0,0,2.843636157,5.944068582
2022-11-16 00:00:00,13.04,-0.034431692,-1,0,0,2.71129326,5.944068582
2022-11-17 00:00:00,12.859,-0.013880368,-1,0,0,2.659779144,5.944068582
2022-11-18 00:00:00,12.986,0.009876351,-1,0,0,2.695924408,5.944068582
2022-11-19 00:00:00,12.88,-0.008162637,-1,0,0,2.66575592,5.944068582
2022-11-20 00:00:00,12.177,-0.054580745,-1,0,0,2.46567623,5.944068582
2022-11-21 00:00:00,11.806,-0.030467274,-1,0,0,2.360086521,5.944068582
2022-11-22 00:00:00,12.341,0.045315941,-1,0,0,2.512352004,5.944068582
2022-11-23 00:00:00,13.049,0.057369743,-1,0,0,2.713854736,5.944068582
2022-11-24 00:00:00,12.939,-0.008429765,-1,0,0,2.682547814,5.944068582
2022-11-25 00:00:00,12.813,-0.009738001,-1,0,0,2.646687158,5.944068582
2022-11-26 00:00:00,12.762,-0.003980332,-1,0,0,2.632172131,5.944068582
2022-11-27 00:00:00,12.855,0.007287259,-1,0,0,2.65864071,5.944068582
2022-11-28 00:00:00,12.441,-0.032205368,-1,0,0,2.540812842,5.944068582
2022-11-29 00:00:00,12.456,0.001205691,-1,0,0,2.545081967,5.944068582
2022-11-30 00:00:00,13.131,0.054190751,-1,0,0,2.737192623,5.944068582
2022-12-01 00:00:00,12.896,-0.017896581,-1,0,0,2.670309654,5.944068582
2022-12-02 00:00:00,13.574,0.052574442,-1,0,0,2.863274135,5.944068582
2022-12-03 00:00:00,13.403,-0.012597613,-1,0,0,2.814606102,5.944068582
2022-12-04 00:00:00,13.919,0.038498844,-1,0,0,2.961464026,5.944068582
2022-12-05 00:00:00,13.599,-0.022990157,-1,0,0,2.870389344,5.944068582
2022-12-06 00:00:00,13.662,0.004632694,-1,0,0,2.888319672,5.944068582
2022-12-07 00:00:00,13.259,-0.029497877,-1,0,0,2.773622495,5.944068582
2022-12-08 00:00:00,13.405,0.011011388,-1,0,0,2.815175319,5.944068582
2022-12-09 00:00:00,13.451,0.003431555,0,0.5,0,2.828267304,5.944068582
2022-12-10 00:00:00,13.478,0.002007286,-1,0,0.001003643,2.83595173,5.951037946
2022-12-11 00:00:00,12.972,-0.037542662,-1,0,0,2.691939891,5.951037946
2022-12-12 00:00:00,12.996,0.001850139,-1,0,0,2.698770492,5.951037946
2022-12-13 00:00:00,13.75,0.058017852,0,0.5,0,2.913365209,5.951037946
2022-12-14 00:00:00,13.71,-0.002909091,0,0.5,-0.001454545,2.901980874,5.940927346
2022-12-15 00:00:00,13.17,-0.039387309,-1,0,-0.019693654,2.74829235,5.804235122
2022-12-16 00:00:00,11.828,-0.101898254,-1,0,0,2.366347905,5.804235122
2022-12-17 00:00:00,11.943,0.009722692,-1,0,0,2.399077869,5.804235122
2022-12-18 00:00:00,11.92,-0.001925814,-1,0,0,2.392531876,5.804235122
2022-12-19 00:00:00,11.383,-0.045050336,-1,0,0,2.239697177,5.804235122
2022-12-20 00:00:00,11.939,0.048844769,-1,0,0,2.397939435,5.804235122
2022-12-21 00:00:00,11.698,-0.020185945,-1,0,0,2.329348816,5.804235122
2022-12-22 00:00:00,11.847,0.01273722,-1,0,0,2.371755464,5.804235122
2022-12-23 00:00:00,11.775,-0.006077488,-1,0,0,2.351263661,5.804235122
2022-12-24 00:00:00,11.67,-0.008917197,-1,0,0,2.321379781,5.804235122
2022-12-25 00:00:00,11.673,0.000257069,-1,0,0,2.322233607,5.804235122
2022-12-26 00:00:00,11.707,0.002912705,-1,0,0,2.331910291,5.804235122
2022-12-27 00:00:00,11.641,-0.005637653,-1,0,0,2.313126138,5.804235122
2022-12-28 00:00:00,11.204,-0.03753973,-1,0,0,2.188752277,5.804235122
2022-12-29 00:00:00,10.967,-0.02115316,-1,0,0,2.121300091,5.804235122
2022-12-30 00:00:00,10.869,-0.008935899,-1,0,0,2.09340847,5.804235122
2022-12-31 00:00:00,10.903,0.003128163,-1,0,0,2.103085155,5.804235122
2023-01-01 00:00:00,10.86,-0.003943869,-1,0,0,2.090846995,5.804235122
2023-01-02 00:00:00,11.162,0.027808471,-1,0,0,2.176798725,5.804235122
2023-01-03 00:00:00,11.377,0.019261781,-1,0,0,2.237989526,5.804235122
2023-01-04 00:00:00,12.072,0.06108816,-1,0,0,2.43579235,5.804235122
2023-01-05 00:00:00,11.743,-0.027253148,-1,0,0,2.342156193,5.804235122
2023-01-06 00:00:00,11.772,0.002469556,-1,0,0,2.350409836,5.804235122
2023-01-07 00:00:00,11.74,-0.002718315,-1,0,0,2.341302368,5.804235122
2023-01-08 00:00:00,12.086,0.029471891,-1,0,0,2.439776867,5.804235122
2023-01-09 00:00:00,12.178,0.007612113,-1,0,0,2.465960838,5.804235122
2023-01-10 00:00:00,12.73,0.04532764,-1,0,0,2.623064663,5.804235122
2023-01-11 00:00:00,15.838,0.244147683,0,0.5,0,3.507627505,5.804235122
2023-01-12 00:00:00,15.446,-0.0247506,0,0.5,-0.0123753,3.39606102,5.720030672
2023-01-13 00:00:00,15.956,0.033018257,0,0.5,0.016509129,3.541211293,5.830972522
2023-01-14 00:00:00,16.941,0.061732264,0,0.5,0.030866132,3.821550546,6.041818221
2023-01-15 00:00:00,16.817,-0.007319521,0,0.5,-0.00365976,3.786259107,6.016046854
2023-01-16 00:00:00,16.762,-0.0032705,1,1,-0.00163525,3.770605647,6.004573863
2023-01-17 00:00:00,17.131,0.022014079,0,0.5,0.022014079,3.875626138,6.158773109
2023-01-18 00:00:00,15.823,-0.076352811,0,0.5,-0.038176405,3.503358379,5.885476885
2023-01-19 00:00:00,16.179,0.022498894,0,0.5,0.011249447,3.604678962,5.962934692
2023-01-20 00:00:00,17.496,0.081401817,0,0.5,0.040700909,3.979508197,6.24633246
2023-01-21 00:00:00,16.887,-0.034807956,0,0.5,-0.017403978,3.806181694,6.120217449
2023-01-22 00:00:00,17.35,0.02741754,0,0.5,0.01370877,3.937955373,6.217826873
2023-01-23 00:00:00,17.998,0.037348703,1,1,0.018674352,4.122381603,6.35261511
2023-01-24 00:00:00,16.995,-0.055728414,0,0.5,-0.055728414,3.836919399,5.942865529
2023-01-25 00:00:00,17.8,0.047366873,1,1,0.023683436,4.066029144,6.107296443
2023-01-26 00:00:00,18.1,0.016853933,1,1,0.016853933,4.151411658,6.227082338
2023-01-27 00:00:00,21.221,0.172430939,1,1,0.172430939,5.039674408,7.473254933
2023-01-28 00:00:00,20.539,-0.032137977,1,1,-0.032137977,4.845571494,7.200941665
2023-01-29 00:00:00,20.99,0.021958226,1,1,0.021958226,4.973929872,7.381019794
2023-01-30 00:00:00,19.75,-0.05907575,1,1,-0.05907575,4.621015483,6.885904761
2023-01-31 00:00:00,19.807,0.002886076,1,1,0.002886076,4.63723816,6.908664081
2023-02-01 00:00:00,20.966,0.058514667,1,1,0.058514667,4.967099271,7.371436922
2023-02-02 00:00:00,21.218,0.01201946,1,1,0.01201946,5.038820583,7.472057074
2023-02-03 00:00:00,21.375,0.007399378,1,1,0.007399378,5.083504098,7.534745026
2023-02-04 00:00:00,21.032,-0.016046784,1,1,-0.016046784,4.985883424,7.397789819
2023-02-05 00:00:00,20.089,-0.04483644,1,1,-0.04483644,4.717497723,7.021262822
2023-02-06 00:00:00,19.574,-0.02563592,1,1,-0.02563592,4.570924408,6.815630369
2023-02-07 00:00:00,20.851,0.065239604,1,1,0.065239604,4.934369308,7.325518996
2023-02-08 00:00:00,20.11,-0.035537864,1,1,-0.035537864,4.723474499,7.029647835
2023-02-09 00:00:00,17.891,-0.110343113,1,1,-0.110343113,4.091928506,6.143631497
2023-02-10 00:00:00,17.769,-0.006819071,1,1,-0.006819071,4.057206284,6.094918567
2023-02-11 00:00:00,17.995,0.01271878,1,1,0.01271878,4.121527778,6.185157274
2023-02-12 00:00:00,17.766,-0.012725757,1,1,-0.012725757,4.056352459,6.093720708
2023-02-13 00:00:00,17.616,-0.008443094,1,1,-0.008443094,4.013661202,6.03382776
2023-02-14 00:00:00,18.141,0.029802452,1,1,0.029802452,4.163080601,6.243453077
2023-02-15 00:00:00,19.957,0.100104735,1,1,0.100104735,4.679929417,6.968557028
2023-02-16 00:00:00,18.595,-0.06824673,1,1,-0.06824673,4.292292805,6.424729065
2023-02-17 00:00:00,19.456,0.04630277,1,1,0.04630277,4.537340619,6.768514584
2023-02-18 00:00:00,19.56,0.005345395,1,1,0.005345395,4.566939891,6.81004036
2023-02-19 00:00:00,19.83,0.013803681,1,1,0.013803681,4.643784153,6.917847666
2023-02-20 00:00:00,20.847,0.05128593,1,1,0.05128593,4.933230874,7.32392185
2023-02-21 00:00:00,20.995,0.007099343,1,1,0.007099343,4.975352914,7.383016225
2023-02-22 00:00:00,20.311,-0.032579186,1,1,-0.032579186,4.780680783,7.109904385
2023-02-23 00:00:00,19.718,-0.029196002,1,1,-0.029196002,4.611908015,6.873127599
2023-02-24 00:00:00,18.38,-0.067856781,1,1,-0.067856781,4.231102004,6.338882506
2023-02-25 00:00:00,17.931,-0.024428727,-1,0,-0.024428727,4.103312842,6.15960295
2023-02-26 00:00:00,18.421,0.027326976,0,0.5,0,4.242770947,6.15960295
2023-02-27 00:00:00,17.917,-0.027360078,-1,0,-0.013680039,4.099328324,6.061659302
2023-02-28 00:00:00,17.08,-0.04671541,-1,0,0,3.861111111,6.061659302
2023-03-01 00:00:00,17.765,0.040105386,-1,0,0,4.056067851,6.061659302
2023-03-02 00:00:00,17.464,-0.016943428,-1,0,0,3.970400729,6.061659302
2023-03-03 00:00:00,16.655,-0.046323866,-1,0,0,3.74015255,6.061659302
2023-03-04 00:00:00,16.134,-0.031281897,-1,0,0,3.591871585,6.061659302
2023-03-05 00:00:00,16.138,0.000247924,-1,0,0,3.593010018,6.061659302
2023-03-06 00:00:00,16.505,0.022741356,-1,0,0,3.697461293,6.061659302
2023-03-07 00:00:00,16.165,-0.020599818,-1,0,0,3.600694444,6.061659302
2023-03-08 00:00:00,15.102,-0.065759357,-1,0,0,3.298155738,6.061659302
2023-03-09 00:00:00,14.401,-0.046417693,0,0.5,0,3.098645264,6.061659302
2023-03-10 00:00:00,14.782,0.026456496,-1,0,0.013228248,3.207081056,6.155072683
2023-03-11 00:00:00,14.509,-0.018468408,0,0.5,0,3.129382969,6.155072683
2023-03-12 00:00:00,16.176,0.114894204,0,0.5,0.057447102,3.603825137,6.566110872
2023-03-13 00:00:00,16.461,0.017618694,0,0.5,0.008809347,3.684938525,6.632763369
2023-03-14 00:00:00,17.148,0.04173501,0,0.5,0.020867505,3.880464481,6.792040097
2023-03-15 00:00:00,15.55,-0.09318871,0,0.5,-0.046594355,3.425660291,6.428975014
2023-03-16 00:00:00,15.819,0.017299035,0,0.5,0.008649518,3.502219945,6.493232065
2023-03-17 00:00:00,17.648,0.115620456,0,0.5,0.057810228,4.02276867,6.926417521
2023-03-18 00:00:00,16.99,-0.037284678,0,0.5,-0.018642339,3.835496357,6.778650558
2023-03-19 00:00:00,17.533,0.031959976,0,0.5,0.015979988,3.990038707,6.902953302
2023-03-20 00:00:00,16.631,-0.051445845,0,0.5,-0.025722922,3.733321949,6.699666247
2023-03-21 00:00:00,17.434,0.048283326,0,0.5,0.024141663,3.961862477,6.885548996
2023-03-22 00:00:00,16.735,-0.040094069,0,0.5,-0.020047035,3.76292122,6.727467123
2023-03-23 00:00:00,17.536,0.047863759,0,0.5,0.023931879,3.990892532,6.912399933
2023-03-24 00:00:00,16.952,-0.03330292,0,0.5,-0.01665146,3.824681239,6.780646923
2023-03-25 00:00:00,16.882,-0.004129306,0,0.5,-0.002064653,3.804758652,6.764582586
2023-03-26 00:00:00,17.101,0.012972397,0,0.5,0.006486198,3.867087887,6.814945209
2023-03-27 00:00:00,16.479,-0.036372142,0,0.5,-0.018186071,3.690061475,6.67282206
2023-03-28 00:00:00,16.708,0.013896474,0,0.5,0.006948237,3.755236794,6.726134648
2023-03-29 00:00:00,17.31,0.036030644,0,0.5,0.018015322,3.926571038,6.865323451
2023-03-30 00:00:00,17.228,-0.004737146,1,1,-0.002368573,3.903233151,6.846693858
2023-03-31 00:00:00,17.7,0.02739726,0,0.5,0.02739726,4.037568306,7.061671772
2023-04-01 00:00:00,17.788,0.004971751,1,1,0.002485876,4.062613843,7.081712086
2023-04-02 00:00:00,17.239,-0.030863503,1,1,-0.030863503,3.906363843,6.832282137
2023-04-03 00:00:00,17.095,-0.008353153,1,1,-0.008353153,3.865380237,6.766857888
2023-04-04 00:00:00,17.652,0.032582626,1,1,0.032582626,4.023907104,7.019922517
2023-04-05 00:00:00,17.99,0.019147972,1,1,0.019147972,4.120104736,7.173487768
2023-04-06 00:00:00,17.958,-0.001778766,1,1,-0.001778766,4.110997268,7.158949046
2023-04-07 00:00:00,17.594,-0.020269518,1,1,-0.020269518,4.007399818,6.993571084
2023-04-08 00:00:00,17.445,-0.008468796,1,1,-0.008468796,3.964993169,6.925875159
2023-04-09 00:00:00,17.527,0.004700487,1,1,0.004700487,3.988331056,6.963130634
2023-04-10 00:00:00,17.934,0.023221316,1,1,0.023221316,4.104166667,7.148045005
2023-04-11 00:00:00,18.135,0.011207762,1,1,0.011207762,4.161372951,7.239366352
2023-04-12 00:00:00,18.256,0.006672181,1,1,0.006672181,4.195810565,7.294340895
2023-04-13 00:00:00,18.835,0.0317156,1,1,0.0317156,4.360598816,7.557400896
2023-04-14 00:00:00,19.226,0.020759225,1,1,0.020759225,4.471880692,7.735045905
2023-04-15 00:00:00,19.102,-0.0064496,1,1,-0.0064496,4.436589253,7.678708357
2023-04-16 00:00:00,20.188,0.056852686,1,1,0.056852686,4.745673953,8.172116235
2023-04-17 00:00:00,20.54,0.017436101,1,1,0.017436101,4.845856102,8.332042177
2023-04-18 00:00:00,21.211,0.032667965,1,1,0.032667965,5.036828324,8.636901003
2023-04-19 00:00:00,18.98,-0.105181274,1,1,-0.105181274,4.401867031,7.62327948
2023-04-20 00:00:00,18.3,-0.035827187,1,1,-0.035827187,4.208333333,7.314331637
2023-04-21 00:00:00,16.922,-0.075300546,1,1,-0.075300546,3.816142987,6.688257922
2023-04-22 00:00:00,17.206,0.016782886,0,0.5,0.016782886,3.896971767,6.817289079
2023-04-23 00:00:00,16.832,-0.021736604,0,0.5,-0.010868302,3.790528233,6.732328423
2023-04-24 00:00:00,16.913,0.004812262,1,1,0.002406131,3.813581512,6.750933419
2023-04-25 00:00:00,17.619,0.041743038,1,1,0.041743038,4.014515027,7.074480927
2023-04-26 00:00:00,17.167,-0.025654123,1,1,-0.025654123,3.88587204,6.867337197
2023-04-27 00:00:00,17.712,0.031746956,1,1,0.031746956,4.040983607,7.117101208
2023-04-28 00:00:00,17.54,-0.00971093,1,1,-0.00971093,3.992030965,7.038276602
2023-04-29 00:00:00,17.48,-0.003420753,1,1,-0.003420753,3.974954463,7.010779647
2023-04-30 00:00:00,17.083,-0.02271167,0,0.5,-0.02271167,3.861964936,6.828841459
2023-05-01 00:00:00,16.638,-0.026049289,0,0.5,-0.013024644,3.735314208,6.726873583
2023-05-02 00:00:00,16.839,0.012080779,0,0.5,0.006040389,3.792520492,6.773546909
2023-05-03 00:00:00,17.208,0.021913415,1,1,0.010956708,3.897540984,6.85871939
2023-05-04 00:00:00,16.91,-0.017317527,0,0.5,-0.017317527,3.812727687,6.722625807
2023-05-05 00:00:00,17.368,0.027084565,0,0.5,0.013542283,3.943078324,6.827207789
2023-05-06 00:00:00,16.572,-0.045831414,0,0.5,-0.022915707,3.716530055,6.647841788
2023-05-07 00:00:00,16.402,-0.010258267,0,0.5,-0.005129133,3.66814663,6.608614987
2023-05-08 00:00:00,15.396,-0.061333984,0,0.5,-0.030666992,3.381830601,6.375281653
2023-05-09 00:00:00,15.305,-0.005910626,0,0.5,-0.002955313,3.355931239,6.353485387
2023-05-10 00:00:00,15.505,0.013067625,0,0.5,0.006533812,3.412852914,6.401531681
2023-05-11 00:00:00,14.946,-0.036052886,-1,0,-0.018026443,3.253756831,6.268108392
2023-05-12 00:00:00,15.18,0.015656363,-1,0,0,3.320355191,6.268108392
2023-05-13 00:00:00,14.909,-0.017852437,-1,0,0,3.243226321,6.268108392
2023-05-14 00:00:00,15.015,0.007109799,-1,0,0,3.273394809,6.268108392
2023-05-15 00:00:00,15.076,0.004062604,-1,0,0,3.29075592,6.268108392
2023-05-16 00:00:00,14.896,-0.011939507,-1,0,0,3.239526412,6.268108392
2023-05-17 00:00:00,15.169,0.018327068,-1,0,0,3.317224499,6.268108392
2023-05-18 00:00:00,14.678,-0.032368647,-1,0,0,3.177481785,6.268108392
2023-05-19 00:00:00,14.672,-0.000408775,-1,0,0,3.175774135,6.268108392
2023-05-20 00:00:00,14.619,-0.003612323,-1,0,0,3.160689891,6.268108392
2023-05-21 00:00:00,14.305,-0.021478897,-1,0,0,3.07132286,6.268108392
2023-05-22 00:00:00,14.671,0.02558546,-1,0,0,3.175489526,6.268108392
2023-05-23 00:00:00,14.715,0.002999114,-1,0,0,3.188012295,6.268108392
2023-05-24 00:00:00,14.132,-0.039619436,-1,0,0,3.02208561,6.268108392
2023-05-25 00:00:00,14.078,-0.003821115,-1,0,0,3.006716758,6.268108392
2023-05-26 00:00:00,14.326,0.017616139,-1,0,0,3.077299636,6.268108392
2023-05-27 00:00:00,14.558,0.016194332,-1,0,0,3.14332878,6.268108392
2023-05-28 00:00:00,14.901,0.023560929,-1,0,0,3.240949454,6.268108392
2023-05-29 00:00:00,14.467,-0.029125562,-1,0,0,3.117429417,6.268108392
2023-05-30 00:00:00,14.436,-0.002142808,-1,0,0,3.108606557,6.268108392
2023-05-31 00:00:00,14.099,-0.023344417,-1,0,0,3.012693534,6.268108392
2023-06-01 00:00:00,14.081,-0.001276686,-1,0,0,3.007570583,6.268108392
2023-06-02 00:00:00,14.488,0.028904197,-1,0,0,3.123406193,6.268108392
2023-06-03 00:00:00,14.575,0.00600497,-1,0,0,3.148167122,6.268108392
2023-06-04 00:00:00,14.782,0.014202401,-1,0,0,3.207081056,6.268108392
2023-06-05 00:00:00,13.864,-0.062102557,-1,0,0,2.945810565,6.268108392
2023-06-06 00:00:00,14.621,0.054601847,-1,0,0,3.161259107,6.268108392
2023-06-07 00:00:00,14.014,-0.041515628,-1,0,0,2.988501821,6.268108392
2023-06-08 00:00:00,13.916,-0.006993007,-1,0,0,2.9606102,6.268108392
2023-06-09 00:00:00,13.75,-0.011928715,-1,0,0,2.913365209,6.268108392
2023-06-10 00:00:00,11.634,-0.153890909,-1,0,0,2.31113388,6.268108392
2023-06-11 00:00:00,11.565,-0.005930892,-1,0,0,2.291495902,6.268108392
2023-06-12 00:00:00,11.507,-0.005015132,-1,0,0,2.274988616,6.268108392
2023-06-13 00:00:00,11.786,0.024246111,-1,0,0,2.354394353,6.268108392
2023-06-14 00:00:00,11.37,-0.035296114,-1,0,0,2.235997268,6.268108392
2023-06-15 00:00:00,11.395,0.002198769,-1,0,0,2.243112477,6.268108392
2023-06-16 00:00:00,11.54,0.012724879,-1,0,0,2.284380692,6.268108392
2023-06-17 00:00:00,11.616,0.006585789,-1,0,0,2.306010929,6.268108392
2023-06-18 00:00:00,11.328,-0.024793388,-1,0,0,2.224043716,6.268108392
2023-06-19 00:00:00,11.466,0.012182203,-1,0,0,2.263319672,6.268108392
2023-06-20 00:00:00,12.116,0.056689342,-1,0,0,2.448315118,6.268108392
2023-06-21 00:00:00,12.89,0.063882469,-1,0,0,2.668602004,6.268108392
2023-06-22 00:00:00,12.65,-0.018619085,-1,0,0,2.600295993,6.268108392
2023-06-23 00:00:00,13.28,0.049802372,-1,0,0,2.779599271,6.268108392
2023-06-24 00:00:00,13.01,-0.020331325,-1,0,0,2.702755009,6.268108392
2023-06-25 00:00:00,13.429,0.032205995,-1,0,0,2.82200592,6.268108392
2023-06-26 00:00:00,13.149,-0.020850398,-1,0,0,2.742315574,6.268108392
2023-06-27 00:00:00,13.191,0.003194159,-1,0,0,2.754269126,6.268108392
2023-06-28 00:00:00,12.337,-0.064741111,-1,0,0,2.51121357,6.268108392
2023-06-29 00:00:00,12.664,0.026505633,-1,0,0,2.60428051,6.268108392
2023-06-30 00:00:00,13.024,0.028427037,-1,0,0,2.706739526,6.268108392
2023-07-01 00:00:00,12.993,-0.002380221,-1,0,0,2.697916667,6.268108392
2023-07-02 00:00:00,13.12,0.009774494,-1,0,0,2.734061931,6.268108392
2023-07-03 00:00:00,13.248,0.009756098,-1,0,0,2.770491803,6.268108392
2023-07-04 00:00:00,13.036,-0.016002415,-1,0,0,2.710154827,6.268108392
2023-07-05 00:00:00,12.658,-0.028996625,-1,0,0,2.60257286,6.268108392
2023-07-06 00:00:00,12.349,-0.024411439,-1,0,0,2.514628871,6.268108392
2023-07-07 00:00:00,12.729,0.030771722,-1,0,0,2.622780055,6.268108392
2023-07-08 00:00:00,13.633,0.071018933,-1,0,0,2.880066029,6.268108392
2023-07-09 00:00:00,13.583,-0.003667571,-1,0,0,2.86583561,6.268108392
2023-07-10 00:00:00,13.378,-0.015092395,0,0.5,0,2.807490893,6.268108392
2023-07-11 00:00:00,13.257,-0.0090447,0,0.5,-0.00452235,2.773053279,6.235239461
2023-07-12 00:00:00,13.008,-0.01878253,0,0.5,-0.009391265,2.702185792,6.16729141
2023-07-13 00:00:00,14.116,0.085178352,0,0.5,0.042589176,3.017531876,6.472540444
2023-07-14 00:00:00,14.64,0.037120997,0,0.5,0.018560499,3.166666667,6.611234522
2023-07-15 00:00:00,14.847,0.014139344,0,0.5,0.007069672,3.225580601,6.665043454
2023-07-16 00:00:00,14.28,-0.038189533,0,0.5,-0.019094767,3.06420765,6.518681238
2023-07-17 00:00:00,14.392,0.007843137,0,0.5,0.003921569,3.096083789,6.548166263
2023-07-18 00:00:00,13.801,-0.04106448,0,0.5,-0.02053224,2.927880237,6.393185501
2023-07-19 00:00:00,13.988,0.013549743,0,0.5,0.006774871,2.981102004,6.443273381
2023-07-20 00:00:00,13.86,-0.009150701,0,0.5,-0.00457535,2.944672131,6.409217798
2023-07-21 00:00:00,13.975,0.008297258,0,0.5,0.004148629,2.977402095,6.439955895
2023-07-22 00:00:00,13.513,-0.033059034,0,0.5,-0.016529517,2.845913024,6.316977018
2023-07-23 00:00:00,13.533,0.001480056,0,0.5,0.000740028,2.851605191,6.322391787
2023-07-24 00:00:00,13.099,-0.032069755,0,0.5,-0.016034878,2.728085155,6.20497813
2023-07-25 00:00:00,13.329,0.017558592,-1,0,0.008779296,2.793545082,6.268232766
2023-07-26 00:00:00,13.255,-0.005551804,0,0.5,0,2.772484062,6.268232766
2023-07-27 00:00:00,13.147,-0.008147869,-1,0,-0.004073934,2.741746357,6.238622463
2023-07-28 00:00:00,13.219,0.005476535,0,0.5,0,2.76223816,6.238622463
2023-07-29 00:00:00,13.229,0.000756487,0,0.5,0.000378243,2.765084244,6.241360425
2023-07-30 00:00:00,13.122,-0.008088291,0,0.5,-0.004044145,2.734631148,6.21207531
2023-07-31 00:00:00,12.806,-0.024081695,-1,0,-0.012040847,2.6446949,6.125235811
2023-08-01 00:00:00,12.882,0.005934718,-1,0,0,2.666325137,6.125235811
2023-08-02 00:00:00,12.536,-0.026859183,-1,0,0,2.567850638,6.125235811
2023-08-03 00:00:00,12.436,-0.007977026,-1,0,0,2.5393898,6.125235811
2023-08-04 00:00:00,12.399,-0.002975233,-1,0,0,2.52885929,6.125235811
2023-08-05 00:00:00,12.44,0.003306718,0,0.5,0,2.540528233,6.125235811
2023-08-06 00:00:00,12.593,0.012299035,-1,0,0.006149518,2.584073315,6.169052575
2023-08-07 00:00:00,12.465,-0.010164377,-1,0,0,2.547643443,6.169052575
2023-08-08 00:00:00,12.684,0.017569194,-1,0,0,2.609972678,6.169052575
2023-08-09 00:00:00,12.627,-0.004493851,-1,0,0,2.59375,6.169052575
2023-08-10 00:00:00,12.48,-0.01164172,-1,0,0,2.551912568,6.169052575
2023-08-11 00:00:00,12.442,-0.003044872,-1,0,0,2.54109745,6.169052575
2023-08-12 00:00:00,12.387,-0.004420511,-1,0,0,2.525443989,6.169052575
2023-08-13 00:00:00,12.266,-0.009768305,-1,0,0,2.491006375,6.169052575
2023-08-14 00:00:00,12.365,0.008071091,-1,0,0,2.519182605,6.169052575
2023-08-15 00:00:00,11.822,-0.043914274,-1,0,0,2.364640255,6.169052575
2023-08-16 00:00:00,11.376,-0.037726273,-1,0,0,2.237704918,6.169052575
2023-08-17 00:00:00,10.569,-0.070938819,-1,0,0,2.008025956,6.169052575
2023-08-18 00:00:00,10.799,0.021761756,-1,0,0,2.073485883,6.169052575
2023-08-19 00:00:00,10.809,0.000926012,-1,0,0,2.076331967,6.169052575
2023-08-20 00:00:00,10.855,0.004255713,-1,0,0,2.089423953,6.169052575
2023-08-21 00:00:00,10.346,-0.046890834,-1,0,0,1.944558288,6.169052575
2023-08-22 00:00:00,10.136,-0.0202977,-1,0,0,1.884790528,6.169052575
2023-08-23 00:00:00,10.325,0.018646409,-1,0,0,1.938581512,6.169052575
2023-08-24 00:00:00,10.11,-0.020823245,-1,0,0,1.87739071,6.169052575
2023-08-25 00:00:00,10.043,-0.006627102,-1,0,0,1.858321949,6.169052575
2023-08-26 00:00:00,10.087,0.004381161,-1,0,0,1.870844718,6.169052575
2023-08-27 00:00:00,10.196,0.010805988,-1,0,0,1.901867031,6.169052575
2023-08-28 00:00:00,10.366,0.016673205,-1,0,0,1.950250455,6.169052575
2023-08-29 00:00:00,10.804,0.042253521,-1,0,0,2.074908925,6.169052575
2023-08-30 00:00:00,10.399,-0.037486116,-1,0,0,1.959642532,6.169052575
2023-08-31 00:00:00,9.979,-0.040388499,-1,0,0,1.840107013,6.169052575
2023-09-01 00:00:00,9.919,-0.006012627,-1,0,0,1.82303051,6.169052575
2023-09-02 00:00:00,9.905,-0.001411433,-1,0,0,1.819045993,6.169052575
2023-09-03 00:00:00,9.868,-0.003735487,-1,0,0,1.808515483,6.169052575
2023-09-04 00:00:00,9.805,-0.006384272,-1,0,0,1.790585155,6.169052575
2023-09-05 00:00:00,9.907,0.010402856,-1,0,0,1.819615209,6.169052575
2023-09-06 00:00:00,9.94,0.003330978,-1,0,0,1.829007286,6.169052575
2023-09-07 00:00:00,10.089,0.01498994,-1,0,0,1.871413934,6.169052575
2023-09-08 00:00:00,9.919,-0.016850035,-1,0,0,1.82303051,6.169052575
2023-09-09 00:00:00,9.83,-0.008972679,-1,0,0,1.797700364,6.169052575
2023-09-10 00:00:00,9.457,-0.037945066,-1,0,0,1.691541439,6.169052575
2023-09-11 00:00:00,9.227,-0.024320609,-1,0,0,1.626081512,6.169052575
2023-09-12 00:00:00,9.206,-0.002275929,-1,0,0,1.620104736,6.169052575
2023-09-13 00:00:00,9.283,0.00836411,-1,0,0,1.642019581,6.169052575
2023-09-14 00:00:00,9.394,0.011957341,-1,0,0,1.673611111,6.169052575
2023-09-15 00:00:00,9.422,0.002980626,-1,0,0,1.681580146,6.169052575
2023-09-16 00:00:00,9.373,-0.005200594,-1,0,0,1.667634335,6.169052575
2023-09-17 00:00:00,9.091,-0.030086418,-1,0,0,1.587374772,6.169052575
2023-09-18 00:00:00,9.099,0.000879991,-1,0,0,1.589651639,6.169052575
2023-09-19 00:00:00,9.205,0.011649632,-1,0,0,1.619820128,6.169052575
2023-09-20 00:00:00,9.04,-0.017925041,-1,0,0,1.572859745,6.169052575
2023-09-21 00:00:00,8.818,-0.024557522,-1,0,0,1.509676685,6.169052575
2023-09-22 00:00:00,8.857,0.004422772,-1,0,0,1.520776412,6.169052575
2023-09-23 00:00:00,8.899,0.004742012,-1,0,0,1.532729964,6.169052575
2023-09-24 00:00:00,8.775,-0.01393415,-1,0,0,1.497438525,6.169052575
2023-09-25 00:00:00,8.944,0.019259259,-1,0,0,1.545537341,6.169052575
2023-09-26 00:00:00,9.039,0.010621646,-1,0,0,1.572575137,6.169052575
2023-09-27 00:00:00,8.926,-0.012501383,-1,0,0,1.54041439,6.169052575
2023-09-28 00:00:00,9.262,0.037642841,-1,0,0,1.636042805,6.169052575
2023-09-29 00:00:00,9.167,-0.010256964,-1,0,0,1.609005009,6.169052575
2023-09-30 00:00:00,9.236,0.007526999,-1,0,0,1.628642987,6.169052575
2023-10-01 00:00:00,9.75,0.055651797,-1,0,0,1.774931694,6.169052575
2023-10-02 00:00:00,9.312,-0.044923077,-1,0,0,1.650273224,6.169052575
2023-10-03 00:00:00,9.409,0.010416667,-1,0,0,1.677880237,6.169052575
2023-10-04 00:00:00,10.092,0.072590073,0,0.5,0,1.87226776,6.169052575
2023-10-05 00:00:00,10.126,0.003369005,0,0.5,0.001684503,1.881944444,6.181128863
2023-10-06 00:00:00,10.649,0.05164922,0,0.5,0.02582461,2.030794627,6.366578714
2023-10-07 00:00:00,10.342,-0.028828998,0,0.5,-0.014414499,1.943419854,6.260393173
2023-10-08 00:00:00,10.079,-0.025430284,0,0.5,-0.012715142,1.868567851,6.168076241
2023-10-09 00:00:00,9.535,-0.053973608,-1,0,-0.026986804,1.713740893,5.974632771
2023-10-10 00:00:00,9.518,-0.001782905,0,0.5,0,1.70890255,5.974632771
2023-10-11 00:00:00,9.296,-0.023324228,0,0.5,-0.011662114,1.64571949,5.893293809
2023-10-12 00:00:00,9.108,-0.020223752,-1,0,-0.010111876,1.592213115,5.823589677
2023-10-13 00:00:00,9.146,0.004172156,-1,0,0,1.603028233,5.823589677
2023-10-14 00:00:00,9.141,-0.000546687,-1,0,0,1.601605191,5.823589677
2023-10-15 00:00:00,9.173,0.003500711,-1,0,0,1.610712659,5.823589677
2023-10-16 00:00:00,9.391,0.023765398,0,0.5,0,1.672757286,5.823589677
2023-10-17 00:00:00,9.101,-0.03088063,0,0.5,-0.015440315,1.590220856,5.718231301
2023-10-18 00:00:00,8.901,-0.021975607,-1,0,-0.010987804,1.53329918,5.644412696
2023-10-19 00:00:00,9.059,0.017750815,-1,0,0,1.578267304,5.644412696
2023-10-20 00:00:00,9.213,0.016999669,0,0.5,0,1.622096995,5.644412696
2023-10-21 00:00:00,9.63,0.04526213,0,0.5,0.022631065,1.740778689,5.79478283
2023-10-22 00:00:00,10.079,0.04662513,0,0.5,0.023312565,1.868567851,5.953186646
2023-10-23 00:00:00,10.588,0.050501042,0,0.5,0.025250521,2.013433515,6.12875823
2023-10-24 00:00:00,10.323,-0.025028334,0,0.5,-0.012514167,1.938012295,6.039547759
2023-10-25 00:00:00,10.528,0.019858568,0,0.5,0.009929284,1.996357013,6.109445429
2023-10-26 00:00:00,11.051,0.049677052,0,0.5,0.024838526,2.145207195,6.286033573
2023-10-27 00:00:00,10.596,-0.041172745,0,0.5,-0.020586372,2.015710383,6.136040574
2023-10-28 00:00:00,10.975,0.035768214,0,0.5,0.017884107,2.123576958,6.263662288
2023-10-29 00:00:00,11.38,0.03690205,0,0.5,0.018451025,2.238843352,6.397684303
2023-10-30 00:00:00,11.469,0.007820738,0,0.5,0.003910369,2.264173497,6.426611979
2023-10-31 00:00:00,11.328,-0.01229401,0,0.5,-0.006147005,2.224043716,6.380960558
2023-11-01 00:00:00,12.239,0.080420198,0,0.5,0.040210099,2.483321949,6.677749712
2023-11-02 00:00:00,11.884,-0.029005638,0,0.5,-0.014502819,2.382285974,6.566400699
2023-11-03 00:00:00,12.121,0.01994278,0,0.5,0.00997139,2.44973816,6.641848232
2023-11-04 00:00:00,12.227,0.008745153,0,0.5,0.004372577,2.479906648,6.675262798
2023-11-05 00:00:00,12.36,0.010877566,0,0.5,0.005438783,2.517759563,6.717006887
2023-11-06 00:00:00,13.085,0.058656958,0,0.5,0.029328479,2.724100638,6.943334961
2023-11-07 00:00:00,12.813,-0.020787161,0,0.5,-0.01039358,2.646687158,6.86077527
2023-11-08 00:00:00,12.994,0.014126278,0,0.5,0.007063139,2.698201275,6.916297019
2023-11-09 00:00:00,12.972,-0.001693089,0,0.5,-0.000846545,2.691939891,6.90959552
2023-11-10 00:00:00,14.76,0.137835338,1,1,0.068917669,3.200819672,7.454706405
2023-11-11 00:00:00,16.808,0.138753388,1,1,0.138753388,3.783697632,8.627825559
2023-11-12 00:00:00,18.98,0.129224179,1,1,0.129224179,4.401867031,9.871973412
2023-11-13 00:00:00,16.122,-0.150579557,1,1,-0.150579557,3.588456284,8.234876468
2023-11-14 00:00:00,17.053,0.057747178,1,1,0.057747178,3.853426685,8.768164521
2023-11-15 00:00:00,20.708,0.214331789,1,1,0.214331789,4.89367031,10.8617927
2023-11-16 00:00:00,21.719,0.048821711,1,1,0.048821711,5.181409381,11.44090572
2023-11-17 00:00:00,21.928,0.009622911,1,1,0.009622911,5.240892532,11.56062345
2023-11-18 00:00:00,21.999,0.003237869,1,1,0.003237869,5.261099727,11.6012931
2023-11-19 00:00:00,22.862,0.039229056,1,1,0.039229056,5.506716758,12.09562993
2023-11-20 00:00:00,20.851,-0.087962558,1,1,-0.087962558,4.934369308,10.94370483
2023-11-21 00:00:00,19.032,-0.087238022,1,1,-0.087238022,4.416666667,9.901759641
2023-11-22 00:00:00,20.788,0.092265658,1,1,0.092265658,4.91643898,10.90761767
2023-11-23 00:00:00,20.644,-0.006927073,1,1,-0.006927073,4.875455373,10.82513273
2023-11-24 00:00:00,20.887,0.011770975,1,1,0.011770975,4.944615209,10.96432606
2023-11-25 00:00:00,21.378,0.023507445,1,1,0.023507445,5.084357923,11.2455768
2023-11-26 00:00:00,21.081,-0.013892787,1,1,-0.013892787,4.999829235,11.07545161
2023-11-27 00:00:00,20.361,-0.034153978,1,1,-0.034153978,4.794911202,10.6630269
2023-11-28 00:00:00,20.699,0.016600363,1,1,0.016600363,4.891108834,10.85663739
2023-11-29 00:00:00,21.125,0.020580704,1,1,0.020580704,5.012352004,11.10065534
2023-11-30 00:00:00,21.409,0.013443787,1,1,0.013443787,5.093180783,11.26333397
2023-12-01 00:00:00,21.875,0.021766547,1,1,0.021766547,5.225808288,11.5302644
2023-12-02 00:00:00,22.252,0.017234286,1,1,0.017234286,5.333105647,11.74621456
2023-12-03 00:00:00,21.957,-0.013257235,1,1,-0.013257235,5.249146175,11.577235
2023-12-04 00:00:00,22.709,0.034248759,1,1,0.034248759,5.463171676,12.00798969
2023-12-05 00:00:00,24.557,0.081377427,1,1,0.081377427,5.98912796,13.06654642
2023-12-06 00:00:00,26.238,0.068452987,1,1,0.068452987,6.467554645,14.02944354
2023-12-07 00:00:00,26.28,0.001600732,1,1,0.001600732,6.479508197,14.05350165
2023-12-08 00:00:00,30.466,0.159284627,1,1,0.159284627,7.670878871,16.45129304
2023-12-09 00:00:00,31.94,0.048381803,1,1,0.048381803,8.090391621,17.29561806
2023-12-10 00:00:00,37.199,0.164652473,1,1,0.164652473,9.587147086,20.30803683
2023-12-11 00:00:00,38.055,0.023011371,1,1,0.023011371,9.830771858,20.79836397
2023-12-12 00:00:00,37.518,-0.014111155,1,1,-0.014111155,9.677937158,20.49076388
2023-12-13 00:00:00,39.021,0.040060771,1,1,0.040060771,10.10570355,21.35170045
2023-12-14 00:00:00,39.295,0.00702186,1,1,0.00702186,10.18368625,21.50865096
2023-12-15 00:00:00,39.749,0.011553633,1,1,0.011553633,10.31289845,21.76870765
2023-12-16 00:00:00,42.22,0.062165086,1,1,0.062165086,11.01616576,23.18412632
2023-12-17 00:00:00,40.627,-0.037730933,1,1,-0.037730933,10.56278461,22.27163666
2023-12-18 00:00:00,41.13,0.012380929,1,1,0.012380929,10.70594262,22.55976114
2023-12-19 00:00:00,39.74,-0.033795283,1,1,-0.033795283,10.31033698,21.76355234
2023-12-20 00:00:00,43.473,0.093935581,1,1,0.093935581,11.37278005,23.90185986
2023-12-21 00:00:00,46.02,0.058588089,1,1,0.058588089,12.0976776,25.36081225
2023-12-22 00:00:00,45.363,-0.014276402,1,1,-0.014276402,11.91068989,24.98447471
2023-12-23 00:00:00,48.106,0.060467782,1,1,0.060467782,12.69137067,26.55569826
2023-12-24 00:00:00,47.723,-0.007961585,1,1,-0.007961585,12.58236566,26.33631123
2023-12-25 00:00:00,48.231,0.010644762,1,1,0.010644762,12.72694672,26.62729977
2023-12-26 00:00:00,44.415,-0.079119239,1,1,-0.079119239,11.64088115,24.44144885
2023-12-27 00:00:00,42.457,-0.044084206,1,1,-0.044084206,11.08361794,23.31988278
2023-12-28 00:00:00,39.841,-0.061615281,1,1,-0.061615281,10.33908242,21.82140636
2023-12-29 00:00:00,40.204,0.009111217,1,1,0.009111217,10.44239526,22.02933715
2023-12-30 00:00:00,39.379,-0.020520346,1,1,-0.020520346,10.20759335,21.55676718
2023-12-31 00:00:00,38.589,-0.020061454,1,1,-0.020061454,9.982752732,21.10424563
2024-01-01 00:00:00,41.979,0.087848869,1,1,0.087848869,10.94757514,23.0460786
2024-01-02 00:00:00,40.654,-0.031563401,1,1,-0.031563401,10.57046903,22.28710259
2024-01-03 00:00:00,36.768,-0.09558715,1,1,-0.09558715,9.464480874,20.06115482
2024-01-04 00:00:00,38.705,0.05268168,1,1,0.05268168,10.0157673,21.17069183
2024-01-05 00:00:00,36.459,-0.058028678,1,1,-0.058028678,9.376536885,19.88415588
2024-01-06 00:00:00,34.616,-0.050549933,1,1,-0.050549933,8.852003643,18.82846321
2024-01-07 00:00:00,33.633,-0.028397273,1,1,-0.028397273,8.572233607,18.26538892
2024-01-08 00:00:00,36.07,0.072458597,1,1,0.072458597,9.265824226,19.66133198
2024-01-09 00:00:00,34.64,-0.039645134,0,0.5,-0.039645134,8.858834244,18.8422107
2024-01-10 00:00:00,38.547,0.112788684,1,1,0.056394342,9.97079918,19.96119911
2024-01-11 00:00:00,39.31,0.019794018,1,1,0.019794018,10.18795537,20.37610545
2024-01-12 00:00:00,35.929,-0.086008649,0,0.5,-0.086008649,9.225694444,18.5375755
2024-01-13 00:00:00,36.476,0.01522447,0,0.5,0.007612235,9.381375228,18.68630012
2024-01-14 00:00:00,35.283,-0.032706437,0,0.5,-0.016353219,9.041837432,18.36436575
2024-01-15 00:00:00,35.602,0.009041181,0,0.5,0.004520591,9.132627505,18.45190412
2024-01-16 00:00:00,35.567,-0.000983091,0,0.5,-0.000491545,9.122666211,18.44234263
2024-01-17 00:00:00,36.063,0.013945511,0,0.5,0.006972756,9.263831967,18.57790933
2024-01-18 00:00:00,33.587,-0.068657627,0,0.5,-0.034328813,8.559141621,17.90582293
2024-01-19 00:00:00,32.723,-0.025724239,0,0.5,-0.012862119,8.313239982,17.66265398
2024-01-20 00:00:00,32.882,0.004858968,0,0.5,0.002429484,8.358492714,17.7079946
2024-01-21 00:00:00,32.534,-0.010583298,0,0.5,-0.005291649,8.259448998,17.60899846
2024-01-22 00:00:00,29.535,-0.092180488,0,0.5,-0.046090244,7.40590847,16.75130518
2024-01-23 00:00:00,30.608,0.036329778,0,0.5,0.018164889,7.71129326,17.07375567
2024-01-24 00:00:00,31.179,0.018655254,0,0.5,0.009327627,7.873804645,17.24234092
2024-01-25 00:00:00,30.51,-0.02145675,0,0.5,-0.010728375,7.683401639,17.04663025
2024-01-26 00:00:00,32.249,0.056997706,0,0.5,0.028498853,8.17833561,17.56093851
2024-01-27 00:00:00,33.256,0.031225774,0,0.5,0.015612887,8.464936248,17.85072835
2024-01-28 00:00:00,34.82,0.047029108,0,0.5,0.023514554,8.910063752,18.29399481
2024-01-29 00:00:00,36.042,0.035094773,0,0.5,0.017547387,9.257855191,18.632554
2024-01-30 00:00:00,35.214,-0.022973198,0,0.5,-0.011486599,9.022199454,18.40704272
2024-01-31 00:00:00,33.172,-0.0579883,0,0.5,-0.02899415,8.441029144,17.84435201
2024-02-01 00:00:00,33.841,0.020167611,0,0.5,0.010083806,8.631432149,18.0343748
2024-02-02 00:00:00,36.761,0.086285866,0,0.5,0.043142933,9.462488616,18.85557355
2024-02-03 00:00:00,35.952,-0.022007018,0,0.5,-0.011003509,9.232240437,18.63709257
2024-02-04 00:00:00,34.853,-0.030568536,0,0.5,-0.015284268,8.919455829,18.33695399
2024-02-05 00:00:00,34.53,-0.009267495,0,0.5,-0.004633747,8.827527322,18.24735142
2024-02-06 00:00:00,34.146,-0.011120765,1,1,-0.005560382,8.718237705,18.14032879
2024-02-07 00:00:00,35.295,0.033649622,0,0.5,0.033649622,9.045252732,18.78439363
2024-02-08 00:00:00,35.422,0.003598243,1,1,0.001799122,9.081397996,18.81998816
2024-02-09 00:00:00,38.009,0.073033708,0,0.5,0.073033708,9.817679872,20.26751538
2024-02-10 00:00:00,40.199,0.057617933,1,1,0.028808966,10.44097222,20.88021052
2024-02-11 00:00:00,39.73,-0.011666957,1,1,-0.011666957,10.30749089,20.62493504
2024-02-12 00:00:00,41.002,0.032016109,1,1,0.032016109,10.66951275,21.31728131
2024-02-13 00:00:00,39.756,-0.030388762,1,1,-0.030388762,10.31489071,20.63908677
2024-02-14 00:00:00,42.253,0.06280813,1,1,0.06280813,11.02555783,21.99819734
2024-02-15 00:00:00,41.575,-0.016046198,1,1,-0.016046198,10.83259335,21.62916372
2024-02-16 00:00:00,40.276,-0.031244738,1,1,-0.031244738,10.46288707,20.92212141
2024-02-17 00:00:00,39.782,-0.012265369,1,1,-0.012265369,10.32229053,20.65323851
2024-02-18 00:00:00,40.318,0.01347343,1,1,0.01347343,10.47484062,20.9449819
2024-02-19 00:00:00,39.54,-0.019296592,1,1,-0.019296592,10.2534153,20.52151854
2024-02-20 00:00:00,38.523,-0.025720789,1,1,-0.025720789,9.963968579,19.9679681
2024-02-21 00:00:00,37.622,-0.023388625,1,1,-0.023388625,9.70753643,19.47755616
2024-02-22 00:00:00,36.801,-0.021822338,1,1,-0.021822338,9.473872951,19.03068801
2024-02-23 00:00:00,35.943,-0.023314584,1,1,-0.023314584,9.229678962,18.56368085
2024-02-24 00:00:00,36.783,0.023370336,1,1,0.023370336,9.46875,19.02089065
2024-02-25 00:00:00,37.495,0.019356768,1,1,0.019356768,9.671391166,19.40843039
2024-02-26 00:00:00,39.338,0.04915322,1,1,0.04915322,10.19592441,20.41157047
2024-02-27 00:00:00,39.288,-0.001271036,1,1,-0.001271036,10.18169399,20.3843556
2024-02-28 00:00:00,40.373,0.027616575,1,1,0.027616575,10.49049408,20.97491826
2024-02-29 00:00:00,40.997,0.015455874,1,1,0.015455874,10.66808971,21.31455983
2024-03-01 00:00:00,42.727,0.04219821,1,1,0.04219821,11.1604622,22.2561943
2024-03-02 00:00:00,44.436,0.039998128,1,1,0.039998128,11.64685792,23.18639853
2024-03-03 00:00:00,42.647,-0.040260149,1,1,-0.040260149,11.13769353,22.21265051
2024-03-04 00:00:00,43.121,0.011114498,1,1,0.011114498,11.27259791,22.47064747
2024-03-05 00:00:00,39.437,-0.085434011,1,1,-0.085434011,10.22410064,20.46545591
2024-03-06 00:00:00,41.598,0.054796257,1,1,0.054796257,10.83913934,21.64168256
2024-03-07 00:00:00,43.26,0.039953844,1,1,0.039953844,11.31215847,22.54630481
2024-03-08 00:00:00,42.666,-0.013730929,1,1,-0.013730929,11.14310109,22.22299216
2024-03-09 00:00:00,42.973,0.007195425,1,1,0.007195425,11.23047587,22.39009146
2024-03-10 00:00:00,42.084,-0.020687408,1,1,-0.020687408,10.97745902,21.90621108
2024-03-11 00:00:00,49.194,0.168947819,1,1,0.168947819,13.00102459,25.77616548
2024-03-12 00:00:00,55.555,0.129304387,1,1,0.129304387,14.81141849,29.23844114
2024-03-13 00:00:00,54.854,-0.012618126,1,1,-0.012618126,14.61190801,28.85688867
2024-03-14 00:00:00,54.016,-0.015276917,1,1,-0.015276917,14.37340619,28.40076746
2024-03-15 00:00:00,58.457,0.08221638,1,1,0.08221638,15.637352,30.81799214
2024-03-16 00:00:00,53.478,-0.085173717,1,1,-0.085173717,14.22028689,28.10793547
2024-03-17 00:00:00,58.494,0.093795579,1,1,0.093795579,15.64788251,30.83813115
2024-03-18 00:00:00,60.696,0.037644887,1,1,0.037644887,16.27459016,32.03667398
2024-03-19 00:00:00,53.664,-0.11585607,1,1,-0.11585607,14.27322404,28.20917478
2024-03-20 00:00:00,57.077,0.063599434,1,1,0.063599434,15.24459244,30.06686175
2024-03-21 00:00:00,53.86,-0.056362458,1,1,-0.056362458,14.32900729,28.31585707
2024-03-22 00:00:00,53.456,-0.007500928,1,1,-0.007500928,14.2140255,28.09596093
2024-03-23 00:00:00,53.482,0.000486381,1,1,0.000486381,14.22142532,28.11011266
2024-03-24 00:00:00,55.733,0.042088927,1,1,0.042088927,14.86207878,29.33532607
2024-03-25 00:00:00,57.809,0.037249027,1,1,0.037249027,15.45292577,30.46528744
2024-03-26 00:00:00,55.826,-0.034302617,1,1,-0.034302617,14.88854736,29.38594573
2024-03-27 00:00:00,54.146,-0.030093505,1,1,-0.030093505,14.41040528,28.47152612
2024-03-28 00:00:00,54.684,0.009936099,1,1,0.009936099,14.56352459,28.76435811
2024-03-29 00:00:00,53.385,-0.023754663,1,1,-0.023754663,14.19381831,28.05731581
2024-03-30 00:00:00,52.98,-0.007586401,1,1,-0.007586401,14.07855191,27.83687537
2024-03-31 00:00:00,54.134,0.021781804,1,1,0.021781804,14.40698998,28.46499455
2024-04-01 00:00:00,51.434,-0.049876233,1,1,-0.049876233,13.63854736,26.99539162
2024-04-02 00:00:00,46.904,-0.088074037,1,1,-0.088074037,12.3492714,24.52972447
2024-04-03 00:00:00,45.914,-0.021106942,1,1,-0.021106942,12.06750911,23.99087006
2024-04-04 00:00:00,46.534,0.013503507,1,1,0.013503507,12.2439663,24.32833444
2024-04-05 00:00:00,45.337,-0.025723127,1,1,-0.025723127,11.90329007,23.67681047
2024-04-06 00:00:00,48.209,0.063347817,1,1,0.063347817,12.72068534,25.24003256
2024-04-07 00:00:00,49.347,0.023605551,1,1,0.023605551,13.04456967,25.85944298
2024-04-08 00:00:00,49.906,0.011327943,1,1,0.011327943,13.20366576,26.16370522
2024-04-09 00:00:00,46.5,-0.068248307,1,1,-0.068248307,12.23428962,24.30982833
2024-04-10 00:00:00,47.334,0.017935484,0,0.5,0.017935484,12.47165301,24.76377235
2024-04-11 00:00:00,46.064,-0.026830608,0,0.5,-0.013415304,12.11020036,24.41814351
2024-04-12 00:00:00,39.331,-0.146166204,0,0.5,-0.073083102,10.19393215,22.56050674
2024-04-13 00:00:00,33.89,-0.138338715,-1,0,-0.069169358,8.64537796,20.93084163
2024-04-14 00:00:00,37.248,0.099085276,-1,0,0,9.601092896,20.93084163
2024-04-15 00:00:00,35.136,-0.056701031,-1,0,0,9,20.93084163
2024-04-16 00:00:00,34.734,-0.011441257,-1,0,0,8.885587432,20.93084163
2024-04-17 00:00:00,33.55,-0.034087637,-1,0,0,8.548611111,20.93084163
2024-04-18 00:00:00,34.831,0.038181818,-1,0,0,8.913194444,20.93084163
2024-04-19 00:00:00,34.651,-0.00516781,-1,0,0,8.861964936,20.93084163
2024-04-20 00:00:00,38.289,0.104989755,-1,0,0,9.897370219,20.93084163
2024-04-21 00:00:00,37.114,-0.030687665,-1,0,0,9.562955373,20.93084163
2024-04-22 00:00:00,39.155,0.054992725,-1,0,0,10.14384107,20.93084163
2024-04-23 00:00:00,38.284,-0.022244924,-1,0,0,9.895947177,20.93084163
2024-04-24 00:00:00,36.352,-0.050464946,-1,0,0,9.346083789,20.93084163
2024-04-25 00:00:00,35.56,-0.021786972,-1,0,0,9.120673953,20.93084163
2024-04-26 00:00:00,34.41,-0.032339708,-1,0,0,8.793374317,20.93084163
2024-04-27 00:00:00,34.449,0.001133391,-1,0,0,8.804474044,20.93084163
2024-04-28 00:00:00,33.941,-0.014746437,-1,0,0,8.659892987,20.93084163
2024-04-29 00:00:00,35.271,0.039185646,-1,0,0,9.038422131,20.93084163
2024-04-30 00:00:00,32.68,-0.073459783,-1,0,0,8.301001821,20.93084163
2024-05-01 00:00:00,33.308,0.019216646,-1,0,0,8.479735883,20.93084163
2024-05-02 00:00:00,33.562,0.007625796,-1,0,0,8.552026412,20.93084163
2024-05-03 00:00:00,35.529,0.058607949,-1,0,0,9.111851093,20.93084163
2024-05-04 00:00:00,37.329,0.050662839,0,0.5,0,9.624146175,20.93084163
2024-05-05 00:00:00,37.33,2.67888E-05,0,0.5,1.33944E-05,9.624430783,20.93113538
2024-05-06 00:00:00,37.1,-0.006161264,0,0.5,-0.003080632,9.558970856,20.86357361
2024-05-07 00:00:00,35.295,-0.048652291,-1,0,-0.024326146,9.045252732,20.33171714
2024-05-08 00:00:00,33.994,-0.036860745,-1,0,0,8.674977231,20.33171714
2024-05-09 00:00:00,35.043,0.030858387,-1,0,0,8.973531421,20.33171714
2024-05-10 00:00:00,33.698,-0.038381417,-1,0,0,8.590733151,20.33171714
2024-05-11 00:00:00,33.482,-0.006409876,-1,0,0,8.529257741,20.33171714
2024-05-12 00:00:00,33.114,-0.01099098,-1,0,0,8.424521858,20.33171714
2024-05-13 00:00:00,32.443,-0.020263333,-1,0,0,8.233549636,20.33171714
2024-05-14 00:00:00,31.572,-0.026847086,-1,0,0,7.985655738,20.33171714
2024-05-15 00:00:00,34.658,0.097744837,-1,0,0,8.863957195,20.33171714
2024-05-16 00:00:00,34.449,-0.006030354,-1,0,0,8.804474044,20.33171714
2024-05-17 00:00:00,36.41,0.056924729,1,1,0,9.362591075,20.33171714
2024-05-18 00:00:00,37.222,0.022301566,1,1,0.022301566,9.593693078,20.80744783
2024-05-19 00:00:00,35.58,-0.044113696,1,1,-0.044113696,9.12636612,19.8454407
2024-05-20 00:00:00,40.12,0.127599775,1,1,0.127599775,10.41848816,22.50531425
2024-05-21 00:00:00,41.224,0.027517448,1,1,0.027517448,10.73269581,23.1521205
2024-05-22 00:00:00,40.037,-0.028793906,1,1,-0.028793906,10.39486566,22.4566866
2024-05-23 00:00:00,38.524,-0.037790044,1,1,-0.037790044,9.964253188,21.57025738
2024-05-24 00:00:00,38.014,-0.013238501,1,1,-0.013238501,9.819102914,21.27146101
2024-05-25 00:00:00,38.289,0.007234177,1,1,0.007234177,9.897370219,21.4325767
2024-05-26 00:00:00,36.76,-0.03993314,1,1,-0.03993314,9.462204007,20.53677347
2024-05-27 00:00:00,38.286,0.041512514,1,1,0.041512514,9.896516393,21.43081907
2024-05-28 00:00:00,37.047,-0.032361699,1,1,-0.032361699,9.543886612,20.70491966
2024-05-29 00:00:00,36.208,-0.022646908,1,1,-0.022646908,9.305100182,20.21337034
2024-05-30 00:00:00,35.995,-0.005882678,1,1,-0.005882678,9.244478597,20.08857892
2024-05-31 00:00:00,36.05,0.00152799,1,1,0.00152799,9.260132058,20.12080206
2024-06-01 00:00:00,35.781,-0.007461859,0,0.5,-0.007461859,9.183572404,19.96320162
2024-06-02 00:00:00,34.937,-0.023587938,-1,0,-0.011793969,8.943362933,19.71596227
2024-06-03 00:00:00,35.048,0.003177147,0,0.5,0,8.974954463,19.71596227
2024-06-04 00:00:00,36.095,0.029873317,0,0.5,0.014936658,9.272939435,20.02538952
2024-06-05 00:00:00,36.597,0.013907743,0,0.5,0.006953872,9.415812842,20.17159738
2024-06-06 00:00:00,35.917,-0.018580758,1,1,-0.009290379,9.222279144,19.97490522
2024-06-07 00:00:00,33.515,-0.066876409,-1,0,-0.066876409,8.538649818,18.57217887
2024-06-08 00:00:00,32.262,-0.037386245,-1,0,0,8.182035519,18.57217887
2024-06-09 00:00:00,32.977,0.022162296,-1,0,0,8.38553051,18.57217887
2024-06-10 00:00:00,32.279,-0.021166267,-1,0,0,8.186873862,18.57217887
2024-06-11 00:00:00,31.546,-0.022708262,-1,0,0,7.97825592,18.57217887
2024-06-12 00:00:00,33.279,0.05493565,0,0.5,0,8.47148224,18.57217887
2024-06-13 00:00:00,30.994,-0.068661919,-1,0,-0.034330959,7.821152095,17.90024719
2024-06-14 00:00:00,30.275,-0.023198038,-1,0,0,7.61651867,17.90024719
2024-06-15 00:00:00,29.994,-0.009281585,-1,0,0,7.536543716,17.90024719
2024-06-16 00:00:00,30.06,0.00220044,-1,0,0,7.555327869,17.90024719
2024-06-17 00:00:00,28.45,-0.053559548,-1,0,0,7.097108379,17.90024719
2024-06-18 00:00:00,26.582,-0.065659051,-1,0,0,6.565459927,17.90024719
2024-06-19 00:00:00,26.927,0.012978707,-1,0,0,6.663649818,17.90024719
2024-06-20 00:00:00,27.57,0.023879378,-1,0,0,6.846653005,17.90024719
2024-06-21 00:00:00,27.47,-0.003627131,-1,0,0,6.818192168,17.90024719
2024-06-22 00:00:00,25.603,-0.067965053,-1,0,0,6.286828324,17.90024719
2024-06-23 00:00:00,25.069,-0.020856931,-1,0,0,6.13484745,17.90024719
2024-06-24 00:00:00,24.768,-0.012006861,-1,0,0,6.049180328,17.90024719
2024-06-25 00:00:00,25.391,0.025153424,-1,0,0,6.226491348,17.90024719
2024-06-26 00:00:00,25.807,0.016383758,-1,0,0,6.344888434,17.90024719
2024-06-27 00:00:00,27.904,0.081257023,-1,0,0,6.941712204,17.90024719
2024-06-28 00:00:00,27.957,0.001899369,-1,0,0,6.956796448,17.90024719
2024-06-29 00:00:00,27.758,-0.007118074,-1,0,0,6.900159381,17.90024719
2024-06-30 00:00:00,29.356,0.057568989,-1,0,0,7.35496357,17.90024719
2024-07-01 00:00:00,28.825,-0.018088295,-1,0,0,7.203836521,17.90024719
2024-07-02 00:00:00,28.699,-0.004371206,-1,0,0,7.167975865,17.90024719
2024-07-03 00:00:00,26.494,-0.076831945,-1,0,0,6.54041439,17.90024719
2024-07-04 00:00:00,24.431,-0.077866687,-1,0,0,5.953267304,17.90024719
2024-07-05 00:00:00,25.118,0.028120011,-1,0,0,6.14879326,17.90024719
2024-07-06 00:00:00,27.388,0.090373437,-1,0,0,6.794854281,17.90024719
2024-07-07 00:00:00,25.736,-0.060318388,-1,0,0,6.324681239,17.90024719
2024-07-08 00:00:00,25.188,-0.02129313,-1,0,0,6.168715847,17.90024719
2024-07-09 00:00:00,26.425,0.049110688,-1,0,0,6.520776412,17.90024719
2024-07-10 00:00:00,25.74,-0.025922422,-1,0,0,6.325819672,17.90024719
2024-07-11 00:00:00,25.184,-0.021600622,-1,0,0,6.167577413,17.90024719
2024-07-12 00:00:00,25.954,0.030574968,-1,0,0,6.386725865,17.90024719
2024-07-13 00:00:00,25.833,-0.004662094,-1,0,0,6.352288251,17.90024719
2024-07-14 00:00:00,26.332,0.019316378,-1,0,0,6.494307832,17.90024719
2024-07-15 00:00:00,27.819,0.056471214,-1,0,0,6.917520492,17.90024719
2024-07-16 00:00:00,27.995,0.006326611,-1,0,0,6.967611566,17.90024719
2024-07-17 00:00:00,27.223,-0.027576353,-1,0,0,6.747893898,17.90024719
2024-07-18 00:00:00,27.118,-0.003857033,0,0.5,0,6.718010018,17.90024719
2024-07-19 00:00:00,28.148,0.037982152,0,0.5,0.018991076,7.011156648,18.25918322
2024-07-20 00:00:00,29.093,0.033572545,0,0.5,0.016786273,7.280111566,18.58247312
2024-07-21 00:00:00,32.628,0.121506892,0,0.5,0.060753446,8.286202186,19.77217584
2024-07-22 00:00:00,31.859,-0.023568714,0,0.5,-0.011784357,8.067338342,19.52738911
2024-07-23 00:00:00,29.797,-0.064722684,0,0.5,-0.032361342,7.480475865,18.86309524
2024-07-24 00:00:00,28.356,-0.048360573,0,0.5,-0.024180287,7.070355191,18.38279991
2024-07-25 00:00:00,27.222,-0.039991536,0,0.5,-0.019995768,6.74760929,17.99522594
2024-07-26 00:00:00,28.693,0.054037176,0,0.5,0.027018588,7.166268215,18.50845012
2024-07-27 00:00:00,28.033,-0.023002126,0,0.5,-0.011501063,6.978426685,18.2840822
2024-07-28 00:00:00,27.377,-0.023400992,-1,0,-0.011700496,6.791723588,18.05844888
2024-07-29 00:00:00,26.978,-0.014574278,-1,0,0,6.678164845,18.05844888
2024-07-30 00:00:00,26.303,-0.025020387,-1,0,0,6.486054189,18.05844888
2024-07-31 00:00:00,25.69,-0.023305326,-1,0,0,6.311589253,18.05844888
2024-08-01 00:00:00,25.688,-7.78513E-05,-1,0,0,6.311020036,18.05844888
2024-08-02 00:00:00,23.585,-0.08186702,-1,0,0,5.712488616,18.05844888
2024-08-03 00:00:00,22.656,-0.039389442,-1,0,0,5.448087432,18.05844888
2024-08-04 00:00:00,21.246,-0.062235169,-1,0,0,5.046789617,18.05844888
2024-08-05 00:00:00,19.527,-0.080909348,-1,0,0,4.557547814,18.05844888
2024-08-06 00:00:00,20.875,0.069032621,-1,0,0,4.941199909,18.05844888
2024-08-07 00:00:00,19.842,-0.04948503,-1,0,0,4.647199454,18.05844888
2024-08-08 00:00:00,22.724,0.145247455,-1,0,0,5.467440801,18.05844888
2024-08-09 00:00:00,21.735,-0.043522267,-1,0,0,5.185963115,18.05844888
2024-08-10 00:00:00,21.564,-0.007867495,-1,0,0,5.137295082,18.05844888
2024-08-11 00:00:00,20.386,-0.054628084,-1,0,0,4.802026412,18.05844888
2024-08-12 00:00:00,21.247,0.042234867,-1,0,0,5.047074226,18.05844888
2024-08-13 00:00:00,21.367,0.005647856,-1,0,0,5.081227231,18.05844888
2024-08-14 00:00:00,20.944,-0.019796883,-1,0,0,4.960837887,18.05844888
2024-08-15 00:00:00,20.108,-0.039915966,-1,0,0,4.722905282,18.05844888
2024-08-16 00:00:00,20.359,0.012482594,-1,0,0,4.794341985,18.05844888
2024-08-17 00:00:00,20.688,0.016159929,-1,0,0,4.887978142,18.05844888
2024-08-18 00:00:00,20.803,0.005558778,-1,0,0,4.920708106,18.05844888
2024-08-19 00:00:00,21.196,0.018891506,-1,0,0,5.032559199,18.05844888
2024-08-20 00:00:00,22.247,0.049584827,-1,0,0,5.331682605,18.05844888
2024-08-21 00:00:00,23.518,0.057131299,-1,0,0,5.693419854,18.05844888
2024-08-22 00:00:00,25.196,0.071349605,-1,0,0,6.170992714,18.05844888
2024-08-23 00:00:00,26.483,0.051079536,-1,0,0,6.537283698,18.05844888
2024-08-24 00:00:00,27.101,0.023335725,-1,0,0,6.713171676,18.05844888
2024-08-25 00:00:00,26.898,-0.007490499,-1,0,0,6.655396175,18.05844888
2024-08-26 00:00:00,25.929,-0.036024983,-1,0,0,6.379610656,18.05844888
2024-08-27 00:00:00,24.067,-0.071811485,-1,0,0,5.849669854,18.05844888
2024-08-28 00:00:00,23.432,-0.026384676,-1,0,0,5.668943534,18.05844888
2024-08-29 00:00:00,22.879,-0.023600205,-1,0,0,5.5115551,18.05844888
2024-08-30 00:00:00,23.274,0.017264741,-1,0,0,5.62397541,18.05844888
2024-08-31 00:00:00,22.786,-0.020967603,-1,0,0,5.485086521,18.05844888
2024-09-01 00:00:00,21.397,-0.060958483,-1,0,0,5.089765483,18.05844888
2024-09-02 00:00:00,22.351,0.04458569,-1,0,0,5.361281876,18.05844888
2024-09-03 00:00:00,21.374,-0.043711691,0,0.5,0,5.08321949,18.05844888
2024-09-04 00:00:00,21.893,0.024281838,0,0.5,0.012140919,5.230931239,18.28983596
2024-09-05 00:00:00,21.356,-0.024528388,0,0.5,-0.012264194,5.078096539,18.05326167
2024-09-06 00:00:00,21.143,-0.009973778,0,0.5,-0.004986889,5.017474954,17.95824517
2024-09-07 00:00:00,21.784,0.030317363,-1,0,0.015158681,5.199908925,18.24562717
2024-09-08 00:00:00,23.231,0.066424899,0,0.5,0,5.61173725,18.24562717
2024-09-09 00:00:00,23.829,0.025741466,0,0.5,0.012870733,5.78193306,18.4933325
2024-09-10 00:00:00,24.336,0.021276596,0,0.5,0.010638298,5.926229508,18.70070838
2024-09-11 00:00:00,23.264,-0.044049967,0,0.5,-0.022024984,5.621129326,18.2668006
2024-09-12 00:00:00,24.005,0.031851788,0,0.5,0.015925894,5.832024135,18.57364162
2024-09-13 00:00:00,24.898,0.037200583,0,0.5,0.018600292,6.086179417,18.93771707
2024-09-14 00:00:00,25.317,0.016828661,0,0.5,0.00841433,6.205430328,19.10547961
2024-09-15 00:00:00,23.779,-0.060749694,0,0.5,-0.030374847,5.767702641,18.49477874
2024-09-16 00:00:00,23.496,-0.011901257,0,0.5,-0.005950629,5.68715847,18.37877255
2024-09-17 00:00:00,23.762,0.011321076,0,0.5,0.005660538,5.762864299,18.48846683
2024-09-18 00:00:00,24.697,0.03934854,0,0.5,0.01967427,6.028973133,18.87188818
2024-09-19 00:00:00,26.651,0.079118921,0,0.5,0.039559461,6.585097905,19.65800936
2024-09-20 00:00:00,27.655,0.037672132,0,0.5,0.018836066,6.870844718,20.04712499
2024-09-21 00:00:00,27.764,0.003941421,0,0.5,0.001970711,6.901867031,20.08860279
2024-09-22 00:00:00,27.287,-0.017180522,0,0.5,-0.008590261,6.766108834,19.90744619
2024-09-23 00:00:00,27.379,0.003371569,0,0.5,0.001685784,6.792292805,19.94269164
2024-09-24 00:00:00,28.462,0.039555864,0,0.5,0.019777932,7.100523679,20.35689477
2024-09-25 00:00:00,27.27,-0.041880402,0,0.5,-0.020940201,6.761270492,19.9096771
2024-09-26 00:00:00,29.155,0.069123579,0,0.5,0.03456179,7.297757286,20.63235296
2024-09-27 00:00:00,30.424,0.043525982,0,0.5,0.021762991,7.658925319,21.10313766
2024-09-28 00:00:00,29.277,-0.0377005,0,0.5,-0.01885025,7.332479508,20.68648799
2024-09-29 00:00:00,29.02,-0.008778222,0,0.5,-0.004389111,7.259335155,20.59130359
2024-09-30 00:00:00,27.698,-0.04555479,0,0.5,-0.022777395,6.883082878,20.09950994
2024-10-01 00:00:00,25.801,-0.0684887,0,0.5,-0.03424435,6.343180783,19.37697094
2024-10-02 00:00:00,25.317,-0.018758963,0,0.5,-0.009379481,6.205430328,19.18584552
2024-10-03 00:00:00,24.633,-0.027017419,0,0.5,-0.01350871,6.010758197,18.9131608
2024-10-04 00:00:00,26.248,0.065562457,0,0.5,0.032781228,6.470400729,19.56593867
2024-10-05 00:00:00,25.65,-0.022782688,0,0.5,-0.011391344,6.300204918,19.33166499
2024-10-06 00:00:00,26.916,0.049356725,0,0.5,0.024678363,6.660519126,19.83341719
2024-10-07 00:00:00,26.546,-0.013746471,0,0.5,-0.006873235,6.555214026,19.69022421
2024-10-08 00:00:00,26.335,-0.007948467,0,0.5,-0.003974233,6.495161658,19.60799643
2024-10-09 00:00:00,25.758,-0.021910006,0,0.5,-0.010955003,6.330942623,19.38223577
2024-10-10 00:00:00,25.842,0.003261123,0,0.5,0.001630561,6.354849727,19.41547026
2024-10-11 00:00:00,27.451,0.062262983,0,0.5,0.031131491,6.812784608,20.05103429
2024-10-12 00:00:00,28.624,0.042730684,0,0.5,0.021365342,7.146630237,20.50079684
2024-10-13 00:00:00,29.048,0.014812745,0,0.5,0.007406372,7.267304189,20.66003974
2024-10-14 00:00:00,29.047,-3.44258E-05,0,0.5,-1.72129E-05,7.267019581,20.65966691
2024-10-15 00:00:00,28.195,-0.029331773,0,0.5,-0.014665886,7.024533242,20.3420087
2024-10-16 00:00:00,28.007,-0.006667849,1,1,-0.003333924,6.971026867,20.27085605
2024-10-17 00:00:00,27.286,-0.025743564,1,1,-0.025743564,6.765824226,19.72326841
2024-10-18 00:00:00,28.077,0.028989225,1,1,0.028989225,6.990949454,20.3240199
2024-10-19 00:00:00,28.089,0.000427396,1,1,0.000427396,6.994364754,20.33313371
2024-10-20 00:00:00,28.97,0.031364591,1,1,0.031364591,7.245104736,21.00223872
2024-10-21 00:00:00,27.738,-0.042526752,0,0.5,-0.042526752,6.894467213,20.06655498
2024-10-22 00:00:00,27.629,-0.003929627,1,1,-0.001964814,6.8634449,20.02516312
2024-10-23 00:00:00,26.733,-0.032429693,0,0.5,-0.032429693,6.608435792,19.34332353
2024-10-24 00:00:00,26.819,0.003216998,0,0.5,0.001608499,6.632912113,19.37604574
2024-10-25 00:00:00,24.907,-0.07129274,-1,0,-0.03564637,6.088740893,18.64971367
2024-10-26 00:00:00,25.388,0.01931184,-1,0,0,6.225637523,18.64971367
2024-10-27 00:00:00,25.744,0.014022373,-1,0,0,6.326958106,18.64971367
2024-10-28 00:00:00,26.252,0.019732753,-1,0,0,6.471539162,18.64971367
2024-10-29 00:00:00,26.869,0.023502971,-1,0,0,6.647142532,18.64971367
2024-10-30 00:00:00,26.161,-0.026350069,-1,0,0,6.4456398,18.64971367
2024-10-31 00:00:00,24.999,-0.044417262,-1,0,0,6.114924863,18.64971367
2024-11-01 00:00:00,24.773,-0.009040362,0,0.5,0,6.05060337,18.64971367
2024-11-02 00:00:00,24.101,-0.027126307,-1,0,-0.013563153,5.859346539,18.38320159
2024-11-03 00:00:00,23.517,-0.02423136,-1,0,0,5.693135246,18.38320159
2024-11-04 00:00:00,22.717,-0.034017944,-1,0,0,5.465448543,18.38320159
2024-11-05 00:00:00,23.973,0.055288991,-1,0,0,5.822916667,18.38320159
2024-11-06 00:00:00,27.007,0.126559046,1,1,0,6.686418488,18.38320159
2024-11-07 00:00:00,27.395,0.014366646,1,1,0.014366646,6.796846539,18.66167318
2024-11-08 00:00:00,28.788,0.050848695,1,1,0.050848695,7.193306011,19.6614436
2024-11-09 00:00:00,30.389,0.05561345,1,1,0.05561345,7.648964026,20.81049777
2024-11-10 00:00:00,31.904,0.049853565,1,1,0.049853565,8.080145719,21.89782884
2024-11-11 00:00:00,35.748,0.120486459,1,1,0.120486459,9.174180328,24.65670717
2024-11-12 00:00:00,33.971,-0.049709075,1,1,-0.049709075,8.668431239,23.381336
2024-11-13 00:00:00,33.13,-0.02475641,1,1,-0.02475641,8.429075592,22.77774165
2024-11-14 00:00:00,31.207,-0.058044069,1,1,-0.058044069,7.881773679,21.39758478
2024-11-15 00:00:00,33.132,0.061684878,1,1,0.061684878,8.429644809,22.77917707
2024-11-16 00:00:00,35.172,0.061571894,1,1,0.061571894,9.010245902,24.24330605
2024-11-17 00:00:00,34.738,-0.012339361,1,1,-0.012339361,8.886725865,23.93181978
2024-11-18 00:00:00,35.509,0.022194715,1,1,0.022194715,9.106158925,24.48517441
2024-11-19 00:00:00,34.224,-0.036188009,1,1,-0.036188009,8.740437158,23.5629167
2024-11-20 00:00:00,33.598,-0.018291258,1,1,-0.018291258,8.562272313,23.11363006
2024-11-21 00:00:00,35.873,0.067712364,1,1,0.067712364,9.209756375,24.74642095
2024-11-22 00:00:00,43.208,0.204471329,1,1,0.204471329,11.29735883,30.01082587
2024-11-23 00:00:00,41.463,-0.04038604,1,1,-0.04038604,10.80071721,28.75842143
2024-11-24 00:00:00,42.083,0.014953091,1,1,0.014953091,10.97717441,29.20340181
2024-11-25 00:00:00,41.335,-0.017774398,1,1,-0.017774398,10.76428734,28.66655451
2024-11-26 00:00:00,42.752,0.034280876,1,1,0.034280876,11.16757741,29.68354998
2024-11-27 00:00:00,43.819,0.024957897,1,1,0.024957897,11.47125455,30.44934686
2024-11-28 00:00:00,42.806,-0.023117826,1,1,-0.023117826,11.18294627,29.72230634
2024-11-29 00:00:00,44.886,0.048591319,1,1,0.048591319,11.77493169,31.21514373
2024-11-30 00:00:00,44.845,-0.000913425,1,1,-0.000913425,11.76326275,31.1857176
2024-12-01 00:00:00,45.145,0.006689709,1,1,0.006689709,11.84864526,31.40103069
2024-12-02 00:00:00,52.312,0.158755122,1,1,0.158755122,13.88843352,36.54486028
2024-12-03 00:00:00,50.931,-0.026399297,1,1,-0.026399297,13.49538934,35.55370238
2024-12-04 00:00:00,52.815,0.036991223,1,1,0.036991223,14.03159153,36.90586855
2024-12-05 00:00:00,50.314,-0.047353971,1,1,-0.047353971,13.31978597,35.11087514
2024-12-06 00:00:00,52.517,0.04378503,1,1,0.04378503,13.94677823,36.69199089
2024-12-07 00:00:00,51.632,-0.016851686,1,1,-0.016851686,13.69489982,36.05681729
2024-12-08 00:00:00,54.024,0.046327859,1,1,0.046327859,14.37568306,37.77358028
2024-12-09 00:00:00,44.98,-0.167407078,1,1,-0.167407078,11.80168488,31.28260849
2024-12-10 00:00:00,44.589,-0.008692752,1,1,-0.008692752,11.69040301,31.00198377
2024-12-11 00:00:00,48.446,0.086501155,1,1,0.086501155,12.78813752,33.77019233
2024-12-12 00:00:00,53.124,0.09656112,1,1,0.09656112,14.11953552,37.12764103
2024-12-13 00:00:00,52.781,-0.006456592,1,1,-0.006456592,14.02191485,36.8814664
2024-12-14 00:00:00,49.83,-0.055910271,1,1,-0.055910271,13.18203552,34.76350336
2024-12-15 00:00:00,50.765,0.018763797,1,1,0.018763797,13.44814435,35.43456248
2024-12-16 00:00:00,50.633,-0.002600217,1,1,-0.002600217,13.41057605,35.33982472