date,close_price_BNBUSDT,return_BNBUSDT,signal_BNBUSDT,position_BNBUSDT,signal_return_BNBUSDT,cum_return_BNBUSDT,cum_signal_return_BNBUSDT
2020-02-10 00:00:00,25.189,,0,0.5,,,
2020-02-11 00:00:00,25.705,0.020485132,0,0.5,0.010242566,0.020485132,0.010242566
2020-02-12 00:00:00,26.451,0.029021591,0,0.5,0.014510796,0.050101235,0.02490199
2020-02-13 00:00:00,25.456,-0.037616725,0,0.5,-0.018808363,0.010599865,0.005625261
2020-02-14 00:00:00,26.384,0.03645506,0,0.5,0.01822753,0.047441343,0.023955326
2020-02-15 00:00:00,24.239,-0.081299272,0,0.5,-0.040649636,-0.037714876,-0.017668086
2020-02-16 00:00:00,23.389,-0.035067453,0,0.5,-0.017533727,-0.071459764,-0.034892025
2020-02-17 00:00:00,23.452,0.002693574,0,0.5,0.001346787,-0.068958672,-0.03359223
2020-02-18 00:00:00,24.094,0.027375064,0,0.5,0.013687532,-0.043471357,-0.020364493
2020-02-19 00:00:00,22.367,-0.071677596,0,0.5,-0.035838798,-0.11203303,-0.055473452
2020-02-20 00:00:00,22.191,-0.007868735,0,0.5,-0.003934368,-0.119020207,-0.059189567
2020-02-21 00:00:00,22.209,0.00081114,0,0.5,0.00040557,-0.11830561,-0.058808002
2020-02-22 00:00:00,22.008,-0.009050385,0,0.5,-0.004525192,-0.126285283,-0.063067077
2020-02-23 00:00:00,22.868,0.039076699,0,0.5,0.01953835,-0.092143396,-0.044760954
2020-02-24 00:00:00,22.11,-0.033146755,0,0.5,-0.016573378,-0.122235897,-0.060592492
2020-02-25 00:00:00,20.34,-0.080054274,0,0.5,-0.040027137,-0.192504665,-0.098194285
2020-02-26 00:00:00,18.729,-0.07920354,0,0.5,-0.03960177,-0.256461154,-0.133907387
2020-02-27 00:00:00,19.154,0.022692082,0,0.5,0.011346041,-0.239588709,-0.124080665
2020-02-28 00:00:00,19.001,-0.007987888,0,0.5,-0.003993944,-0.245662789,-0.127579038
2020-02-29 00:00:00,19.257,0.013472975,0,0.5,0.006736488,-0.235499623,-0.121701985
2020-03-01 00:00:00,18.9,-0.018538713,0,0.5,-0.009269357,-0.249672476,-0.129843242
2020-03-02 00:00:00,19.9,0.052910053,0,0.5,0.026455026,-0.209972607,-0.106823222
2020-03-03 00:00:00,19.685,-0.01080402,0,0.5,-0.00540201,-0.218508079,-0.111648172
2020-03-04 00:00:00,19.969,0.014427229,0,0.5,0.007213614,-0.207233316,-0.105239944
2020-03-05 00:00:00,20.754,0.039310932,0,0.5,0.019655466,-0.176068919,-0.087653019
2020-03-06 00:00:00,21.379,0.030114677,0,0.5,0.015057338,-0.151256501,-0.073915501
2020-03-07 00:00:00,20.269,-0.051920109,0,0.5,-0.025960054,-0.195323355,-0.097956705
2020-03-08 00:00:00,16.897,-0.166362425,0,0.5,-0.083181213,-0.329191314,-0.17298976
2020-03-09 00:00:00,16.589,-0.018228088,0,0.5,-0.009114044,-0.341418873,-0.180527168
2020-03-10 00:00:00,16.85,0.015733317,0,0.5,0.007866659,-0.331057208,-0.174080655
2020-03-11 00:00:00,16.591,-0.01537092,0,0.5,-0.00768546,-0.341339474,-0.180428225
2020-03-12 00:00:00,9.277,-0.44084142,0,0.5,-0.22042071,-0.631704315,-0.361078818
2020-03-13 00:00:00,10.958,0.181200819,0,0.5,0.09060041,-0.564968836,-0.303192297
2020-03-14 00:00:00,10.135,-0.075104946,0,0.5,-0.037552473,-0.597641828,-0.329359149
2020-03-15 00:00:00,10.393,0.025456339,0,0.5,0.01272817,-0.587399262,-0.320823119
2020-03-16 00:00:00,9.422,-0.093428269,0,0.5,-0.046714135,-0.625947834,-0.352550279
2020-03-17 00:00:00,10.241,0.08692422,0,0.5,0.04346211,-0.593433642,-0.324410748
2020-03-18 00:00:00,10.392,0.014744654,0,0.5,0.007372327,-0.587438961,-0.319430083
2020-03-19 00:00:00,12.267,0.180427252,0,0.5,0.090213626,-0.513001707,-0.258033403
2020-03-20 00:00:00,11.911,-0.029020951,0,0.5,-0.014510475,-0.52713486,-0.268799691
2020-03-21 00:00:00,12.101,0.015951641,0,0.5,0.007975821,-0.519591885,-0.262967769
2020-03-22 00:00:00,11.16,-0.077762168,0,0.5,-0.038881084,-0.556949462,-0.291624381
2020-03-23 00:00:00,12.172,0.090681004,0,0.5,0.045340502,-0.516773195,-0.259506275
2020-03-24 00:00:00,12.404,0.019060138,0,0.5,0.009530069,-0.507562825,-0.252449319
2020-03-25 00:00:00,12.304,-0.008061916,0,0.5,-0.004030958,-0.511532812,-0.255462664
2020-03-26 00:00:00,13.202,0.072984395,0,0.5,0.036492198,-0.47588233,-0.22829286
2020-03-27 00:00:00,12.317,-0.067035298,0,0.5,-0.033517649,-0.511016714,-0.254158669
2020-03-28 00:00:00,12.175,-0.011528781,0,0.5,-0.005764391,-0.516654095,-0.25845799
2020-03-29 00:00:00,11.267,-0.074579055,0,0.5,-0.037289528,-0.552701576,-0.286109741
2020-03-30 00:00:00,12.123,0.075974084,0,0.5,0.037987042,-0.518718488,-0.258991162
2020-03-31 00:00:00,12.536,0.034067475,0,0.5,0.017033738,-0.502322442,-0.246369012
2020-04-01 00:00:00,12.706,0.013560944,0,0.5,0.006780472,-0.495573465,-0.241259038
2020-04-02 00:00:00,13.008,0.023768298,0,0.5,0.011884149,-0.483584104,-0.232242047
2020-04-03 00:00:00,13.359,0.026983395,0,0.5,0.013491697,-0.46964945,-0.221883689
2020-04-04 00:00:00,13.781,0.031589191,0,0.5,0.015794595,-0.452896105,-0.209593657
2020-04-05 00:00:00,13.699,-0.005950221,0,0.5,-0.002975111,-0.456151495,-0.211945203
2020-04-06 00:00:00,15.189,0.108767063,0,0.5,0.054383532,-0.39699869,-0.169088
2020-04-07 00:00:00,14.725,-0.030548423,0,0.5,-0.015274212,-0.415419429,-0.181779526
2020-04-08 00:00:00,15.098,0.02533107,0,0.5,0.012665535,-0.400611378,-0.171416326
2020-04-09 00:00:00,15.013,-0.005629885,0,0.5,-0.002814942,-0.403985867,-0.173748741
2020-04-10 00:00:00,13.708,-0.086924665,0,0.5,-0.043462333,-0.455794196,-0.209659548
2020-04-11 00:00:00,13.804,0.00700321,0,0.5,0.003501605,-0.451983008,-0.206892088
2020-04-12 00:00:00,14.287,0.034989858,0,0.5,0.017494929,-0.432807972,-0.193016722
2020-04-13 00:00:00,15,0.049905509,0,0.5,0.024952754,-0.404501965,-0.172880266
2020-04-14 00:00:00,15.593,0.039533333,0,0.5,0.019766667,-0.380959943,-0.156530866
2020-04-15 00:00:00,14.544,-0.067273777,0,0.5,-0.033636888,-0.422605105,-0.184902543
2020-04-16 00:00:00,15.737,0.082026953,0,0.5,0.041013476,-0.375243162,-0.151472563
2020-04-17 00:00:00,15.61,-0.008070153,0,0.5,-0.004035077,-0.380285045,-0.154896436
2020-04-18 00:00:00,16.58,0.062139654,0,0.5,0.031069827,-0.341776172,-0.128639215
2020-04-19 00:00:00,16.035,-0.032870929,0,0.5,-0.016435464,-0.363412601,-0.142960434
2020-04-20 00:00:00,14.928,-0.069036483,0,0.5,-0.034518241,-0.407360356,-0.172543933
2020-04-21 00:00:00,15.113,0.012392819,0,0.5,0.006196409,-0.40001588,-0.167416676
2020-04-22 00:00:00,15.697,0.038642229,0,0.5,0.019321114,-0.376831156,-0.151330238
2020-04-23 00:00:00,16.049,0.022424667,0,0.5,0.011212334,-0.362856803,-0.14181467
2020-04-24 00:00:00,15.93,-0.007414792,0,0.5,-0.003707396,-0.367581087,-0.144996303
2020-04-25 00:00:00,16.233,0.019020716,0,0.5,0.009510358,-0.355552027,-0.136864912
2020-04-26 00:00:00,16.347,0.007022731,0,0.5,0.003511366,-0.351026242,-0.133834129
2020-04-27 00:00:00,16.414,0.004098611,0,0.5,0.002049306,-0.34836635,-0.13205909
2020-04-28 00:00:00,16.335,-0.004812965,0,0.5,-0.002406482,-0.35150264,-0.134147775
2020-04-29 00:00:00,17.333,0.061095807,0,0.5,0.030547903,-0.311882171,-0.107697805
2020-04-30 00:00:00,16.928,-0.023365834,0,0.5,-0.011682917,-0.327960618,-0.118122497
2020-05-01 00:00:00,17.44,0.030245747,0,0.5,0.015122873,-0.307634285,-0.104785975
2020-05-02 00:00:00,17.52,0.004587156,0,0.5,0.002293578,-0.304458295,-0.102732732
2020-05-03 00:00:00,17.083,-0.024942922,0,0.5,-0.012471461,-0.321807138,-0.113922966
2020-05-04 00:00:00,17.003,-0.004683018,0,0.5,-0.002341509,-0.324983128,-0.115997723
2020-05-05 00:00:00,16.85,-0.008998412,0,0.5,-0.004499206,-0.331057208,-0.119975032
2020-05-06 00:00:00,16.391,-0.027240356,0,0.5,-0.013620178,-0.349279447,-0.131961129
2020-05-07 00:00:00,16.997,0.036971509,0,0.5,0.018485754,-0.325221327,-0.115914775
2020-05-08 00:00:00,17.145,0.008707419,0,0.5,0.004353709,-0.319345746,-0.112065725
2020-05-09 00:00:00,16.766,-0.02210557,0,0.5,-0.011052785,-0.334391997,-0.121879872
2020-05-10 00:00:00,15.309,-0.086902064,0,0.5,-0.043451032,-0.392234706,-0.160035097
2020-05-11 00:00:00,15.073,-0.015415769,0,0.5,-0.007707884,-0.401603875,-0.16650945
2020-05-12 00:00:00,15.756,0.045312811,0,0.5,0.022656405,-0.374488864,-0.14762555
2020-05-13 00:00:00,16.177,0.02671998,0,0.5,0.01335999,-0.357775219,-0.136237836
2020-05-14 00:00:00,16.361,0.011374173,0,0.5,0.005687087,-0.350470443,-0.131325546
2020-05-15 00:00:00,15.71,-0.039789744,0,0.5,-0.019894872,-0.376315058,-0.148607713
2020-05-16 00:00:00,16.059,0.02221515,0,0.5,0.011107575,-0.362459804,-0.139150809
2020-05-17 00:00:00,16.293,0.014571268,0,0.5,0.007285634,-0.353170035,-0.132878977
2020-05-18 00:00:00,16.638,0.021174738,0,0.5,0.010587369,-0.33947358,-0.123698447
2020-05-19 00:00:00,17.215,0.034679649,0,0.5,0.017339824,-0.316566755,-0.108503531
2020-05-20 00:00:00,16.887,-0.019053151,0,0.5,-0.009526576,-0.329588312,-0.11699644
2020-05-21 00:00:00,16.097,-0.046781548,0,0.5,-0.023390774,-0.360951209,-0.137650577
2020-05-22 00:00:00,16.606,0.031620799,0,0.5,0.015810399,-0.340743976,-0.124016488
2020-05-23 00:00:00,16.49,-0.006985427,0,0.5,-0.003492713,-0.34534916,-0.127076047
2020-05-24 00:00:00,15.952,-0.032625834,0,0.5,-0.016312917,-0.36670769,-0.141315983
2020-05-25 00:00:00,16.385,0.027143932,0,0.5,0.013571966,-0.349517647,-0.129661953
2020-05-26 00:00:00,16.219,-0.010131218,0,0.5,-0.005065609,-0.356107825,-0.134070745
2020-05-27 00:00:00,16.481,0.016153894,0,0.5,0.008076947,-0.345706459,-0.127076681
2020-05-28 00:00:00,17.092,0.037072993,0,0.5,0.018536497,-0.321449839,-0.11089574
2020-05-29 00:00:00,17.016,-0.004446525,0,0.5,-0.002223262,-0.324467029,-0.112872452
2020-05-30 00:00:00,17.737,0.042371885,0,0.5,0.021185943,-0.295843424,-0.094077819
2020-05-31 00:00:00,17.089,-0.036533799,0,0.5,-0.0182669,-0.321568939,-0.110626209
2020-06-01 00:00:00,17.956,0.050734391,0,0.5,0.025367195,-0.287149152,-0.08806529
2020-06-02 00:00:00,17.274,-0.037981733,0,0.5,-0.018990867,-0.314224463,-0.105383721
2020-06-03 00:00:00,17.573,0.017309251,0,0.5,0.008654625,-0.302354202,-0.097641152
2020-06-04 00:00:00,17.526,-0.002674558,0,0.5,-0.001337279,-0.304220096,-0.098847857
2020-06-05 00:00:00,17.686,0.009129294,0,0.5,0.004564647,-0.297868117,-0.094734416
2020-06-06 00:00:00,17.567,-0.006728486,0,0.5,-0.003364243,-0.302592401,-0.097779949
2020-06-07 00:00:00,17.415,-0.008652587,0,0.5,-0.004326294,-0.308626782,-0.101683218
2020-06-08 00:00:00,17.453,0.002182027,0,0.5,0.001091013,-0.307118187,-0.100703142
2020-06-09 00:00:00,17.383,-0.004010772,0,0.5,-0.002005386,-0.309897177,-0.102506579
2020-06-10 00:00:00,17.419,0.002070989,0,0.5,0.001035494,-0.308467982,-0.10157723
2020-06-11 00:00:00,16.231,-0.068201389,0,0.5,-0.034100695,-0.355631426,-0.132214071
2020-06-12 00:00:00,16.643,0.025383525,0,0.5,0.012691763,-0.33927508,-0.121200337
2020-06-13 00:00:00,16.807,0.009853993,0,0.5,0.004926996,-0.332764302,-0.116870495
2020-06-14 00:00:00,16.566,-0.014339263,0,0.5,-0.007169632,-0.34233197,-0.123202208
2020-06-15 00:00:00,16.378,-0.011348545,0,0.5,-0.005674273,-0.349795546,-0.128177398
2020-06-16 00:00:00,16.429,0.003113933,0,0.5,0.001556967,-0.347770852,-0.126819999
2020-06-17 00:00:00,16.39,-0.002373851,-1,0,-0.001186926,-0.349319147,-0.127856399
2020-06-18 00:00:00,16.169,-0.013483832,-1,0,0,-0.358092818,-0.127856399
2020-06-19 00:00:00,15.966,-0.012554889,-1,0,0,-0.366151892,-0.127856399
2020-06-20 00:00:00,16.071,0.006576475,-1,0,0,-0.361983405,-0.127856399
2020-06-21 00:00:00,15.982,-0.005537925,-1,0,0,-0.365516694,-0.127856399
2020-06-22 00:00:00,16.514,0.033287448,0,0.5,0,-0.344396363,-0.127856399
2020-06-23 00:00:00,16.396,-0.007145452,0,0.5,-0.003572726,-0.349080948,-0.130972329
2020-06-24 00:00:00,16.037,-0.021895584,-1,0,-0.010947792,-0.363333201,-0.140486263
2020-06-25 00:00:00,15.925,-0.00698385,-1,0,0,-0.367779586,-0.140486263
2020-06-26 00:00:00,15.778,-0.009230769,-1,0,0,-0.373615467,-0.140486263
2020-06-27 00:00:00,15.139,-0.04049943,-1,0,0,-0.398983683,-0.140486263
2020-06-28 00:00:00,15.386,0.016315477,-1,0,0,-0.389177816,-0.140486263
2020-06-29 00:00:00,15.48,0.00610945,-1,0,0,-0.385446028,-0.140486263
2020-06-30 00:00:00,15.411,-0.004457364,-1,0,0,-0.388185319,-0.140486263
2020-07-01 00:00:00,15.819,0.026474596,-1,0,0,-0.371987772,-0.140486263
2020-07-02 00:00:00,15.375,-0.028067514,-1,0,0,-0.389614514,-0.140486263
2020-07-03 00:00:00,15.288,-0.005658537,-1,0,0,-0.393068403,-0.140486263
2020-07-04 00:00:00,15.574,0.018707483,-1,0,0,-0.38171424,-0.140486263
2020-07-05 00:00:00,15.502,-0.00462309,-1,0,0,-0.384572631,-0.140486263
2020-07-06 00:00:00,16.324,0.053025416,-1,0,0,-0.351939339,-0.140486263
2020-07-07 00:00:00,16.837,0.031426121,0,0.5,0,-0.331573306,-0.140486263
2020-07-08 00:00:00,17.29,0.026905031,0,0.5,0.013452515,-0.313589265,-0.128923642
2020-07-09 00:00:00,16.844,-0.025795257,0,0.5,-0.012897629,-0.331295407,-0.140158461
2020-07-10 00:00:00,17.325,0.028556162,0,0.5,0.014278081,-0.31219977,-0.127881574
2020-07-11 00:00:00,17.631,0.017662338,1,1,0.008831169,-0.30005161,-0.120179749
2020-07-12 00:00:00,18.312,0.038625149,1,1,0.038625149,-0.273015999,-0.08619656
2020-07-13 00:00:00,18.419,0.005843163,1,1,0.005843163,-0.268768113,-0.080857058
2020-07-14 00:00:00,18.09,-0.01786199,1,1,-0.01786199,-0.28182937,-0.09727478
2020-07-15 00:00:00,17.648,-0.024433389,1,1,-0.024433389,-0.299376712,-0.119331416
2020-07-16 00:00:00,17.171,-0.027028558,1,1,-0.027028558,-0.31831355,-0.143134619
2020-07-17 00:00:00,17.073,-0.005707297,1,1,-0.005707297,-0.322204137,-0.148025004
2020-07-18 00:00:00,17.156,0.004861477,1,1,0.004861477,-0.318909048,-0.143883147
2020-07-19 00:00:00,18.039,0.051468874,1,1,0.051468874,-0.283854063,-0.099819777
2020-07-20 00:00:00,17.493,-0.030267753,1,1,-0.030267753,-0.305530192,-0.12706621
2020-07-21 00:00:00,17.737,0.013948437,1,1,0.013948437,-0.295843424,-0.114890148
2020-07-22 00:00:00,18.103,0.020634831,1,1,0.020634831,-0.281313272,-0.096626056
2020-07-23 00:00:00,18.768,0.036734243,1,1,0.036734243,-0.254912859,-0.063441298
2020-07-24 00:00:00,19.204,0.023231032,1,1,0.023231032,-0.237603716,-0.041684073
2020-07-25 00:00:00,19.84,0.0331181,1,1,0.0331181,-0.212354599,-0.00994647
2020-07-26 00:00:00,19.577,-0.013256048,1,1,-0.013256048,-0.222795665,-0.023070667
2020-07-27 00:00:00,19.792,0.010982275,1,1,0.010982275,-0.214260193,-0.012341761
2020-07-28 00:00:00,20.184,0.019805982,1,1,0.019805982,-0.198697844,0.007219781
2020-07-29 00:00:00,19.901,-0.014021007,1,1,-0.014021007,-0.209932907,-0.006902455
2020-07-30 00:00:00,19.978,0.003869152,1,1,0.003869152,-0.206876017,-0.003060009
2020-07-31 00:00:00,20.686,0.035438983,1,1,0.035438983,-0.17876851,0.03227053
2020-08-01 00:00:00,21.646,0.046408199,1,1,0.046408199,-0.140656636,0.080176346
2020-08-02 00:00:00,20.959,-0.031737965,1,1,-0.031737965,-0.167930446,0.045893747
2020-08-03 00:00:00,22.064,0.052721981,1,1,0.052721981,-0.124062091,0.101035337
2020-08-04 00:00:00,22.323,0.011738579,1,1,0.011738579,-0.113779825,0.113959927
2020-08-05 00:00:00,23.236,0.040899521,1,1,0.040899521,-0.077533844,0.159520354
2020-08-06 00:00:00,22.76,-0.020485454,1,1,-0.020485454,-0.096430982,0.135767054
2020-08-07 00:00:00,22.334,-0.018717047,1,1,-0.018717047,-0.113343126,0.114508848
2020-08-08 00:00:00,22.909,0.0257455,1,1,0.0257455,-0.090515701,0.143202435
2020-08-09 00:00:00,22.416,-0.021519927,1,1,-0.021519927,-0.110087737,0.118600803
2020-08-10 00:00:00,22.656,0.010706638,1,1,0.010706638,-0.100559768,0.130577257
2020-08-11 00:00:00,21.278,-0.06082274,1,1,-0.06082274,-0.155266188,0.06181245
2020-08-12 00:00:00,21.503,0.010574302,1,1,0.010574302,-0.146333717,0.073040376
2020-08-13 00:00:00,21.789,0.01330047,1,1,0.01330047,-0.134979555,0.087312317
2020-08-14 00:00:00,23.141,0.062049658,1,1,0.062049658,-0.081305332,0.154779674
2020-08-15 00:00:00,23.107,-0.001469254,1,1,-0.001469254,-0.082655127,0.15308301
2020-08-16 00:00:00,23.54,0.01873891,1,1,0.01873891,-0.065465084,0.174690529
2020-08-17 00:00:00,23.503,-0.001571793,1,1,-0.001571793,-0.066933979,0.172844159
2020-08-18 00:00:00,23.016,-0.020720759,1,1,-0.020720759,-0.086267815,0.148541938
2020-08-19 00:00:00,22.376,-0.027806743,1,1,-0.027806743,-0.111675731,0.116604727
2020-08-20 00:00:00,23.122,0.033339292,1,1,0.033339292,-0.082059629,0.153831538
2020-08-21 00:00:00,22.123,-0.043205605,1,1,-0.043205605,-0.121719798,0.103979549
2020-08-22 00:00:00,22.216,0.00420377,1,1,0.00420377,-0.118027711,0.108620425
2020-08-23 00:00:00,21.853,-0.016339575,1,1,-0.016339575,-0.132438763,0.090506038
2020-08-24 00:00:00,22.6,0.03418295,1,1,0.03418295,-0.102782961,0.127782751
2020-08-25 00:00:00,21.4,-0.053097345,1,1,-0.053097345,-0.150422804,0.067900481
2020-08-26 00:00:00,22.212,0.037943925,1,1,0.037943925,-0.11818651,0.108420817
2020-08-27 00:00:00,23.129,0.041283991,1,1,0.041283991,-0.08178173,0.154180852
2020-08-28 00:00:00,23.095,-0.001470016,1,1,-0.001470016,-0.083131526,0.152484187
2020-08-29 00:00:00,22.952,-0.006191816,1,1,-0.006191816,-0.088808607,0.145348217
2020-08-30 00:00:00,23.642,0.03006274,1,1,0.03006274,-0.061415697,0.179780522
2020-08-31 00:00:00,23.166,-0.02013366,1,1,-0.02013366,-0.080312835,0.156027222
2020-09-01 00:00:00,24.756,0.068635069,1,1,0.068635069,-0.017190043,0.235371229
2020-09-02 00:00:00,24.756,0,1,1,0,-0.017190043,0.235371229
2020-09-03 00:00:00,20.424,-0.174987882,0,0.5,-0.174987882,-0.189169876,0.019196235
2020-09-04 00:00:00,20.94,0.025264395,0,0.5,0.012632197,-0.168684743,0.032070923
2020-09-05 00:00:00,19.43,-0.072110793,0,0.5,-0.036055396,-0.228631546,-0.005140803
2020-09-06 00:00:00,23.137,0.190787442,1,1,0.095393721,-0.081464131,0.089762517
2020-09-07 00:00:00,22.398,-0.031940182,0,0.5,-0.031940182,-0.110802334,0.054955304
2020-09-08 00:00:00,23.18,0.034913832,1,1,0.017456916,-0.079757037,0.07337157
2020-09-09 00:00:00,24.417,0.05336497,1,1,0.05336497,-0.030648299,0.130652011
2020-09-10 00:00:00,24.509,0.003767867,1,1,0.003767867,-0.026995911,0.134912157
2020-09-11 00:00:00,25.365,0.034925946,1,1,0.034925946,0.006987177,0.174550037
2020-09-12 00:00:00,28.395,0.119455943,1,1,0.119455943,0.12727778,0.31485702
2020-09-13 00:00:00,31.142,0.096742384,1,1,0.096742384,0.23633332,0.442059423
2020-09-14 00:00:00,30.856,-0.009183739,1,1,-0.009183739,0.224979158,0.428815925
2020-09-15 00:00:00,27.086,-0.122180451,1,1,-0.122180451,0.075310651,0.254242551
2020-09-16 00:00:00,27.816,0.026951192,1,1,0.026951192,0.104291556,0.288045884
2020-09-17 00:00:00,26.989,-0.02973109,1,1,-0.02973109,0.071459764,0.249750875
2020-09-18 00:00:00,27.653,0.024602616,1,1,0.024602616,0.097820477,0.280498016
2020-09-19 00:00:00,27.226,-0.015441363,1,1,-0.015441363,0.080868633,0.260725382
2020-09-20 00:00:00,26.324,-0.033130096,1,1,-0.033130096,0.045059351,0.218957429
2020-09-21 00:00:00,23.12,-0.121714025,1,1,-0.121714025,-0.082139029,0.070593214
2020-09-22 00:00:00,24.051,0.040268166,1,1,0.040268166,-0.045178451,0.113704039
2020-09-23 00:00:00,22.839,-0.050392915,1,1,-0.050392915,-0.093294692,0.057581246
2020-09-24 00:00:00,24.56,0.075353562,1,1,0.075353562,-0.024971218,0.13727376
2020-09-25 00:00:00,24.677,0.004763844,1,1,0.004763844,-0.020326333,0.142691554
2020-09-26 00:00:00,26.162,0.060177493,1,1,0.060177493,0.038627973,0.211455867
2020-09-27 00:00:00,26.219,0.002178733,1,1,0.002178733,0.040890865,0.214095306
2020-09-28 00:00:00,26.973,0.028757771,1,1,0.028757771,0.070824566,0.24900998
2020-09-29 00:00:00,28.822,0.068550032,1,1,0.068550032,0.144229624,0.334629654
2020-09-30 00:00:00,29.2,0.013114982,1,1,0.013114982,0.159236175,0.352133297
2020-10-01 00:00:00,27.455,-0.059760274,1,1,-0.059760274,0.089959903,0.271329441
2020-10-02 00:00:00,27.285,-0.00619195,1,1,-0.00619195,0.083210925,0.263457432
2020-10-03 00:00:00,28.133,0.031079348,1,1,0.031079348,0.116876414,0.302724865
2020-10-04 00:00:00,28.961,0.029431628,1,1,0.029431628,0.149747906,0.341066179
2020-10-05 00:00:00,28.616,-0.011912572,1,1,-0.011912572,0.136051451,0.325090631
2020-10-06 00:00:00,27.687,-0.032464356,1,1,-0.032464356,0.099170273,0.282072418
2020-10-07 00:00:00,27.667,-0.000722361,1,1,-0.000722361,0.098376275,0.281146299
2020-10-08 00:00:00,27.669,7.22883E-05,1,1,7.22883E-05,0.098455675,0.281238911
2020-10-09 00:00:00,28.373,0.025443637,1,1,0.025443637,0.126404383,0.313838289
2020-10-10 00:00:00,28.359,-0.000493427,1,1,-0.000493427,0.125848585,0.313190006
2020-10-11 00:00:00,28.501,0.005007229,1,1,0.005007229,0.131485966,0.319765449
2020-10-12 00:00:00,30.638,0.074979825,1,1,0.074979825,0.216324586,0.418721232
2020-10-13 00:00:00,30.622,-0.000522227,0,0.5,-0.000522227,0.215689388,0.417980337
2020-10-14 00:00:00,30.8,0.005812814,0,0.5,0.002906407,0.222755965,0.422101565
2020-10-15 00:00:00,31.3,0.016233766,1,1,0.008116883,0.242605899,0.433644597
2020-10-16 00:00:00,30.026,-0.040702875,1,1,-0.040702875,0.192028266,0.37529114
2020-10-17 00:00:00,30.2,0.005794978,1,1,0.005794978,0.198936044,0.383260921
2020-10-18 00:00:00,30.599,0.013211921,1,1,0.013211921,0.214776291,0.401536455
2020-10-19 00:00:00,29.899,-0.022876565,1,1,-0.022876565,0.186986383,0.369474115
2020-10-20 00:00:00,28.831,-0.035720258,1,1,-0.035720258,0.144586923,0.320556146
2020-10-21 00:00:00,29.734,0.031320454,1,1,0.031320454,0.180435905,0.361916564
2020-10-22 00:00:00,30.663,0.031243694,1,1,0.031243694,0.217317083,0.404467868
2020-10-23 00:00:00,30.63,-0.001076216,1,1,-0.001076216,0.216006987,0.402956358
2020-10-24 00:00:00,30.629,-3.26477E-05,1,1,-3.26477E-05,0.215967287,0.402910555
2020-10-25 00:00:00,30.107,-0.017042672,1,1,-0.017042672,0.195243956,0.37900121
2020-10-26 00:00:00,31.022,0.030391603,1,1,0.030391603,0.231569336,0.420911268
2020-10-27 00:00:00,31.423,0.01292631,1,1,0.01292631,0.247488983,0.439278408
2020-10-28 00:00:00,30.322,-0.035038029,1,1,-0.035038029,0.203779428,0.388848929
2020-10-29 00:00:00,29.845,-0.015731152,1,1,-0.015731152,0.18484259,0.367000735
2020-10-30 00:00:00,28.509,-0.044764617,0,0.5,-0.044764617,0.131803565,0.30580747
2020-10-31 00:00:00,28.504,-0.000175383,1,1,-8.76916E-05,0.131605066,0.305692962
2020-11-01 00:00:00,28.568,0.002245299,1,1,0.002245299,0.134145857,0.308624633
2020-11-02 00:00:00,27.807,-0.026638197,0,0.5,-0.026638197,0.103934257,0.273765233
2020-11-03 00:00:00,26.878,-0.033408854,0,0.5,-0.016704427,0.067053079,0.252487714
2020-11-04 00:00:00,26.96,0.003050822,0,0.5,0.001525411,0.070308468,0.254398273
2020-11-05 00:00:00,27.721,0.028227003,1,1,0.014113501,0.100520068,0.272102225
2020-11-06 00:00:00,29.052,0.048014141,1,1,0.048014141,0.153360594,0.33318112
2020-11-07 00:00:00,27.788,-0.043508192,1,1,-0.043508192,0.10317996,0.27517682
2020-11-08 00:00:00,28.427,0.022995538,1,1,0.022995538,0.128548176,0.304500197
2020-11-09 00:00:00,28.1,-0.011503148,0,0.5,-0.011503148,0.115566319,0.289494337
2020-11-10 00:00:00,28.237,0.004875445,0,0.5,0.002437722,0.121005201,0.292637766
2020-11-11 00:00:00,28.01,-0.008039098,0,0.5,-0.004019549,0.11199333,0.287441946
2020-11-12 00:00:00,27.712,-0.010639057,0,0.5,-0.005319529,0.100162769,0.280593361
2020-11-13 00:00:00,28.227,0.018584007,0,0.5,0.009292003,0.120608202,0.292492639
2020-11-14 00:00:00,27.964,-0.00931732,0,0.5,-0.00465866,0.110167136,0.286471355
2020-11-15 00:00:00,27.681,-0.010120154,0,0.5,-0.005060077,0.098932074,0.279961711
2020-11-16 00:00:00,27.997,0.011415773,0,0.5,0.005707886,0.111477232,0.287267587
2020-11-17 00:00:00,28.554,0.019894989,0,0.5,0.009947494,0.133590059,0.300072674
2020-11-18 00:00:00,28.12,-0.015199272,0,0.5,-0.007599636,0.116360316,0.290192595
2020-11-19 00:00:00,28.123,0.000106686,0,0.5,5.33428E-05,0.116479416,0.290261418
2020-11-20 00:00:00,28.986,0.030686627,0,0.5,0.015343313,0.150740403,0.310058303
2020-11-21 00:00:00,30.581,0.055026565,0,0.5,0.027513282,0.214061694,0.346102307
2020-11-22 00:00:00,30.045,-0.017527223,0,0.5,-0.008763611,0.192782564,0.334305589
2020-11-23 00:00:00,31.063,0.03388251,1,1,0.016941255,0.23319703,0.3569104
2020-11-24 00:00:00,33.919,0.091942182,1,1,0.091942182,0.346579856,0.481667703
2020-11-25 00:00:00,31.285,-0.077655591,1,1,-0.077655591,0.242010401,0.366607922
2020-11-26 00:00:00,28.258,-0.096755634,0,0.5,-0.096755634,0.121838898,0.234380906
2020-11-27 00:00:00,28.5,0.008563946,0,0.5,0.004281973,0.131446266,0.239666492
2020-11-28 00:00:00,29.168,0.023438596,0,0.5,0.011719298,0.157965779,0.254194513
2020-11-29 00:00:00,30.138,0.033255623,1,1,0.016627811,0.196474652,0.275049023
2020-11-30 00:00:00,31.535,0.046353441,1,1,0.046353441,0.251935369,0.334151933
2020-12-01 00:00:00,30.206,-0.04214365,1,1,-0.04214365,0.199174243,0.277925901
2020-12-02 00:00:00,30.278,0.002383632,1,1,0.002383632,0.202032633,0.280972006
2020-12-03 00:00:00,30.721,0.014631085,1,1,0.014631085,0.219619675,0.299714017
2020-12-04 00:00:00,29.039,-0.054750822,1,1,-0.054750822,0.152844496,0.228553606
2020-12-05 00:00:00,29.74,0.02413995,1,1,0.02413995,0.180674104,0.258210828
2020-12-06 00:00:00,29.499,-0.008103564,1,1,-0.008103564,0.171106435,0.248014836
2020-12-07 00:00:00,29.38,-0.004034035,1,1,-0.004034035,0.166382151,0.242980301
2020-12-08 00:00:00,27.687,-0.057624234,0,0.5,-0.057624234,0.099170273,0.171354513
2020-12-09 00:00:00,28.152,0.016794886,1,1,0.008397443,0.117630712,0.181190895
2020-12-10 00:00:00,27.7,-0.016055698,0,0.5,-0.016055698,0.099686371,0.162226051
2020-12-11 00:00:00,27.356,-0.012418773,0,0.5,-0.006209386,0.086029616,0.155009341
2020-12-12 00:00:00,28.162,0.029463372,1,1,0.014731686,0.118027711,0.172024576
2020-12-13 00:00:00,29.182,0.036219019,1,1,0.036219019,0.158521577,0.214474156
2020-12-14 00:00:00,30.031,0.029093277,1,1,0.029093277,0.192226766,0.249807188
2020-12-15 00:00:00,29.47,-0.018680697,1,1,-0.018680697,0.169955139,0.226459919
2020-12-16 00:00:00,30.563,0.037088565,1,1,0.037088565,0.213347096,0.271947557
2020-12-17 00:00:00,30.237,-0.010666492,1,1,-0.010666492,0.200404939,0.258380339
2020-12-18 00:00:00,31,0.025233985,1,1,0.025233985,0.230695939,0.290134289
2020-12-19 00:00:00,33.337,0.075387097,1,1,0.075387097,0.323474533,0.387393768
2020-12-20 00:00:00,34.29,0.028586855,1,1,0.028586855,0.361308508,0.427054993
2020-12-21 00:00:00,32.13,-0.062992126,1,1,-0.062992126,0.275556791,0.337161765
2020-12-22 00:00:00,33.527,0.043479614,1,1,0.043479614,0.331017508,0.395301042
2020-12-23 00:00:00,31.159,-0.070629642,1,1,-0.070629642,0.237008218,0.296751429
2020-12-24 00:00:00,32.504,0.043165699,0,0.5,0.043165699,0.290404542,0.352726611
2020-12-25 00:00:00,33.231,0.022366478,1,1,0.011183239,0.319266346,0.367854476
2020-12-26 00:00:00,33.638,0.0122476,1,1,0.0122476,0.335424193,0.38460741
2020-12-27 00:00:00,33.676,0.001129675,1,1,0.001129675,0.336932788,0.386171566
2020-12-28 00:00:00,36.026,0.069782635,1,1,0.069782635,0.43022748,0.48290227
2020-12-29 00:00:00,39.122,0.085937934,1,1,0.085937934,0.553138275,0.610339827
2020-12-30 00:00:00,38.224,-0.022953837,1,1,-0.022953837,0.517487792,0.57337635
2020-12-31 00:00:00,37.386,-0.021923399,1,1,-0.021923399,0.484219302,0.538882592
2021-01-01 00:00:00,37.795,0.010939924,1,1,0.010939924,0.500456548,0.555717851
2021-01-02 00:00:00,38.271,0.012594258,1,1,0.012594258,0.519353686,0.575310964
2021-01-03 00:00:00,41.3,0.07914609,1,1,0.07914609,0.639604589,0.699990667
2021-01-04 00:00:00,41.142,-0.003825666,1,1,-0.003825666,0.63333201,0.69348707
2021-01-05 00:00:00,41.799,0.015969083,1,1,0.015969083,0.659414824,0.720530506
2021-01-06 00:00:00,42.288,0.011698844,1,1,0.011698844,0.67882806,0.740658724
2021-01-07 00:00:00,43.57,0.030315929,1,1,0.030315929,0.729723292,0.79342841
2021-01-08 00:00:00,42.394,-0.026991049,1,1,-0.026991049,0.683036246,0.745021896
2021-01-09 00:00:00,43.907,0.035689013,1,1,0.035689013,0.743102148,0.807300005
2021-01-10 00:00:00,42.399,-0.034345321,1,1,-0.034345321,0.683234745,0.745227706
2021-01-11 00:00:00,38.104,-0.101299559,1,1,-0.101299559,0.512723808,0.56843691
2021-01-12 00:00:00,38.275,0.004487718,1,1,0.004487718,0.519512486,0.575475612
2021-01-13 00:00:00,40.192,0.050084912,1,1,0.050084912,0.595617134,0.654383169
2021-01-14 00:00:00,41.911,0.042769705,1,1,0.042769705,0.663861209,0.72514065
2021-01-15 00:00:00,40.88,-0.024599747,1,1,-0.024599747,0.622930644,0.682702626
2021-01-16 00:00:00,43.171,0.056042074,1,1,0.056042074,0.713883044,0.777004772
2021-01-17 00:00:00,45.857,0.062217692,1,1,0.062217692,0.820516892,0.887565908
2021-01-18 00:00:00,45.442,-0.009049872,1,1,-0.009049872,0.804041447,0.870483677
2021-01-19 00:00:00,42.492,-0.064917917,1,1,-0.064917917,0.686926833,0.749055773
2021-01-20 00:00:00,42.607,0.002706392,1,1,0.002706392,0.691492318,0.753789403
2021-01-21 00:00:00,38.647,-0.092942474,1,1,-0.092942474,0.534280837,0.590787876
2021-01-22 00:00:00,40.863,0.057339509,1,1,0.057339509,0.622255747,0.682002872
2021-01-23 00:00:00,40.925,0.001517265,1,1,0.001517265,0.624717138,0.684554916
2021-01-24 00:00:00,41.85,0.022602321,1,1,0.022602321,0.661439517,0.722629768
2021-01-25 00:00:00,41.826,-0.000573477,1,1,-0.000573477,0.66048672,0.72164188
2021-01-26 00:00:00,41.873,0.001123703,1,1,0.001123703,0.662352614,0.723576494
2021-01-27 00:00:00,40.902,-0.023189167,1,1,-0.023189167,0.623804041,0.68360819
2021-01-28 00:00:00,42.452,0.037895457,1,1,0.037895457,0.685338838,0.747409293
2021-01-29 00:00:00,42.863,0.009681523,1,1,0.009681523,0.701655485,0.764326875
2021-01-30 00:00:00,44.744,0.043884003,1,1,0.043884003,0.776330938,0.8417526
2021-01-31 00:00:00,44.353,-0.008738602,1,1,-0.008738602,0.760808289,0.825658258
2021-02-01 00:00:00,51.483,0.160755755,1,1,0.160755755,1.043868355,1.119143329
2021-02-02 00:00:00,50.914,-0.011052192,1,1,-0.011052192,1.02127913,1.09572215
2021-02-03 00:00:00,52.096,0.023215618,1,1,0.023215618,1.068204375,1.144375636
2021-02-04 00:00:00,55.968,0.074324324,1,1,0.074324324,1.221922268,1.303754906
2021-02-05 00:00:00,67.736,0.210263007,1,1,0.210263007,1.689110326,1.788149341
2021-02-06 00:00:00,72.555,0.071143853,1,1,0.071143853,1.880423995,1.986509027
2021-02-07 00:00:00,68.269,-0.059072428,1,1,-0.059072428,1.710270356,1.810088688
2021-02-08 00:00:00,80.146,0.173973546,1,1,0.173973546,2.1817857,2.298969781
2021-02-09 00:00:00,107.249,0.338170339,1,1,0.338170339,3.257771249,3.414583511
2021-02-10 00:00:00,128.901,0.201885332,1,1,0.201885332,4.117352813,4.30582317
2021-02-11 00:00:00,124.11,-0.037168059,1,1,-0.037168059,3.92715074,4.10861602
2021-02-12 00:00:00,136.745,0.101804851,1,1,0.101804851,4.428758585,4.628697911
2021-02-13 00:00:00,133.5,-0.023730301,1,1,-0.023730301,4.29993251,4.495127216
2021-02-14 00:00:00,135.844,0.017558052,1,1,0.017558052,4.392989003,4.591610947
2021-02-15 00:00:00,130.037,-0.042747563,1,1,-0.042747563,4.162451864,4.352583204
2021-02-16 00:00:00,130.334,0.002283965,1,1,0.002283965,4.174242725,4.364808318
2021-02-17 00:00:00,165.556,0.270244142,1,1,0.270244142,5.572551511,5.814616339
2021-02-18 00:00:00,195.549,0.181165285,1,1,0.181165285,6.763269681,7.049188254
2021-02-19 00:00:00,334.094,0.708492501,1,1,0.708492501,12.26348803,12.75197777
2021-02-20 00:00:00,252.807,-0.243305776,1,1,-0.243305776,9.03640478,9.406042142
2021-02-21 00:00:00,294.864,0.166360109,1,1,0.166360109,10.70606217,11.13719244
2021-02-22 00:00:00,267.467,-0.092914021,1,1,-0.092914021,9.618404859,10.00947709
2021-02-23 00:00:00,230.982,-0.136409351,1,1,-0.136409351,8.169955139,8.507681457
2021-02-24 00:00:00,254.183,0.100445056,1,1,0.100445056,9.0910318,9.462681056
2021-02-25 00:00:00,234.376,-0.077924173,1,1,-0.077924173,8.304696495,8.64738529
2021-02-26 00:00:00,221.6,-0.054510701,1,1,-0.054510701,7.797490968,8.121499558
2021-02-27 00:00:00,225.36,0.016967509,1,1,0.016967509,7.946762476,8.276268684
2021-02-28 00:00:00,210.11,-0.067669507,1,1,-0.067669507,7.341339474,7.648548159
2021-03-01 00:00:00,255.033,0.213807053,1,1,0.213807053,9.124776688,9.497668758
2021-03-02 00:00:00,239.713,-0.060070658,1,1,-0.060070658,8.516574695,8.867066893
2021-03-03 00:00:00,240.499,0.003278921,1,1,0.003278921,8.547778792,8.899420226
2021-03-04 00:00:00,229.743,-0.044723679,1,1,-0.044723679,8.120767001,8.456681737
2021-03-05 00:00:00,225.407,-0.018873263,1,1,-0.018873263,7.94862837,8.278203298
2021-03-06 00:00:00,226.349,0.004179107,1,1,0.004179107,7.986025646,8.316977904
2021-03-07 00:00:00,240.269,0.061497952,1,1,0.061497952,8.538647822,8.889952966
2021-03-08 00:00:00,240.555,0.001190333,1,1,0.001190333,8.550001985,8.901725298
2021-03-09 00:00:00,293.464,0.219945543,1,1,0.219945543,10.65048235,11.07956564
2021-03-10 00:00:00,278.397,-0.051341902,1,1,-0.051341902,10.05232443,10.45937776
2021-03-11 00:00:00,290.04,0.041821571,1,1,0.041821571,10.51455,10.93862695
2021-03-12 00:00:00,263.372,-0.091945938,1,1,-0.091945938,9.455833896,9.840918689
2021-03-13 00:00:00,276.98,0.051668363,1,1,0.051668363,9.996069713,10.40105121
2021-03-14 00:00:00,263.278,-0.049469276,1,1,-0.049469276,9.452102108,9.837049461
2021-03-15 00:00:00,254.523,-0.033253823,1,1,-0.033253823,9.104529755,9.476676137
2021-03-16 00:00:00,258.957,0.017420822,1,1,0.017420822,9.280558974,9.659188452
2021-03-17 00:00:00,270.149,0.043219531,1,1,0.043219531,9.724879908,10.11987357
2021-03-18 00:00:00,261.699,-0.031279035,1,1,-0.031279035,9.389416015,9.772054661
2021-03-19 00:00:00,262.924,0.00468095,1,1,0.00468095,9.438048354,9.822478113
2021-03-20 00:00:00,264.332,0.00535516,1,1,0.00535516,9.49394577,9.880434211
2021-03-21 00:00:00,264.852,0.001967223,0,0.5,0.001967223,9.514589702,9.901838452
2021-03-22 00:00:00,254.967,-0.037322731,1,1,-0.018661366,9.122156497,9.698395259
2021-03-23 00:00:00,255.654,0.002694466,0,0.5,0.002694466,9.149430307,9.727221725
2021-03-24 00:00:00,248.468,-0.028108303,0,0.5,-0.014054151,8.864147048,9.576459727
2021-03-25 00:00:00,233.852,-0.058824476,1,1,-0.029412238,8.283893763,9.265382375
2021-03-26 00:00:00,255.072,0.090741153,1,1,0.090741153,9.126324983,10.196875
2021-03-27 00:00:00,269.619,0.057030956,1,1,0.057030956,9.703838977,10.83544349
2021-03-28 00:00:00,268.799,-0.003041329,1,1,-0.003041329,9.671285085,10.79944801
2021-03-29 00:00:00,275.426,0.02465411,1,1,0.02465411,9.934376117,11.0903529
2021-03-30 00:00:00,312.347,0.134050525,1,1,0.134050525,11.40013498,12.71107106
2021-03-31 00:00:00,302.7,-0.030885522,1,1,-0.030885522,11.01715034,12.28759748
2021-04-01 00:00:00,335.334,0.107809713,1,1,0.107809713,12.31271587,13.72012954
2021-04-02 00:00:00,338.821,0.010398588,1,1,0.010398588,12.45114931,13.8731981
2021-04-03 00:00:00,322.235,-0.048952102,1,1,-0.048952102,11.79268728,13.14512379
2021-04-04 00:00:00,349.304,0.08400391,1,1,0.08400391,12.86732304,14.3333695
2021-04-05 00:00:00,368.763,0.055707922,1,1,0.055707922,13.63984279,15.18755966
2021-04-06 00:00:00,403.484,0.094155325,1,1,0.094155325,15.01826194,16.71170459
2021-04-07 00:00:00,375.947,-0.068248059,1,1,-0.068248059,13.92504665,15.50291512
2021-04-08 00:00:00,418.755,0.113867114,1,1,0.113867114,15.62451864,17.38205445
2021-04-09 00:00:00,454.84,0.086172105,1,1,0.086172105,17.05708841,18.96607478
2021-04-10 00:00:00,472.789,0.039462228,1,1,0.039462228,17.76966136,19.75398058
2021-04-11 00:00:00,526.179,0.112925639,1,1,0.112925639,19.88923737,22.09763711
2021-04-12 00:00:00,598.229,0.136930588,1,1,0.136930588,22.74961293,25.26041014
2021-04-13 00:00:00,553.269,-0.075155166,1,1,-0.075155166,20.96470682,23.28680465
2021-04-14 00:00:00,549.788,-0.006291695,1,1,-0.006291695,20.82651157,23.13399947
2021-04-15 00:00:00,542.723,-0.012850408,1,1,-0.012850408,20.546032,22.82386774
2021-04-16 00:00:00,508.924,-0.062276705,1,1,-0.062276705,19.20421613,21.34019576
2021-04-17 00:00:00,515.342,0.01261092,1,1,0.01261092,19.45900989,21.62192619
2021-04-18 00:00:00,482.127,-0.064452344,1,1,-0.064452344,18.14037874,20.16389002
2021-04-19 00:00:00,504.668,0.046753241,1,1,0.046753241,19.03525348,21.15337047
2021-04-20 00:00:00,587.206,0.163549106,1,1,0.163549106,22.31200127,24.7765344
2021-04-21 00:00:00,544.359,-0.072967579,1,1,-0.072967579,20.61098098,22.8956831
2021-04-22 00:00:00,505.65,-0.071109323,1,1,-0.071109323,19.07423876,21.19647725
2021-04-23 00:00:00,526.227,0.040694156,1,1,0.040694156,19.89114296,22.09974416
2021-04-24 00:00:00,497.13,-0.055293628,1,1,-0.055293628,18.73599587,20.8224755
2021-04-25 00:00:00,505.538,0.016913081,1,1,0.016913081,19.06979237,21.19156079
2021-04-26 00:00:00,535.358,0.058986664,1,1,0.058986664,20.25364246,22.50056693
2021-04-27 00:00:00,569.126,0.063075549,1,1,0.063075549,21.59422764,23.9828781
2021-04-28 00:00:00,563.063,-0.010653177,1,1,-0.010653177,21.35352733,23.71673108
2021-04-29 00:00:00,600.325,0.066177319,1,1,0.066177319,22.83282385,25.35241809
2021-04-30 00:00:00,623.585,0.038745679,1,1,0.038745679,23.7562428,26.37346043
2021-05-01 00:00:00,620.81,-0.004450075,1,1,-0.004450075,23.64607567,26.25164648
2021-05-02 00:00:00,622.071,0.002031217,1,1,0.002031217,23.6961372,26.30700049
2021-05-03 00:00:00,676.967,0.088247161,1,1,0.088247161,25.87550121,28.71676577
2021-05-04 00:00:00,610.058,-0.098836428,1,1,-0.098836428,23.21922268,25.7796668
2021-05-05 00:00:00,651.969,0.068700025,1,1,0.068700025,24.88308389,27.61943059
2021-05-06 00:00:00,634.224,-0.027217552,1,1,-0.027217552,24.17860971,26.84047975
2021-05-07 00:00:00,624.628,-0.015130301,1,1,-0.015130301,23.79764977,26.41924492
2021-05-08 00:00:00,646.27,0.034647822,1,1,0.034647822,24.65683433,27.36926204
2021-05-09 00:00:00,662.398,0.024955514,1,1,0.024955514,25.29711382,28.07723156
2021-05-10 00:00:00,631.543,-0.046580757,1,1,-0.046580757,24.07217436,26.72279211
2021-05-11 00:00:00,671.2,0.062793824,1,1,0.062793824,25.64655207,28.46361224
2021-05-12 00:00:00,594.1,-0.114868892,0,0.5,-0.114868892,22.58569217,25.07915976
2021-05-13 00:00:00,571.21,-0.038528867,1,1,-0.019264434,21.67696217,24.57675952
2021-05-14 00:00:00,603.47,0.056476602,1,1,0.056476602,22.95767994,26.021248
2021-05-15 00:00:00,563.85,-0.065653636,1,1,-0.065653636,21.38477113,24.2472048
2021-05-16 00:00:00,564.41,0.000993172,1,1,0.000993172,21.40700306,24.27227962
2021-05-17 00:00:00,512.44,-0.092078454,0,0.5,-0.092078454,19.34380087,21.94524719
2021-05-18 00:00:00,508.31,-0.00805948,1,1,-0.00402974,19.17984041,21.85278381
2021-05-19 00:00:00,334.47,-0.341996026,0,0.5,-0.341996026,12.27841518,14.03722256
2021-05-20 00:00:00,391.38,0.170149789,0,0.5,0.085074895,14.53773473,15.31651269
2021-05-21 00:00:00,325.75,-0.167688691,0,0.5,-0.083844346,11.93223232,13.94846536
2021-05-22 00:00:00,299.68,-0.080030698,0,0.5,-0.040015349,10.89725674,13.3502973
2021-05-23 00:00:00,260.61,-0.130372397,0,0.5,-0.065186199,9.346182858,12.41485597
2021-05-24 00:00:00,345.33,0.325083458,0,0.5,0.162541729,12.70955576,14.59532985
2021-05-25 00:00:00,343.43,-0.005501984,0,0.5,-0.002750992,12.63412601,14.55242723
2021-05-26 00:00:00,379.18,0.104096905,0,0.5,0.052048452,14.05339632,15.36190699
2021-05-27 00:00:00,369.71,-0.024974946,0,0.5,-0.012487473,13.67743856,15.15758812
2021-05-28 00:00:00,329.11,-0.109815802,0,0.5,-0.054907901,12.06562388,14.27040888
2021-05-29 00:00:00,304.17,-0.075780134,0,0.5,-0.037890067,11.07550915,13.69181206
2021-05-30 00:00:00,325.52,0.070191012,0,0.5,0.035095506,11.92310135,14.20742863
2021-05-31 00:00:00,353.12,0.084787417,0,0.5,0.042393709,13.01881774,14.85212793
2021-06-01 00:00:00,362.13,0.025515406,0,0.5,0.012757703,13.37651356,15.05436467
2021-06-02 00:00:00,401.34,0.108276033,0,0.5,0.054138017,14.93314542,15.92351613
2021-06-03 00:00:00,428.42,0.067473962,0,0.5,0.033736981,16.00821787,16.49446448
2021-06-04 00:00:00,390.83,-0.087741002,0,0.5,-0.043870501,14.5158998,15.72697356
2021-06-05 00:00:00,389.7,-0.002891283,0,0.5,-0.001445641,14.47103895,15.70279235
2021-06-06 00:00:00,393.52,0.009802412,0,0.5,0.004901206,14.62269245,15.78465618
2021-06-07 00:00:00,358,-0.090262248,0,0.5,-0.045131124,13.2125531,15.02714578
2021-06-08 00:00:00,352.34,-0.015810056,0,0.5,-0.007905028,12.98785184,14.90045074
2021-06-09 00:00:00,375.39,0.065419765,0,0.5,0.032709882,13.90293382,15.42055262
2021-06-10 00:00:00,351.88,-0.0626282,0,0.5,-0.0313141,12.9695899,14.90635779
2021-06-11 00:00:00,345.49,-0.0181596,0,0.5,-0.0090798,12.71590774,14.76193124
2021-06-12 00:00:00,343.6,-0.005470491,0,0.5,-0.002735246,12.64087499,14.71881849
2021-06-13 00:00:00,365.83,0.064697322,0,0.5,0.032348661,13.52340307,15.22730122
2021-06-14 00:00:00,369.9,0.011125386,0,0.5,0.005562693,13.68498154,15.31756872
2021-06-15 00:00:00,366.3,-0.00973236,0,0.5,-0.00486618,13.54206201,15.23816449
2021-06-16 00:00:00,347.24,-0.052033852,0,0.5,-0.026016926,12.78538251,14.81569737
2021-06-17 00:00:00,352.45,0.015004032,0,0.5,0.007502016,12.99221883,14.93434698
2021-06-18 00:00:00,336.79,-0.044431834,1,1,-0.022215917,12.37051888,14.58035085
2021-06-19 00:00:00,333.77,-0.008967012,-1,0,-0.008967012,12.25062527,14.44064165
2021-06-20 00:00:00,338.98,0.015609551,1,1,0,12.45746159,14.44064165
2021-06-21 00:00:00,270.33,-0.202519323,-1,0,-0.202519323,9.732065584,11.31361337
2021-06-22 00:00:00,261.92,-0.031110125,0,0.5,0,9.398189686,11.31361337
2021-06-23 00:00:00,295.69,0.128932498,0,0.5,0.064466249,10.73885426,12.10742583
2021-06-24 00:00:00,308.53,0.043423856,0,0.5,0.021711928,11.24860058,12.39201332
2021-06-25 00:00:00,280.75,-0.090039866,0,0.5,-0.045019933,10.14573822,11.78910577
2021-06-26 00:00:00,279.38,-0.004879786,0,0.5,-0.002439893,10.0913494,11.75790172
2021-06-27 00:00:00,290.7,0.040518291,0,0.5,0.020259145,10.54075192,12.01636591
2021-06-28 00:00:00,289.82,-0.003027176,0,0.5,-0.001513588,10.50581603,11.99666449
2021-06-29 00:00:00,300.76,0.037747567,0,0.5,0.018873784,10.9401326,12.24196073
2021-06-30 00:00:00,303.44,0.008910759,0,0.5,0.00445538,11.04652825,12.30095869
2021-07-01 00:00:00,287.38,-0.052926443,0,0.5,-0.026463222,10.40894835,11.94897247
2021-07-02 00:00:00,286.83,-0.001913842,0,0.5,-0.000956921,10.38711342,11.93658133
2021-07-03 00:00:00,298.07,0.039186975,0,0.5,0.019593487,10.83333995,12.19005407
2021-07-04 00:00:00,307.58,0.031905257,0,0.5,0.015952629,11.2108857,12.4004701
2021-07-05 00:00:00,301.98,-0.018206645,0,0.5,-0.009103323,10.98856644,12.2784813
2021-07-06 00:00:00,319.5,0.058017087,0,0.5,0.029008544,11.68410814,12.6636707
2021-07-07 00:00:00,327.41,0.024757433,0,0.5,0.012378717,11.99813411,12.83280941
2021-07-08 00:00:00,309.78,-0.053846859,0,0.5,-0.026923429,11.29822542,12.46038275
2021-07-09 00:00:00,316.86,0.022854929,0,0.5,0.011427465,11.57930049,12.61420079
2021-07-10 00:00:00,316.11,-0.002366976,0,0.5,-0.001183488,11.54952559,12.59808855
2021-07-11 00:00:00,321.8,0.018000063,0,0.5,0.009000032,11.77541784,12.72047178
2021-07-12 00:00:00,315.56,-0.019390926,0,0.5,-0.009695463,11.52769066,12.58744545
2021-07-13 00:00:00,308.82,-0.021358854,0,0.5,-0.010679427,11.26011354,12.44233932
2021-07-14 00:00:00,309.23,0.001327634,0,0.5,0.000663817,11.27639049,12.45126257
2021-07-15 00:00:00,315.78,0.021181645,0,0.5,0.010590822,11.53642463,12.59372251
2021-07-16 00:00:00,302.71,-0.041389575,0,0.5,-0.020694788,11.01754734,12.31240331
2021-07-17 00:00:00,300.08,-0.008688183,0,0.5,-0.004344092,10.91313669,12.25457301
2021-07-18 00:00:00,301.77,0.005631832,0,0.5,0.002815916,10.98022947,12.29189677
2021-07-19 00:00:00,280.27,-0.071246313,0,0.5,-0.035623157,10.12668228,11.81839745
2021-07-20 00:00:00,264.19,-0.057373247,0,0.5,-0.028686624,9.488308389,11.4506809
2021-07-21 00:00:00,293.07,0.109315266,1,1,0.054657633,10.63484061,12.13120565
2021-07-22 00:00:00,293,-0.000238851,1,1,-0.000238851,10.63206161,12.12806925
2021-07-23 00:00:00,299.27,0.021399317,1,1,0.021399317,10.88097979,12.40900097
2021-07-24 00:00:00,301.47,0.007351221,0,0.5,0.007351221,10.9683195,12.5075735
2021-07-25 00:00:00,302.17,0.002321956,1,1,0.001160978,10.99610941,12.5232555
2021-07-26 00:00:00,303.8,0.005394314,1,1,0.005394314,11.0608202,12.59620419
2021-07-27 00:00:00,313.24,0.031073074,1,1,0.031073074,11.43558696,13.01868005
2021-07-28 00:00:00,313.67,0.001372749,1,1,0.001372749,11.45265791,13.03792419
2021-07-29 00:00:00,317.15,0.011094462,1,1,0.011094462,11.59081345,13.19366741
2021-07-30 00:00:00,322.78,0.017751852,0,0.5,0.017751852,11.81432371,13.4456313
2021-07-31 00:00:00,332.5,0.03011339,0,0.5,0.015056695,12.20020644,13.66313476
2021-08-01 00:00:00,332.57,0.000210526,1,1,0.000105263,12.20298543,13.66467825
2021-08-02 00:00:00,330.53,-0.006134047,0,0.5,-0.006134047,12.1219977,13.57472443
2021-08-03 00:00:00,323.46,-0.021389889,0,0.5,-0.010694944,11.84131962,13.41884856
2021-08-04 00:00:00,334.88,0.035305757,0,0.5,0.017652878,12.29469213,13.67338273
2021-08-05 00:00:00,338.11,0.009645246,0,0.5,0.004822623,12.4229227,13.74414693
2021-08-06 00:00:00,342.28,0.012333264,0,0.5,0.006166632,12.58847116,13.83506866
2021-08-07 00:00:00,356.25,0.040814538,0,0.5,0.020407269,13.14307833,14.13781189
2021-08-08 00:00:00,341.99,-0.04002807,0,0.5,-0.020014035,12.5769582,13.8348432
2021-08-09 00:00:00,354.46,0.036463054,0,0.5,0.018231527,13.07201556,14.10530504
2021-08-10 00:00:00,372.03,0.049568358,0,0.5,0.024784179,13.76954226,14.47967762
2021-08-11 00:00:00,391.24,0.051635621,0,0.5,0.02581781,14.53217674,14.87932901
2021-08-12 00:00:00,385.8,-0.013904509,0,0.5,-0.006952254,14.31620946,14.76893187
2021-08-13 00:00:00,411.21,0.065863142,0,0.5,0.032931571,15.32498313,15.28822757
2021-08-14 00:00:00,408.9,-0.005617568,0,0.5,-0.002808784,15.23327643,15.24247746
2021-08-15 00:00:00,414.4,0.013450721,0,0.5,0.006725361,15.45162571,15.35171398
2021-08-16 00:00:00,415.83,0.003450772,0,0.5,0.001725386,15.50839652,15.379927
2021-08-17 00:00:00,402.07,-0.033090446,0,0.5,-0.016545223,14.96212632,15.10891746
2021-08-18 00:00:00,396.21,-0.014574577,0,0.5,-0.007287288,14.72948509,14.99152713
2021-08-19 00:00:00,431.51,0.089094167,0,0.5,0.044547084,16.13089047,15.70390303
2021-08-20 00:00:00,455.29,0.055108804,0,0.5,0.027554402,17.07495335,16.16416908
2021-08-21 00:00:00,449.25,-0.01326627,0,0.5,-0.006633135,16.83516614,16.05031684
2021-08-22 00:00:00,449.22,-6.6778E-05,0,0.5,-3.3389E-05,16.83397515,16.04974754
2021-08-23 00:00:00,499.18,0.111214995,0,0.5,0.055607497,18.8173806,16.99784134
2021-08-24 00:00:00,472.23,-0.053988541,0,0.5,-0.026994271,17.74746913,16.51200274
2021-08-25 00:00:00,503.49,0.066196557,0,0.5,0.033098278,18.98848704,17.09161988
2021-08-26 00:00:00,478.14,-0.050348567,0,0.5,-0.025174284,17.98209536,16.63617631
2021-08-27 00:00:00,494.95,0.035157067,0,0.5,0.017578533,18.64945016,16.94619443
2021-08-28 00:00:00,486.61,-0.016850187,0,0.5,-0.008425093,18.31835325,16.79499606
2021-08-29 00:00:00,480.06,-0.013460471,0,0.5,-0.006730236,18.05831911,16.67523154
2021-08-30 00:00:00,460.29,-0.041182352,0,0.5,-0.020591176,17.2734527,16.31127774
2021-08-31 00:00:00,464.44,0.009016055,0,0.5,0.004508028,17.43820715,16.38931745
2021-09-01 00:00:00,489.5,0.053957454,0,0.5,0.026978727,18.43308587,16.8584591
2021-09-02 00:00:00,484.08,-0.011072523,0,0.5,-0.005536261,18.21791258,16.75959
2021-09-03 00:00:00,488.78,0.009709139,0,0.5,0.004854569,18.40450197,16.84580517
2021-09-04 00:00:00,498.42,0.019722575,0,0.5,0.009861287,18.7872087,17.02178778
2021-09-05 00:00:00,505.71,0.014626219,0,0.5,0.007313109,19.07662075,17.15358309
2021-09-06 00:00:00,496.29,-0.018627277,0,0.5,-0.009313638,18.70264798,16.98450718
2021-09-07 00:00:00,418.7,-0.156340043,0,0.5,-0.078170022,15.62233515,15.57865787
2021-09-08 00:00:00,414.84,-0.009219011,0,0.5,-0.004609506,15.46909365,15.50223845
2021-09-09 00:00:00,421.41,0.015837431,0,0.5,0.007918716,15.72992179,15.63291498
2021-09-10 00:00:00,401.38,-0.047530908,0,0.5,-0.023765454,14.93473342,15.23762621
2021-09-11 00:00:00,404.81,0.008545518,0,0.5,0.004272759,15.07090397,15.30700567
2021-09-12 00:00:00,416.43,0.028704824,0,0.5,0.014352412,15.53221644,15.54105054
2021-09-13 00:00:00,399.1,-0.041615638,-1,0,-0.020807819,14.84421771,15.19686735
2021-09-14 00:00:00,414.28,0.03803558,-1,0,0,15.44686173,15.19686735
2021-09-15 00:00:00,431.28,0.041035049,0,0.5,0,16.1217595,15.19686735
2021-09-16 00:00:00,424.49,-0.015743832,1,1,-0.007871916,15.85219739,15.06936697
2021-09-17 00:00:00,407.14,-0.040872577,1,1,-0.040872577,15.16340466,14.41257054
2021-09-18 00:00:00,410.75,0.008866729,0,0.5,0.008866729,15.30672119,14.54922963
2021-09-19 00:00:00,408.74,-0.004893488,0,0.5,-0.002446744,15.22692445,14.51118465
2021-09-20 00:00:00,364.15,-0.109091354,0,0.5,-0.054545677,13.45670729,13.66511658
2021-09-21 00:00:00,344.26,-0.054620349,-1,0,-0.027310174,12.6670769,13.26460969
2021-09-22 00:00:00,378.82,0.100389241,0,0.5,0,14.03910437,13.26460969
2021-09-23 00:00:00,383.36,0.011984584,0,0.5,0.005992292,14.21934178,13.35008739
2021-09-24 00:00:00,354.98,-0.074029633,-1,0,-0.037014816,13.09265949,12.81892154
2021-09-25 00:00:00,349.39,-0.015747366,0,0.5,0,12.87073723,12.81892154
2021-09-26 00:00:00,343.93,-0.015627236,0,0.5,-0.007813618,12.65397594,12.71094577
2021-09-27 00:00:00,335.03,-0.025877359,0,0.5,-0.012938679,12.30064711,12.53354424
2021-09-28 00:00:00,332.87,-0.006447184,-1,0,-0.003223592,12.21489539,12.48991761
2021-09-29 00:00:00,366.68,0.101571184,0,0.5,0,13.55714796,12.48991761
2021-09-30 00:00:00,386.87,0.055061634,-1,0,0.027530817,14.35868832,12.86130607
2021-10-01 00:00:00,421.19,0.08871197,-1,0,0,15.72118782,12.86130607
2021-10-02 00:00:00,426.63,0.012915786,0,0.5,0,15.93715511,12.86130607
2021-10-03 00:00:00,430.1,0.008133511,0,0.5,0.004066756,16.07491365,12.91767661
2021-10-04 00:00:00,426.22,-0.009021158,0,0.5,-0.004510579,15.92087816,12.85489983
2021-10-05 00:00:00,441.86,0.036694665,0,0.5,0.018347332,16.54178411,13.10910029
2021-10-06 00:00:00,434.59,-0.016453175,0,0.5,-0.008226588,16.25316606,12.99303054
2021-10-07 00:00:00,438.26,0.008444741,1,1,0.004222371,16.39886458,13.0521143
2021-10-08 00:00:00,419.38,-0.043079451,1,1,-0.043079451,15.64933106,12.44675693
2021-10-09 00:00:00,422.31,0.006986504,1,1,0.006986504,15.76565167,12.54070275
2021-10-10 00:00:00,404.1,-0.043119983,1,1,-0.043119983,15.04271706,11.95682788
2021-10-11 00:00:00,413.36,0.02291512,1,1,0.02291512,15.41033785,12.25373515
2021-10-12 00:00:00,444.72,0.075866073,1,1,0.075866073,16.65532574,13.25924399
2021-10-13 00:00:00,470.18,0.057249505,1,1,0.057249505,17.6660844,14.07557865
2021-10-14 00:00:00,472.05,0.0039772,1,1,0.0039772,17.74032316,14.13553725
2021-10-15 00:00:00,474.19,0.004533418,1,1,0.004533418,17.82528088,14.20415296
2021-10-16 00:00:00,465.01,-0.019359329,1,1,-0.019359329,17.46083608,13.90981077
2021-10-17 00:00:00,470.82,0.012494355,1,1,0.012494355,17.69149232,14.09609924
2021-10-18 00:00:00,484.64,0.029353044,1,1,0.029353044,18.24014451,14.5392157
2021-10-19 00:00:00,487.01,0.004890228,1,1,0.004890228,18.3342332,14.615206
2021-10-20 00:00:00,500.76,0.028233506,1,1,0.028233506,18.8801064,15.05607802
2021-10-21 00:00:00,471.35,-0.058730729,1,1,-0.058730729,17.71253325,14.11309285
2021-10-22 00:00:00,479.79,0.017906015,1,1,0.017906015,18.04760014,14.38370811
2021-10-23 00:00:00,486.17,0.013297484,1,1,0.013297484,18.30088531,14.58827273
2021-10-24 00:00:00,476.29,-0.02032211,1,1,-0.02032211,17.9086506,14.27148615
2021-10-25 00:00:00,485.4,0.019127002,1,1,0.019127002,18.27031641,14.5635839
2021-10-26 00:00:00,478.48,-0.014256283,1,1,-0.014256283,17.99559331,14.34170503
2021-10-27 00:00:00,448.65,-0.062343254,1,1,-0.062343254,16.81134622,13.38525323
2021-10-28 00:00:00,492.08,0.096801516,1,1,0.096801516,18.53551153,14.77776754
2021-10-29 00:00:00,530.72,0.078523817,1,1,0.078523817,20.06951447,16.01669808
2021-10-30 00:00:00,528.95,-0.003335092,1,1,-0.003335092,19.9992457,15.95994582
2021-10-31 00:00:00,524.42,-0.008564136,1,1,-0.008564136,19.8194053,15.81469853
2021-11-01 00:00:00,551.12,0.05091339,1,1,0.05091339,20.8793918,16.67079184
2021-11-02 00:00:00,554.59,0.006296269,1,1,0.006296269,21.01715034,16.7820519
2021-11-03 00:00:00,568.48,0.025045529,1,1,0.025045529,21.56858152,17.2274128
2021-11-04 00:00:00,558.86,-0.016922319,1,1,-0.016922319,21.18666878,16.91896271
2021-11-05 00:00:00,606.43,0.085119708,1,1,0.085119708,23.07519155,18.44421958
2021-11-06 00:00:00,637.56,0.051333212,1,1,0.051333212,24.31104847,19.44235383
2021-11-07 00:00:00,649.57,0.018837443,1,1,0.018837443,24.7878439,19.8274355
2021-11-08 00:00:00,653.56,0.006142525,1,1,0.006142525,24.94624638,19.95536855
2021-11-09 00:00:00,635.2,-0.028092295,1,1,-0.028092295,24.21735678,19.36668416
2021-11-10 00:00:00,613.61,-0.033989295,1,1,-0.033989295,23.36023661,18.67443493
2021-11-11 00:00:00,628.21,0.023793615,1,1,0.023793615,23.9398547,19.14256086
2021-11-12 00:00:00,626.27,-0.003088139,1,1,-0.003088139,23.86283695,19.08035782
2021-11-13 00:00:00,648.49,0.035479905,1,1,0.035479905,24.74496804,19.79280701
2021-11-14 00:00:00,650.2,0.002636895,1,1,0.002636895,24.81285482,19.84763546
2021-11-15 00:00:00,633.44,-0.025776684,1,1,-0.025776684,24.14748501,19.31025254
2021-11-16 00:00:00,588.76,-0.070535489,1,1,-0.070535489,22.37369487,17.87765895
2021-11-17 00:00:00,578.41,-0.017579319,1,1,-0.017579319,21.96280122,17.54580256
2021-11-18 00:00:00,532.13,-0.080012448,1,1,-0.080012448,20.12549129,16.0619075
2021-11-19 00:00:00,580.98,0.091800876,1,1,0.091800876,22.06482989,17.62820555
2021-11-20 00:00:00,604.66,0.040758718,1,1,0.040758718,23.00492278,18.38746733
2021-11-21 00:00:00,584.2,-0.033837198,1,1,-0.033837198,22.19266346,17.73144976
2021-11-22 00:00:00,559.79,-0.041783636,1,1,-0.041783636,21.22358966,16.94878169
2021-11-23 00:00:00,591.6,0.056824881,1,1,0.056824881,22.48644249,17.96871906
2021-11-24 00:00:00,590.56,-0.001757945,1,1,-0.001757945,22.44515463,17.93537311
2021-11-25 00:00:00,639.3,0.082531834,1,1,0.082531834,24.38012625,19.49814418
2021-11-26 00:00:00,587.71,-0.080697638,1,1,-0.080697638,22.33201,17.84399236
2021-11-27 00:00:00,600.19,0.021234963,1,1,0.021234963,22.82746437,18.24414384
2021-11-28 00:00:00,611.52,0.018877356,1,1,0.018877356,23.27726389,18.60742238
2021-11-29 00:00:00,624.25,0.020816981,1,1,0.020816981,23.78264322,19.01558972
2021-11-30 00:00:00,622.59,-0.002659191,1,1,-0.002659191,23.71674143,18.96236444
2021-12-01 00:00:00,627.45,0.0078061,1,1,0.0078061,23.9096828,19.11819266
2021-12-02 00:00:00,620.37,-0.011283768,1,1,-0.011283768,23.62860773,18.89118365
2021-12-03 00:00:00,595.17,-0.04062092,1,1,-0.04062092,22.62817103,18.08318547
2021-12-04 00:00:00,568.07,-0.045533209,1,1,-0.045533209,21.55230458,17.2142668
2021-12-05 00:00:00,557.65,-0.01834281,0,0.5,-0.01834281,21.13863194,16.88016597
2021-12-06 00:00:00,586.8,0.052272931,0,0.5,0.026136466,22.29588312,17.34749031
2021-12-07 00:00:00,578.34,-0.014417178,0,0.5,-0.007208589,21.96002223,17.21523079
2021-12-08 00:00:00,607.05,0.049642079,0,0.5,0.02482104,23.09980547,17.66735176
2021-12-09 00:00:00,569.26,-0.062251874,0,0.5,-0.031125937,21.59954742,17.08631294
2021-12-10 00:00:00,551.94,-0.030425465,0,0.5,-0.015212732,20.91194569,16.81117071
2021-12-11 00:00:00,564.12,0.022067616,0,0.5,0.011033808,21.39549009,17.00769574
2021-12-12 00:00:00,569.58,0.009678792,0,0.5,0.004839396,21.61225138,17.09484211
2021-12-13 00:00:00,520.75,-0.085729836,0,0.5,-0.042864918,19.67370678,16.31920819
2021-12-14 00:00:00,527.86,0.013653385,0,0.5,0.006826692,19.95597285,16.43744109
2021-12-15 00:00:00,541.18,0.025233964,0,0.5,0.012616982,20.4847751,16.65744897
2021-12-16 00:00:00,526,-0.028049817,0,0.5,-0.014024909,19.88213109,16.40980486
2021-12-17 00:00:00,525.5,-0.00095057,0,0.5,-0.000475285,19.86228115,16.40153024
2021-12-18 00:00:00,533.68,0.015566127,1,1,0.007783064,20.18702608,16.53696746
2021-12-19 00:00:00,529.71,-0.007438915,0,0.5,-0.007438915,20.0294176,16.40651146
2021-12-20 00:00:00,523.96,-0.010854996,0,0.5,-0.005427498,19.80114336,16.31203765
2021-12-21 00:00:00,528.46,0.008588442,0,0.5,0.004294221,19.97979277,16.38637936
2021-12-22 00:00:00,533.74,0.009991295,0,0.5,0.004995648,20.18940807,16.47323559
2021-12-23 00:00:00,548.92,0.028440814,0,0.5,0.014220407,20.79205209,16.72171211
2021-12-24 00:00:00,542.2,-0.012242221,0,0.5,-0.006121111,20.52526897,16.61323555
2021-12-25 00:00:00,547.5,0.009774991,0,0.5,0.004887495,20.73567827,16.69932016
2021-12-26 00:00:00,546.43,-0.001954338,0,0.5,-0.000977169,20.69319941,16.68202493
2021-12-27 00:00:00,563.79,0.031769852,0,0.5,0.015884926,21.38238914,16.96290259
2021-12-28 00:00:00,534.13,-0.052608241,0,0.5,-0.02630412,20.20489102,16.49040424
2021-12-29 00:00:00,514.49,-0.036770075,0,0.5,-0.018385037,19.4251856,16.1688425
2021-12-30 00:00:00,518.41,0.007619196,0,0.5,0.003809598,19.58080908,16.23424889
2021-12-31 00:00:00,511.56,-0.01321348,0,0.5,-0.00660674,19.30886498,16.12038669
2022-01-01 00:00:00,527.34,0.030846821,0,0.5,0.015423411,19.93532891,16.38444144
2022-01-02 00:00:00,530.91,0.006769826,0,0.5,0.003384913,20.07705745,16.44328626
2022-01-03 00:00:00,512.24,-0.035166036,0,0.5,-0.017583018,19.33586089,16.13658065
2022-01-04 00:00:00,506.88,-0.010463845,0,0.5,-0.005231923,19.12306959,16.04692339
2022-01-05 00:00:00,473.95,-0.064966067,0,0.5,-0.032483033,17.81575291,15.49318761
2022-01-06 00:00:00,472.46,-0.003143792,0,0.5,-0.001571896,17.7566001,15.46726203
2022-01-07 00:00:00,448.1,-0.05155992,0,0.5,-0.02577996,16.78951129,15.04273667
2022-01-08 00:00:00,429.59,-0.041307744,0,0.5,-0.020653872,16.05466672,14.71139205
2022-01-09 00:00:00,438.33,0.02034498,0,0.5,0.01017249,16.40164357,14.87121602
2022-01-10 00:00:00,424.54,-0.031460315,0,0.5,-0.015730158,15.85418238,14.62155929
2022-01-11 00:00:00,462.87,0.090285957,0,0.5,0.045142978,17.37587836,15.32676301
2022-01-12 00:00:00,487.5,0.053211485,0,0.5,0.026605742,18.35368613,15.76114866
2022-01-13 00:00:00,474.36,-0.026953846,0,0.5,-0.013476923,17.83202985,15.53525995
2022-01-14 00:00:00,489.51,0.031937769,0,0.5,0.015968884,18.43348287,15.7993096
2022-01-15 00:00:00,493.75,0.008661723,0,0.5,0.004330861,18.60181031,15.87206508
2022-01-16 00:00:00,497.95,0.008506329,0,0.5,0.004253165,18.76854976,15.94382475
2022-01-17 00:00:00,474.69,-0.046711517,0,0.5,-0.023355759,17.84513081,15.54808887
2022-01-18 00:00:00,470.53,-0.008763614,0,0.5,-0.004381807,17.67997936,15.47557834
2022-01-19 00:00:00,461.54,-0.019106114,0,0.5,-0.009553057,17.32307753,15.3181862
2022-01-20 00:00:00,440.05,-0.046561511,0,0.5,-0.023280756,16.46992735,14.93828649
2022-01-21 00:00:00,383.57,-0.128349051,0,0.5,-0.064174526,14.22767875,13.91545452
2022-01-22 00:00:00,358.34,-0.065776781,0,0.5,-0.032888391,13.22605105,13.42490922
2022-01-23 00:00:00,383.87,0.071245186,0,0.5,0.035622593,14.23958871,13.93876189
2022-01-24 00:00:00,370.93,-0.033709329,0,0.5,-0.016854664,13.7258724,13.68697407
2022-01-25 00:00:00,384.8,0.0373925,0,0.5,0.01869625,14.27650959,13.96156541
2022-01-26 00:00:00,374.75,-0.026117464,0,0.5,-0.013058732,13.8775259,13.76618634
2022-01-27 00:00:00,389.36,0.038985991,0,0.5,0.019492995,14.45754099,14.05402354
2022-01-28 00:00:00,385.84,-0.009040477,-1,0,-0.004520238,14.31779745,13.98597577
2022-01-29 00:00:00,389.04,0.008293593,-1,0,0,14.44483703,13.98597577
2022-01-30 00:00:00,376.84,-0.031359243,-1,0,0,13.96049863,13.98597577
2022-01-31 00:00:00,374.38,-0.006527969,-1,0,0,13.86283695,13.98597577
2022-02-01 00:00:00,383.93,0.025508841,-1,0,0,14.2419707,13.98597577
2022-02-02 00:00:00,366.94,-0.044252859,-1,0,0,13.56746993,13.98597577
2022-02-03 00:00:00,372.08,0.01400774,-1,0,0,13.77152725,13.98597577
2022-02-04 00:00:00,399.33,0.073236938,-1,0,0,14.85334868,13.98597577
2022-02-05 00:00:00,413.37,0.035158891,-1,0,0,15.41073484,13.98597577
2022-02-06 00:00:00,419.64,0.015168009,-1,0,0,15.65965302,13.98597577
2022-02-07 00:00:00,433.15,0.032194262,1,1,0,16.19599825,13.98597577
2022-02-08 00:00:00,407.94,-0.058201547,-1,0,-0.058201547,15.19516456,13.1137688
2022-02-09 00:00:00,422.57,0.035863117,-1,0,0,15.77597364,13.1137688
2022-02-10 00:00:00,414.36,-0.019428734,-1,0,0,15.45003771,13.1137688
2022-02-11 00:00:00,399.81,-0.035114393,-1,0,0,14.87240462,13.1137688
2022-02-12 00:00:00,403.46,0.009129336,-1,0,0,15.01730914,13.1137688
2022-02-13 00:00:00,397.82,-0.013979081,-1,0,0,14.79340188,13.1137688
2022-02-14 00:00:00,403.29,0.013749937,-1,0,0,15.01056017,13.1137688
2022-02-15 00:00:00,432.08,0.071387835,-1,0,0,16.15351939,13.1137688
2022-02-16 00:00:00,426.98,-0.01180337,-1,0,0,15.95105006,13.1137688
2022-02-17 00:00:00,401.98,-0.058550752,-1,0,0,14.95855334,13.1137688
2022-02-18 00:00:00,398.89,-0.00768695,-1,0,0,14.83588074,13.1137688
2022-02-19 00:00:00,399.43,0.001353757,-1,0,0,14.85731867,13.1137688
2022-02-20 00:00:00,380.31,-0.047868212,-1,0,0,14.09825718,13.1137688
2022-02-21 00:00:00,356.35,-0.063001236,-1,0,0,13.14704831,13.1137688
2022-02-22 00:00:00,373.94,0.049361583,-1,0,0,13.84536901,13.1137688
2022-02-23 00:00:00,365.41,-0.022811146,-1,0,0,13.50672913,13.1137688
2022-02-24 00:00:00,360.8,-0.012615966,-1,0,0,13.32371273,13.1137688
2022-02-25 00:00:00,374.67,0.03844235,-1,0,0,13.87434991,13.1137688
2022-02-26 00:00:00,373.44,-0.003282889,-1,0,0,13.82551908,13.1137688
2022-02-27 00:00:00,359.98,-0.036043273,-1,0,0,13.29115884,13.1137688
2022-02-28 00:00:00,395.5,0.098672148,0,0.5,0,14.70129819,13.1137688
2022-03-01 00:00:00,408.56,0.033021492,0,0.5,0.016510746,15.21977847,13.34679765
2022-03-02 00:00:00,408.95,0.000954572,0,0.5,0.000477286,15.23526142,13.35364518
2022-03-03 00:00:00,402.25,-0.016383421,0,0.5,-0.00819171,14.9692723,13.23606427
2022-03-04 00:00:00,374.05,-0.070105656,0,0.5,-0.035052828,13.849736,12.73704996
2022-03-05 00:00:00,384.38,0.027616629,0,0.5,0.013808314,14.25983564,12.92673547
2022-03-06 00:00:00,374.64,-0.025339508,-1,0,-0.012669754,13.87315892,12.75028716
2022-03-07 00:00:00,380.13,0.014654068,-1,0,0,14.0911112,12.75028716
2022-03-08 00:00:00,380.99,0.002262384,-1,0,0,14.12525309,12.75028716
2022-03-09 00:00:00,392.96,0.031418147,-1,0,0,14.60046052,12.75028716
2022-03-10 00:00:00,371.77,-0.053924064,-1,0,0,13.75922029,12.75028716
2022-03-11 00:00:00,371.8,8.06951E-05,-1,0,0,13.76041129,12.75028716
2022-03-12 00:00:00,372.13,0.000887574,-1,0,0,13.77351225,12.75028716
2022-03-13 00:00:00,361.06,-0.029747669,-1,0,0,13.3340347,12.75028716
2022-03-14 00:00:00,373.27,0.033817094,-1,0,0,13.8187701,12.75028716
2022-03-15 00:00:00,371.51,-0.004715086,-1,0,0,13.74889833,12.75028716
2022-03-16 00:00:00,385.25,0.0369842,-1,0,0,14.29437453,12.75028716
2022-03-17 00:00:00,391.74,0.016846204,-1,0,0,14.55202668,12.75028716
2022-03-18 00:00:00,396.9,0.013172002,-1,0,0,14.756878,12.75028716
2022-03-19 00:00:00,399.71,0.007079869,-1,0,0,14.86843463,12.75028716
2022-03-20 00:00:00,390.74,-0.02244127,-1,0,0,14.51232681,12.75028716
2022-03-21 00:00:00,395.81,0.01297538,-1,0,0,14.71360515,12.75028716
2022-03-22 00:00:00,404.05,0.020818069,0,0.5,0,15.04073207,12.75028716
2022-03-23 00:00:00,408.36,0.010666997,0,0.5,0.005333498,15.2118385,12.82362429
2022-03-24 00:00:00,414.08,0.014007249,0,0.5,0.007003624,15.43892175,12.92043976
2022-03-25 00:00:00,410.15,-0.00949092,0,0.5,-0.00474546,15.28290127,12.85438087
2022-03-26 00:00:00,415.64,0.013385347,0,0.5,0.006692673,15.50085355,12.94710372
2022-03-27 00:00:00,430.49,0.035728034,0,0.5,0.017864017,16.0903966,13.19625502
2022-03-28 00:00:00,430.43,-0.000139376,0,0.5,-6.9688E-05,16.08801461,13.19526571
2022-03-29 00:00:00,434.28,0.008944544,0,0.5,0.004472272,16.24085911,13.25875079
2022-03-30 00:00:00,442.17,0.018168002,0,0.5,0.009084001,16.55409107,13.3882773
2022-03-31 00:00:00,428.75,-0.030350318,0,0.5,-0.015175159,16.02131883,13.16993291
2022-04-01 00:00:00,447.66,0.044104956,0,0.5,0.022052478,16.77204335,13.48241504
2022-04-02 00:00:00,437.3,-0.023142564,0,0.5,-0.011571282,16.36075271,13.31483494
2022-04-03 00:00:00,450.52,0.030230963,0,0.5,0.015115481,16.88558498,13.53121056
2022-04-04 00:00:00,447.51,-0.006681168,0,0.5,-0.003340584,16.76608837,13.48266783
2022-04-05 00:00:00,444.58,-0.00654734,0,0.5,-0.00327367,16.64976776,13.43525635
2022-04-06 00:00:00,419.93,-0.055445589,0,0.5,-0.027722795,15.67116599,13.03507071
2022-04-07 00:00:00,435.78,0.037744386,0,0.5,0.018872193,16.30040891,13.29994327
2022-04-08 00:00:00,421.27,-0.033296618,0,0.5,-0.016648309,15.72436381,13.0618734
2022-04-09 00:00:00,426.48,0.012367365,0,0.5,0.006183683,15.93120013,13.14882756
2022-04-10 00:00:00,417.75,-0.020469893,0,0.5,-0.010234947,15.58462027,13.00401507
2022-04-11 00:00:00,394.25,-0.05625374,0,0.5,-0.02812687,14.65167335,12.61012596
2022-04-12 00:00:00,413.47,0.048750793,0,0.5,0.024375396,15.41470483,12.94187817
2022-04-13 00:00:00,423.02,0.023097202,0,0.5,0.011548601,15.79383858,13.10288736
2022-04-14 00:00:00,414.58,-0.019951775,0,0.5,-0.009975888,15.45877169,12.96219854
2022-04-15 00:00:00,416.94,0.005692508,0,0.5,0.002846254,15.55246338,13.0019385
2022-04-16 00:00:00,417.14,0.000479685,0,0.5,0.000239843,15.56040335,13.00529676
2022-04-17 00:00:00,406.37,-0.02581867,0,0.5,-0.012909335,15.13283576,12.82449769
2022-04-18 00:00:00,416.67,0.025346359,0,0.5,0.01267318,15.54174441,12.99969804
2022-04-19 00:00:00,422.16,0.013175895,0,0.5,0.006587947,15.75969669,13.09192731
2022-04-20 00:00:00,418.03,-0.009783021,0,0.5,-0.00489151,15.59573623,13.0229965
2022-04-21 00:00:00,404.67,-0.031959429,0,0.5,-0.015979714,15.06534598,12.79891302
2022-04-22 00:00:00,406.45,0.004398646,-1,0,0.002199323,15.13601175,12.82926129
2022-04-23 00:00:00,400.84,-0.013802436,-1,0,0,14.91329549,12.82926129
2022-04-24 00:00:00,398.63,-0.005513422,-1,0,0,14.82555878,12.82926129
2022-04-25 00:00:00,404.11,0.013747084,-1,0,0,15.04311406,12.82926129
2022-04-26 00:00:00,385.67,-0.04563114,-1,0,0,14.31104847,12.82926129
2022-04-27 00:00:00,391.21,0.014364612,-1,0,0,14.53098575,12.82926129
2022-04-28 00:00:00,406.8,0.03985072,-1,0,0,15.14990671,12.82926129
2022-04-29 00:00:00,392.69,-0.034685349,-1,0,0,14.58974155,12.82926129
2022-04-30 00:00:00,376.52,-0.041177519,-1,0,0,13.94779467,12.82926129
2022-05-01 00:00:00,389.6,0.03473919,-1,0,0,14.46706896,12.82926129
2022-05-02 00:00:00,389.32,-0.000718686,-1,0,0,14.455953,12.82926129
2022-05-03 00:00:00,383.52,-0.01489777,-1,0,0,14.22569376,12.82926129
2022-05-04 00:00:00,402.29,0.048941385,-1,0,0,14.9708603,12.82926129
2022-05-05 00:00:00,378.06,-0.060230182,-1,0,0,14.00893247,12.82926129
2022-05-06 00:00:00,378.89,0.002195419,-1,0,0,14.04188336,12.82926129
2022-05-07 00:00:00,365.3,-0.03586793,-1,0,0,13.50236214,12.82926129
2022-05-08 00:00:00,355.73,-0.026197646,-1,0,0,13.1224344,12.82926129
2022-05-09 00:00:00,295.5,-0.169313805,-1,0,0,10.73131129,12.82926129
2022-05-10 00:00:00,318.9,0.079187817,-1,0,0,11.66028822,12.82926129
2022-05-11 00:00:00,271.26,-0.149388523,-1,0,0,9.768986462,12.82926129
2022-05-12 00:00:00,268.54,-0.01002728,-1,0,0,9.661002819,12.82926129
2022-05-13 00:00:00,290.45,0.081589335,-1,0,0,10.53082695,12.82926129
2022-05-14 00:00:00,296.66,0.021380616,-1,0,0,10.77736313,12.82926129
2022-05-15 00:00:00,312.05,0.05187757,-1,0,0,11.38834412,12.82926129
2022-05-16 00:00:00,297,-0.04822945,-1,0,0,10.79086109,12.82926129
2022-05-17 00:00:00,305.91,0.03,-1,0,0,11.14458692,12.82926129
2022-05-18 00:00:00,287.36,-0.06063875,-1,0,0,10.40815435,12.82926129
2022-05-19 00:00:00,306.7,0.067302339,-1,0,0,11.17594982,12.82926129
2022-05-20 00:00:00,301.95,-0.015487447,-1,0,0,10.98737544,12.82926129
2022-05-21 00:00:00,312.13,0.033714191,-1,0,0,11.39152011,12.82926129
2022-05-22 00:00:00,319.1,0.022330439,-1,0,0,11.66822819,12.82926129
2022-05-23 00:00:00,316.92,-0.006831714,-1,0,0,11.58168248,12.82926129
2022-05-24 00:00:00,328.14,0.035403256,-1,0,0,12.02711501,12.82926129
2022-05-25 00:00:00,325.37,-0.008441519,-1,0,0,11.91714637,12.82926129
2022-05-26 00:00:00,302.65,-0.069828196,-1,0,0,11.01516535,12.82926129
2022-05-27 00:00:00,301.36,-0.004262349,-1,0,0,10.96395252,12.82926129
2022-05-28 00:00:00,307.26,0.019577913,-1,0,0,11.19818175,12.82926129
2022-05-29 00:00:00,305.67,-0.005174771,-1,0,0,11.13505895,12.82926129
2022-05-30 00:00:00,321.57,0.052016881,-1,0,0,11.76628687,12.82926129
2022-05-31 00:00:00,320.86,-0.002207917,-1,0,0,11.73809996,12.82926129
2022-06-01 00:00:00,300.25,-0.064233622,-1,0,0,10.91988566,12.82926129
2022-06-02 00:00:00,308.18,0.026411324,-1,0,0,11.23470563,12.82926129
2022-06-03 00:00:00,298.36,-0.031864495,-1,0,0,10.84485291,12.82926129
2022-06-04 00:00:00,301.21,0.009552219,-1,0,0,10.95799754,12.82926129
2022-06-05 00:00:00,298.95,-0.007503071,-1,0,0,10.86827583,12.82926129
2022-06-06 00:00:00,294.77,-0.013982271,-1,0,0,10.70233038,12.82926129
2022-06-07 00:00:00,290.15,-0.015673237,-1,0,0,10.51891699,12.82926129
2022-06-08 00:00:00,288.26,-0.006513872,-1,0,0,10.44388424,12.82926129
2022-06-09 00:00:00,289.64,0.004787345,-1,0,0,10.49867005,12.82926129
2022-06-10 00:00:00,286.07,-0.012325646,0,0.5,0,10.35694152,12.82926129
2022-06-11 00:00:00,269.67,-0.057328626,0,0.5,-0.028664313,9.705863671,12.43285502
2022-06-12 00:00:00,254.55,-0.056068528,-1,0,-0.028034264,9.105601652,12.05627481
2022-06-13 00:00:00,222.84,-0.124572775,-1,0,0,7.846718806,12.05627481
2022-06-14 00:00:00,222.98,0.000628253,-1,0,0,7.852276787,12.05627481
2022-06-15 00:00:00,233.51,0.047223966,-1,0,0,8.270316408,12.05627481
2022-06-16 00:00:00,210.13,-0.100124192,-1,0,0,7.342133471,12.05627481
2022-06-17 00:00:00,215.64,0.026221863,-1,0,0,7.560879749,12.05627481
2022-06-18 00:00:00,196.8,-0.087367835,-1,0,0,6.812934217,12.05627481
2022-06-19 00:00:00,214.86,0.091768293,-1,0,0,7.529913851,12.05627481
2022-06-20 00:00:00,216.37,0.007027832,-1,0,0,7.589860653,12.05627481
2022-06-21 00:00:00,219.9,0.016314646,-1,0,0,7.730001191,12.05627481
2022-06-22 00:00:00,214.02,-0.026739427,-1,0,0,7.496565961,12.05627481
2022-06-23 00:00:00,228.65,0.068358097,-1,0,0,8.077375045,12.05627481
2022-06-24 00:00:00,240.03,0.049770391,-1,0,0,8.529159554,12.05627481
2022-06-25 00:00:00,239.49,-0.002249719,-1,0,0,8.507721625,12.05627481
2022-06-26 00:00:00,233.8,-0.023758821,-1,0,0,8.28182937,12.05627481
2022-06-27 00:00:00,233.62,-0.000769889,-1,0,0,8.274683394,12.05627481
2022-06-28 00:00:00,226.8,-0.029192706,-1,0,0,8.003930287,12.05627481
2022-06-29 00:00:00,219.55,-0.03196649,-1,0,0,7.716106237,12.05627481
2022-06-30 00:00:00,219.42,-0.00059212,-1,0,0,7.710945254,12.05627481
2022-07-01 00:00:00,216.65,-0.012624191,-1,0,0,7.600976617,12.05627481
2022-07-02 00:00:00,218.14,0.006877452,-1,0,0,7.660129422,12.05627481
2022-07-03 00:00:00,218.97,0.003804896,-1,0,0,7.693080313,12.05627481
2022-07-04 00:00:00,231.4,0.056765767,-1,0,0,8.186549684,12.05627481
2022-07-05 00:00:00,230.53,-0.003759723,-1,0,0,8.152010798,12.05627481
2022-07-06 00:00:00,238.36,0.033965211,-1,0,0,8.462860773,12.05627481
2022-07-07 00:00:00,241.24,0.012082564,-1,0,0,8.577196395,12.05627481
2022-07-08 00:00:00,240.45,-0.003274747,-1,0,0,8.545833499,12.05627481
2022-07-09 00:00:00,243.09,0.010979414,-1,0,0,8.650641153,12.05627481
2022-07-10 00:00:00,234.57,-0.035048747,-1,0,0,8.312398269,12.05627481
2022-07-11 00:00:00,225.43,-0.038964915,-1,0,0,7.949541467,12.05627481
2022-07-12 00:00:00,220.33,-0.022623431,-1,0,0,7.747072135,12.05627481
2022-07-13 00:00:00,230.28,0.045159533,0,0.5,0,8.142085831,12.05627481
2022-07-14 00:00:00,238.46,0.035521973,0,0.5,0.017760987,8.466830759,12.28816713
2022-07-15 00:00:00,238.46,0,0,0.5,0,8.466830759,12.28816713
2022-07-16 00:00:00,249.75,0.047345467,0,0.5,0.023672733,8.91504228,12.60273437
2022-07-17 00:00:00,247.63,-0.008488488,0,0.5,-0.004244244,8.830878558,12.54500104
2022-07-18 00:00:00,263.96,0.06594516,0,0.5,0.03297258,9.479177419,12.99161467
2022-07-19 00:00:00,268.54,0.017351114,0,0.5,0.008675557,9.661002819,13.11299972
2022-07-20 00:00:00,258.11,-0.038839651,0,0.5,-0.019419826,9.246933185,12.83892773
2022-07-21 00:00:00,265.49,0.028592461,0,0.5,0.01429623,9.539918218,13.03677223
2022-07-22 00:00:00,262.28,-0.012090851,0,0.5,-0.006045425,9.412481639,12.95191397
2022-07-23 00:00:00,258.9,-0.012886991,0,0.5,-0.006443496,9.278296082,12.86201487
2022-07-24 00:00:00,261.19,0.008845114,0,0.5,0.004422557,9.369208782,12.92332042
2022-07-25 00:00:00,244.5,-0.063899843,0,0.5,-0.031949922,8.706617968,12.47847143
2022-07-26 00:00:00,249.31,0.019672802,0,0.5,0.009836401,8.897574338,12.61105107
2022-07-27 00:00:00,271.54,0.089166098,0,0.5,0.044583049,9.780102426,13.21787323
2022-07-28 00:00:00,277.1,0.020475805,0,0.5,0.010237902,10.0008337,13.36343443
2022-07-29 00:00:00,293.9,0.060627932,0,0.5,0.030313966,10.6677915,13.7988471
2022-07-30 00:00:00,287.76,-0.02089146,0,0.5,-0.01044573,10.4240343,13.64426234
2022-07-31 00:00:00,283.31,-0.015464276,0,0.5,-0.007732138,10.24736988,13.53103088
2022-08-01 00:00:00,283.12,-0.000670643,0,0.5,-0.000335322,10.23982691,13.52615831
2022-08-02 00:00:00,283.66,0.001907318,0,0.5,0.000953659,10.26126484,13.54001132
2022-08-03 00:00:00,297.53,0.048896566,0,0.5,0.024448283,10.81190202,13.89548963
2022-08-04 00:00:00,311.71,0.04765906,0,0.5,0.02382953,11.37484616,14.25044214
2022-08-05 00:00:00,315.7,0.012800359,0,0.5,0.00640018,11.53324864,14.34804771
2022-08-06 00:00:00,315.14,-0.001773836,0,0.5,-0.000886918,11.51101671,14.33443525
2022-08-07 00:00:00,322.77,0.024211462,0,0.5,0.012105731,11.81392671,14.5200698
2022-08-08 00:00:00,324.55,0.005514763,0,0.5,0.002757381,11.88459248,14.56286455
2022-08-09 00:00:00,324.3,-0.000770297,0,0.5,-0.000385149,11.87466751,14.55687053
2022-08-10 00:00:00,328.66,0.013444342,0,0.5,0.006722171,12.04775894,14.66144648
2022-08-11 00:00:00,323.29,-0.016339074,0,0.5,-0.008169537,11.83457065,14.53349971
2022-08-12 00:00:00,327.88,0.014197779,0,0.5,0.00709889,12.01679304,14.64377031
2022-08-13 00:00:00,324,-0.011833598,0,0.5,-0.005916799,11.86275755,14.55120927
2022-08-14 00:00:00,317.6,-0.019753086,0,0.5,-0.009876543,11.60867839,14.39761708
2022-08-15 00:00:00,319.31,0.005384131,0,0.5,0.002692065,11.67656517,14.43906847
2022-08-16 00:00:00,315.94,-0.010554007,0,0.5,-0.005277004,11.54277661,14.35759645
2022-08-17 00:00:00,306.75,-0.029087801,0,0.5,-0.014543901,11.17793481,14.13423709
2022-08-18 00:00:00,297.96,-0.028655257,0,0.5,-0.014327628,10.82897296,13.91739937
2022-08-19 00:00:00,278.99,-0.063666264,0,0.5,-0.031833132,10.07586645,13.44253183
2022-08-20 00:00:00,283.41,0.015842862,0,0.5,0.007921431,10.25133987,13.55693734
2022-08-21 00:00:00,301.61,0.064217918,0,0.5,0.032108959,10.97387749,14.02434544
2022-08-22 00:00:00,299.82,-0.005934816,0,0.5,-0.002967408,10.90281472,13.97976208
2022-08-23 00:00:00,299.14,-0.002268027,0,0.5,-0.001134014,10.87581881,13.96277482
2022-08-24 00:00:00,296.06,-0.010296182,0,0.5,-0.005148091,10.75354321,13.88574509
2022-08-25 00:00:00,301,0.016685807,0,0.5,0.008342903,10.94966057,14.00993543
2022-08-26 00:00:00,279.3,-0.072093023,0,0.5,-0.036046512,10.08817341,13.46887962
2022-08-27 00:00:00,277.66,-0.005871822,0,0.5,-0.002935911,10.02306562,13.42640027
2022-08-28 00:00:00,276.23,-0.005150184,-1,0,-0.002575092,9.966294811,13.38925096
2022-08-29 00:00:00,285.61,0.03395721,-1,0,0,10.33867958,13.38925096
2022-08-30 00:00:00,281.42,-0.014670355,-1,0,0,10.17233713,13.38925096
2022-08-31 00:00:00,278.99,-0.008634781,-1,0,0,10.07586645,13.38925096
2022-09-01 00:00:00,278.18,-0.00290333,-1,0,0,10.04370956,13.38925096
2022-09-02 00:00:00,277.22,-0.003451003,-1,0,0,10.00559768,13.38925096
2022-09-03 00:00:00,277.64,0.001515042,-1,0,0,10.02227163,13.38925096
2022-09-04 00:00:00,278.98,0.004826394,-1,0,0,10.07546945,13.38925096
2022-09-05 00:00:00,276.7,-0.008172629,-1,0,0,9.98495375,13.38925096
2022-09-06 00:00:00,262.24,-0.052258764,-1,0,0,9.410893644,13.38925096
2022-09-07 00:00:00,278.95,0.063720256,-1,0,0,10.07427845,13.38925096
2022-09-08 00:00:00,280.41,0.005233913,0,0.5,0,10.13224026,13.38925096
2022-09-09 00:00:00,293.14,0.04539781,0,0.5,0.022698905,10.6376196,13.71587121
2022-09-10 00:00:00,296.47,0.01135976,0,0.5,0.00567988,10.76982016,13.79945559
2022-09-11 00:00:00,295.07,-0.004722232,-1,0,-0.002361116,10.71424034,13.76451236
2022-09-12 00:00:00,293.81,-0.004270173,-1,0,0,10.66421851,13.76451236
2022-09-13 00:00:00,277.23,-0.056431027,-1,0,0,10.00599468,13.76451236
2022-09-14 00:00:00,279.14,0.006889586,-1,0,0,10.08182143,13.76451236
2022-09-15 00:00:00,270.95,-0.029340116,-1,0,0,9.756679503,13.76451236
2022-09-16 00:00:00,274.76,0.014061635,-1,0,0,9.907936004,13.76451236
2022-09-17 00:00:00,278.76,0.01455816,-1,0,0,10.06673548,13.76451236
2022-09-18 00:00:00,266.19,-0.045092553,-1,0,0,9.567708127,13.76451236
2022-09-19 00:00:00,271.8,0.021075172,-1,0,0,9.790424392,13.76451236
2022-09-20 00:00:00,266.13,-0.020860927,-1,0,0,9.565326134,13.76451236
2022-09-21 00:00:00,263.7,-0.009130876,-1,0,0,9.468855453,13.76451236
2022-09-22 00:00:00,275.21,0.043648085,-1,0,0,9.925800945,13.76451236
2022-09-23 00:00:00,276.45,0.00450565,-1,0,0,9.975028782,13.76451236
2022-09-24 00:00:00,274.32,-0.007704829,-1,0,0,9.890468061,13.76451236
2022-09-25 00:00:00,274.04,-0.001020706,-1,0,0,9.879352098,13.76451236
2022-09-26 00:00:00,276.01,0.007188732,-1,0,0,9.95756084,13.76451236
2022-09-27 00:00:00,272.03,-0.014419767,-1,0,0,9.799555361,13.76451236
2022-09-28 00:00:00,281.47,0.034702055,-1,0,0,10.17432212,13.76451236
2022-09-29 00:00:00,284.04,0.009130636,0,0.5,0,10.27635079,13.76451236
2022-09-30 00:00:00,284.65,0.002147585,0,0.5,0.001073792,10.30056771,13.78036638
2022-10-01 00:00:00,282.8,-0.00649921,0,0.5,-0.003249605,10.22712295,13.73233603
2022-10-02 00:00:00,284.63,0.006471004,0,0.5,0.003235502,10.29977371,13.78000254
2022-10-03 00:00:00,286.83,0.007729333,0,0.5,0.003864666,10.38711342,13.83712232
2022-10-04 00:00:00,296,0.031970157,1,1,0.015985078,10.75116122,14.07429488
2022-10-05 00:00:00,293.98,-0.006824324,1,1,-0.006824324,10.67096749,13.971423
2022-10-06 00:00:00,286.76,-0.024559494,0,0.5,-0.024559494,10.38433443,13.60373243
2022-10-07 00:00:00,282.16,-0.016041289,0,0.5,-0.008020644,10.20171503,13.48660108
2022-10-08 00:00:00,276.23,-0.021016445,-1,0,-0.010508222,9.966294811,13.33437266
2022-10-09 00:00:00,278.2,0.007131738,0,0.5,0,10.04450355,13.33437266
2022-10-10 00:00:00,271.47,-0.024191229,0,0.5,-0.012095615,9.777323435,13.16098961
2022-10-11 00:00:00,271.4,-0.000257855,0,0.5,-0.000128928,9.774544444,13.15916387
2022-10-12 00:00:00,270.8,-0.002210759,0,0.5,-0.00110538,9.750724523,13.14351262
2022-10-13 00:00:00,271.4,0.002215657,0,0.5,0.001107829,9.774544444,13.15918121
2022-10-14 00:00:00,269.3,-0.007737657,0,0.5,-0.003868828,9.691174719,13.10440177
2022-10-15 00:00:00,267.96,-0.004975863,0,0.5,-0.002487932,9.637976895,13.06931098
2022-10-16 00:00:00,272.31,0.016233766,0,0.5,0.008116883,9.810671325,13.18350993
2022-10-17 00:00:00,275.54,0.011861481,0,0.5,0.005930741,9.938901902,13.26762865
2022-10-18 00:00:00,272.99,-0.009254555,1,1,-0.004627277,9.837667236,13.20160838
2022-10-19 00:00:00,271.78,-0.004432397,0,0.5,-0.004432397,9.789630394,13.13866121
2022-10-20 00:00:00,268.8,-0.010964751,1,1,-0.005482375,9.671324785,13.06114776
2022-10-21 00:00:00,269.88,0.004017857,1,1,0.004017857,9.714200643,13.11764345
2022-10-22 00:00:00,270.27,0.001445087,0,0.5,0.001445087,9.729683592,13.13804466
2022-10-23 00:00:00,275.73,0.02020202,0,0.5,0.01010101,9.946444877,13.2808532
2022-10-24 00:00:00,274.02,-0.006201719,0,0.5,-0.00310086,9.878558101,13.23657028
2022-10-25 00:00:00,284.04,0.036566674,1,1,0.018283337,10.27635079,13.49686229
2022-10-26 00:00:00,290.06,0.021194198,1,1,0.021194198,10.515344,13.80411166
2022-10-27 00:00:00,286.67,-0.011687237,1,1,-0.011687237,10.38076144,13.63109249
2022-10-28 00:00:00,297.85,0.038999547,1,1,0.038999547,10.82460598,14.20169847
2022-10-29 00:00:00,304.42,0.022058083,1,1,0.022058083,11.08543412,14.53701879
2022-10-30 00:00:00,313.42,0.029564418,1,1,0.029564418,11.44273294,14.9963617
2022-10-31 00:00:00,325.59,0.038829685,1,1,0.038829685,11.92588034,15.6174954
2022-11-01 00:00:00,323.67,-0.005896987,1,1,-0.005896987,11.8496566,15.51950224
2022-11-02 00:00:00,319.98,-0.011400501,1,1,-0.011400501,11.70316408,15.33117165
2022-11-03 00:00:00,329.36,0.029314332,1,1,0.029314332,12.07554885,15.80990904
2022-11-04 00:00:00,354.36,0.075904785,1,1,0.075904785,13.06804558,17.08586157
2022-11-05 00:00:00,348.97,-0.01521052,1,1,-0.01521052,12.85406328,16.8107662
2022-11-06 00:00:00,337.69,-0.032323695,1,1,-0.032323695,12.40624876,16.23505642
2022-11-07 00:00:00,336.81,-0.00260594,1,1,-0.00260594,12.37131287,16.19014289
2022-11-08 00:00:00,326.95,-0.029274665,1,1,-0.029274665,11.97987217,15.68690721
2022-11-09 00:00:00,266.52,-0.184829485,0,0.5,-0.184829485,9.580809083,12.60267475
2022-11-10 00:00:00,303.84,0.140027015,1,1,0.070013507,11.06240819,13.55504572
2022-11-11 00:00:00,290.08,-0.045286993,1,1,-0.045286993,10.516138,12.89589147
2022-11-12 00:00:00,282.67,-0.025544677,1,1,-0.025544677,10.22196197,12.5409254
2022-11-13 00:00:00,276.41,-0.022145965,1,1,-0.022145965,9.973440788,12.24104854
2022-11-14 00:00:00,278.85,0.008827466,1,1,0.008827466,10.07030847,12.35793345
2022-11-15 00:00:00,276.83,-0.007244038,1,1,-0.007244038,9.990114733,12.26116807
2022-11-16 00:00:00,271.7,-0.018531229,0,0.5,-0.018531229,9.786454405,12.01542234
2022-11-17 00:00:00,267.82,-0.014280456,0,0.5,-0.007140228,9.632418913,11.92248925
2022-11-18 00:00:00,273.89,0.022664476,1,1,0.011332238,9.873397118,12.06892998
2022-11-19 00:00:00,272.33,-0.005695717,1,1,-0.005695717,9.811465322,11.99449305
2022-11-20 00:00:00,264.11,-0.030183968,0,0.5,-0.030183968,9.485132399,11.60226769
2022-11-21 00:00:00,253.92,-0.038582409,-1,0,-0.019291204,9.080590734,11.35915476
2022-11-22 00:00:00,266.62,0.050015753,0,0.5,0,9.58477907,11.35915476
2022-11-23 00:00:00,298.49,0.119533418,1,1,0.059766709,10.85001389,12.09782077
2022-11-24 00:00:00,299.86,0.004589769,1,1,0.004589769,10.90440272,12.15793674
2022-11-25 00:00:00,300.43,0.001900887,1,1,0.001900887,10.92703164,12.18294849
2022-11-26 00:00:00,310.95,0.035016476,1,1,0.035016476,11.34467426,12.64456889
2022-11-27 00:00:00,307.36,-0.011545265,1,1,-0.011545265,11.20215173,12.48703874
2022-11-28 00:00:00,293.16,-0.046199896,0,0.5,-0.046199896,10.63841359,11.86393895
2022-11-29 00:00:00,295.13,0.00671988,0,0.5,0.00335994,10.71662234,11.90716101
2022-11-30 00:00:00,300.11,0.01687392,0,0.5,0.00843696,10.91432768,12.01605821
2022-12-01 00:00:00,292.3,-0.026023791,-1,0,-0.013011896,10.60427171,11.84669462
2022-12-02 00:00:00,293.49,0.00407116,-1,0,0,10.65151455,11.84669462
2022-12-03 00:00:00,290.35,-0.010698831,-1,0,0,10.52685696,11.84669462
2022-12-04 00:00:00,291.95,0.005510591,-1,0,0,10.59037675,11.84669462
2022-12-05 00:00:00,288.39,-0.012193869,-1,0,0,10.44904522,11.84669462
2022-12-06 00:00:00,290.21,0.006310898,-1,0,0,10.52129898,11.84669462
2022-12-07 00:00:00,284.02,-0.021329382,-1,0,0,10.27555679,11.84669462
2022-12-08 00:00:00,290.34,0.022251954,-1,0,0,10.52645996,11.84669462
2022-12-09 00:00:00,285.91,-0.015257973,0,0.5,0,10.35058954,11.84669462
2022-12-10 00:00:00,288.03,0.007414921,-1,0,0.00370746,10.43475327,11.89432323
2022-12-11 00:00:00,284.38,-0.012672291,-1,0,0,10.28984874,11.89432323
2022-12-12 00:00:00,276.14,-0.028975315,-1,0,0,9.962721823,11.89432323
2022-12-13 00:00:00,272.34,-0.013761136,-1,0,0,9.811862321,11.89432323
2022-12-14 00:00:00,267.7,-0.017037527,-1,0,0,9.627654929,11.89432323
2022-12-15 00:00:00,258.85,-0.033059395,-1,0,0,9.276311088,11.89432323
2022-12-16 00:00:00,230.74,-0.108595712,-1,0,0,8.160347771,11.89432323
2022-12-17 00:00:00,241.75,0.047716044,-1,0,0,8.597443328,11.89432323
2022-12-18 00:00:00,250.78,0.037352637,-1,0,0,8.955933145,11.89432323
2022-12-19 00:00:00,240.23,-0.042068746,-1,0,0,8.537099528,11.89432323
2022-12-20 00:00:00,251.09,0.045206677,-1,0,0,8.968240105,11.89432323
2022-12-21 00:00:00,246.07,-0.019992831,-1,0,0,8.768946762,11.89432323
2022-12-22 00:00:00,245.69,-0.001544276,-1,0,0,8.753860812,11.89432323
2022-12-23 00:00:00,245.95,0.001058244,-1,0,0,8.764182778,11.89432323
2022-12-24 00:00:00,244.31,-0.006668022,-1,0,0,8.699074993,11.89432323
2022-12-25 00:00:00,243.11,-0.004911792,-1,0,0,8.65143515,11.89432323
2022-12-26 00:00:00,244.26,0.004730369,-1,0,0,8.69709,11.89432323
2022-12-27 00:00:00,246.52,0.009252436,-1,0,0,8.786811704,11.89432323
2022-12-28 00:00:00,244.42,-0.008518579,-1,0,0,8.703441979,11.89432323
2022-12-29 00:00:00,246.12,0.006955241,-1,0,0,8.770931756,11.89432323
2022-12-30 00:00:00,245.74,-0.001543962,-1,0,0,8.755845806,11.89432323
2022-12-31 00:00:00,246.11,0.001505656,-1,0,0,8.770534757,11.89432323
2023-01-01 00:00:00,244.36,-0.007110642,-1,0,0,8.701059987,11.89432323
2023-01-02 00:00:00,245.07,0.002905549,-1,0,0,8.729246893,11.89432323
2023-01-03 00:00:00,245.97,0.00367242,-1,0,0,8.764976776,11.89432323
2023-01-04 00:00:00,258.54,0.051103793,-1,0,0,9.264004129,11.89432323
2023-01-05 00:00:00,256.44,-0.008122534,-1,0,0,9.180634404,11.89432323
2023-01-06 00:00:00,259.69,0.01267353,-1,0,0,9.309658978,11.89432323
2023-01-07 00:00:00,261.11,0.005468058,-1,0,0,9.366032792,11.89432323
2023-01-08 00:00:00,274.7,0.05204703,-1,0,0,9.905554012,11.89432323
2023-01-09 00:00:00,272.44,-0.008227157,-1,0,0,9.815832308,11.89432323
2023-01-10 00:00:00,277.02,0.016811041,-1,0,0,9.997657708,11.89432323
2023-01-11 00:00:00,284.74,0.027868024,1,1,0,10.3041407,11.89432323
2023-01-12 00:00:00,287.52,0.009763293,1,1,0.009763293,10.41450633,12.02021429
2023-01-13 00:00:00,293.67,0.021389816,1,1,0.021389816,10.65866053,12.29871428
2023-01-14 00:00:00,305.25,0.039432016,1,1,0.039432016,11.11838501,12.82310939
2023-01-15 00:00:00,302.2,-0.00999181,1,1,-0.00999181,10.99730041,12.68499151
2023-01-16 00:00:00,299.02,-0.010522833,1,1,-0.010522833,10.87105483,12.54098663
2023-01-17 00:00:00,299.28,0.000869507,1,1,0.000869507,10.88137679,12.55276062
2023-01-18 00:00:00,286.44,-0.042902967,1,1,-0.042902967,10.37163047,11.97130697
2023-01-19 00:00:00,294.4,0.027789415,1,1,0.027789415,10.68764143,12.331772
2023-01-20 00:00:00,305.24,0.036820652,1,1,0.036820652,11.11798801,12.82265654
2023-01-21 00:00:00,299.12,-0.020049797,1,1,-0.020049797,10.87502481,12.54551509
2023-01-22 00:00:00,303.19,0.013606579,1,1,0.013606579,11.03660328,12.72982321
2023-01-23 00:00:00,305.36,0.007157228,1,1,0.007157228,11.12275199,12.82809069
2023-01-24 00:00:00,300.32,-0.016505109,1,1,-0.016505109,10.92266466,12.59985655
2023-01-25 00:00:00,306.84,0.021710176,1,1,0.021710176,11.1815078,12.89511183
2023-01-26 00:00:00,304.68,-0.007039499,1,1,-0.007039499,11.09575608,12.79729719
2023-01-27 00:00:00,308.07,0.011126428,1,1,0.011126428,11.23033864,12.95081182
2023-01-28 00:00:00,306.08,-0.006459571,1,1,-0.006459571,11.1513359,12.86069557
2023-01-29 00:00:00,317.12,0.036069002,1,1,0.036069002,11.58962245,13.36063702
2023-01-30 00:00:00,307.18,-0.031344601,1,1,-0.031344601,11.19500576,12.91050857
2023-01-31 00:00:00,312.15,0.016179439,1,1,0.016179439,11.39231411,13.1355728
2023-02-01 00:00:00,317.2,0.016178119,1,1,0.016178119,11.59279844,13.36425978
2023-02-02 00:00:00,323.72,0.020554855,1,1,0.020554855,11.85164159,13.65951506
2023-02-03 00:00:00,332.38,0.026751514,1,1,0.026751514,12.19544246,14.05167927
2023-02-04 00:00:00,330.41,-0.005926951,1,1,-0.005926951,12.11723371,13.96246871
2023-02-05 00:00:00,327.94,-0.007475561,1,1,-0.007475561,12.01917504,13.85061587
2023-02-06 00:00:00,324.57,-0.01027627,1,1,-0.01027627,11.88538648,13.69800693
2023-02-07 00:00:00,333.15,0.026434976,1,1,0.026434976,12.22601135,14.08654838
2023-02-08 00:00:00,328.28,-0.01461804,1,1,-0.01461804,12.03267299,13.86601261
2023-02-09 00:00:00,305.91,-0.068143049,1,1,-0.068143049,11.14458692,12.85299719
2023-02-10 00:00:00,305.52,-0.001274885,1,1,-0.001274885,11.12910397,12.83533622
2023-02-11 00:00:00,310.22,0.015383608,1,1,0.015383608,11.31569336,13.04817361
2023-02-12 00:00:00,312.26,0.006575978,1,1,0.006575978,11.39668109,13.1405541
2023-02-13 00:00:00,294.04,-0.058348812,0,0.5,-0.058348812,10.67334948,12.31546956
2023-02-14 00:00:00,296.06,0.006869814,0,0.5,0.003434907,10.75354321,12.36120696
2023-02-15 00:00:00,317.26,0.071607107,1,1,0.035803553,11.59518044,12.83958565
2023-02-16 00:00:00,304.07,-0.041574734,1,1,-0.041574734,11.07153916,12.26420856
2023-02-17 00:00:00,312.94,0.029170915,1,1,0.029170915,11.423677,12.65113766
2023-02-18 00:00:00,316.21,0.010449287,1,1,0.010449287,11.55349557,12.79378232
2023-02-19 00:00:00,311.25,-0.015685778,1,1,-0.015685778,11.35658422,12.5774161
2023-02-20 00:00:00,315.28,0.012947791,1,1,0.012947791,11.5165747,12.75321365
2023-02-21 00:00:00,311.4,-0.012306521,1,1,-0.012306521,11.3625392,12.58395944
2023-02-22 00:00:00,312.39,0.003179191,1,1,0.003179191,11.40184207,12.62714543
2023-02-23 00:00:00,308.2,-0.013412721,1,1,-0.013412721,11.23549962,12.44436833
2023-02-24 00:00:00,302.11,-0.019759896,0,0.5,-0.019759896,10.99372742,12.17870901
2023-02-25 00:00:00,302.18,0.000231704,0,0.5,0.000115852,10.99650641,12.18023579
2023-02-26 00:00:00,308.42,0.020649944,1,1,0.010324972,11.24423359,12.31632135
2023-02-27 00:00:00,304.5,-0.012709941,-1,0,-0.012709941,11.08861011,12.14707169
2023-02-28 00:00:00,301.18,-0.01090312,-1,0,0,10.95680654,12.14707169
2023-03-01 00:00:00,302.48,0.004316356,-1,0,0,11.00841637,12.14707169
2023-03-02 00:00:00,299.79,-0.00889315,-1,0,0,10.90162372,12.14707169
2023-03-03 00:00:00,290.34,-0.031522065,-1,0,0,10.52645996,12.14707169
2023-03-04 00:00:00,289.45,-0.003065372,-1,0,0,10.49112708,12.14707169
2023-03-05 00:00:00,288.58,-0.0030057,-1,0,0,10.45658819,12.14707169
2023-03-06 00:00:00,287.63,-0.003291981,-1,0,0,10.41887332,12.14707169
2023-03-07 00:00:00,289.14,0.0052498,-1,0,0,10.47882012,12.14707169
2023-03-08 00:00:00,286.9,-0.007747112,-1,0,0,10.38989241,12.14707169
2023-03-09 00:00:00,276.89,-0.034890206,0,0.5,0,9.992496725,12.14707169
2023-03-10 00:00:00,277.04,0.000541731,-1,0,0.000270866,9.998451705,12.15063278
2023-03-11 00:00:00,275.82,-0.004403696,-1,0,0,9.950017865,12.15063278
2023-03-12 00:00:00,288.04,0.044304256,0,0.5,0,10.43515026,12.15063278
2023-03-13 00:00:00,307.93,0.069052909,0,0.5,0.034526455,11.22478066,12.60467751
2023-03-14 00:00:00,308.67,0.002403144,0,0.5,0.001201572,11.25415856,12.62102451
2023-03-15 00:00:00,306.43,-0.007256941,1,1,-0.003628471,11.16523085,12.57160102
2023-03-16 00:00:00,329.05,0.073817838,1,1,0.073817838,12.06324189,13.57342726
2023-03-17 00:00:00,338.63,0.029114116,1,1,0.029114116,12.44356664,13.99771972
2023-03-18 00:00:00,330.82,-0.023063521,1,1,-0.023063521,12.13351066,13.6518195
2023-03-19 00:00:00,335.81,0.015083731,1,1,0.015083731,12.33161301,13.87282361
2023-03-20 00:00:00,332.08,-0.011107471,1,1,-0.011107471,12.18353249,13.70762414
2023-03-21 00:00:00,334.52,0.007347627,1,1,0.007347627,12.28040017,13.81569028
2023-03-22 00:00:00,321.06,-0.040236757,1,1,-0.040236757,11.74603994,13.21955495
2023-03-23 00:00:00,329.08,0.024979755,1,1,0.024979755,12.06443289,13.57475594
2023-03-24 00:00:00,321.8,-0.02212228,1,1,-0.02212228,11.77541784,13.25232911
2023-03-25 00:00:00,322.11,0.000963331,1,1,0.000963331,11.7877248,13.26605882
2023-03-26 00:00:00,328.28,0.019154947,1,1,0.019154947,12.03267299,13.53932442
2023-03-27 00:00:00,310.2,-0.055074936,1,1,-0.055074936,11.31489936,12.73857206
2023-03-28 00:00:00,313.17,0.009574468,1,1,0.009574468,11.43280797,12.87011158
2023-03-29 00:00:00,313.62,0.001436919,1,1,0.001436919,11.45067291,12.89004181
2023-03-30 00:00:00,316.05,0.00774823,1,1,0.00774823,11.54714359,12.99766505
2023-03-31 00:00:00,316.74,0.002183199,1,1,0.002183199,11.5745365,13.02822474
2023-04-01 00:00:00,314.72,-0.00637747,1,1,-0.00637747,11.49434277,12.93876015
2023-04-02 00:00:00,313.57,-0.003654042,1,1,-0.003654042,11.44868792,12.88782734
2023-04-03 00:00:00,308.47,-0.016264311,1,1,-0.016264311,11.24621859,12.6619514
2023-04-04 00:00:00,310.73,0.007326482,1,1,0.007326482,11.33594029,12.76204544
2023-04-05 00:00:00,313.85,0.010040871,1,1,0.010040871,11.45980388,12.90022837
2023-04-06 00:00:00,312.04,-0.005767086,1,1,-0.005767086,11.38794712,12.82006456
2023-04-07 00:00:00,310.27,-0.00567235,1,1,-0.00567235,11.31767835,12.74167232
2023-04-08 00:00:00,310.37,0.0003223,1,1,0.0003223,11.32164834,12.74610126
2023-04-09 00:00:00,312.6,0.007184973,1,1,0.007184973,11.41017905,12.84486662
2023-04-10 00:00:00,318.5,0.01887396,1,1,0.01887396,11.64440827,13.10617408
2023-04-11 00:00:00,322.57,0.01277865,1,1,0.01277865,11.80598674,13.28643194
2023-04-12 00:00:00,320.02,-0.007905261,1,1,-0.007905261,11.70475207,13.17349397
2023-04-13 00:00:00,324.84,0.015061559,1,1,0.015061559,11.89610544,13.38696888
2023-04-14 00:00:00,328.82,0.012252186,1,1,0.012252186,12.05411092,13.5632407
2023-04-15 00:00:00,333.33,0.013715711,1,1,0.013715711,12.23315733,13.76298589
2023-04-16 00:00:00,347.85,0.043560436,1,1,0.043560436,12.80959943,14.40606799
2023-04-17 00:00:00,340.25,-0.021848498,1,1,-0.021848498,12.50788042,14.06946855
2023-04-18 00:00:00,343.27,0.008875827,1,1,0.008875827,12.62777403,14.20322254
2023-04-19 00:00:00,322.37,-0.060885018,0,0.5,-0.060885018,11.79804677,13.27757406
2023-04-20 00:00:00,317.99,-0.013586872,0,0.5,-0.006793436,11.62416134,13.18058028
2023-04-21 00:00:00,321.08,0.009717287,1,1,0.004858643,11.74683394,13.24947866
2023-04-22 00:00:00,331.82,0.033449608,1,1,0.033449608,12.17321053,13.72611813
2023-04-23 00:00:00,330.38,-0.004339702,1,1,-0.004339702,12.11604272,13.66221116
2023-04-24 00:00:00,330.75,0.001119923,1,1,0.001119923,12.13073167,13.6786317
2023-04-25 00:00:00,338.04,0.022040816,1,1,0.022040816,12.42014371,14.00216073
2023-04-26 00:00:00,330.4,-0.022600876,1,1,-0.022600876,12.11683671,13.66309876
2023-04-27 00:00:00,330.4,0,1,1,0,12.11683671,13.66309876
2023-04-28 00:00:00,323.81,-0.019945521,1,1,-0.019945521,11.85521458,13.37063562
2023-04-29 00:00:00,321.74,-0.006392638,1,1,-0.006392638,11.77303585,13.27876935
2023-04-30 00:00:00,336.84,0.046932306,1,1,0.046932306,12.37250387,13.94890492
2023-05-01 00:00:00,328.19,-0.025679848,1,1,-0.025679848,12.0291,13.56501931
2023-05-02 00:00:00,321.59,-0.020110302,1,1,-0.020110302,11.76708087,13.27211238
2023-05-03 00:00:00,325.74,0.01290463,1,1,0.01290463,11.93183532,13.45628871
2023-05-04 00:00:00,323.69,-0.006293363,1,1,-0.006293363,11.85045059,13.36531004
2023-05-05 00:00:00,326.33,0.008155952,1,1,0.008155952,11.95525825,13.48247281
2023-05-06 00:00:00,321.75,-0.014034873,1,1,-0.014034873,11.77343285,13.27921315
2023-05-07 00:00:00,320.97,-0.002424242,1,1,-0.002424242,11.74246695,13.24459688
2023-05-08 00:00:00,313.55,-0.023117425,1,1,-0.023117425,11.44789392,12.91529847
2023-05-09 00:00:00,311.91,-0.005230426,0,0.5,-0.005230426,11.38278614,12.84251554
2023-05-10 00:00:00,314.16,0.007213619,0,0.5,0.00360681,11.47211084,12.89244286
2023-05-11 00:00:00,307.27,-0.0219315,0,0.5,-0.01096575,11.19857874,12.7401018
2023-05-12 00:00:00,308.32,0.00341719,0,0.5,0.001708595,11.24026361,12.76357807
2023-05-13 00:00:00,310.62,0.007459782,0,0.5,0.003729891,11.33157331,12.81491472
2023-05-14 00:00:00,311.92,0.004185178,0,0.5,0.002092589,11.38318314,12.84382366
2023-05-15 00:00:00,313.25,0.004263914,0,0.5,0.002131957,11.43598396,12.87333809
2023-05-16 00:00:00,311.23,-0.006448524,0,0.5,-0.003224262,11.35579023,12.82860682
2023-05-17 00:00:00,314.29,0.009831957,0,0.5,0.004915979,11.47727183,12.89658795
2023-05-18 00:00:00,309.14,-0.01638614,0,0.5,-0.00819307,11.2728175,12.78273223
2023-05-19 00:00:00,308.74,-0.001293912,0,0.5,-0.000646956,11.25693755,12.77381541
2023-05-20 00:00:00,310.7,0.006348384,0,0.5,0.003174192,11.3347493,12.81753614
2023-05-21 00:00:00,306.36,-0.013968458,0,0.5,-0.006984229,11.16245186,12.72103131
2023-05-22 00:00:00,309.17,0.009172216,0,0.5,0.004586108,11.2740085,12.78395743
2023-05-23 00:00:00,313.5,0.01400524,0,0.5,0.00700262,11.44590893,12.88048125
2023-05-24 00:00:00,305.9,-0.024242424,0,0.5,-0.012121212,11.14418992,12.71223299
2023-05-25 00:00:00,304.71,-0.00389016,-1,0,-0.00194508,11.09694708,12.6855616
2023-05-26 00:00:00,306.81,0.006891799,0,0.5,0,11.1803168,12.6855616
2023-05-27 00:00:00,307.55,0.002411916,-1,0,0.001205958,11.20969471,12.70206581
2023-05-28 00:00:00,314.36,0.022142741,0,0.5,0,11.48005082,12.70206581
2023-05-29 00:00:00,311.98,-0.007570938,-1,0,-0.003785469,11.38556513,12.65019707
2023-05-30 00:00:00,311.54,-0.001410347,0,0.5,0,11.36809719,12.65019707
2023-05-31 00:00:00,306.9,-0.014893754,-1,0,-0.007446877,11.18388979,12.54854573
2023-06-01 00:00:00,305.12,-0.005799935,-1,0,0,11.11322403,12.54854573
2023-06-02 00:00:00,307.39,0.007439696,-1,0,0,11.20334273,12.54854573
2023-06-03 00:00:00,306.73,-0.00214711,-1,0,0,11.17714082,12.54854573
2023-06-04 00:00:00,305.23,-0.004890294,-1,0,0,11.11759101,12.54854573
2023-06-05 00:00:00,277,-0.092487632,-1,0,0,9.99686371,12.54854573
2023-06-06 00:00:00,281.18,0.015090253,-1,0,0,10.16280916,12.54854573
2023-06-07 00:00:00,259.22,-0.078099438,-1,0,0,9.29100004,12.54854573
2023-06-08 00:00:00,261.96,0.010570172,-1,0,0,9.399777681,12.54854573
2023-06-09 00:00:00,260.78,-0.004504505,-1,0,0,9.352931835,12.54854573
2023-06-10 00:00:00,238.74,-0.084515684,-1,0,0,8.477946723,12.54854573
2023-06-11 00:00:00,235.19,-0.014869733,-1,0,0,8.337012188,12.54854573
2023-06-12 00:00:00,231.23,-0.016837451,-1,0,0,8.179800707,12.54854573
2023-06-13 00:00:00,243.92,0.054880422,-1,0,0,8.683592044,12.54854573
2023-06-14 00:00:00,237.78,-0.025172188,-1,0,0,8.439834849,12.54854573
2023-06-15 00:00:00,236.33,-0.006098074,-1,0,0,8.382270039,12.54854573
2023-06-16 00:00:00,239.17,0.012017095,-1,0,0,8.495017666,12.54854573
2023-06-17 00:00:00,244.44,0.022034536,-1,0,0,8.704235976,12.54854573
2023-06-18 00:00:00,244.01,-0.001759123,-1,0,0,8.687165032,12.54854573
2023-06-19 00:00:00,243.02,-0.004057211,-1,0,0,8.647862162,12.54854573
2023-06-20 00:00:00,247.93,0.020204098,-1,0,0,8.842788519,12.54854573
2023-06-21 00:00:00,248.94,0.00407373,-1,0,0,8.882885386,12.54854573
2023-06-22 00:00:00,240.91,-0.032256769,-1,0,0,8.564095438,12.54854573
2023-06-23 00:00:00,244.53,0.015026358,-1,0,0,8.707808964,12.54854573
2023-06-24 00:00:00,236.33,-0.033533718,-1,0,0,8.382270039,12.54854573
2023-06-25 00:00:00,238.97,0.01117082,-1,0,0,8.487077693,12.54854573
2023-06-26 00:00:00,236.15,-0.011800644,-1,0,0,8.375124062,12.54854573
2023-06-27 00:00:00,237.45,0.005504976,-1,0,0,8.426733892,12.54854573
2023-06-28 00:00:00,230.52,-0.029185092,-1,0,0,8.1516138,12.54854573
2023-06-29 00:00:00,233.12,0.011278848,-1,0,0,8.254833459,12.54854573
2023-06-30 00:00:00,240.45,0.031443034,-1,0,0,8.545833499,12.54854573
2023-07-01 00:00:00,247.99,0.031357871,-1,0,0,8.845170511,12.54854573
2023-07-02 00:00:00,246.77,-0.004919553,-1,0,0,8.796736671,12.54854573
2023-07-03 00:00:00,246.62,-0.000607853,-1,0,0,8.79078169,12.54854573
2023-07-04 00:00:00,242.53,-0.016584219,-1,0,0,8.628409226,12.54854573
2023-07-05 00:00:00,238.85,-0.015173381,-1,0,0,8.482313708,12.54854573
2023-07-06 00:00:00,231.92,-0.029014026,-1,0,0,8.207193616,12.54854573
2023-07-07 00:00:00,235.43,0.015134529,-1,0,0,8.346540156,12.54854573
2023-07-08 00:00:00,236.13,0.002973283,-1,0,0,8.374330065,12.54854573
2023-07-09 00:00:00,233.91,-0.009401601,-1,0,0,8.286196356,12.54854573
2023-07-10 00:00:00,245.97,0.051558292,0,0.5,0,8.764976776,12.54854573
2023-07-11 00:00:00,248.34,0.009635321,0,0.5,0.004817661,8.859065465,12.61381803
2023-07-12 00:00:00,243.7,-0.018684062,0,0.5,-0.009342031,8.674858073,12.48663732
2023-07-13 00:00:00,255.99,0.050430858,0,0.5,0.025215429,9.162769463,12.82670866
2023-07-14 00:00:00,247.89,-0.031641861,0,0.5,-0.015820931,8.841200524,12.60795727
2023-07-15 00:00:00,250.79,0.011698737,0,0.5,0.005849369,8.956330144,12.68755522
2023-07-16 00:00:00,241.91,-0.03540811,0,0.5,-0.017704055,8.603795307,12.44522999
2023-07-17 00:00:00,244.03,0.00876359,-1,0,0.004381795,8.68795903,12.50414423
2023-07-18 00:00:00,240.48,-0.014547392,-1,0,0,8.547024495,12.50414423
2023-07-19 00:00:00,241.05,0.002370259,-1,0,0,8.56965342,12.50414423
2023-07-20 00:00:00,242.93,0.007799212,-1,0,0,8.644289174,12.50414423
2023-07-21 00:00:00,243.88,0.003910592,-1,0,0,8.682004049,12.50414423
2023-07-22 00:00:00,241.23,-0.010866,0,0.5,0,8.576799397,12.50414423
2023-07-23 00:00:00,242.54,0.005430502,-1,0,0.002715251,8.628806225,12.54081137
2023-07-24 00:00:00,239.02,-0.01451307,0,0.5,0,8.489062686,12.54081137
2023-07-25 00:00:00,237.86,-0.00485315,-1,0,-0.002426575,8.443010838,12.50795358
2023-07-26 00:00:00,239.05,0.005002943,0,0.5,0,8.490253682,12.50795358
2023-07-27 00:00:00,240.88,0.007655302,0,0.5,0.003827651,8.562904442,12.55965731
2023-07-28 00:00:00,241.93,0.004359017,0,0.5,0.002179508,8.604589305,12.5892107
2023-07-29 00:00:00,242.64,0.002934733,0,0.5,0.001467367,8.632776212,12.60915105
2023-07-30 00:00:00,242.72,0.000329707,0,0.5,0.000164853,8.635952201,12.61139456
2023-07-31 00:00:00,241.04,-0.006921556,-1,0,-0.003460778,8.569256421,12.56428855
2023-08-01 00:00:00,247.87,0.028335546,0,0.5,0,8.840406527,12.56428855
2023-08-02 00:00:00,240.64,-0.029168516,-1,0,-0.014584258,8.553376474,12.36646347
2023-08-03 00:00:00,241.01,0.001537566,-1,0,0,8.568065425,12.36646347
2023-08-04 00:00:00,241.73,0.002987428,0,0.5,0,8.596649331,12.36646347
2023-08-05 00:00:00,243.34,0.006660324,0,0.5,0.003330162,8.66056612,12.41097595
2023-08-06 00:00:00,243.26,-0.000328758,0,0.5,-0.000164379,8.657390131,12.40877147
2023-08-07 00:00:00,241.96,-0.005344076,0,0.5,-0.002672038,8.605780301,12.37294272
2023-08-08 00:00:00,245.24,0.01355596,0,0.5,0.00677798,8.735995871,12.46358426
2023-08-09 00:00:00,243.9,-0.005464035,-1,0,-0.002732018,8.682798047,12.42680151
2023-08-10 00:00:00,241.33,-0.010537105,-1,0,0,8.580769383,12.42680151
2023-08-11 00:00:00,239.76,-0.006505615,-1,0,0,8.518440589,12.42680151
2023-08-12 00:00:00,240.18,0.001751752,-1,0,0,8.535114534,12.42680151
2023-08-13 00:00:00,239.92,-0.001082521,-1,0,0,8.524792568,12.42680151
2023-08-14 00:00:00,240.35,0.001792264,-1,0,0,8.541863512,12.42680151
2023-08-15 00:00:00,236.73,-0.015061369,-1,0,0,8.398149986,12.42680151
2023-08-16 00:00:00,231.96,-0.020149537,-1,0,0,8.208781611,12.42680151
2023-08-17 00:00:00,217.89,-0.06065701,-1,0,0,7.650204454,12.42680151
2023-08-18 00:00:00,215.97,-0.008811786,-1,0,0,7.573980706,12.42680151
2023-08-19 00:00:00,216.8,0.003843126,-1,0,0,7.606931597,12.42680151
2023-08-20 00:00:00,216.41,-0.001798893,-1,0,0,7.591448648,12.42680151
2023-08-21 00:00:00,210.22,-0.028603114,-1,0,0,7.345706459,12.42680151
2023-08-22 00:00:00,210.84,0.002949291,-1,0,0,7.370320378,12.42680151
2023-08-23 00:00:00,216.53,0.026987289,-1,0,0,7.596212632,12.42680151
2023-08-24 00:00:00,219.06,0.011684293,-1,0,0,7.696653301,12.42680151
2023-08-25 00:00:00,218.36,-0.003195472,-1,0,0,7.668863393,12.42680151
2023-08-26 00:00:00,216.34,-0.009250779,-1,0,0,7.588669657,12.42680151
2023-08-27 00:00:00,218.35,0.009290931,-1,0,0,7.668466394,12.42680151
2023-08-28 00:00:00,218.75,0.001831921,-1,0,0,7.684346342,12.42680151
2023-08-29 00:00:00,226.87,0.03712,-1,0,0,8.006709278,12.42680151
2023-08-30 00:00:00,223.83,-0.013399744,-1,0,0,7.886021676,12.42680151
2023-08-31 00:00:00,216.58,-0.032390654,-1,0,0,7.598197626,12.42680151
2023-09-01 00:00:00,213.65,-0.013528488,-1,0,0,7.48187701,12.42680151
2023-09-02 00:00:00,214.33,0.003182776,-1,0,0,7.508872921,12.42680151
2023-09-03 00:00:00,214.35,9.3314E-05,-1,0,0,7.509666918,12.42680151
2023-09-04 00:00:00,215.19,0.003918824,-1,0,0,7.543014808,12.42680151
2023-09-05 00:00:00,214.51,-0.003159998,-1,0,0,7.516018897,12.42680151
2023-09-06 00:00:00,215.22,0.003309869,-1,0,0,7.544205804,12.42680151
2023-09-07 00:00:00,217.11,0.008781712,-1,0,0,7.619238557,12.42680151
2023-09-08 00:00:00,214.62,-0.011468841,-1,0,0,7.520385883,12.42680151
2023-09-09 00:00:00,214.2,-0.001956947,-1,0,0,7.503711938,12.42680151
2023-09-10 00:00:00,212.28,-0.008963585,-1,0,0,7.427488189,12.42680151
2023-09-11 00:00:00,206.08,-0.029206708,-1,0,0,7.181349002,12.42680151
2023-09-12 00:00:00,210.73,0.022564053,-1,0,0,7.365953392,12.42680151
2023-09-13 00:00:00,212.63,0.009016277,-1,0,0,7.441383143,12.42680151
2023-09-14 00:00:00,212.04,-0.002774773,-1,0,0,7.417960221,12.42680151
2023-09-15 00:00:00,214,0.009243539,-1,0,0,7.495771964,12.42680151
2023-09-16 00:00:00,214.74,0.003457944,-1,0,0,7.525149867,12.42680151
2023-09-17 00:00:00,216.31,0.007311167,0,0.5,0,7.587478661,12.42680151
2023-09-18 00:00:00,215.99,-0.001479358,-1,0,-0.000739679,7.574774703,12.41686998
2023-09-19 00:00:00,217.22,0.005694708,0,0.5,0,7.623605542,12.41686998
2023-09-20 00:00:00,214.39,-0.013028266,0,0.5,-0.006514133,7.511254913,12.32947071
2023-09-21 00:00:00,210.91,-0.0162321,0,0.5,-0.00811605,7.373099369,12.22128805
2023-09-22 00:00:00,211.15,0.001137926,-1,0,0.000568963,7.382627337,12.22881048
2023-09-23 00:00:00,210.52,-0.002983661,-1,0,0,7.35761642,12.22881048
2023-09-24 00:00:00,208.34,-0.010355311,-1,0,0,7.271070705,12.22881048
2023-09-25 00:00:00,210.06,0.008255736,-1,0,0,7.33935448,12.22881048
2023-09-26 00:00:00,212.68,0.012472627,-1,0,0,7.443368137,12.22881048
2023-09-27 00:00:00,212.15,-0.002492007,-1,0,0,7.422327206,12.22881048
2023-09-28 00:00:00,215.06,0.01371671,-1,0,0,7.537853825,12.22881048
2023-09-29 00:00:00,215.21,0.00069748,-1,0,0,7.543808805,12.22881048
2023-09-30 00:00:00,214.69,-0.002416245,-1,0,0,7.523164874,12.22881048
2023-10-01 00:00:00,218.29,0.016768364,0,0.5,0,7.666084402,12.22881048
2023-10-02 00:00:00,214.7,-0.016446012,0,0.5,-0.008223006,7.523561872,12.12002989
2023-10-03 00:00:00,213.46,-0.005775501,-1,0,-0.00288775,7.474334035,12.08214252
2023-10-04 00:00:00,213.45,-4.68472E-05,-1,0,0,7.473937036,12.08214252
2023-10-05 00:00:00,210.8,-0.012415086,-1,0,0,7.368732383,12.08214252
2023-10-06 00:00:00,213.42,0.012428843,-1,0,0,7.47274604,12.08214252
2023-10-07 00:00:00,212.33,-0.0051073,-1,0,0,7.429473183,12.08214252
2023-10-08 00:00:00,211.42,-0.004285782,-1,0,0,7.393346302,12.08214252
2023-10-09 00:00:00,205.83,-0.026440261,-1,0,0,7.171424034,12.08214252
2023-10-10 00:00:00,208.59,0.013409124,-1,0,0,7.280995673,12.08214252
2023-10-11 00:00:00,206.61,-0.009492305,0,0.5,0,7.202389932,12.08214252
2023-10-12 00:00:00,205.29,-0.006388849,-1,0,-0.003194424,7.149986105,12.0403526
2023-10-13 00:00:00,206.05,0.00370208,-1,0,0,7.180158005,12.0403526
2023-10-14 00:00:00,206.6,0.002669255,-1,0,0,7.201992933,12.0403526
2023-10-15 00:00:00,209.87,0.015827686,-1,0,0,7.331811505,12.0403526
2023-10-16 00:00:00,214.75,0.02325249,0,0.5,0,7.525546866,12.0403526
2023-10-17 00:00:00,211.55,-0.014901048,-1,0,-0.007450524,7.398507285,11.94319515
2023-10-18 00:00:00,210.37,-0.005577878,-1,0,0,7.35166144,11.94319515
2023-10-19 00:00:00,211.32,0.004515853,-1,0,0,7.389376315,11.94319515
2023-10-20 00:00:00,212.17,0.004022336,-1,0,0,7.423121204,11.94319515
2023-10-21 00:00:00,214.32,0.010133384,0,0.5,0,7.508475922,11.94319515
2023-10-22 00:00:00,217.95,0.01693729,0,0.5,0.008468645,7.652586446,12.05280647
2023-10-23 00:00:00,228.8,0.04978206,0,0.5,0.02489103,8.083330025,12.37770427
2023-10-24 00:00:00,225.32,-0.01520979,0,0.5,-0.007604895,7.945174481,12.27596823
2023-10-25 00:00:00,222.29,-0.013447541,0,0.5,-0.006723771,7.824883878,12.18670367
2023-10-26 00:00:00,223.32,0.004633587,0,0.5,0.002316793,7.865774743,12.21725453
2023-10-27 00:00:00,224.18,0.003850976,0,0.5,0.001925488,7.89991663,12.2427042
2023-10-28 00:00:00,225.8,0.007226336,0,0.5,0.003613168,7.964230418,12.29055231
2023-10-29 00:00:00,227.2,0.006200177,0,0.5,0.003100089,8.019810235,12.3317542
2023-10-30 00:00:00,228.1,0.003961268,0,0.5,0.001980634,8.055540117,12.35815953
2023-10-31 00:00:00,226.35,-0.007672074,0,0.5,-0.003836037,7.986065346,12.30691714
2023-11-01 00:00:00,228.15,0.007952286,0,0.5,0.003976143,8.05752511,12.35982734
2023-11-02 00:00:00,232.03,0.017006355,0,0.5,0.008503178,8.211560602,12.47342833
2023-11-03 00:00:00,230.4,-0.007024954,0,0.5,-0.003512477,8.146849815,12.42610322
2023-11-04 00:00:00,237.36,0.030208333,1,1,0.015104167,8.423160904,12.62889332
2023-11-05 00:00:00,244,0.027974385,1,1,0.027974385,8.686768034,13.01015323
2023-11-06 00:00:00,255.27,0.046188525,1,1,0.046188525,9.134185557,13.65726154
2023-11-07 00:00:00,246.39,-0.034786696,1,1,-0.034786696,8.781650721,13.14738383
2023-11-08 00:00:00,246.78,0.001582856,0,0.5,0.001582856,8.797133669,13.16977711
2023-11-09 00:00:00,251.84,0.020504093,1,1,0.010252046,8.998015007,13.31504632
2023-11-10 00:00:00,251.14,-0.002779543,0,0.5,-0.002779543,8.970225098,13.27525704
2023-11-11 00:00:00,251.66,0.002070558,1,1,0.001035279,8.99086903,13.29003592
2023-11-12 00:00:00,247.68,-0.015814988,0,0.5,-0.015814988,8.832863552,13.06403916
2023-11-13 00:00:00,241.16,-0.026324289,0,0.5,-0.013162145,8.574020406,12.87892624
2023-11-14 00:00:00,242.4,0.005141815,0,0.5,0.002570907,8.623248243,12.91460768
2023-11-15 00:00:00,254.02,0.047937294,1,1,0.023968647,9.084560721,13.24812199
2023-11-16 00:00:00,242.82,-0.044091016,1,1,-0.044091016,8.639922188,12.61990781
2023-11-17 00:00:00,244.97,0.008854295,1,1,0.008854295,8.725276907,12.7405025
2023-11-18 00:00:00,244.91,-0.000244928,1,1,-0.000244928,8.722894914,12.73713707
2023-11-19 00:00:00,246.55,0.006696337,1,1,0.006696337,8.7880027,12.82912557
2023-11-20 00:00:00,253.27,0.027256135,1,1,0.027256135,9.054785819,13.20605408
2023-11-21 00:00:00,225.66,-0.109014096,0,0.5,-0.109014096,7.958672436,11.65739394
2023-11-22 00:00:00,236.38,0.047505096,0,0.5,0.023752548,8.384255032,11.9580393
2023-11-23 00:00:00,233.89,-0.010533886,0,0.5,-0.005266943,8.285402358,11.88979005
2023-11-24 00:00:00,232.86,-0.00440378,0,0.5,-0.00220189,8.244511493,11.86140815
2023-11-25 00:00:00,234.45,0.006828137,0,0.5,0.003414069,8.307634285,11.90531788
2023-11-26 00:00:00,231.92,-0.010791213,0,0.5,-0.005395607,8.207193616,11.83568586
2023-11-27 00:00:00,227.42,-0.019403242,0,0.5,-0.009701621,8.028544206,11.71115889
2023-11-28 00:00:00,229.69,0.009981532,0,0.5,0.004990766,8.118662908,11.77459731
2023-11-29 00:00:00,227.43,-0.009839349,-1,0,-0.004919674,8.028941204,11.71175046
2023-11-30 00:00:00,227.67,0.00105527,0,0.5,0,8.038469173,11.71175046
2023-12-01 00:00:00,228.64,0.004260553,0,0.5,0.002130276,8.076978046,11.73883
2023-12-02 00:00:00,229.24,0.002624213,-1,0,0.001312106,8.100797967,11.7555447
2023-12-03 00:00:00,228.23,-0.004405863,-1,0,0,8.0607011,11.7555447
2023-12-04 00:00:00,233.66,0.023791789,-1,0,0,8.276271388,11.7555447
2023-12-05 00:00:00,231.43,-0.009543782,-1,0,0,8.18774068,11.7555447
2023-12-06 00:00:00,229.6,-0.007907359,-1,0,0,8.11508992,11.7555447
2023-12-07 00:00:00,232.81,0.013980836,-1,0,0,8.2425265,11.7555447
2023-12-08 00:00:00,239.1,0.02701774,-1,0,0,8.492238676,11.7555447
2023-12-09 00:00:00,237.87,-0.005144291,-1,0,0,8.443407837,11.7555447
2023-12-10 00:00:00,239.96,0.008786312,-1,0,0,8.526380563,11.7555447
2023-12-11 00:00:00,246.63,0.027796299,0,0.5,0,8.791178689,11.7555447
2023-12-12 00:00:00,253.64,0.028423144,1,1,0.014211572,9.069474771,11.93682104
2023-12-13 00:00:00,251.86,-0.007017821,1,1,-0.007017821,8.998809004,11.84603275
2023-12-14 00:00:00,253.07,0.004804256,1,1,0.004804256,9.046845845,11.90774838
2023-12-15 00:00:00,244.55,-0.033666574,0,0.5,-0.033666574,8.708602962,11.47318871
2023-12-16 00:00:00,244.16,-0.001594766,1,1,-0.000797383,8.693120013,11.4632428
2023-12-17 00:00:00,238.97,-0.021256553,0,0.5,-0.021256553,8.487077693,11.19831722
2023-12-18 00:00:00,241.86,0.012093568,0,0.5,0.006046784,8.601810314,11.27207781
2023-12-19 00:00:00,252.35,0.043372199,1,1,0.021686099,9.01826194,11.53821131
2023-12-20 00:00:00,259.97,0.030196156,1,1,0.030196156,9.320774941,11.9168171
2023-12-21 00:00:00,271.91,0.045928376,1,1,0.045928376,9.794791377,12.51006553
2023-12-22 00:00:00,271.07,-0.003089257,1,1,-0.003089257,9.761443487,12.46832946
2023-12-23 00:00:00,270.75,-0.001180507,1,1,-0.001180507,9.748739529,12.45243001
2023-12-24 00:00:00,264.02,-0.024856879,1,1,-0.024856879,9.481559411,12.11804458
2023-12-25 00:00:00,266.56,0.009620483,1,1,0.009620483,9.582397078,12.24424651
2023-12-26 00:00:00,297.51,0.116108944,1,1,0.116108944,10.81110802,13.78202198
2023-12-27 00:00:00,323.76,0.088232328,1,1,0.088232328,11.85322958,15.0862742
2023-12-28 00:00:00,322.21,-0.004787497,1,1,-0.004787497,11.79169479,15.00926121
2023-12-29 00:00:00,313.29,-0.027683809,1,1,-0.027683809,11.43757196,14.56606389
2023-12-30 00:00:00,316.71,0.010916403,1,1,0.010916403,11.57334551,14.73598932
2023-12-31 00:00:00,311.33,-0.016987149,1,1,-0.016987149,11.35976021,14.46867972
2024-01-01 00:00:00,313.53,0.007066457,1,1,0.007066457,11.44709992,14.57798848
2024-01-02 00:00:00,311.88,-0.005262654,1,1,-0.005262654,11.38159514,14.49600691
2024-01-03 00:00:00,315.6,0.011927664,1,1,0.011927664,11.52927865,14.68083808
2024-01-04 00:00:00,323.02,0.023510773,1,1,0.023510773,11.82385168,15.04950671
2024-01-05 00:00:00,317.14,-0.018203207,1,1,-0.018203207,11.59041645,14.75735421
2024-01-06 00:00:00,307.2,-0.031342625,1,1,-0.031342625,11.19579975,14.26347737
2024-01-07 00:00:00,302.06,-0.016731771,1,1,-0.016731771,10.99174243,14.00809237
2024-01-08 00:00:00,303.84,0.005892869,1,1,0.005892869,11.06240819,14.09653309
2024-01-09 00:00:00,301.37,-0.008129279,1,1,-0.008129279,10.96434952,13.97380917
2024-01-10 00:00:00,305.99,0.015329993,1,1,0.015329993,11.14776291,14.20335756
2024-01-11 00:00:00,308.51,0.008235563,1,1,0.008235563,11.24780658,14.32856577
2024-01-12 00:00:00,296.81,-0.037924216,1,1,-0.037924216,10.78331812,13.74724192
2024-01-13 00:00:00,302.35,0.018665139,1,1,0.018665139,11.00325539,14.02250125
2024-01-14 00:00:00,299.67,-0.008863899,1,1,-0.008863899,10.89685974,13.88934331
2024-01-15 00:00:00,317.14,0.058297461,1,1,0.058297461,11.59041645,14.75735421
2024-01-16 00:00:00,315.05,-0.006590149,1,1,-0.006590149,11.50744373,14.65351089
2024-01-17 00:00:00,309.25,-0.018409776,1,1,-0.018409776,11.27718449,14.36533326
2024-01-18 00:00:00,312.73,0.011253032,1,1,0.011253032,11.41534003,14.53823984
2024-01-19 00:00:00,314.39,0.005308093,1,1,0.005308093,11.48124181,14.62071826
2024-01-20 00:00:00,317.03,0.008397214,1,1,0.008397214,11.58604947,14.75188877
2024-01-21 00:00:00,318.41,0.0043529,1,1,0.0043529,11.64083529,14.82045518
2024-01-22 00:00:00,305.8,-0.039603028,1,1,-0.039603028,11.14021994,14.19391725
2024-01-23 00:00:00,298.52,-0.023806409,1,1,-0.023806409,10.85120489,13.83220464
2024-01-24 00:00:00,292.91,-0.018792711,1,1,-0.018792711,10.62848863,13.55346731
2024-01-25 00:00:00,292.08,-0.002833635,0,0.5,-0.002833635,10.59553773,13.5122281
2024-01-26 00:00:00,302.07,0.034202958,0,0.5,0.017101479,10.99213943,13.76040866
2024-01-27 00:00:00,305.68,0.011950872,0,0.5,0.005975436,11.13545595,13.84860854
2024-01-28 00:00:00,305.24,-0.001439414,0,0.5,-0.000719707,11.11798801,13.83792189
2024-01-29 00:00:00,310.67,0.017789281,0,0.5,0.00889464,11.3335583,13.96989987
2024-01-30 00:00:00,307.59,-0.009914057,0,0.5,-0.004957028,11.2112827,13.89569365
2024-01-31 00:00:00,300.53,-0.022952632,0,0.5,-0.011476316,10.93100163,13.72474597
2024-02-01 00:00:00,300.14,-0.001297707,0,0.5,-0.000648854,10.91551868,13.71519176
2024-02-02 00:00:00,301.27,0.00376491,0,0.5,0.001882455,10.96037953,13.74289245
2024-02-03 00:00:00,299.66,-0.005344044,0,0.5,-0.002672022,10.89646274,13.70349912
2024-02-04 00:00:00,304.72,0.016885804,0,0.5,0.008442902,11.09734408,13.82763932
2024-02-05 00:00:00,301.13,-0.011781307,0,0.5,-0.005890654,10.95482155,13.74029483
2024-02-06 00:00:00,302.77,0.005446153,1,1,0.002723076,11.01992933,13.78043378
2024-02-07 00:00:00,307.41,0.015325164,1,1,0.015325164,11.20413673,14.00694635
2024-02-08 00:00:00,318.54,0.036205719,1,1,0.036205719,11.64599627,14.55028363
2024-02-09 00:00:00,323.78,0.016450053,1,1,0.016450053,11.85402358,14.80608663
2024-02-10 00:00:00,322.59,-0.003675335,1,1,-0.003675335,11.80678074,14.74799396
2024-02-11 00:00:00,320.43,-0.006695806,1,1,-0.006695806,11.72102902,14.64254845
2024-02-12 00:00:00,327.66,0.02256343,1,1,0.02256343,12.00805907,14.99549801
2024-02-13 00:00:00,324.3,-0.010254532,1,1,-0.010254532,11.87466751,14.83147166
2024-02-14 00:00:00,333.47,0.028276287,1,1,0.028276287,12.23871531,15.2791269
2024-02-15 00:00:00,353.89,0.061234894,1,1,0.061234894,13.04938664,16.27597751
2024-02-16 00:00:00,360.25,0.017971686,1,1,0.017971686,13.3018778,16.58645595
2024-02-17 00:00:00,352.41,-0.021762665,1,1,-0.021762665,12.99063083,16.20372781
2024-02-18 00:00:00,349.87,-0.007207514,1,1,-0.007207514,12.88979316,16.0797317
2024-02-19 00:00:00,351.83,0.005602081,1,1,0.005602081,12.96760491,16.17541373
2024-02-20 00:00:00,354.86,0.008612114,1,1,0.008612114,13.08789551,16.32333035
2024-02-21 00:00:00,378.69,0.067153244,1,1,0.067153244,14.03394339,17.48664817
2024-02-22 00:00:00,382.33,0.009612084,1,1,0.009612084,14.17845091,17.66434338
2024-02-23 00:00:00,375.29,-0.018413412,1,1,-0.018413412,13.89896383,17.32066913
2024-02-24 00:00:00,381.27,0.015934344,1,1,0.015934344,14.13636905,17.61259698
2024-02-25 00:00:00,388.28,0.018385921,1,1,0.018385921,14.41466513,17.95480671
2024-02-26 00:00:00,401.46,0.033944576,1,1,0.033944576,14.9379094,18.59821959
2024-02-27 00:00:00,394.27,-0.01790963,1,1,-0.01790963,14.65246735,18.24722273
2024-02-28 00:00:00,414.58,0.051512923,1,1,0.051512923,15.45877169,19.23870342
2024-02-29 00:00:00,399.62,-0.036084712,1,1,-0.036084712,14.86486165,18.50839564
2024-03-01 00:00:00,407.65,0.020094089,1,1,0.020094089,15.18365159,18.90039908
2024-03-02 00:00:00,411.17,0.008634858,1,1,0.008634858,15.32339513,19.07223621
2024-03-03 00:00:00,414.73,0.008658219,1,1,0.008658219,15.46472667,19.24602603
2024-03-04 00:00:00,418.87,0.009982398,1,1,0.009982398,15.62908412,19.44812992
2024-03-05 00:00:00,394.19,-0.058920429,1,1,-0.058920429,14.64929136,18.24331734
2024-03-06 00:00:00,429.64,0.089931251,1,1,0.089931251,16.05665171,19.97389295
2024-03-07 00:00:00,474.55,0.104529373,1,1,0.104529373,17.83957283,22.16628084
2024-03-08 00:00:00,485.29,0.022631967,1,1,0.022631967,18.26594942,22.69057935
2024-03-09 00:00:00,488.05,0.005687321,1,1,0.005687321,18.37552106,22.82531527
2024-03-10 00:00:00,529.09,0.084089745,1,1,0.084089745,20.00480368,24.82877996
2024-03-11 00:00:00,523.06,-0.011396927,1,1,-0.011396927,19.76541347,24.53441124
2024-03-12 00:00:00,537.69,0.027970023,1,1,0.027970023,20.34622256,25.2486093
2024-03-13 00:00:00,631.02,0.173575852,1,1,0.173575852,24.05141133,29.80473403
2024-03-14 00:00:00,603.75,-0.043215746,1,1,-0.043215746,22.9687959,28.47348447
2024-03-15 00:00:00,633.01,0.048463768,1,1,0.048463768,24.13041407,29.90188059
2024-03-16 00:00:00,576.84,-0.088734775,1,1,-0.088734775,21.90047243,27.15980916
2024-03-17 00:00:00,571.5,-0.009257333,1,1,-0.009257333,21.68847513,26.89912443
2024-03-18 00:00:00,555.66,-0.027716535,1,1,-0.027716535,21.0596292,26.12585736
2024-03-19 00:00:00,507.96,-0.085843861,1,1,-0.085843861,19.16594545,23.79726902
2024-03-20 00:00:00,556.99,0.096523348,1,1,0.096523348,21.11243003,26.19078446
2024-03-21 00:00:00,554.13,-0.005134742,1,1,-0.005134742,20.9988884,26.05116679
2024-03-22 00:00:00,554.31,0.000324834,1,1,0.000324834,21.00603438,26.05995392
2024-03-23 00:00:00,552.15,-0.003896736,1,1,-0.003896736,20.92028266,25.95450841
2024-03-24 00:00:00,568.36,0.029357964,1,1,0.029357964,21.56381754,26.7458379
2024-03-25 00:00:00,587.48,0.03364065,1,1,0.03364065,22.32287903,27.67922593
2024-03-26 00:00:00,580.56,-0.011779124,1,1,-0.011779124,22.04815594,27.34140976
2024-03-27 00:00:00,574.8,-0.009921455,1,1,-0.009921455,21.8194847,27.06022174
2024-03-28 00:00:00,583.83,0.015709812,1,1,0.015709812,22.17797451,27.50104255
2024-03-29 00:00:00,612.35,0.048849836,1,1,0.048849836,23.31021478,28.89331382
2024-03-30 00:00:00,600.25,-0.019759941,1,1,-0.019759941,22.82984636,28.30262369
2024-03-31 00:00:00,606.03,0.009629321,1,1,0.009629321,23.0593116,28.58478807
2024-04-01 00:00:00,576.42,-0.048858967,1,1,-0.048858967,21.88379848,27.13930587
2024-04-02 00:00:00,551.83,-0.042659866,1,1,-0.042659866,20.9075787,25.93888685
2024-04-03 00:00:00,562.13,0.018665169,1,1,0.018665169,21.31648736,26.44170572
2024-04-04 00:00:00,584.34,0.039510434,1,1,0.039510434,22.19822145,27.52593941
2024-04-05 00:00:00,577.66,-0.011431701,1,1,-0.011431701,21.93302632,27.1998394
2024-04-06 00:00:00,585.01,0.012723748,1,1,0.012723748,22.22482036,27.55864704
2024-04-07 00:00:00,583.45,-0.002666621,1,1,-0.002666621,22.16288856,27.48249195
2024-04-08 00:00:00,586.72,0.005604593,1,1,0.005604593,22.29270713,27.64212474
2024-04-09 00:00:00,580.82,-0.010055904,1,1,-0.010055904,22.05847791,27.35410228
2024-04-10 00:00:00,610.03,0.050290968,1,1,0.050290968,23.21811108,28.78005753
2024-04-11 00:00:00,604.85,-0.008491386,1,1,-0.008491386,23.01246576,28.52718357
2024-04-12 00:00:00,595.2,-0.015954369,0,0.5,-0.015954369,22.62936202,28.056096
2024-04-13 00:00:00,553.33,-0.070346102,0,0.5,-0.035173051,20.96712851,27.03410445
2024-04-14 00:00:00,566,0.022897728,0,0.5,0.011448864,21.47012585,27.3550631
2024-04-15 00:00:00,552.18,-0.024416961,0,0.5,-0.012208481,20.92147366,27.00889086
2024-04-16 00:00:00,537.52,-0.026549314,0,0.5,-0.013274657,20.33947358,26.63708245
2024-04-17 00:00:00,533.94,-0.006660217,0,0.5,-0.003330109,20.19734805,26.54504796
2024-04-18 00:00:00,551.95,0.033730382,1,1,0.016865191,20.91234269,27.00960045
2024-04-19 00:00:00,553.77,0.0032974,0,0.5,0.0032974,20.98459645,27.10195931
2024-04-20 00:00:00,570.37,0.029976344,1,1,0.014988172,21.64361428,27.52315631
2024-04-21 00:00:00,579.31,0.015674036,1,1,0.015674036,21.9985311,27.9702293
2024-04-22 00:00:00,604.37,0.043258359,1,1,0.043258359,22.99340982,29.22343388
2024-04-23 00:00:00,605.74,0.002266823,1,1,0.002266823,23.04779864,29.29194506
2024-04-24 00:00:00,608.47,0.004506884,1,1,0.004506884,23.15617928,29.42846735
2024-04-25 00:00:00,612.55,0.006705343,1,1,0.006705343,23.31815475,29.63250066
2024-04-26 00:00:00,597.47,-0.024618398,1,1,-0.024618398,22.71948073,28.87837755
2024-04-27 00:00:00,595.74,-0.002895543,1,1,-0.002895543,22.65079995,28.79186343
2024-04-28 00:00:00,599.64,0.00654648,0,0.5,0.00654648,22.80562944,28.98689526
2024-04-29 00:00:00,592.62,-0.011707024,0,0.5,-0.005853512,22.52693636,28.81136661
2024-04-30 00:00:00,577.72,-0.025142587,0,0.5,-0.012571294,21.93540831,28.43659917
2024-05-01 00:00:00,561.45,-0.028162432,0,0.5,-0.014081216,21.28949144,28.02209606
2024-05-02 00:00:00,560.21,-0.002208567,1,1,-0.001104284,21.24026361,27.99004744
2024-05-03 00:00:00,586.65,0.047196587,1,1,0.047196587,22.28992814,29.35827874
2024-05-04 00:00:00,584.78,-0.003187591,1,1,-0.003187591,22.21568939,29.26150897
2024-05-05 00:00:00,591.56,0.011594104,1,1,0.011594104,22.4848545,29.61236405
2024-05-06 00:00:00,587.81,-0.006339171,1,1,-0.006339171,22.33597999,29.41830704
2024-05-07 00:00:00,575.86,-0.020329698,0,0.5,-0.020329698,21.86156656,28.79991203
2024-05-08 00:00:00,588.22,0.02146355,1,1,0.010731775,22.35225694,29.11971798
2024-05-09 00:00:00,596.42,0.013940362,1,1,0.013940362,22.67779586,29.53959777
2024-05-10 00:00:00,585.26,-0.018711646,0,0.5,-0.018711646,22.23474533,28.96815162
2024-05-11 00:00:00,592.03,0.011567508,0,0.5,0.005783754,22.50351344,29.14148005
2024-05-12 00:00:00,594.25,0.00374981,0,0.5,0.001874905,22.59164715,29.19799246
2024-05-13 00:00:00,591.29,-0.004981069,1,1,-0.002490534,22.47413554,29.12278332
2024-05-14 00:00:00,566.59,-0.041773072,1,1,-0.041773072,21.49354877,27.86446211
2024-05-15 00:00:00,580.81,0.025097513,1,1,0.025097513,22.05808091,28.58888833
2024-05-16 00:00:00,568.48,-0.021228973,1,1,-0.021228973,21.56858152,27.96074661
2024-05-17 00:00:00,580.52,0.021179285,1,1,0.021179285,22.04656795,28.57411452
2024-05-18 00:00:00,580.27,-0.000430648,1,1,-0.000430648,22.03664298,28.56137847
2024-05-19 00:00:00,574.31,-0.010271081,1,1,-0.010271081,21.80003176,28.25775117
2024-05-20 00:00:00,599.71,0.044226985,1,1,0.044226985,22.80840843,29.5517333
2024-05-21 00:00:00,619.02,0.032198896,1,1,0.032198896,23.5750129,30.53546539
2024-05-22 00:00:00,615.24,-0.006106426,1,1,-0.006106426,23.4249474,30.3428964
2024-05-23 00:00:00,599.66,-0.025323451,0,0.5,-0.025323451,22.80642344,29.5491861
2024-05-24 00:00:00,600.55,0.001484174,0,0.5,0.000742087,22.84175632,29.57185625
2024-05-25 00:00:00,602.48,0.003213721,0,0.5,0.00160686,22.91837707,29.62098096
2024-05-26 00:00:00,600.65,-0.003037445,1,1,-0.001518723,22.84572631,29.57447618
2024-05-27 00:00:00,604.13,0.005793723,1,1,0.005793723,22.98388185,29.75161624
2024-05-28 00:00:00,601.91,-0.003674706,1,1,-0.003674706,22.89574814,29.6386131
2024-05-29 00:00:00,595.77,-0.010200861,1,1,-0.010200861,22.65199095,29.32607288
2024-05-30 00:00:00,595.34,-0.000721755,1,1,-0.000721755,22.63492,29.30418488
2024-05-31 00:00:00,594.03,-0.002200423,1,1,-0.002200423,22.58291318,29.23750285
2024-06-01 00:00:00,602.39,0.014073363,1,1,0.014073363,22.91480408,29.66304621
2024-06-02 00:00:00,603.4,0.001676655,1,1,0.001676655,22.95490095,29.71445755
2024-06-03 00:00:00,626.86,0.038879682,1,1,0.038879682,23.88625988,30.90862589
2024-06-04 00:00:00,686.16,0.094598475,1,1,0.094598475,26.24046211,33.92713324
2024-06-05 00:00:00,699.32,0.0191792,1,1,0.0191792,26.76291238,34.59700772
2024-06-06 00:00:00,711.29,0.017116628,1,1,0.017116628,27.23811981,35.20630844
2024-06-07 00:00:00,684,-0.038366911,1,1,-0.038366911,26.15471039,33.81718423
2024-06-08 00:00:00,682.61,-0.002032164,1,1,-0.002032164,26.09952757,33.74643001
2024-06-09 00:00:00,673.16,-0.013843923,1,1,-0.013843923,25.72436381,33.26540313
2024-06-10 00:00:00,625,-0.07154317,1,1,-0.07154317,23.81241812,30.81394758
2024-06-11 00:00:00,602.18,-0.036512,1,1,-0.036512,22.90646711,29.65235673
2024-06-12 00:00:00,619.28,0.028396825,1,1,0.028396825,23.58533487,30.52278633
2024-06-13 00:00:00,599.7,-0.031617362,1,1,-0.031617362,22.80801143,29.52611898
2024-06-14 00:00:00,603.11,0.005686176,1,1,0.005686176,22.94338799,29.69969588
2024-06-15 00:00:00,607.99,0.008091393,1,1,0.008091393,23.13712335,29.94809918
2024-06-16 00:00:00,610.65,0.004375072,1,1,0.004375072,23.242725,30.08349934
2024-06-17 00:00:00,603.96,-0.010955539,1,1,-0.010955539,22.97713288,29.74296285
2024-06-18 00:00:00,588.5,-0.025597722,1,1,-0.025597722,22.3633729,28.95601304
2024-06-19 00:00:00,598.92,0.017706032,0,0.5,0.017706032,22.77704554,29.48641518
2024-06-20 00:00:00,587.32,-0.019368196,0,0.5,-0.009684098,22.31652706,29.19118174
2024-06-21 00:00:00,586.11,-0.002060206,0,0.5,-0.001030103,22.26849021,29.16008172
2024-06-22 00:00:00,590.98,0.00830902,0,0.5,0.00415451,22.46182858,29.28538209
2024-06-23 00:00:00,577.4,-0.022978781,0,0.5,-0.011489391,21.92270436,28.93742151
2024-06-24 00:00:00,567.95,-0.01636647,0,0.5,-0.008183235,21.54754059,28.69243655
2024-06-25 00:00:00,577.94,0.017589577,0,0.5,0.008794788,21.94414228,28.95357524
2024-06-26 00:00:00,573.09,-0.008391875,0,0.5,-0.004195937,21.75159792,28.82789192
2024-06-27 00:00:00,581.75,0.015111065,0,0.5,0.007555532,22.09539879,29.05325752
2024-06-28 00:00:00,567.7,-0.024151268,0,0.5,-0.012075634,21.53761563,28.69034538
2024-06-29 00:00:00,570.4,0.004756033,0,0.5,0.002378017,21.64480527,28.76094952
2024-06-30 00:00:00,582.63,0.021441094,0,0.5,0.010720547,22.13033467,29.08000317
2024-07-01 00:00:00,577.17,-0.009371299,0,0.5,-0.00468565,21.91357339,28.93905882
2024-07-02 00:00:00,580.3,0.005423012,0,0.5,0.002711506,22.03783398,29.02023876
2024-07-03 00:00:00,556.91,-0.040306738,0,0.5,-0.020153369,21.10925404,28.41522981
2024-07-04 00:00:00,513.22,-0.078450737,0,0.5,-0.039225369,19.37476676,27.26140658
2024-07-05 00:00:00,497.54,-0.0305522,0,0.5,-0.0152761,18.75227282,26.82968251
2024-07-06 00:00:00,526.15,0.057502914,0,0.5,0.028751457,19.88808607,27.62982644
2024-07-07 00:00:00,490.64,-0.067490259,0,0.5,-0.03374513,18.47834372,26.66370923
2024-07-08 00:00:00,510.28,0.040029349,-1,0,0.020014675,19.25804915,27.21738937
2024-07-09 00:00:00,516.67,0.012522537,-1,0,0,19.51173131,27.21738937
2024-07-10 00:00:00,524.68,0.015503126,-1,0,0,19.82972726,27.21738937
2024-07-11 00:00:00,524.87,0.000362125,-1,0,0,19.83727024,27.21738937
2024-07-12 00:00:00,534.09,0.017566255,-1,0,0,20.20330303,27.21738937
2024-07-13 00:00:00,532.46,-0.00305192,-1,0,0,20.13859224,27.21738937
2024-07-14 00:00:00,544.76,0.023100327,-1,0,0,20.62690063,27.21738937
2024-07-15 00:00:00,585.1,0.074050958,0,0.5,0,22.22839335,27.21738937
2024-07-16 00:00:00,576.05,-0.015467441,0,0.5,-0.007733721,21.86910953,26.99916396
2024-07-17 00:00:00,568.79,-0.012603073,0,0.5,-0.006301536,21.58088848,26.82272621
2024-07-18 00:00:00,571.96,0.005573234,0,0.5,0.002786617,21.70673707,26.9002575
2024-07-19 00:00:00,593.59,0.03781733,0,0.5,0.018908665,22.56544523,27.42781412
2024-07-20 00:00:00,593.2,-0.000657019,1,1,-0.00032851,22.54996229,27.41847531
2024-07-21 00:00:00,602.47,0.015627107,1,1,0.015627107,22.91798007,27.86257387
2024-07-22 00:00:00,587.31,-0.025163079,0,0.5,-0.025163079,22.31613006,27.13630266
2024-07-23 00:00:00,582.19,-0.008717713,0,0.5,-0.004358856,22.11286673,27.01366055
2024-07-24 00:00:00,574.78,-0.012727804,0,0.5,-0.006363902,21.8186907,26.83538437
2024-07-25 00:00:00,570.94,-0.006680817,-1,0,-0.003340409,21.6662432,26.74240281
2024-07-26 00:00:00,581.04,0.017690125,0,0.5,0,22.06721188,26.74240281
2024-07-27 00:00:00,581.91,0.001497315,0,0.5,0.000748658,22.10175076,26.76317237
2024-07-28 00:00:00,584.21,0.003952501,0,0.5,0.001976251,22.19306046,26.81803936
2024-07-29 00:00:00,574.46,-0.016689204,0,0.5,-0.008344602,21.80598674,26.58590889
2024-07-30 00:00:00,588.34,0.024161822,1,1,0.012080911,22.35702092,26.91917179
2024-07-31 00:00:00,576.79,-0.019631506,0,0.5,-0.019631506,21.89848743,26.37107642
2024-08-01 00:00:00,575.37,-0.002461901,0,0.5,-0.001230951,21.84211362,26.33738397
2024-08-02 00:00:00,543.15,-0.055998749,-1,0,-0.027999374,20.56298384,25.57195433
2024-08-03 00:00:00,529.64,-0.024873424,0,0.5,0,20.02663861,25.57195433
2024-08-04 00:00:00,496.92,-0.061777811,-1,0,-0.030888906,18.7276589,24.75117573
2024-08-05 00:00:00,464.2,-0.065845609,-1,0,0,17.42867919,24.75117573
2024-08-06 00:00:00,484.78,0.044334339,-1,0,0,18.24570249,24.75117573
2024-08-07 00:00:00,474.99,-0.020194728,-1,0,0,17.85704077,24.75117573
2024-08-08 00:00:00,517.05,0.088549233,0,0.5,0,19.52681726,24.75117573
2024-08-09 00:00:00,508.87,-0.01582052,-1,0,-0.00791026,19.20207233,24.54747724
2024-08-10 00:00:00,523.29,0.028337296,-1,0,0,19.77454444,24.54747724
2024-08-11 00:00:00,503.68,-0.037474441,-1,0,0,18.99603001,24.54747724
2024-08-12 00:00:00,518.48,0.029383736,-1,0,0,19.58358807,24.54747724
2024-08-13 00:00:00,524.24,0.011109397,-1,0,0,19.81225932,24.54747724
2024-08-14 00:00:00,523.18,-0.002021975,-1,0,0,19.77017746,24.54747724
2024-08-15 00:00:00,518.87,-0.008238082,-1,0,0,19.59907102,24.54747724
2024-08-16 00:00:00,519.47,0.001156359,-1,0,0,19.62289094,24.54747724
2024-08-17 00:00:00,541.81,0.043005371,-1,0,0,20.50978602,24.54747724
2024-08-18 00:00:00,531.28,-0.019434857,-1,0,0,20.0917464,24.54747724
2024-08-19 00:00:00,558.77,0.05174296,-1,0,0,21.1830958,24.54747724
2024-08-20 00:00:00,569.37,0.018970238,-1,0,0,21.60391441,24.54747724
2024-08-21 00:00:00,569.79,0.000737657,-1,0,0,21.62058835,24.54747724
2024-08-22 00:00:00,582.8,0.022832974,0,0.5,0,22.13708365,24.54747724
2024-08-23 00:00:00,591.29,0.014567605,0,0.5,0.007283802,22.47413554,24.73356001
2024-08-24 00:00:00,580.43,-0.018366622,0,0.5,-0.009183311,22.04299496,24.49724072
2024-08-25 00:00:00,573.48,-0.011973881,-1,0,-0.005986941,21.76708087,24.34459026
2024-08-26 00:00:00,548.03,-0.044378182,-1,0,0,20.7567192,24.34459026
2024-08-27 00:00:00,533.17,-0.027115304,-1,0,0,20.16677915,24.34459026
2024-08-28 00:00:00,537.05,0.007277229,-1,0,0,20.32081464,24.34459026
2024-08-29 00:00:00,536.31,-0.001377898,-1,0,0,20.29143674,24.34459026
2024-08-30 00:00:00,535.01,-0.002423971,-1,0,0,20.23982691,24.34459026
2024-08-31 00:00:00,532.83,-0.00407469,-1,0,0,20.15328119,24.34459026
2024-09-01 00:00:00,512.05,-0.038999306,-1,0,0,19.32831792,24.34459026
2024-09-02 00:00:00,526.41,0.028044136,-1,0,0,19.89840804,24.34459026
2024-09-03 00:00:00,518.85,-0.014361429,0,0.5,0,19.59827703,24.34459026
2024-09-04 00:00:00,507.71,-0.02147056,0,0.5,-0.01073528,19.15602049,24.07250898
2024-09-05 00:00:00,502.48,-0.010301156,0,0.5,-0.005150578,18.94839017,23.94337107
2024-09-06 00:00:00,487.04,-0.030727591,0,0.5,-0.015363796,18.33542419,23.56014621
2024-09-07 00:00:00,493.37,0.012996879,-1,0,0.00649844,18.58672436,23.71974884
2024-09-08 00:00:00,503.03,0.019579626,-1,0,0,18.9702251,23.71974884
2024-09-09 00:00:00,518.91,0.031568694,-1,0,0,19.60065902,23.71974884
2024-09-10 00:00:00,517.22,-0.003256827,0,0.5,0,19.53356624,23.71974884
2024-09-11 00:00:00,530.37,0.025424384,0,0.5,0.012712192,20.05561952,24.03399104
2024-09-12 00:00:00,544.58,0.026792616,0,0.5,0.013396308,20.61975465,24.3693541
2024-09-13 00:00:00,556.02,0.021007015,0,0.5,0.010503507,21.07392116,24.63582129
2024-09-14 00:00:00,553.21,-0.005053775,0,0.5,-0.002526888,20.96236452,24.57104246
2024-09-15 00:00:00,553.12,-0.000162687,0,0.5,-8.13434E-05,20.95879154,24.56896242
2024-09-16 00:00:00,533.37,-0.035706537,-1,0,-0.017853269,20.17471912,24.11247286
2024-09-17 00:00:00,546.02,0.023717119,0,0.5,0,20.67692247,24.11247286
2024-09-18 00:00:00,559.32,0.024358082,0,0.5,0.012179041,21.20493072,24.4183187
2024-09-19 00:00:00,566.85,0.013462776,-1,0,0.006731388,21.50387074,24.58941927
2024-09-20 00:00:00,568.83,0.003492988,-1,0,0,21.58247648,24.58941927
2024-09-21 00:00:00,588.98,0.035423589,0,0.5,0,22.38242884,24.58941927
2024-09-22 00:00:00,588.65,-0.000560291,-1,0,-0.000280145,22.36932788,24.58225051
2024-09-23 00:00:00,604.97,0.027724454,1,1,0,23.01722974,24.58225051
2024-09-24 00:00:00,606.07,0.001818272,1,1,0.001818272,23.0608996,24.628766
2024-09-25 00:00:00,587.49,-0.030656525,0,0.5,-0.030656525,22.32327603,23.8430771
2024-09-26 00:00:00,596.47,0.015285367,1,1,0.007642683,22.67978086,24.03294487
2024-09-27 00:00:00,607.33,0.018207119,1,1,0.018207119,23.11092143,24.48872266
2024-09-28 00:00:00,601.12,-0.010225084,1,1,-0.010225084,22.86438525,24.22809835
2024-09-29 00:00:00,595.76,-0.008916689,0,0.5,-0.008916689,22.65159395,24.00314724
2024-09-30 00:00:00,567.65,-0.04718343,0,0.5,-0.023591715,21.53563063,23.41328012
2024-10-01 00:00:00,546.98,-0.036413283,0,0.5,-0.018206641,20.71503434,22.96879629
2024-10-02 00:00:00,542.38,-0.008409814,0,0.5,-0.004204907,20.53241494,22.86800973
2024-10-03 00:00:00,544.64,0.00416682,0,0.5,0.00208341,20.62213665,22.91773658
2024-10-04 00:00:00,555.27,0.019517479,0,0.5,0.00975874,21.04414625,23.15114355
2024-10-05 00:00:00,563.13,0.014155276,0,0.5,0.007077638,21.35618722,23.3220766
2024-10-06 00:00:00,570.26,0.012661375,0,0.5,0.006330687,21.63924729,23.47605206
2024-10-07 00:00:00,564.33,-0.010398765,0,0.5,-0.005199383,21.40382707,23.3487917
2024-10-08 00:00:00,579.92,0.02762568,0,0.5,0.01381284,22.02274802,23.68511766
2024-10-09 00:00:00,570.35,-0.016502276,0,0.5,-0.008251138,21.64282028,23.48143735
2024-10-10 00:00:00,563.63,-0.011782239,0,0.5,-0.005891119,21.37603716,23.33721428
2024-10-11 00:00:00,573.77,0.017990526,0,0.5,0.008995263,21.77859383,23.55613392
2024-10-12 00:00:00,576.51,0.004775433,0,0.5,0.002387716,21.88737147,23.614767
2024-10-13 00:00:00,572.21,-0.007458674,0,0.5,-0.003729337,21.71666204,23.52297024
2024-10-14 00:00:00,589.31,0.029884133,0,0.5,0.014942067,22.39552979,23.8893941
2024-10-15 00:00:00,594.89,0.009468701,0,0.5,0.00473435,22.61705506,24.00722921
2024-10-16 00:00:00,601.13,0.010489334,1,1,0.005244667,22.86478225,24.1383838
2024-10-17 00:00:00,592.83,-0.01380733,0,0.5,-0.01380733,22.53527333,23.79128985
2024-10-18 00:00:00,599.03,0.01045831,1,1,0.005229155,22.78141252,23.92092735
2024-10-19 00:00:00,597.94,-0.001819608,1,1,-0.001819608,22.73813966,23.87558102
2024-10-20 00:00:00,606.28,0.013947888,1,1,0.013947888,23.06923657,24.22254283
2024-10-21 00:00:00,598.74,-0.012436498,1,1,-0.012436498,22.76989956,23.90886273
2024-10-22 00:00:00,593.81,-0.008233958,1,1,-0.008233958,22.57417921,23.7037642
2024-10-23 00:00:00,584.95,-0.014920597,0,0.5,-0.014920597,22.22243837,23.33516928
2024-10-24 00:00:00,594.65,0.016582614,0,0.5,0.008291307,22.6075271,23.53693964
2024-10-25 00:00:00,574.64,-0.033650046,-1,0,-0.016825023,21.81313272,23.12410506
2024-10-26 00:00:00,583.4,0.015244327,0,0.5,0,22.16090357,23.12410506
2024-10-27 00:00:00,589.34,0.010181694,0,0.5,0.005090847,22.39672079,23.24691718
2024-10-28 00:00:00,601.37,0.020412665,1,1,0.010206333,22.87431021,23.49438928
2024-10-29 00:00:00,606.71,0.008879725,1,1,0.008879725,23.08630752,23.71189271
2024-10-30 00:00:00,595.9,-0.017817409,1,1,-0.017817409,22.65715193,23.27159082
2024-10-31 00:00:00,576.71,-0.03220339,1,1,-0.03220339,21.89531145,22.48996332
2024-11-01 00:00:00,572.93,-0.006554421,1,1,-0.006554421,21.74524594,22.33600022
2024-11-02 00:00:00,568.58,-0.007592551,1,1,-0.007592551,21.57255151,22.15882046
2024-11-03 00:00:00,557.78,-0.018994689,1,1,-0.018994689,21.14379293,21.71892588
2024-11-04 00:00:00,552.51,-0.00944817,0,0.5,-0.00944817,20.93457462,21.50427361
2024-11-05 00:00:00,563.3,0.019529058,0,0.5,0.009764529,21.3629362,21.72401725
2024-11-06 00:00:00,592.61,0.052032665,1,1,0.026016332,22.52653936,22.31521283
2024-11-07 00:00:00,598.74,0.010344071,1,1,0.010344071,22.76989956,22.55638705
2024-11-08 00:00:00,598.17,-0.000951999,1,1,-0.000951999,22.74727063,22.53396139
2024-11-09 00:00:00,625.06,0.044953776,1,1,0.044953776,23.81480011,23.59190181
2024-11-10 00:00:00,627.84,0.004447573,1,1,0.004447573,23.92516575,23.70127609
2024-11-11 00:00:00,660.53,0.052067406,1,1,0.052067406,25.22295446,24.98740746
2024-11-12 00:00:00,625.78,-0.052609268,1,1,-0.052609268,23.84338402,23.62022896
2024-11-13 00:00:00,621.19,-0.007334846,1,1,-0.007334846,23.66116162,23.43964337
2024-11-14 00:00:00,622.64,0.002334229,1,1,0.002334229,23.71872643,23.49669111
2024-11-15 00:00:00,619.73,-0.004673648,1,1,-0.004673648,23.60319981,23.3822022
2024-11-16 00:00:00,623.19,0.005583077,1,1,0.005583077,23.74056136,23.51832991
2024-11-17 00:00:00,618.99,-0.006739518,1,1,-0.006739518,23.57382191,23.35308819
2024-11-18 00:00:00,619.46,0.000759301,1,1,0.000759301,23.59248084,23.37157952
2024-11-19 00:00:00,615.93,-0.005698512,1,1,-0.005698512,23.45234031,23.23269779
2024-11-20 00:00:00,605.78,-0.016479145,1,1,-0.016479145,23.04938664,22.83336364
2024-11-21 00:00:00,622.33,0.027320149,1,1,0.027320149,23.70641947,23.4844947
2024-11-22 00:00:00,633.51,0.017964745,1,1,0.017964745,24.150264,23.92435241
2024-11-23 00:00:00,651.13,0.027813294,1,1,0.027813294,24.8497757,24.61758076
2024-11-24 00:00:00,660.22,0.013960346,1,1,0.013960346,25.2106475,24.97521104
2024-11-25 00:00:00,636.59,-0.0357911,1,1,-0.0357911,24.2725396,24.04552967
2024-11-26 00:00:00,613.94,-0.035580201,1,1,-0.035580201,23.37333757,23.1544047
2024-11-27 00:00:00,644.69,0.050086328,1,1,0.050086328,24.59410854,24.36421012
2024-11-28 00:00:00,654.33,0.014952923,1,1,0.014952923,24.97681528,24.74347921
2024-11-29 00:00:00,655.13,0.001222625,1,1,0.001222625,25.00857517,24.77495382
2024-11-30 00:00:00,653.88,-0.001908018,1,1,-0.001908018,24.95895034,24.72577474
2024-12-01 00:00:00,656.63,0.004205665,1,1,0.004205665,25.06812498,24.83396872
2024-12-02 00:00:00,648.28,-0.012716446,1,1,-0.012716446,24.73663107,24.50545245
2024-12-03 00:00:00,735.67,0.134802863,1,1,0.134802863,28.20600262,27.94366046
2024-12-04 00:00:00,740.46,0.006511072,1,1,0.006511072,28.39616499,28.1321147
2024-12-05 00:00:00,717.76,-0.030656619,1,1,-0.030656619,27.49497797,27.23902257
2024-12-06 00:00:00,730.75,0.018097971,1,1,0.018097971,28.01067926,27.75009159
2024-12-07 00:00:00,750.33,0.026794389,1,1,0.026794389,28.7880027,28.52043274
2024-12-08 00:00:00,742.51,-0.010422081,1,1,-0.010422081,28.47754972,28.2127684
2024-12-09 00:00:00,689.54,-0.071339107,1,1,-0.071339107,26.37464766,26.1287556
2024-12-10 00:00:00,677.22,-0.017866984,1,1,-0.017866984,25.88554528,25.64404656
2024-12-11 00:00:00,711.69,0.050899265,1,1,0.050899265,27.25399976,27.00020894
2024-12-12 00:00:00,706.18,-0.007742135,1,1,-0.007742135,27.03525348,26.78342755
2024-12-13 00:00:00,725.73,0.02768416,1,1,0.02768416,27.81138592,27.5525884
2024-12-14 00:00:00,715.57,-0.013999697,1,1,-0.013999697,27.40803525,27.15286081
2024-12-15 00:00:00,719.53,0.00553405,1,1,0.00553405,27.56524673,27.30866015
2024-12-16 00:00:00,721.09,0.002168082,1,1,0.002168082,27.62717853,27.37003564
2024-12-17 00:00:00,717.85,-0.004493198,1,1,-0.004493198,27.49855095,27.24256346
2024-12-18 00:00:00,686.45,-0.043741729,1,1,-0.043741729,26.25197507,26.00718491
2024-12-19 00:00:00,665.48,-0.030548474,1,1,-0.030548474,25.41946882,25.18215662
2024-12-20 00:00:00,678.32,0.019294344,1,1,0.019294344,25.92921513,25.68732416
2024-12-21 00:00:00,663.73,-0.021509022,1,1,-0.021509022,25.34999405,25.11330591
2024-12-22 00:00:00,649.77,-0.021032649,1,1,-0.021032649,24.79578387,24.56407391
2024-12-23 00:00:00,693.9,0.06791634,1,1,0.06791634,26.54773909,26.30029224
2024-12-24 00:00:00,696.63,0.003934284,1,1,0.003934284,26.65611973,26.40769936
2024-12-25 00:00:00,702.13,0.007895152,1,1,0.007895152,26.87446901,26.62408732
2024-12-26 00:00:00,688.75,-0.0190563,1,1,-0.0190563,26.34328477,26.09767442
2024-12-27 00:00:00,691.49,0.003978221,1,1,0.003978221,26.45206241,26.20547497
2024-12-28 00:00:00,722.14,0.044324574,1,1,0.044324574,27.66886339,27.41134607
2024-12-29 00:00:00,694.48,-0.038302822,1,1,-0.038302822,26.57076502,26.32311133
2024-12-30 00:00:00,704.76,0.014802442,1,1,0.014802442,26.97887967,26.72756011
2024-12-31 00:00:00,702.12,-0.003745956,1,1,-0.003745956,26.87407202,26.62369389
2025-01-01 00:00:00,707.43,0.00756281,1,1,0.00756281,27.08487832,26.83260663
2025-01-02 00:00:00,706.11,-0.001865909,0,0.5,-0.001865909,27.03247449,26.78067352
2025-01-03 00:00:00,705.67,-0.000623132,0,0.5,-0.000311566,27.01500655,26.772018