date,close_price_BTCUSDT,return_BTCUSDT,signal_BTCUSDT,position_BTCUSDT,signal_return_BTCUSDT,cum_return_BTCUSDT,cum_signal_return_BTCUSDT
2020-01-01 00:00:00,7197.57,,0,0.5,,,
2020-01-02 00:00:00,6962.04,-0.032723544,0,0.5,-0.016361772,-0.032723544,-0.016361772
2020-01-03 00:00:00,7341.72,0.05453574,0,0.5,0.02726787,0.020027593,0.010459947
2020-01-04 00:00:00,7350.71,0.001224509,0,0.5,0.000612254,0.021276625,0.011078605
2020-01-05 00:00:00,7354.36,0.000496551,0,0.5,0.000248275,0.021783741,0.011329631
2020-01-06 00:00:00,7757.39,0.054801506,0,0.5,0.027400753,0.077779028,0.039040825
2020-01-07 00:00:00,8152.49,0.050932079,0,0.5,0.025466039,0.132672555,0.065501079
2020-01-08 00:00:00,8059.84,-0.011364626,0,0.5,-0.005682313,0.119800155,0.059446569
2020-01-09 00:00:00,7818.59,-0.029932356,0,0.5,-0.014966178,0.086281898,0.043590703
2020-01-10 00:00:00,8207.09,0.049689266,0,0.5,0.024844633,0.140258448,0.069518331
2020-01-11 00:00:00,8020.56,-0.02272791,0,0.5,-0.011363955,0.114342757,0.057364373
2020-01-12 00:00:00,8186.7,0.020714264,0,0.5,0.010357132,0.137425548,0.068315635
2020-01-13 00:00:00,8113,-0.009002406,0,0.5,-0.004501203,0.127185981,0.06350693
2020-01-14 00:00:00,8825,0.087760385,0,0.5,0.043880192,0.226108256,0.110173818
2020-01-15 00:00:00,8825.3,3.39943E-05,0,0.5,1.69972E-05,0.226149937,0.110192688
2020-01-16 00:00:00,8725.08,-0.011355988,0,0.5,-0.005677994,0.212225793,0.103889021
2020-01-17 00:00:00,8918.72,0.022193493,0,0.5,0.011096746,0.239129317,0.116138597
2020-01-18 00:00:00,8925,0.000704137,0,0.5,0.000352068,0.240001834,0.116531554
2020-01-19 00:00:00,8705.85,-0.024554622,0,0.5,-0.012277311,0.209554058,0.102823549
2020-01-20 00:00:00,8650,-0.006415227,0,0.5,-0.003207613,0.201794495,0.099286118
2020-01-21 00:00:00,8742.43,0.010685549,0,0.5,0.005342775,0.214636329,0.105159356
2020-01-22 00:00:00,8684.57,-0.006618297,0,0.5,-0.003309149,0.206597504,0.101502219
2020-01-23 00:00:00,8409.6,-0.031661902,0,0.5,-0.015830951,0.168394333,0.084064392
2020-01-24 00:00:00,8441.96,0.003847983,0,0.5,0.001923992,0.172890295,0.086150123
2020-01-25 00:00:00,8344.64,-0.011528129,0,0.5,-0.005764064,0.159369065,0.079889484
2020-01-26 00:00:00,8611.21,0.031945057,0,0.5,0.015972528,0.196405176,0.097138049
2020-01-27 00:00:00,8913.61,0.035117016,0,0.5,0.017558508,0.238419355,0.116402156
2020-01-28 00:00:00,9398.98,0.054452685,0,0.5,0.027226343,0.305854615,0.146797704
2020-01-29 00:00:00,9311,-0.00936059,0,0.5,-0.004680295,0.293631045,0.141430352
2020-01-30 00:00:00,9525.67,0.023055526,0,0.5,0.011527763,0.323456389,0.154588491
2020-01-31 00:00:00,9364.51,-0.016918495,0,0.5,-0.008459247,0.301065498,0.144821541
2020-02-01 00:00:00,9392.74,0.003014573,0,0.5,0.001507287,0.304987656,0.146547115
2020-02-02 00:00:00,9338.2,-0.005806612,0,0.5,-0.002903306,0.297410098,0.143218338
2020-02-03 00:00:00,9300.64,-0.004022188,0,0.5,-0.002011094,0.29219167,0.140919218
2020-02-04 00:00:00,9198.35,-0.010998168,0,0.5,-0.005499084,0.277979929,0.134645207
2020-02-05 00:00:00,9630,0.046926894,0,0.5,0.023463447,0.337951559,0.161267895
2020-02-06 00:00:00,9778.12,0.015381101,0,0.5,0.00769055,0.358530726,0.170198685
2020-02-07 00:00:00,9821.52,0.004438481,0,0.5,0.002219241,0.364560539,0.172795637
2020-02-08 00:00:00,9906.43,0.008645301,0,0.5,0.004322651,0.376357576,0.177865223
2020-02-09 00:00:00,10167.38,0.026341477,0,0.5,0.013170739,0.412612868,0.193378578
2020-02-10 00:00:00,9865.56,-0.02968513,0,0.5,-0.014842565,0.370679271,0.175665778
2020-02-11 00:00:00,10229.06,0.036845349,0,0.5,0.018422674,0.421182427,0.197324686
2020-02-12 00:00:00,10339.99,0.010844594,0,0.5,0.005422297,0.436594573,0.203816936
2020-02-13 00:00:00,10239.63,-0.009706006,0,0.5,-0.004853003,0.422650978,0.197974809
2020-02-14 00:00:00,10356.82,0.011444749,0,0.5,0.005722375,0.438932862,0.20483007
2020-02-15 00:00:00,9914.99,-0.042660778,0,0.5,-0.021330389,0.377546867,0.179130576
2020-02-16 00:00:00,9921.86,0.00069289,0,0.5,0.000346445,0.378501355,0.17953908
2020-02-17 00:00:00,9716,-0.020748126,0,0.5,-0.010374063,0.349900036,0.167302467
2020-02-18 00:00:00,10174.32,0.047171676,0,0.5,0.023585838,0.413577082,0.194834274
2020-02-19 00:00:00,9593.65,-0.057072119,0,0.5,-0.028536059,0.332901243,0.160738412
2020-02-20 00:00:00,9601.99,0.000869325,0,0.5,0.000434663,0.334059967,0.161242942
2020-02-21 00:00:00,9681.39,0.008269119,0,0.5,0.00413456,0.345091468,0.16604417
2020-02-22 00:00:00,9659.2,-0.002292026,0,0.5,-0.001146013,0.342008483,0.164707868
2020-02-23 00:00:00,9943.12,0.029393739,0,0.5,0.014696869,0.38145513,0.181825427
2020-02-24 00:00:00,9662.95,-0.028177272,0,0.5,-0.014088636,0.342529493,0.165175119
2020-02-25 00:00:00,9326,-0.034870304,0,0.5,-0.017435152,0.295715082,0.144860114
2020-02-26 00:00:00,8792.22,-0.057235685,0,0.5,-0.028617843,0.221553941,0.112096687
2020-02-27 00:00:00,8828,0.004069507,0,0.5,0.002034753,0.226525063,0.11435953
2020-02-28 00:00:00,8699.57,-0.014548029,0,0.5,-0.007274014,0.208681541,0.106253662
2020-02-29 00:00:00,8531.98,-0.019264171,0,0.5,-0.009632085,0.185397294,0.095598133
2020-03-01 00:00:00,8537.84,0.000686828,0,0.5,0.000343414,0.186211457,0.095974376
2020-03-02 00:00:00,8919.7,0.044725598,0,0.5,0.022362799,0.239265474,0.120483431
2020-03-03 00:00:00,8765,-0.017343633,0,0.5,-0.008671816,0.217772109,0.110766804
2020-03-04 00:00:00,8756.93,-0.000920707,0,0.5,-0.000460354,0.216650897,0.110255459
2020-03-05 00:00:00,9062.81,0.03493005,0,0.5,0.017465025,0.259148574,0.129646098
2020-03-06 00:00:00,9139.48,0.008459849,0,0.5,0.004229924,0.26980078,0.134424416
2020-03-07 00:00:00,8897.18,-0.026511355,0,0.5,-0.013255678,0.236136641,0.119386851
2020-03-08 00:00:00,8038.46,-0.096515975,0,0.5,-0.048257987,0.116829708,0.065367495
2020-03-09 00:00:00,7932.15,-0.01322517,0,0.5,-0.006612585,0.102059445,0.058322662
2020-03-10 00:00:00,7897.66,-0.004348128,0,0.5,-0.002174064,0.09726755,0.056021801
2020-03-11 00:00:00,7938.39,0.005157224,0,0.5,0.002578612,0.102926404,0.058744871
2020-03-12 00:00:00,4764.65,-0.399796432,0,0.5,-0.199898216,-0.338019637,-0.15289634
2020-03-13 00:00:00,5570.26,0.169080625,0,0.5,0.084540313,-0.226091584,-0.081281932
2020-03-14 00:00:00,5167.01,-0.072393389,0,0.5,-0.036196695,-0.282117437,-0.114536489
2020-03-15 00:00:00,5357.32,0.036831746,0,0.5,0.018415873,-0.255676569,-0.098229906
2020-03-16 00:00:00,5026.26,-0.061795823,0,0.5,-0.030897912,-0.301672648,-0.126092718
2020-03-17 00:00:00,5307.38,0.055930254,0,0.5,0.027965127,-0.262615021,-0.10165379
2020-03-18 00:00:00,5389.64,0.015499173,0,0.5,0.007749586,-0.251186164,-0.094691978
2020-03-19 00:00:00,6159.6,0.142859263,0,0.5,0.071429632,-0.144211171,-0.03002616
2020-03-20 00:00:00,6203.77,0.00717092,0,0.5,0.00358546,-0.138074378,-0.026548357
2020-03-21 00:00:00,6183.69,-0.003236742,0,0.5,-0.001618371,-0.140864208,-0.028123763
2020-03-22 00:00:00,5810.17,-0.060404063,0,0.5,-0.030202031,-0.192759501,-0.0574764
2020-03-23 00:00:00,6463.84,0.112504453,0,0.5,0.056252227,-0.10194135,-0.004457349
2020-03-24 00:00:00,6741.33,0.04292959,0,0.5,0.021464795,-0.06338806,0.01691177
2020-03-25 00:00:00,6673.41,-0.010075163,0,0.5,-0.005037582,-0.072824578,0.011788994
2020-03-26 00:00:00,6733.76,0.009043353,0,0.5,0.004521676,-0.064439804,0.016363977
2020-03-27 00:00:00,6353.64,-0.056449888,0,0.5,-0.028224944,-0.117252073,-0.01232284
2020-03-28 00:00:00,6230.95,-0.019310191,0,0.5,-0.009655095,-0.134298103,-0.021858957
2020-03-29 00:00:00,5876.27,-0.056922299,0,0.5,-0.02846115,-0.183575846,-0.049697976
2020-03-30 00:00:00,6391.08,0.087608296,0,0.5,0.043804148,-0.112050317,-0.008070805
2020-03-31 00:00:00,6407.1,0.002506619,0,0.5,0.001253309,-0.109824566,-0.006827611
2020-04-01 00:00:00,6641.51,0.036585975,0,0.5,0.018292987,-0.07725663,0.011340479
2020-04-02 00:00:00,6791.63,0.022603294,0,0.5,0.011301647,-0.05639959,0.022770292
2020-04-03 00:00:00,6729.8,-0.009103853,0,0.5,-0.004551926,-0.06498999,0.018114717
2020-04-04 00:00:00,6851.1,0.01802431,0,0.5,0.009012155,-0.04813708,0.027290124
2020-04-05 00:00:00,6768.9,-0.011998073,0,0.5,-0.005999037,-0.059557601,0.021127373
2020-04-06 00:00:00,7325.73,0.082262997,0,0.5,0.041131498,0.01780601,0.063127872
2020-04-07 00:00:00,7192.9,-0.018131981,0,0.5,-0.009065991,-0.00064883,0.053489565
2020-04-08 00:00:00,7357.66,0.022905921,0,0.5,0.011452961,0.022242229,0.065555139
2020-04-09 00:00:00,7278.65,-0.010738468,0,0.5,-0.005369234,0.011264913,0.059833924
2020-04-10 00:00:00,6857.82,-0.05781704,0,0.5,-0.02890852,-0.047203431,0.029195694
2020-04-11 00:00:00,6874.18,0.002385598,0,0.5,0.001192799,-0.044930442,0.030423317
2020-04-12 00:00:00,6900.52,0.00383173,0,0.5,0.001915865,-0.041270873,0.032397469
2020-04-13 00:00:00,6834,-0.009639853,0,0.5,-0.004819927,-0.050512881,0.027421389
2020-04-14 00:00:00,6864.11,0.004405912,0,0.5,0.002202956,-0.046329525,0.029684753
2020-04-15 00:00:00,6616.89,-0.036016323,0,0.5,-0.018008161,-0.080677229,0.011142024
2020-04-16 00:00:00,7098.15,0.072732054,0,0.5,0.036366027,-0.013812995,0.047913242
2020-04-17 00:00:00,7022.44,-0.010666159,0,0.5,-0.00533308,-0.024331823,0.042324637
2020-04-18 00:00:00,7242.42,0.031325294,0,0.5,0.015662647,0.00623127,0.0586502
2020-04-19 00:00:00,7118.03,-0.017175198,0,0.5,-0.008587599,-0.011050952,0.049558936
2020-04-20 00:00:00,6825.29,-0.041126548,0,0.5,-0.020563274,-0.051723012,0.027976569
2020-04-21 00:00:00,6838,0.001862192,0,0.5,0.000931096,-0.049957138,0.028933713
2020-04-22 00:00:00,7120.06,0.041248903,0,0.5,0.020624452,-0.010768912,0.050154907
2020-04-23 00:00:00,7483.35,0.051023446,0,0.5,0.025511723,0.039705067,0.076946168
2020-04-24 00:00:00,7504.11,0.002774159,0,0.5,0.001387079,0.042589374,0.078439978
2020-04-25 00:00:00,7534.01,0.003984483,0,0.5,0.001992242,0.046743554,0.080588491
2020-04-26 00:00:00,7694.17,0.021258268,0,0.5,0.010629134,0.068995508,0.092074211
2020-04-27 00:00:00,7774,0.010375388,0,0.5,0.005187694,0.080086752,0.097739557
2020-04-28 00:00:00,7735.75,-0.004920247,0,0.5,-0.002460123,0.074772458,0.095038983
2020-04-29 00:00:00,8784.2,0.135533077,0,0.5,0.067766538,0.220439676,0.169245984
2020-04-30 00:00:00,8624.76,-0.018150771,1,1,-0.009075385,0.198287755,0.158634626
2020-05-01 00:00:00,8830.52,0.023856896,1,1,0.023856896,0.226875181,0.186276052
2020-05-02 00:00:00,8975.18,0.016381821,1,1,0.016381821,0.246973631,0.205709414
2020-05-03 00:00:00,8900,-0.008376434,1,1,-0.008376434,0.236528439,0.195609869
2020-05-04 00:00:00,8873.98,-0.002923596,1,1,-0.002923596,0.23291333,0.192114389
2020-05-05 00:00:00,9022.78,0.016768124,1,1,0.016768124,0.253586974,0.212103911
2020-05-06 00:00:00,9148.27,0.01390813,1,1,0.01390813,0.271022025,0.228962011
2020-05-07 00:00:00,9995,0.092556298,1,1,0.092556298,0.388663118,0.342710184
2020-05-08 00:00:00,9807.49,-0.01876038,1,1,-0.01876038,0.36261127,0.317520431
2020-05-09 00:00:00,9550.67,-0.026186109,1,1,-0.026186109,0.326929783,0.283019697
2020-05-10 00:00:00,8719.53,-0.087024261,1,1,-0.087024261,0.211454699,0.171365856
2020-05-11 00:00:00,8561.09,-0.018170704,1,1,-0.018170704,0.189441714,0.150081314
2020-05-12 00:00:00,8808.71,0.028923887,1,1,0.028923887,0.223844992,0.183346136
2020-05-13 00:00:00,9305.91,0.056444133,1,1,0.056444133,0.292923862,0.250139083
2020-05-14 00:00:00,9786.8,0.051675763,1,1,0.051675763,0.359736689,0.314740973
2020-05-15 00:00:00,9310.73,-0.048644092,1,1,-0.048644092,0.293593532,0.250786593
2020-05-16 00:00:00,9374.99,0.006901714,1,1,0.006901714,0.302521545,0.259419164
2020-05-17 00:00:00,9678.57,0.032381901,1,1,0.032381901,0.344699669,0.300201551
2020-05-18 00:00:00,9731.1,0.005427455,1,1,0.005427455,0.351997966,0.307258336
2020-05-19 00:00:00,9773.64,0.004371551,1,1,0.004371551,0.357908294,0.312973083
2020-05-20 00:00:00,9508.11,-0.027167974,1,1,-0.027167974,0.321016676,0.277302264
2020-05-21 00:00:00,9060,-0.04712924,1,1,-0.04712924,0.258758164,0.217103979
2020-05-22 00:00:00,9166.4,0.011743929,1,1,0.011743929,0.273540931,0.231397562
2020-05-23 00:00:00,9176.41,0.001092032,1,1,0.001092032,0.274931678,0.232742287
2020-05-24 00:00:00,8711.37,-0.050677771,1,1,-0.050677771,0.210320983,0.170269657
2020-05-25 00:00:00,8895.65,0.021153963,1,1,0.021153963,0.235924069,0.195025498
2020-05-26 00:00:00,8837.05,-0.006587489,0,0.5,-0.006587489,0.227782432,0.18715328
2020-05-27 00:00:00,9197.32,0.04076813,0,0.5,0.020384065,0.277836825,0.211352289
2020-05-28 00:00:00,9569.59,0.040475921,1,1,0.020237961,0.329558448,0.235867589
2020-05-29 00:00:00,9422.26,-0.015395644,0,0.5,-0.015395644,0.30908904,0.216840612
2020-05-30 00:00:00,9695,0.028946346,1,1,0.014473173,0.346982384,0.234452157
2020-05-31 00:00:00,9446.43,-0.025638989,1,1,-0.025638989,0.312447118,0.202802051
2020-06-01 00:00:00,10232.48,0.08321133,1,1,0.08321133,0.421657587,0.302888809
2020-06-02 00:00:00,9514.9,-0.070127672,1,1,-0.070127672,0.32196005,0.21152025
2020-06-03 00:00:00,9663.59,0.015627069,1,1,0.015627069,0.342618411,0.230452761
2020-06-04 00:00:00,9788.33,0.012908246,1,1,0.012908246,0.359949261,0.246335748
2020-06-05 00:00:00,9617.29,-0.017473869,0,0.5,-0.017473869,0.336185685,0.22455744
2020-06-06 00:00:00,9664,0.004856878,-1,0,0.002428439,0.342675375,0.227531203
2020-06-07 00:00:00,9743.92,0.008269868,-1,0,0,0.353779123,0.227531203
2020-06-08 00:00:00,9778.87,0.003586852,0,0.5,0,0.358634928,0.227531203
2020-06-09 00:00:00,9771.66,-0.000737304,0,0.5,-0.000368652,0.357633201,0.227078671
2020-06-10 00:00:00,9884.99,0.011597825,0,0.5,0.005798912,0.373378793,0.234194393
2020-06-11 00:00:00,9278.03,-0.061402187,0,0.5,-0.030701093,0.289050332,0.196303276
2020-06-12 00:00:00,9458.91,0.019495518,0,0.5,0.009747759,0.314181036,0.207964552
2020-06-13 00:00:00,9468.54,0.001018088,-1,0,0.000509044,0.315518988,0.208579459
2020-06-14 00:00:00,9339.61,-0.013616672,0,0.5,0,0.297605998,0.208579459
2020-06-15 00:00:00,9422.01,0.008822638,0,0.5,0.004411319,0.309054306,0.213910888
2020-06-16 00:00:00,9519.12,0.010306718,-1,0,0.005153359,0.322546359,0.220166607
2020-06-17 00:00:00,9458.45,-0.006373488,-1,0,0,0.314117126,0.220166607
2020-06-18 00:00:00,9381.59,-0.008126067,-1,0,0,0.303438522,0.220166607
2020-06-19 00:00:00,9307,-0.007950678,-1,0,0,0.293075302,0.220166607
2020-06-20 00:00:00,9354.04,0.00505426,0,0.5,0,0.299610841,0.220166607
2020-06-21 00:00:00,9293.51,-0.006471001,0,0.5,-0.0032355,0.291201058,0.216218757
2020-06-22 00:00:00,9686.99,0.042339224,0,0.5,0.021169612,0.345869509,0.241965636
2020-06-23 00:00:00,9631.66,-0.005711785,0,0.5,-0.002855892,0.338182192,0.238418716
2020-06-24 00:00:00,9298.4,-0.034600474,0,0.5,-0.017300237,0.291880454,0.216993779
2020-06-25 00:00:00,9246.75,-0.005554719,1,1,-0.00277736,0.284704421,0.21361375
2020-06-26 00:00:00,9159.99,-0.009382756,0,0.5,-0.009382756,0.272650353,0.202226708
2020-06-27 00:00:00,9008,-0.016592813,0,0.5,-0.008296406,0.251533504,0.192252547
2020-06-28 00:00:00,9114,0.011767318,0,0.5,0.005883659,0.266260696,0.199267354
2020-06-29 00:00:00,9189.48,0.008281764,0,0.5,0.004140882,0.276747569,0.204233379
2020-06-30 00:00:00,9138.87,-0.005507385,0,0.5,-0.002753692,0.269716029,0.200917291
2020-07-01 00:00:00,9233.29,0.010331693,0,0.5,0.005165847,0.282834345,0.207121045
2020-07-02 00:00:00,9087.72,-0.015765778,0,0.5,-0.007882889,0.262609464,0.197605444
2020-07-03 00:00:00,9057.52,-0.003323166,-1,0,-0.001661583,0.258413603,0.195615523
2020-07-04 00:00:00,9137.18,0.008794902,-1,0,0,0.269481228,0.195615523
2020-07-05 00:00:00,9071.86,-0.007148814,0,0.5,0,0.260405943,0.195615523
2020-07-06 00:00:00,9339.6,0.029513242,0,0.5,0.014756621,0.297604608,0.213258768
2020-07-07 00:00:00,9258.51,-0.008682385,0,0.5,-0.004341192,0.286338306,0.207991779
2020-07-08 00:00:00,9436.08,0.019179112,0,0.5,0.009589556,0.311009132,0.219575883
2020-07-09 00:00:00,9236.28,-0.021174047,0,0.5,-0.010587023,0.283249763,0.206664205
2020-07-10 00:00:00,9288.39,0.005641882,0,0.5,0.002820941,0.290489707,0.210068133
2020-07-11 00:00:00,9233.5,-0.005909528,0,0.5,-0.002954764,0.282863522,0.206492668
2020-07-12 00:00:00,9300.69,0.007276764,0,0.5,0.003638382,0.292198617,0.210882349
2020-07-13 00:00:00,9241.2,-0.0063963,0,0.5,-0.00319815,0.283933327,0.207009766
2020-07-14 00:00:00,9254.17,0.001403497,0,0.5,0.000701749,0.285735325,0.207856783
2020-07-15 00:00:00,9197.3,-0.006145338,0,0.5,-0.003072669,0.277834047,0.204145439
2020-07-16 00:00:00,9132,-0.00709991,0,0.5,-0.003549955,0.26876154,0.199870777
2020-07-17 00:00:00,9151.69,0.002156154,0,0.5,0.001078077,0.271497186,0.201164331
2020-07-18 00:00:00,9171.8,0.002197408,0,0.5,0.001098704,0.274291184,0.202484055
2020-07-19 00:00:00,9210.51,0.004220546,0,0.5,0.002110273,0.279669388,0.205021624
2020-07-20 00:00:00,9161.13,-0.005361267,0,0.5,-0.002680633,0.27280874,0.201791403
2020-07-21 00:00:00,9388.01,0.024765504,1,1,0.012382752,0.304330489,0.216672888
2020-07-22 00:00:00,9518.25,0.013873015,0,0.5,0.013873015,0.322425485,0.233551809
2020-07-23 00:00:00,9604.41,0.009052084,0,0.5,0.004526042,0.334396192,0.239134916
2020-07-24 00:00:00,9539.7,-0.00673753,1,1,-0.003368765,0.325405658,0.234960562
2020-07-25 00:00:00,9701.49,0.016959653,1,1,0.016959653,0.347884078,0.255905064
2020-07-26 00:00:00,9939.69,0.024552929,1,1,0.024552929,0.38097858,0.286741213
2020-07-27 00:00:00,11047.58,0.111461223,1,1,0.111461223,0.534904141,0.430162961
2020-07-28 00:00:00,10919.94,-0.011553662,1,1,-0.011553662,0.517170378,0.413639343
2020-07-29 00:00:00,11113.03,0.017682332,1,1,0.017682332,0.543997488,0.438635782
2020-07-30 00:00:00,11111.96,-9.62834E-05,1,1,-9.62834E-05,0.543848827,0.438497265
2020-07-31 00:00:00,11343.68,0.020853207,1,1,0.020853207,0.576043026,0.468494546
2020-08-01 00:00:00,11811.42,0.041233533,1,1,0.041233533,0.641028847,0.529045764
2020-08-02 00:00:00,11079.72,-0.061948521,1,1,-0.061948521,0.539369537,0.434323641
2020-08-03 00:00:00,11227.07,0.013299073,1,1,0.013299073,0.559841724,0.453398815
2020-08-04 00:00:00,11200.05,-0.002406683,1,1,-0.002406683,0.55608768,0.449900944
2020-08-05 00:00:00,11752.5,0.049325673,1,1,0.049325673,0.632842751,0.521418284
2020-08-06 00:00:00,11770.56,0.001536694,1,1,0.001536694,0.635351931,0.523756239
2020-08-07 00:00:00,11596.06,-0.014825123,1,1,-0.014825123,0.611107638,0.501166365
2020-08-08 00:00:00,11765.72,0.014630832,1,1,0.014630832,0.634679482,0.523129677
2020-08-09 00:00:00,11685.99,-0.006776466,1,1,-0.006776466,0.623602132,0.512808241
2020-08-10 00:00:00,11896.89,0.018047251,1,1,0.018047251,0.652903688,0.540110271
2020-08-11 00:00:00,11392.64,-0.042385027,1,1,-0.042385027,0.582845321,0.474832657
2020-08-12 00:00:00,11568.36,0.015423993,1,1,0.015423993,0.607259117,0.497580465
2020-08-13 00:00:00,11790,0.019159155,1,1,0.019159155,0.638052843,0.526272841
2020-08-14 00:00:00,11767.89,-0.001875318,1,1,-0.001875318,0.634980973,0.523410594
2020-08-15 00:00:00,11859.04,0.007745654,1,1,0.007745654,0.647644969,0.535210405
2020-08-16 00:00:00,11921.23,0.005244101,1,1,0.005244101,0.656285385,0.543261203
2020-08-17 00:00:00,12298.06,0.031609993,1,1,0.031609993,0.708640555,0.592043679
2020-08-18 00:00:00,11960.79,-0.027424651,1,1,-0.027424651,0.661781685,0.548382437
2020-08-19 00:00:00,11763.87,-0.016463795,1,1,-0.016463795,0.634422451,0.522890186
2020-08-20 00:00:00,11857.92,0.007994818,1,1,0.007994818,0.647489361,0.535065415
2020-08-21 00:00:00,11538.53,-0.026934741,1,1,-0.026934741,0.603114662,0.493718827
2020-08-22 00:00:00,11670.47,0.011434732,1,1,0.011434732,0.621445849,0.510799101
2020-08-23 00:00:00,11654,-0.001411254,1,1,-0.001411254,0.619157577,0.50866698
2020-08-24 00:00:00,11753.3,0.00852068,1,1,0.00852068,0.6329539,0.521521848
2020-08-25 00:00:00,11327.17,-0.0362562,1,1,-0.0362562,0.573749196,0.466357247
2020-08-26 00:00:00,11466.22,0.012275794,1,1,0.012275794,0.593068216,0.484357945
2020-08-27 00:00:00,11335.53,-0.011397828,1,1,-0.011397828,0.574910699,0.467439489
2020-08-28 00:00:00,11526.85,0.016877905,1,1,0.016877905,0.601491892,0.492206794
2020-08-29 00:00:00,11466.66,-0.005221721,1,1,-0.005221721,0.593129348,0.484414906
2020-08-30 00:00:00,11714.14,0.021582571,1,1,0.021582571,0.627513175,0.516452395
2020-08-31 00:00:00,11658.11,-0.004783108,0,0.5,-0.004783108,0.619728603,0.509199039
2020-09-01 00:00:00,11930.18,0.023337402,1,1,0.011668701,0.65752886,0.526809431
2020-09-02 00:00:00,11396.96,-0.044695051,1,1,-0.044695051,0.583445524,0.458568607
2020-09-03 00:00:00,10141.08,-0.110194297,0,0.5,-0.110194297,0.408958857,0.297842664
2020-09-04 00:00:00,10448,0.030265021,0,0.5,0.015132511,0.451601026,0.317482281
2020-09-05 00:00:00,10168.71,-0.026731432,0,0.5,-0.013365716,0.412797653,0.299873188
2020-09-06 00:00:00,10258.13,0.008793642,0,0.5,0.004396821,0.42522129,0.305588498
2020-09-07 00:00:00,10378.76,0.011759453,0,0.5,0.005879727,0.441981113,0.313265001
2020-09-08 00:00:00,10129.02,-0.024062605,0,0.5,-0.012031302,0.407283291,0.297464713
2020-09-09 00:00:00,10219.29,0.008912017,0,0.5,0.004456009,0.419825024,0.303246227
2020-09-10 00:00:00,10335.91,0.011411752,0,0.5,0.005705876,0.436027715,0.310682388
2020-09-11 00:00:00,10387.81,0.005021329,0,0.5,0.002510664,0.443238482,0.313973071
2020-09-12 00:00:00,10438.28,0.004858579,0,0.5,0.00242929,0.450250571,0.317165092
2020-09-13 00:00:00,10327.72,-0.010591783,0,0.5,-0.005295892,0.434889831,0.310189529
2020-09-14 00:00:00,10664.1,0.032570596,0,0.5,0.016285298,0.481625048,0.331526356
2020-09-15 00:00:00,10776.78,0.010566293,0,0.5,0.005283146,0.497280332,0.338561005
2020-09-16 00:00:00,10948.17,0.015903637,0,0.5,0.007951819,0.521092535,0.349204999
2020-09-17 00:00:00,10935.33,-0.001172799,0,0.5,-0.000586399,0.5193086,0.348413826
2020-09-18 00:00:00,10926.29,-0.000826678,0,0.5,-0.000413339,0.518052621,0.347856474
2020-09-19 00:00:00,11073.74,0.013494974,0,0.5,0.006747487,0.538538701,0.356951118
2020-09-20 00:00:00,10914.28,-0.014399832,0,0.5,-0.007199916,0.516384002,0.347181183
2020-09-21 00:00:00,10414.73,-0.045770312,0,0.5,-0.022885156,0.446978633,0.316350732
2020-09-22 00:00:00,10523.32,0.010426579,0,0.5,0.005213289,0.462065669,0.323213249
2020-09-23 00:00:00,10237.91,-0.027121669,0,0.5,-0.013560834,0.422412008,0.305269373
2020-09-24 00:00:00,10724.92,0.047569279,0,0.5,0.02378464,0.490075123,0.336314735
2020-09-25 00:00:00,10683.51,-0.003861101,0,0.5,-0.001930551,0.484321792,0.333734912
2020-09-26 00:00:00,10726.5,0.004023958,0,0.5,0.002011979,0.490294641,0.336418359
2020-09-27 00:00:00,10768,0.003868923,0,0.5,0.001934461,0.496060476,0.339003608
2020-09-28 00:00:00,10691.45,-0.007109027,0,0.5,-0.003554513,0.485424942,0.334244102
2020-09-29 00:00:00,10836.98,0.013611811,0,0.5,0.006805906,0.505644266,0.343324842
2020-09-30 00:00:00,10773,-0.005903859,0,0.5,-0.002951929,0.496755155,0.339359442
2020-10-01 00:00:00,10612.63,-0.01488629,0,0.5,-0.007443145,0.474474024,0.329390395
2020-10-02 00:00:00,10565.15,-0.004473915,0,0.5,-0.002236957,0.467877353,0.326416606
2020-10-03 00:00:00,10537.96,-0.002573556,1,1,-0.001286778,0.464099689,0.324709802
2020-10-04 00:00:00,10660.16,0.011596172,1,1,0.011596172,0.481077641,0.340071365
2020-10-05 00:00:00,10785,0.011710894,1,1,0.011710894,0.498422384,0.355764799
2020-10-06 00:00:00,10593.65,-0.017742235,1,1,-0.017742235,0.471837023,0.331710502
2020-10-07 00:00:00,10658.75,0.006145191,1,1,0.006145191,0.480881742,0.339894117
2020-10-08 00:00:00,10919.45,0.024458778,1,1,0.024458778,0.5171023,0.372666289
2020-10-09 00:00:00,11050.47,0.011998773,1,1,0.011998773,0.535305666,0.3891366
2020-10-10 00:00:00,11294.79,0.022109467,1,1,0.022109467,0.569250455,0.41984967
2020-10-11 00:00:00,11369.59,0.006622522,1,1,0.006622522,0.579642852,0.429252656
2020-10-12 00:00:00,11530.36,0.014140352,1,1,0.014140352,0.601979557,0.449462791
2020-10-13 00:00:00,11419.36,-0.009626759,1,1,-0.009626759,0.586557685,0.435509162
2020-10-14 00:00:00,11417.13,-0.000195282,1,1,-0.000195282,0.586247859,0.435228832
2020-10-15 00:00:00,11502,0.007433567,1,1,0.007433567,0.598039338,0.445897702
2020-10-16 00:00:00,11318.92,-0.015917232,1,1,-0.015917232,0.572602976,0.422883013
2020-10-17 00:00:00,11356.25,0.003298018,1,1,0.003298018,0.577789448,0.427575706
2020-10-18 00:00:00,11501.1,0.012755091,1,1,0.012755091,0.597914296,0.445784564
2020-10-19 00:00:00,11745,0.021206667,1,1,0.021206667,0.631800733,0.476444836
2020-10-20 00:00:00,11900.03,0.013199659,1,1,0.013199659,0.653339947,0.495933405
2020-10-21 00:00:00,12796.07,0.075297289,1,1,0.075297289,0.777831963,0.608573136
2020-10-22 00:00:00,12968.87,0.013504146,1,1,0.013504146,0.801840065,0.630295542
2020-10-23 00:00:00,12925.82,-0.003319487,1,1,-0.003319487,0.79585888,0.624883797
2020-10-24 00:00:00,13110.88,0.01431708,1,1,0.01431708,0.821570336,0.648147388
2020-10-25 00:00:00,13023.81,-0.006641049,1,1,-0.006641049,0.809473197,0.63720196
2020-10-26 00:00:00,13047.24,0.001799013,1,1,0.001799013,0.812728463,0.640147307
2020-10-27 00:00:00,13629.38,0.044617866,1,1,0.044617866,0.893608537,0.71332718
2020-10-28 00:00:00,13256.17,-0.027382757,1,1,-0.027382757,0.841756315,0.666411558
2020-10-29 00:00:00,13446.65,0.014369158,1,1,0.014369158,0.868220802,0.690356489
2020-10-30 00:00:00,13549.12,0.007620485,1,1,0.007620485,0.882457552,0.703237826
2020-10-31 00:00:00,13783.73,0.017315516,1,1,0.017315516,0.915053275,0.732730267
2020-11-01 00:00:00,13752.86,-0.002239597,1,1,-0.002239597,0.910764327,0.728849649
2020-11-02 00:00:00,13540.54,-0.015438243,1,1,-0.015438243,0.881265483,0.702159248
2020-11-03 00:00:00,14016.55,0.035154433,1,1,0.035154433,0.947400303,0.76199769
2020-11-04 00:00:00,14134.31,0.008401497,1,1,0.008401497,0.963761381,0.776801108
2020-11-05 00:00:00,15598.75,0.103608878,1,1,0.103608878,1.167224494,0.960893477
2020-11-06 00:00:00,15590.96,-0.000499399,1,1,-0.000499399,1.166142184,0.959914209
2020-11-07 00:00:00,14824.34,-0.049170802,1,1,-0.049170802,1.059631237,0.863543656
2020-11-08 00:00:00,15473.2,0.043769908,1,1,0.043769908,1.149781107,0.945110791
2020-11-09 00:00:00,15328.72,-0.009337435,1,1,-0.009337435,1.129707665,0.926948445
2020-11-10 00:00:00,15294.68,-0.002220668,1,1,-0.002220668,1.124978291,0.922669332
2020-11-11 00:00:00,15690.24,0.025862588,1,1,0.025862588,1.179935728,0.972394536
2020-11-12 00:00:00,16289.02,0.038162578,1,1,0.038162578,1.263127694,1.047666196
2020-11-13 00:00:00,16320.54,0.001935046,1,1,0.001935046,1.26750695,1.051628524
2020-11-14 00:00:00,16064.51,-0.015687594,1,1,-0.015687594,1.231935223,1.019443409
2020-11-15 00:00:00,15952.27,-0.00698683,1,1,-0.00698683,1.216341071,1.005333901
2020-11-16 00:00:00,16707.07,0.04731615,1,1,0.04731615,1.321209797,1.100218581
2020-11-17 00:00:00,17670.01,0.057636677,1,1,0.057636677,1.454996617,1.221268201
2020-11-18 00:00:00,17788.32,0.006695525,1,1,0.006695525,1.471434109,1.236140759
2020-11-19 00:00:00,17811.68,0.001313221,1,1,0.001313221,1.474679649,1.239077306
2020-11-20 00:00:00,18664.31,0.047869151,1,1,0.047869151,1.593140463,1.346260036
2020-11-21 00:00:00,18721.99,0.00309039,1,1,0.00309039,1.601154278,1.353510895
2020-11-22 00:00:00,18435.2,-0.01531835,1,1,-0.01531835,1.561308886,1.317458991
2020-11-23 00:00:00,18382.07,-0.002881987,1,1,-0.002881987,1.553927228,1.310780105
2020-11-24 00:00:00,19179.64,0.043388476,1,1,0.043388476,1.664738238,1.411041332
2020-11-25 00:00:00,18741.67,-0.022835152,1,1,-0.022835152,1.603888535,1.355984836
2020-11-26 00:00:00,17155.34,-0.08464187,1,1,-0.08464187,1.383490539,1.156569873
2020-11-27 00:00:00,17144.1,-0.00065519,1,1,-0.00065519,1.381928901,1.155156911
2020-11-28 00:00:00,17717.74,0.033459907,1,1,0.033459907,1.461628022,1.227268262
2020-11-29 00:00:00,18181.09,0.026151755,1,1,0.026151755,1.526003915,1.285515236
2020-11-30 00:00:00,19720,0.08464344,1,1,0.08464344,1.739813576,1.478969108
2020-12-01 00:00:00,18772.7,-0.048037525,1,1,-0.048037525,1.608199712,1.359885567
2020-12-02 00:00:00,19207.01,0.023135191,1,1,0.023135191,1.66854091,1.41448197
2020-12-03 00:00:00,19434.3,0.0118337,1,1,0.0118337,1.700119624,1.443054226
2020-12-04 00:00:00,18664.2,-0.039625816,1,1,-0.039625816,1.59312518,1.346246208
2020-12-05 00:00:00,19147.62,0.025900923,1,1,0.025900923,1.660289514,1.40701615
2020-12-06 00:00:00,19375.02,0.01187615,1,1,0.01187615,1.691883511,1.435602234
2020-12-07 00:00:00,19172.88,-0.010433021,1,1,-0.010433021,1.663799032,1.410191543
2020-12-08 00:00:00,18319.32,-0.044519133,1,1,-0.044519133,1.545209008,1.302891905
2020-12-09 00:00:00,18537.98,0.011936033,1,1,0.011936033,1.575588706,1.330379297
2020-12-10 00:00:00,18253.51,-0.015345253,1,1,-0.015345253,1.536065644,1.294619037
2020-12-11 00:00:00,18031.47,-0.012164236,1,1,-0.012164236,1.505216344,1.26670675
2020-12-12 00:00:00,18800,0.042621594,1,1,0.042621594,1.611992659,1.363317405
2020-12-13 00:00:00,19175.07,0.019950532,1,1,0.019950532,1.664103302,1.410466844
2020-12-14 00:00:00,19270.7,0.004987205,1,1,0.004987205,1.67738973,1.422488336
2020-12-15 00:00:00,19424.91,0.008002304,1,1,0.008002304,1.698815017,1.441873824
2020-12-16 00:00:00,21346.8,0.098939455,1,1,0.098939455,1.965834302,1.683471488
2020-12-17 00:00:00,22816.99,0.068871681,1,1,0.068871681,2.170096296,1.868286681
2020-12-18 00:00:00,23124.35,0.013470664,1,1,0.013470664,2.212799598,1.906924406
2020-12-19 00:00:00,23847.28,0.031262717,1,1,0.031262717,2.313240441,1.99780276
2020-12-20 00:00:00,23472.96,-0.015696549,1,1,-0.015696549,2.261234,1.950747602
2020-12-21 00:00:00,22730.1,-0.031647479,1,1,-0.031647479,2.158024166,1.85736388
2020-12-22 00:00:00,23826.99,0.048257157,1,1,0.048257157,2.310421434,1.995252137
2020-12-23 00:00:00,23238.27,-0.024708115,1,1,-0.024708115,2.228627162,1.921245104
2020-12-24 00:00:00,23737.44,0.021480515,1,1,0.021480515,2.297979735,1.983994952
2020-12-25 00:00:00,24730,0.041814113,1,1,0.041814113,2.435881832,2.108768055
2020-12-26 00:00:00,26508.83,0.071930044,1,1,0.071930044,2.683024965,2.332381879
2020-12-27 00:00:00,26305.64,-0.007664993,1,1,-0.007664993,2.654794604,2.306839195
2020-12-28 00:00:00,27102.66,0.030298446,1,1,0.030298446,2.765529199,2.407031282
2020-12-29 00:00:00,27402.83,0.011075297,1,1,0.011075297,2.807233552,2.444765164
2020-12-30 00:00:00,28906.99,0.054890681,1,1,0.054890681,3.016215195,2.63385067
2020-12-31 00:00:00,28951.68,0.001545993,1,1,0.001545993,3.022424235,2.639468577
2021-01-01 00:00:00,29337.16,0.013314599,1,1,0.013314599,3.075981199,2.687926641
2021-01-02 00:00:00,32199.91,0.09758102,1,1,0.09758102,3.473719603,3.047798284
2021-01-03 00:00:00,33054.53,0.026541068,1,1,0.026541068,3.592456899,3.155231174
2021-01-04 00:00:00,32031.07,-0.030962776,1,1,-0.030962776,3.450261686,3.026573683
2021-01-05 00:00:00,33999.52,0.061454394,1,1,0.061454394,3.723749821,3.274024329
2021-01-06 00:00:00,36823.68,0.083064702,1,1,0.083064702,4.116126693,3.629044886
2021-01-07 00:00:00,39498.92,0.07264999,1,1,0.07264999,4.487813248,3.965344953
2021-01-08 00:00:00,40637.23,0.028818763,1,1,0.028818763,4.645965235,4.108440051
2021-01-09 00:00:00,40136.04,-0.012333272,1,1,-0.012333272,4.576332012,4.045436272
2021-01-10 00:00:00,38221.67,-0.047697032,1,1,-0.047697032,4.310357523,3.804783934
2021-01-11 00:00:00,35408.46,-0.073602488,1,1,-0.073602488,3.919501999,3.451139883
2021-01-12 00:00:00,34056.9,-0.038170539,1,1,-0.038170539,3.731721956,3.281237475
2021-01-13 00:00:00,37421.07,0.098780864,1,1,0.098780864,4.199125538,3.704141811
2021-01-14 00:00:00,39163.31,0.046557728,1,1,0.046557728,4.441185011,3.923155966
2021-01-15 00:00:00,36755.24,-0.061487908,1,1,-0.061487908,4.106617928,3.620441405
2021-01-16 00:00:00,36025.66,-0.019849687,1,1,-0.019849687,4.005253162,3.528727091
2021-01-17 00:00:00,35869.83,-0.004325528,1,1,-0.004325528,3.983602799,3.509137955
2021-01-18 00:00:00,36686.86,0.022777638,1,1,0.022777638,4.097117499,3.611845467
2021-01-19 00:00:00,35891.03,-0.021692508,1,1,-0.021692508,3.986548238,3.511802973
2021-01-20 00:00:00,35500,-0.010894923,1,1,-0.010894923,3.93222018,3.462647228
2021-01-21 00:00:00,30879.97,-0.13014169,1,1,-0.13014169,3.29033271,2.881870775
2021-01-22 00:00:00,32986.34,0.06821153,1,1,0.06821153,3.582982868,3.14665912
2021-01-23 00:00:00,32086.48,-0.027279777,1,1,-0.027279777,3.457960117,3.033539184
2021-01-24 00:00:00,32275.63,0.005895006,1,1,0.005895006,3.48423982,3.057316922
2021-01-25 00:00:00,32253.68,-0.00068008,1,1,-0.00068008,3.481190179,3.054557624
2021-01-26 00:00:00,32474.14,0.006835189,1,1,0.006835189,3.511819961,3.082271291
2021-01-27 00:00:00,30381.04,-0.064454363,1,1,-0.064454363,3.221013481,2.819151097
2021-01-28 00:00:00,33399.75,0.099361641,1,1,0.099361641,3.640420309,3.198628218
2021-01-29 00:00:00,34269.35,0.026036123,1,1,0.026036123,3.761238863,3.307944219
2021-01-30 00:00:00,34289.85,0.000598202,1,1,0.000598202,3.764087046,3.310521241
2021-01-31 00:00:00,33126.21,-0.033935407,1,1,-0.033935407,3.602415815,3.16424195
2021-02-01 00:00:00,33546.09,0.01267516,1,1,0.01267516,3.660752171,3.217024381
2021-02-02 00:00:00,35504.06,0.058366564,1,1,0.058366564,3.932784259,3.463157604
2021-02-03 00:00:00,37652.51,0.060512798,1,1,0.060512798,4.231280835,3.733235757
2021-02-04 00:00:00,36976.93,-0.017942496,1,1,-0.017942496,4.137418601,3.648309695
2021-02-05 00:00:00,38362.65,0.037475258,1,1,0.037475258,4.32994469,3.822506301
2021-02-06 00:00:00,39249.54,0.02311858,0,0.5,0.02311858,4.453165443,3.933995799
2021-02-07 00:00:00,38849.25,-0.010198591,0,0.5,-0.005099295,4.39755084,3.908835897
2021-02-08 00:00:00,46451.32,0.195681255,1,1,0.097840628,5.453750363,4.389119482
2021-02-09 00:00:00,46492.54,0.000887381,1,1,0.000887381,5.459477296,4.393901682
2021-02-10 00:00:00,44850,-0.035329109,1,1,-0.035329109,5.23126972,4.203339943
2021-02-11 00:00:00,48060.21,0.071576589,1,1,0.071576589,5.67728275,4.575777265
2021-02-12 00:00:00,47361.03,-0.014548001,1,1,-0.014548001,5.580141631,4.49466085
2021-02-13 00:00:00,47221.62,-0.002943559,1,1,-0.002943559,5.560772594,4.47848699
2021-02-14 00:00:00,48655.21,0.030358764,1,1,0.030358764,5.759949539,4.644807082
2021-02-15 00:00:00,47981.58,-0.013844972,1,1,-0.013844972,5.666358229,4.566654888
2021-02-16 00:00:00,49197.94,0.025350562,1,1,0.025350562,5.835354154,4.707772716
2021-02-17 00:00:00,52194.62,0.06091068,1,1,0.06091068,6.251700227,5.055437036
2021-02-18 00:00:00,51619.7,-0.011014928,1,1,-0.011014928,6.171823268,4.98873683
2021-02-19 00:00:00,56004.1,0.084936565,1,1,0.084936565,6.780973301,5.497399565
2021-02-20 00:00:00,55917.41,-0.001547922,1,1,-0.001547922,6.768928958,5.487342095
2021-02-21 00:00:00,57487.43,0.028077481,1,1,0.028077481,6.987060911,5.669490317
2021-02-22 00:00:00,54121.1,-0.058557671,1,1,-0.058557671,6.519357228,5.278940499
2021-02-23 00:00:00,48930,-0.09591638,1,1,-0.09591638,5.798127701,4.676687255
2021-02-24 00:00:00,49702.03,0.015778255,1,1,0.015778255,5.905390291,4.766255472
2021-02-25 00:00:00,47089.37,-0.052566465,1,1,-0.052566465,5.542398337,4.463143808
2021-02-26 00:00:00,46313.13,-0.0164844,1,1,-0.0164844,5.434550828,4.373087162
2021-02-27 00:00:00,46102.63,-0.004545147,1,1,-0.004545147,5.405304846,4.348665689
2021-02-28 00:00:00,45163.36,-0.020373458,1,1,-0.020373458,5.274806636,4.239694873
2021-03-01 00:00:00,49592.7,0.098073748,1,1,0.098073748,5.890200443,4.753571389
2021-03-02 00:00:00,48450.57,-0.023030204,1,1,-0.023030204,5.731517721,4.621065466
2021-03-03 00:00:00,50373.75,0.039693651,1,1,0.039693651,5.998716233,4.844186075
2021-03-04 00:00:00,48385.77,-0.039464602,1,1,-0.039464602,5.722514682,4.613547597
2021-03-05 00:00:00,48770.57,0.007952751,1,1,0.007952751,5.77597717,4.658190745
2021-03-06 00:00:00,48908.21,0.002822194,1,1,0.002822194,5.795100291,4.674159256
2021-03-07 00:00:00,50995.27,0.042672999,1,1,0.042672999,6.085067599,4.916292649
2021-03-08 00:00:00,52429.43,0.028123393,1,1,0.028123393,6.284323737,5.08267887
2021-03-09 00:00:00,54917.78,0.047460939,1,1,0.047460939,6.630044584,5.371368523
2021-03-10 00:00:00,55947.98,0.018758952,1,1,0.018758952,6.773176225,5.490888719
2021-03-11 00:00:00,57844.52,0.033898275,1,1,0.033898275,7.036673488,5.710918649
2021-03-12 00:00:00,57291.03,-0.009568581,1,1,-0.009568581,6.959773924,5.646704677
2021-03-13 00:00:00,61267.41,0.069406677,1,1,0.069406677,7.512235379,6.10803036
2021-03-14 00:00:00,59037.12,-0.036402551,1,1,-0.036402551,7.202368299,5.849279924
2021-03-15 00:00:00,55646.61,-0.057430139,1,1,-0.057430139,6.731305149,5.455924827
2021-03-16 00:00:00,56954.19,0.023497927,1,1,0.023497927,6.912974796,5.60762568
2021-03-17 00:00:00,58959,0.035200395,1,1,0.035200395,7.191514636,5.840216715
2021-03-18 00:00:00,57700.01,-0.021353653,1,1,-0.021353653,7.016595879,5.694153104
2021-03-19 00:00:00,58089.11,0.0067435,1,1,0.0067435,7.070655791,5.739295124
2021-03-20 00:00:00,58145.61,0.000972644,1,1,0.000972644,7.078505662,5.745850056
2021-03-21 00:00:00,57415.18,-0.012562083,1,1,-0.012562083,6.977022801,5.661108125
2021-03-22 00:00:00,54129.56,-0.057225633,0,0.5,-0.057225633,6.520532624,5.279921999
2021-03-23 00:00:00,54400,0.004996161,0,0.5,0.002498081,6.558106416,5.295609749
2021-03-24 00:00:00,52311.54,-0.038390809,0,0.5,-0.019195404,6.267944598,5.174762974
2021-03-25 00:00:00,51325.21,-0.018854922,1,1,-0.009427461,6.13090807,5.116550638
2021-03-26 00:00:00,55030,0.072182656,1,1,0.072182656,6.645635958,5.558059511
2021-03-27 00:00:00,55828,0.014501181,1,1,0.014501181,6.75650671,5.65315912
2021-03-28 00:00:00,55805.08,-0.000410547,1,1,-0.000410547,6.753322302,5.650427688
2021-03-29 00:00:00,57677.64,0.033555368,1,1,0.033555368,7.013487885,5.873585236
2021-03-30 00:00:00,58794.16,0.019357935,1,1,0.019357935,7.168612462,6.006643652
2021-03-31 00:00:00,58807.24,0.000222471,1,1,0.000222471,7.170429742,6.008202428
2021-04-01 00:00:00,58794.01,-0.000224972,1,1,-0.000224972,7.168591622,6.006625776
2021-04-02 00:00:00,59031.36,0.004036976,1,1,0.004036976,7.201568029,6.034911355
2021-04-03 00:00:00,57134.65,-0.032130549,1,1,-0.032130549,6.938047146,5.808875792
2021-04-04 00:00:00,58234.61,0.019252065,1,1,0.019252065,7.090870947,5.939960712
2021-04-05 00:00:00,59243.39,0.017322688,1,1,0.017322688,7.231026583,6.060179488
2021-04-06 00:00:00,58059.99,-0.019975224,1,1,-0.019975224,7.066609981,5.91915082
2021-04-07 00:00:00,56018.18,-0.035167247,1,1,-0.035167247,6.782929516,5.675823335
2021-04-08 00:00:00,58122.26,0.037560663,1,1,0.037560663,7.075261512,5.926571688
2021-04-09 00:00:00,58176.03,0.000925119,1,1,0.000925119,7.082732089,5.93297959
2021-04-10 00:00:00,59832.43,0.028472208,1,1,0.028472208,7.312865314,6.130376824
2021-04-11 00:00:00,60090.2,0.004308199,1,1,0.004308199,7.34867879,6.161095904
2021-04-12 00:00:00,59911.18,-0.002979188,0,0.5,-0.002979188,7.323806507,6.139761654
2021-04-13 00:00:00,63649.71,0.062401208,1,1,0.031200604,7.843222087,6.362526529
2021-04-14 00:00:00,63019.1,-0.009907508,1,1,-0.009907508,7.755607795,6.28958224
2021-04-15 00:00:00,63232.55,0.003387068,1,1,0.003387068,7.785263638,6.314272554
2021-04-16 00:00:00,61424.67,-0.028590971,1,1,-0.028590971,7.53408442,6.1051504
2021-04-17 00:00:00,60090.14,-0.021726287,1,1,-0.021726287,7.348670454,5.950781864
2021-04-18 00:00:00,56140.05,-0.065736076,0,0.5,-0.065736076,6.79986162,5.49386474
2021-04-19 00:00:00,55634.39,-0.009007117,0,0.5,-0.004503559,6.729607354,5.46461924
2021-04-20 00:00:00,56410.56,0.013951263,0,0.5,0.006975631,6.837445138,5.509714042
2021-04-21 00:00:00,53800,-0.04627786,0,0.5,-0.02313893,6.474744949,5.359086224
2021-04-22 00:00:00,51714.61,-0.038761896,0,0.5,-0.019380948,6.185009663,5.235841105
2021-04-23 00:00:00,51122.62,-0.011447249,0,0.5,-0.005723624,6.102761071,5.200149493
2021-04-24 00:00:00,50092.4,-0.020151941,0,0.5,-0.01007597,5.959626652,5.137676971
2021-04-25 00:00:00,49063.94,-0.020531258,0,0.5,-0.010265629,5.81673676,5.074669855
2021-04-26 00:00:00,53984.33,0.10028526,0,0.5,0.05014263,6.500354981,5.37926978
2021-04-27 00:00:00,55006.25,0.018929938,0,0.5,0.009464969,6.642336233,5.439649369
2021-04-28 00:00:00,54861.77,-0.002626611,0,0.5,-0.001313305,6.622262791,5.431192143
2021-04-29 00:00:00,53558.8,-0.023750054,0,0.5,-0.011875027,6.441233639,5.354821563
2021-04-30 00:00:00,57684.16,0.077024877,0,0.5,0.038512439,7.014393747,5.599561239
2021-05-01 00:00:00,57836.34,0.002638159,0,0.5,0.00131908,7.035536994,5.608266586
2021-05-02 00:00:00,56630.33,-0.020852115,0,0.5,-0.010426057,6.867979054,5.539368419
2021-05-03 00:00:00,57214.83,0.010321324,1,1,0.005160662,6.949187017,5.57311589
2021-05-04 00:00:00,53263.32,-0.069064437,0,0.5,-0.069064437,6.400180894,5.119147344
2021-05-05 00:00:00,57497.77,0.079500302,0,0.5,0.039750151,6.988497507,5.362384374
2021-05-06 00:00:00,56435.35,-0.018477586,0,0.5,-0.009238793,6.840889356,5.303603621
2021-05-07 00:00:00,57350.88,0.016222634,1,1,0.008111317,6.96808923,5.354734146
2021-05-08 00:00:00,58924.98,0.027446833,1,1,0.027446833,7.186788041,5.529151471
2021-05-09 00:00:00,58292.53,-0.010733139,1,1,-0.010733139,7.098918107,5.45907318
2021-05-10 00:00:00,55869.67,-0.041563816,0,0.5,-0.041563816,6.762296164,5.19060945
2021-05-11 00:00:00,56710.43,0.015048594,0,0.5,0.007524297,6.87910781,5.237189435
2021-05-12 00:00:00,49595.76,-0.125456111,0,0.5,-0.062728055,5.890625586,4.84594267
2021-05-13 00:00:00,49707.9,0.00226108,0,0.5,0.00113054,5.906205844,4.852551743
2021-05-14 00:00:00,49873.27,0.003326835,0,0.5,0.001663418,5.929181654,4.862286982
2021-05-15 00:00:00,46793.41,-0.061753721,0,0.5,-0.03087686,5.501278904,4.681277964
2021-05-16 00:00:00,46429.28,-0.007781651,0,0.5,-0.003890826,5.450688218,4.659173102
2021-05-17 00:00:00,43566.18,-0.061665828,0,0.5,-0.030832914,5.052901187,4.484684304
2021-05-18 00:00:00,42882.53,-0.015692218,0,0.5,-0.007846109,4.957917742,4.441650873
2021-05-19 00:00:00,36689.14,-0.14442688,0,0.5,-0.07221344,4.097434273,4.048690545
2021-05-20 00:00:00,40500.3,0.10387706,0,0.5,0.05193853,4.626940759,4.310912111
2021-05-21 00:00:00,37211.02,-0.081216189,0,0.5,-0.040608094,4.169942078,4.095246091
2021-05-22 00:00:00,37432.58,0.00595415,0,0.5,0.002977075,4.200724689,4.110415021
2021-05-23 00:00:00,34651.6,-0.074293036,0,0.5,-0.037146518,3.814347064,3.920580899
2021-05-24 00:00:00,38779.66,0.11913043,0,0.5,0.059565215,4.387882299,4.213676357
2021-05-25 00:00:00,38326.84,-0.01167674,0,0.5,-0.00583837,4.324969399,4.183236986
2021-05-26 00:00:00,39224.2,0.023413357,0,0.5,0.011706679,4.449644811,4.243915476
2021-05-27 00:00:00,38527.38,-0.017765053,0,0.5,-0.008882527,4.352831581,4.197336257
2021-05-28 00:00:00,35670.99,-0.074139223,0,0.5,-0.037069611,3.955976809,4.004673022
2021-05-29 00:00:00,34611.94,-0.029689392,0,0.5,-0.014844696,3.808836871,3.930380173
2021-05-30 00:00:00,35651.81,0.030043679,0,0.5,0.015021839,3.953312021,4.004443552
2021-05-31 00:00:00,37243.38,0.044642053,0,0.5,0.022321027,4.17443804,4.116147869
2021-06-01 00:00:00,36693.41,-0.01476692,0,0.5,-0.00738346,4.098027529,4.078372997
2021-06-02 00:00:00,37569.99,0.023889303,0,0.5,0.011944652,4.219815855,4.139032394
2021-06-03 00:00:00,39247.4,0.044647603,0,0.5,0.022323802,4.452868121,4.253755133
2021-06-04 00:00:00,36828.03,-0.061644083,-1,0,-0.030822042,4.116731063,4.091823673
2021-06-05 00:00:00,35498.62,-0.036097777,-1,0,0,3.932028448,4.091823673
2021-06-06 00:00:00,35801.71,0.008538078,-1,0,0,3.974138494,4.091823673
2021-06-07 00:00:00,33550.96,-0.062867109,-1,0,0,3.661428788,4.091823673
2021-06-08 00:00:00,33372.58,-0.005316688,-1,0,0,3.636645423,4.091823673
2021-06-09 00:00:00,37368.45,0.119735124,-1,0,0,4.191814737,4.091823673
2021-06-10 00:00:00,36669.66,-0.0187,-1,0,0,4.094727804,4.091823673
2021-06-11 00:00:00,37300.42,0.017201141,-1,0,0,4.182362936,4.091823673
2021-06-12 00:00:00,35537.05,-0.047274803,-1,0,0,3.937367751,4.091823673
2021-06-13 00:00:00,38993.65,0.0972675,-1,0,0,4.417613167,4.091823673
2021-06-14 00:00:00,40489.1,0.038351116,-1,0,0,4.625384678,4.091823673
2021-06-15 00:00:00,40132.86,-0.008798417,-1,0,0,4.575890196,4.091823673
2021-06-16 00:00:00,38344.97,-0.04454928,-1,0,0,4.327488305,4.091823673
2021-06-17 00:00:00,38060.71,-0.007413228,-1,0,0,4.28799442,4.091823673
2021-06-18 00:00:00,35811.41,-0.059097689,-1,0,0,3.975486171,4.091823673
2021-06-19 00:00:00,35483,-0.009170541,-1,0,0,3.929858272,4.091823673
2021-06-20 00:00:00,35588.64,0.0029772,-1,0,0,3.944535447,4.091823673
2021-06-21 00:00:00,31606,-0.11190762,-1,0,0,3.391204254,4.091823673
2021-06-22 00:00:00,32496,0.02815921,-1,0,0,3.514857098,4.091823673
2021-06-23 00:00:00,33649,0.03548129,-1,0,0,3.675050052,4.091823673
2021-06-24 00:00:00,34644.64,0.029588992,-1,0,0,3.813380071,4.091823673
2021-06-25 00:00:00,31568.07,-0.088803636,-1,0,0,3.38593442,4.091823673
2021-06-26 00:00:00,32255.56,0.021778018,-1,0,0,3.481451379,4.091823673
2021-06-27 00:00:00,34687.71,0.075402504,-1,0,0,3.819364035,4.091823673
2021-06-28 00:00:00,34487.22,-0.005779857,-1,0,0,3.791508801,4.091823673
2021-06-29 00:00:00,35911.26,0.041291818,0,0.5,0,3.989358909,4.091823673
2021-06-30 00:00:00,35031.39,-0.024501229,-1,0,-0.012250614,3.867113484,4.029445704
2021-07-01 00:00:00,33489.96,-0.044001394,-1,0,0,3.652953705,4.029445704
2021-07-02 00:00:00,33760.94,0.00809138,-1,0,0,3.690602523,4.029445704
2021-07-03 00:00:00,34652.94,0.026421065,-1,0,0,3.814533238,4.029445704
2021-07-04 00:00:00,35280.16,0.018100052,-1,0,0,3.901676538,4.029445704
2021-07-05 00:00:00,33672.72,-0.045562152,-1,0,0,3.678345608,4.029445704
2021-07-06 00:00:00,34206.01,0.015837449,-1,0,0,3.75243867,4.029445704
2021-07-07 00:00:00,33845.64,-0.010535283,0,0.5,0,3.702370383,4.029445704
2021-07-08 00:00:00,32852.04,-0.029356809,-1,0,-0.014678405,3.564323793,3.955621465
2021-07-09 00:00:00,33805.01,0.02900794,-1,0,0,3.696725423,3.955621465
2021-07-10 00:00:00,33497.98,-0.009082382,-1,0,0,3.65406797,3.955621465
2021-07-11 00:00:00,34253.81,0.02256345,-1,0,0,3.759079801,3.955621465
2021-07-12 00:00:00,33070.87,-0.034534553,-1,0,0,3.594727109,3.955621465
2021-07-13 00:00:00,32709.09,-0.010939537,-1,0,0,3.544462923,3.955621465
2021-07-14 00:00:00,32803.01,0.002871373,-1,0,0,3.557511771,3.955621465
2021-07-15 00:00:00,31866.43,-0.028551648,-1,0,0,3.427387299,3.955621465
2021-07-16 00:00:00,31382.95,-0.015172079,-1,0,0,3.360214628,3.955621465
2021-07-17 00:00:00,31496.65,0.003622986,-1,0,0,3.376011626,3.955621465
2021-07-18 00:00:00,31767,0.008583453,-1,0,0,3.413572914,3.955621465
2021-07-19 00:00:00,30823.62,-0.029696855,-1,0,0,3.282503678,3.955621465
2021-07-20 00:00:00,29775.9,-0.033990816,-1,0,0,3.136937883,3.955621465
2021-07-21 00:00:00,32120,0.07872474,0,0.5,0,3.462617244,3.955621465
2021-07-22 00:00:00,32268.11,0.004611146,-1,0,0.002305573,3.483195023,3.967047011
2021-07-23 00:00:00,33634.46,0.042343664,-1,0,0,3.673029925,3.967047011
2021-07-24 00:00:00,34230,0.017706245,-1,0,0,3.75577174,3.967047011
2021-07-25 00:00:00,35370.66,0.033323401,0,0.5,0,3.914250226,3.967047011
2021-07-26 00:00:00,37218.09,0.052230578,0,0.5,0.026115289,4.170924354,4.096762878
2021-07-27 00:00:00,39442.33,0.059762336,0,0.5,0.029881168,4.479950872,4.249060106
2021-07-28 00:00:00,40003.08,0.014216959,0,0.5,0.00710848,4.557859111,4.286372943
2021-07-29 00:00:00,40012.9,0.000245481,0,0.5,0.000122741,4.55922346,4.287021795
2021-07-30 00:00:00,42203.25,0.054741096,0,0.5,0.027370548,4.863541445,4.431730479
2021-07-31 00:00:00,41448.11,-0.017892935,0,0.5,-0.008946467,4.758625481,4.38313568
2021-08-01 00:00:00,39846.78,-0.038634572,0,0.5,-0.019317286,4.536143448,4.279148107
2021-08-02 00:00:00,39147.48,-0.017549724,0,0.5,-0.008774862,4.438985658,4.232824311
2021-08-03 00:00:00,38203.26,-0.02411956,0,0.5,-0.01205978,4.307799716,4.1697176
2021-08-04 00:00:00,39731.31,0.039997895,0,0.5,0.019998948,4.520100534,4.273106512
2021-08-05 00:00:00,40882.4,0.028971861,0,0.5,0.014485931,4.680028121,4.349492367
2021-08-06 00:00:00,42825.43,0.047527298,0,0.5,0.023763649,4.949984509,4.476615826
2021-08-07 00:00:00,44601.11,0.041463215,0,0.5,0.020731607,5.196689994,4.590154875
2021-08-08 00:00:00,43787.71,-0.018237214,0,0.5,-0.009118607,5.083679631,4.539180449
2021-08-09 00:00:00,46259.7,0.056453968,0,0.5,0.028226984,5.427127489,4.695534808
2021-08-10 00:00:00,45589.99,-0.01447718,0,0.5,-0.00723859,5.334080808,4.654307167
2021-08-11 00:00:00,45522.12,-0.001488704,0,0.5,-0.000744352,5.324651236,4.650098372
2021-08-12 00:00:00,44385.09,-0.024977527,0,0.5,-0.012488764,5.166677087,4.579535629
2021-08-13 00:00:00,47792.52,0.076769699,0,0.5,0.03838485,5.640091031,4.793705264
2021-08-14 00:00:00,47083.74,-0.014830354,0,0.5,-0.007415177,5.541616129,4.750743913
2021-08-15 00:00:00,47006.02,-0.001650676,0,0.5,-0.000825338,5.53081804,4.745997606
2021-08-16 00:00:00,45926.23,-0.022971313,0,0.5,-0.011485657,5.380796574,4.680001051
2021-08-17 00:00:00,44704.84,-0.026594606,0,0.5,-0.013297303,5.211101802,4.604472356
2021-08-18 00:00:00,44714.09,0.000206913,0,0.5,0.000103456,5.212386958,4.605052174
2021-08-19 00:00:00,46772,0.046023748,0,0.5,0.023011874,5.498304289,4.734034928
2021-08-20 00:00:00,49332.74,0.054749423,0,0.5,0.027374711,5.854082697,4.891002479
2021-08-21 00:00:00,48848.29,-0.009820051,0,0.5,-0.004910025,5.786775259,4.862077508
2021-08-22 00:00:00,49273.28,0.008700202,0,0.5,0.004350101,5.845821576,4.887578138
2021-08-23 00:00:00,49523.91,0.00508653,1,1,0.002543265,5.88064305,4.902551808
2021-08-24 00:00:00,47719.36,-0.036437955,0,0.5,-0.036437955,5.629926489,4.687474891
2021-08-25 00:00:00,48992.65,0.026682881,0,0.5,0.01334144,5.806832028,4.763353999
2021-08-26 00:00:00,46853.06,-0.043671653,0,0.5,-0.021835826,5.509566423,4.637506401
2021-08-27 00:00:00,49083.98,0.047615246,0,0.5,0.023807623,5.819521033,4.77172203
2021-08-28 00:00:00,48931.99,-0.00309653,0,0.5,-0.001548265,5.798404184,4.762785876
2021-08-29 00:00:00,48795.41,-0.002791221,0,0.5,-0.001395611,5.779428335,4.754743271
2021-08-30 00:00:00,47024.7,-0.036288454,0,0.5,-0.018144227,5.53341336,4.650327902
2021-08-31 00:00:00,47150.32,0.002671362,0,0.5,0.001335681,5.550866473,4.657874938
2021-09-01 00:00:00,48842.94,0.035898378,0,0.5,0.017949189,5.786031952,4.759429204
2021-09-02 00:00:00,49299.14,0.009340142,0,0.5,0.004670071,5.849414455,4.786326148
2021-09-03 00:00:00,50027.08,0.014765775,0,0.5,0.007382887,5.950551367,4.829045942
2021-09-04 00:00:00,49940.74,-0.001725865,0,0.5,-0.000862933,5.938555651,4.824015868
2021-09-05 00:00:00,51799.57,0.037220714,0,0.5,0.018610357,6.196813647,4.932402883
2021-09-06 00:00:00,52683.97,0.017073501,0,0.5,0.00853675,6.31968845,4.983046325
2021-09-07 00:00:00,46864.39,-0.110462063,0,0.5,-0.055231031,5.511140565,4.652596506
2021-09-08 00:00:00,46062.29,-0.017115341,-1,0,-0.00855767,5.399700177,4.604223449
2021-09-09 00:00:00,46413.88,0.007632925,0,0.5,0,5.448548607,4.604223449
2021-09-10 00:00:00,44860.83,-0.033460896,-1,0,-0.016730448,5.232774395,4.51046228
2021-09-11 00:00:00,45193.78,0.007421842,0,0.5,0,5.279033063,4.51046228
2021-09-12 00:00:00,46046.73,0.018873172,-1,0,0.009436586,5.397538336,4.562462233
2021-09-13 00:00:00,44975.96,-0.023253986,-1,0,0,5.248770071,4.562462233
2021-09-14 00:00:00,47087.18,0.046941077,1,1,0,5.542094068,4.562462233
2021-09-15 00:00:00,48106.12,0.021639436,1,1,0.021639436,5.683661291,4.682830776
2021-09-16 00:00:00,47745.55,-0.007495304,1,1,-0.007495304,5.633565217,4.640236231
2021-09-17 00:00:00,47303.11,-0.009266623,1,1,-0.009266623,5.572094471,4.587970289
2021-09-18 00:00:00,48285.15,0.02076058,1,1,0.02076058,5.708534964,4.703979794
2021-09-19 00:00:00,47256.91,-0.02129516,0,0.5,-0.02129516,5.565675638,4.582512631
2021-09-20 00:00:00,43026.6,-0.089517279,0,0.5,-0.04475864,4.977934219,4.33264696
2021-09-21 00:00:00,40726.1,-0.053466925,0,0.5,-0.026733463,4.658312458,4.190086842
2021-09-22 00:00:00,43520,0.068602199,0,0.5,0.034301099,5.046485133,4.368112527
2021-09-23 00:00:00,44828.29,0.030061811,0,0.5,0.015030905,5.228253424,4.448800118
2021-09-24 00:00:00,42798.49,-0.045279443,0,0.5,-0.022639721,4.946241579,4.325440801
2021-09-25 00:00:00,42651.58,-0.003432598,0,0.5,-0.001716299,4.925830523,4.316300753
2021-09-26 00:00:00,43150,0.011685851,0,0.5,0.005842925,4.995078895,4.347363501
2021-09-27 00:00:00,42122.69,-0.023807879,0,0.5,-0.01190394,4.852348779,4.283708808
2021-09-28 00:00:00,41006.32,-0.026502818,0,0.5,-0.013251409,4.697245042,4.213692221
2021-09-29 00:00:00,41499.71,0.012032048,0,0.5,0.006016024,4.765794567,4.245057918
2021-09-30 00:00:00,43796.57,0.055346411,0,0.5,0.027673205,5.084910602,4.390205483
2021-10-01 00:00:00,48123.94,0.098806139,0,0.5,0.04940307,5.686137127,4.65649818
2021-10-02 00:00:00,47626.61,-0.010334357,0,0.5,-0.005167179,5.617040196,4.627270043
2021-10-03 00:00:00,48187.3,0.01177262,0,0.5,0.00588631,5.694940098,4.6603939
2021-10-04 00:00:00,49198.22,0.020978972,0,0.5,0.010489486,5.835393056,4.719768522
2021-10-05 00:00:00,51455.12,0.045873611,0,0.5,0.022936805,6.148957218,4.85096174
2021-10-06 00:00:00,55321.6,0.075142765,1,1,0.037571383,6.686149631,5.070790462
2021-10-07 00:00:00,53814.99,-0.027233666,1,1,-0.027233666,6.476827596,4.905460579
2021-10-08 00:00:00,53975,0.002973335,1,1,0.002973335,6.49905871,4.923019493
2021-10-09 00:00:00,54960.77,0.018263455,1,1,0.018263455,6.636017434,5.031194294
2021-10-10 00:00:00,54700,-0.004744657,1,1,-0.004744657,6.59978715,5.002578346
2021-10-11 00:00:00,57500.01,0.051188483,1,1,0.051188483,6.988808723,5.309841224
2021-10-12 00:00:00,56011.84,-0.025881213,1,1,-0.025881213,6.782048664,5.14653488
2021-10-13 00:00:00,57393.65,0.024669963,1,1,0.024669963,6.974031513,5.298169666
2021-10-14 00:00:00,57378.19,-0.000269368,1,1,-0.000269368,6.971883566,5.296473142
2021-10-15 00:00:00,61702.33,0.075362084,1,1,0.075362084,7.572661329,5.770988482
2021-10-16 00:00:00,60925.56,-0.01258899,1,1,-0.01258899,7.464740183,5.685748578
2021-10-17 00:00:00,61571.45,0.010601298,1,1,0.010601298,7.554477414,5.756626189
2021-10-18 00:00:00,62037.92,0.007576076,1,1,0.007576076,7.619286787,5.807814904
2021-10-19 00:00:00,64316.7,0.03673205,1,1,0.03673205,7.935890863,6.057879904
2021-10-20 00:00:00,66064.24,0.027170859,1,1,0.027170859,8.178686696,6.249648565
2021-10-21 00:00:00,62260.33,-0.057578956,1,1,-0.057578956,7.650187494,5.832221366
2021-10-22 00:00:00,60734.27,-0.024510953,1,1,-0.024510953,7.438163158,5.664757111
2021-10-23 00:00:00,61325.11,0.00972828,1,1,0.00972828,7.520251974,5.729593736
2021-10-24 00:00:00,60902.82,-0.006886086,1,1,-0.006886086,7.461580784,5.683253173
2021-10-25 00:00:00,63127.04,0.036520805,1,1,0.036520805,7.770604523,5.927330958
2021-10-26 00:00:00,60358.75,-0.043852682,1,1,-0.043852682,7.385989994,5.623548917
2021-10-27 00:00:00,58449.36,-0.031634022,1,1,-0.031634022,7.120707405,5.414019428
2021-10-28 00:00:00,60622.03,0.037171836,1,1,0.037171836,7.422569006,5.652440303
2021-10-29 00:00:00,62308.22,0.027814806,1,1,0.027814806,7.656841128,5.837476639
2021-10-30 00:00:00,61895.19,-0.00662882,1,1,-0.00662882,7.599456483,5.792152235
2021-10-31 00:00:00,61348.61,-0.008830735,1,1,-0.008830735,7.523516965,5.732172541
2021-11-01 00:00:00,60942.87,-0.006613679,1,1,-0.006613679,7.467145161,5.687648114
2021-11-02 00:00:00,63266.69,0.038131122,1,1,0.038131122,7.790006905,5.942655639
2021-11-03 00:00:00,62946.45,-0.005061747,1,1,-0.005061747,7.745514111,5.90751367
2021-11-04 00:00:00,61431.86,-0.024061563,1,1,-0.024061563,7.535083368,5.741308092
2021-11-05 00:00:00,61006,-0.006932234,1,1,-0.006932234,7.475916177,5.69457577
2021-11-06 00:00:00,61511.3,0.008282792,1,1,0.008282792,7.546120427,5.750025547
2021-11-07 00:00:00,63316.4,0.029345828,1,1,0.029345828,7.796913403,5.948110633
2021-11-08 00:00:00,67606.96,0.067763802,1,1,0.067763802,8.393025702,6.418941027
2021-11-09 00:00:00,67009.98,-0.008830156,1,1,-0.008830156,8.31008382,6.353430621
2021-11-10 00:00:00,64920.13,-0.031187146,1,1,-0.031187146,8.019728881,6.124098109
2021-11-11 00:00:00,64831.3,-0.001368297,1,1,-0.001368297,8.007387215,6.114350229
2021-11-12 00:00:00,64156.08,-0.010415031,1,1,-0.010415031,7.913574998,6.040254051
2021-11-13 00:00:00,64427,0.004222827,1,1,0.004222827,7.95121548,6.069983823
2021-11-14 00:00:00,65568.39,0.01771602,1,1,0.01771602,8.109795389,6.195235796
2021-11-15 00:00:00,63654.49,-0.02918937,1,1,-0.02918937,7.8438862,5.985211395
2021-11-16 00:00:00,60106.03,-0.055745636,0,0.5,-0.055745636,7.350878144,5.595816347
2021-11-17 00:00:00,60366.96,0.004341162,0,0.5,0.002170581,7.387130657,5.6101331
2021-11-18 00:00:00,56921.05,-0.057082715,0,0.5,-0.028541358,6.908370464,5.421470926
2021-11-19 00:00:00,58069.51,0.020176367,0,0.5,0.010088184,7.067932649,5.486251904
2021-11-20 00:00:00,59716.29,0.028358772,0,0.5,0.014179386,7.296729313,5.578222973
2021-11-21 00:00:00,58661.39,-0.017665197,0,0.5,-0.008832598,7.150165959,5.520120173
2021-11-22 00:00:00,56268.31,-0.040794806,0,0.5,-0.020397403,6.817681523,5.387126655
2021-11-23 00:00:00,57574.23,0.023208801,0,0.5,0.0116044,6.999120537,5.46124543
2021-11-24 00:00:00,57165.08,-0.007106478,0,0.5,-0.003553239,6.942274962,5.438287081
2021-11-25 00:00:00,58988.21,0.031892372,0,0.5,0.015946186,7.19557295,5.540953205
2021-11-26 00:00:00,53755.65,-0.088705184,0,0.5,-0.044352592,6.468583147,5.250844977
2021-11-27 00:00:00,54738.77,0.018288682,0,0.5,0.009144341,6.605173691,5.308004836
2021-11-28 00:00:00,57315.73,0.047077419,0,0.5,0.023538709,6.963205637,5.456487128
2021-11-29 00:00:00,57827.98,0.008937337,0,0.5,0.004468669,7.034375491,5.485339029
2021-11-30 00:00:00,56975,-0.014750299,0,0.5,-0.00737515,6.915866049,5.437508684
2021-12-01 00:00:00,57209.29,0.004112154,0,0.5,0.002056077,6.948417313,5.450744699
2021-12-02 00:00:00,56513.57,-0.012160962,0,0.5,-0.006080481,6.851756912,5.411521069
2021-12-03 00:00:00,53612,-0.05134289,0,0.5,-0.025671445,6.448625022,5.246928059
2021-12-04 00:00:00,49135.66,-0.083495113,0,0.5,-0.041747557,5.826701234,4.986134076
2021-12-05 00:00:00,49376.6,0.004903567,0,0.5,0.002451783,5.860176421,5.000810781
2021-12-06 00:00:00,50424.72,0.021227059,0,0.5,0.010613529,6.00579779,5.064500563
2021-12-07 00:00:00,50577.2,0.003023914,0,0.5,0.001511957,6.026982718,5.073669826
2021-12-08 00:00:00,50455.61,-0.002404048,0,0.5,-0.001202024,6.010089516,5.066369131
2021-12-09 00:00:00,47539.76,-0.057790402,0,0.5,-0.028895201,5.604973623,4.891080174
2021-12-10 00:00:00,47136.35,-0.008485739,0,0.5,-0.00424287,5.54892554,4.86608509
2021-12-11 00:00:00,49381.15,0.047623543,0,0.5,0.023811772,5.860808578,5.005766968
2021-12-12 00:00:00,50057.01,0.013686599,0,0.5,0.0068433,5.954709715,5.04686623
2021-12-13 00:00:00,46679.93,-0.067464677,-1,0,-0.033732338,5.485512472,4.842891292
2021-12-14 00:00:00,48324.04,0.035220918,0,0.5,0,5.713938176,4.842891292
2021-12-15 00:00:00,48870.48,0.011307829,0,0.5,0.005653915,5.789858244,4.875926501
2021-12-16 00:00:00,47624.5,-0.025495555,0,0.5,-0.012747777,5.616747041,4.801021498
2021-12-17 00:00:00,46125.33,-0.031478966,-1,0,-0.015739483,5.408458688,4.70971642
2021-12-18 00:00:00,46815.99,0.014973551,-1,0,0,5.504416074,4.70971642
2021-12-19 00:00:00,46668.63,-0.003147643,-1,0,0,5.483942497,4.70971642
2021-12-20 00:00:00,46898.14,0.004917865,-1,0,0,5.515829648,4.70971642
2021-12-21 00:00:00,48875.15,0.042155403,-1,0,0,5.790507074,4.70971642
2021-12-22 00:00:00,48569.69,-0.006249802,0,0.5,0,5.748067751,4.70971642
2021-12-23 00:00:00,50817.92,0.046288745,0,0.5,0.023144373,6.060427339,4.841864224
2021-12-24 00:00:00,50808.55,-0.000184384,0,0.5,-9.21919E-05,6.05912551,4.841325651
2021-12-25 00:00:00,50403.64,-0.007969328,0,0.5,-0.003984664,6.002869024,4.818049931
2021-12-26 00:00:00,50765.73,0.007183807,0,0.5,0.003591903,6.05317628,4.838947804
2021-12-27 00:00:00,50707.72,-0.0011427,0,0.5,-0.00057135,6.045116616,4.835611721
2021-12-28 00:00:00,47522.03,-0.062824556,0,0.5,-0.031412278,5.602510292,4.652301863
2021-12-29 00:00:00,46436.54,-0.022841827,-1,0,-0.011420914,5.451696892,4.587747412
2021-12-30 00:00:00,47095.02,0.014180212,-1,0,0,5.543183324,4.587747412
2021-12-31 00:00:00,46210.56,-0.01878033,-1,0,0,5.420300185,4.587747412
2022-01-01 00:00:00,47704.35,0.032325728,-1,0,0,5.627841063,4.587747412
2022-01-02 00:00:00,47280,-0.008895415,-1,0,0,5.568883665,4.587747412
2022-01-03 00:00:00,46445.81,-0.017643613,-1,0,0,5.452984827,4.587747412
2022-01-04 00:00:00,45833.42,-0.013185043,-1,0,0,5.367901945,4.587747412
2022-01-05 00:00:00,43421.69,-0.052619464,-1,0,0,5.032826357,4.587747412
2022-01-06 00:00:00,43080.01,-0.007868878,-1,0,0,4.985354779,4.587747412
2022-01-07 00:00:00,41553.86,-0.035425943,-1,0,0,4.773317939,4.587747412
2022-01-08 00:00:00,41688.05,0.003229303,-1,0,0,4.791961732,4.587747412
2022-01-09 00:00:00,41851.22,0.003914071,-1,0,0,4.814631883,4.587747412
2022-01-10 00:00:00,41801.55,-0.001186823,-1,0,0,4.807730943,4.587747412
2022-01-11 00:00:00,42700.68,0.021509489,-1,0,0,4.93265227,4.587747412
2022-01-12 00:00:00,43880.72,0.027635157,-1,0,0,5.096602048,4.587747412
2022-01-13 00:00:00,42534.32,-0.030683179,-1,0,0,4.909538914,4.587747412
2022-01-14 00:00:00,43042.4,0.011945177,-1,0,0,4.980129405,4.587747412
2022-01-15 00:00:00,43070.51,0.000653077,-1,0,0,4.98403489,4.587747412
2022-01-16 00:00:00,43060.66,-0.000228695,-1,0,0,4.982666372,4.587747412
2022-01-17 00:00:00,42176.34,-0.02053661,-1,0,0,4.859802683,4.587747412
2022-01-18 00:00:00,42337.58,0.003822996,-1,0,0,4.882204689,4.587747412
2022-01-19 00:00:00,41657.89,-0.016054059,0,0.5,0,4.787771428,4.587747412
2022-01-20 00:00:00,40661.69,-0.023913837,-1,0,-0.011956919,4.649363605,4.520935171
2022-01-21 00:00:00,36425.98,-0.104169551,-1,0,0,4.060871933,4.520935171
2022-01-22 00:00:00,35043.73,-0.037946817,-1,0,0,3.868827952,4.520935171
2022-01-23 00:00:00,36230.01,0.033851419,-1,0,0,4.033644688,4.520935171
2022-01-24 00:00:00,36648.31,0.011545677,-1,0,0,4.091761525,4.520935171
2022-01-25 00:00:00,36934.26,0.007802543,-1,0,0,4.131490211,4.520935171
2022-01-26 00:00:00,36787.43,-0.003975442,-1,0,0,4.111090271,4.520935171
2022-01-27 00:00:00,37131,0.009339331,-1,0,0,4.158824437,4.520935171
2022-01-28 00:00:00,37696.21,0.015222052,-1,0,0,4.237352329,4.520935171
2022-01-29 00:00:00,38150.01,0.012038345,-1,0,0,4.300401385,4.520935171
2022-01-30 00:00:00,37870.01,-0.007339448,-1,0,0,4.261499367,4.520935171
2022-01-31 00:00:00,38439.04,0.015025874,-1,0,0,4.340557994,4.520935171
2022-02-01 00:00:00,38680.51,0.006281895,-1,0,0,4.374106817,4.520935171
2022-02-02 00:00:00,36892.03,-0.046237239,-1,0,0,4.125622953,4.520935171
2022-02-03 00:00:00,37289.86,0.01078363,-1,0,0,4.180895775,4.520935171
2022-02-04 00:00:00,41550,0.114243926,-1,0,0,4.772781647,4.520935171
2022-02-05 00:00:00,41374.69,-0.004219254,-1,0,0,4.748424816,4.520935171
2022-02-06 00:00:00,42361.35,0.023846946,0,0.5,0,4.885507192,4.520935171
2022-02-07 00:00:00,43829.99,0.034669339,0,0.5,0.017334669,5.089553836,4.616638757
2022-02-08 00:00:00,44021.57,0.00437098,0,0.5,0.00218549,5.116171152,4.628913864
2022-02-09 00:00:00,44358.08,0.007644207,0,0.5,0.003822104,5.162924431,4.650428156
2022-02-10 00:00:00,43471.29,-0.019991623,0,0.5,-0.009995811,5.039717571,4.593947542
2022-02-11 00:00:00,42366,-0.025425747,-1,0,-0.012712873,4.886153243,4.522832396
2022-02-12 00:00:00,42199.87,-0.003921305,-1,0,0,4.863071842,4.522832396
2022-02-13 00:00:00,42041.13,-0.003761623,-1,0,0,4.841017177,4.522832396
2022-02-14 00:00:00,42525.14,0.011512773,-1,0,0,4.908263483,4.522832396
2022-02-15 00:00:00,44529.6,0.047135882,0,0.5,0,5.186754696,4.522832396
2022-02-16 00:00:00,43860.7,-0.015021469,0,0.5,-0.007510734,5.093820553,4.481351869
2022-02-17 00:00:00,40491.7,-0.07681136,-1,0,-0.03840568,4.625745911,4.270836824
2022-02-18 00:00:00,39966.8,-0.01296315,-1,0,0,4.552818521,4.270836824
2022-02-19 00:00:00,40052.6,0.002146782,-1,0,0,4.564739211,4.270836824
2022-02-20 00:00:00,38368.1,-0.042057195,0,0.5,0,4.33070189,4.270836824
2022-02-21 00:00:00,36986.4,-0.036011687,0,0.5,-0.018005843,4.138734323,4.175930961
2022-02-22 00:00:00,38212,0.033136504,0,0.5,0.016568252,4.309014014,4.261687091
2022-02-23 00:00:00,37227.8,-0.025756307,0,0.5,-0.012878153,4.17227342,4.193926277
2022-02-24 00:00:00,38315.1,0.029206668,0,0.5,0.014603334,4.323338293,4.269774917
2022-02-25 00:00:00,39205.4,0.02323627,0,0.5,0.011618135,4.447032818,4.330999873
2022-02-26 00:00:00,39099.3,-0.00270626,0,0.5,-0.00135313,4.432291732,4.323786338
2022-02-27 00:00:00,37672,-0.03650449,-1,0,-0.018252245,4.233988693,4.226615285
2022-02-28 00:00:00,43155,0.145545763,0,0.5,0,4.995773574,4.226615285
2022-03-01 00:00:00,44394.1,0.02871278,0,0.5,0.01435639,5.167928898,4.301650612
2022-03-02 00:00:00,43885.7,-0.011451972,0,0.5,-0.005725986,5.097293948,4.271293434
2022-03-03 00:00:00,42449.5,-0.032725922,0,0.5,-0.016362961,4.897754381,4.185039465
2022-03-04 00:00:00,39127.7,-0.078252983,0,0.5,-0.039126491,4.436237508,3.982167062
2022-03-05 00:00:00,39375.1,0.006322886,0,0.5,0.003161443,4.47061022,3.9979179
2022-03-06 00:00:00,38401.1,-0.024736445,-1,0,-0.012368223,4.33528677,3.936102539
2022-03-07 00:00:00,37963.8,-0.011387695,-1,0,0,4.274530154,3.936102539
2022-03-08 00:00:00,38709.9,0.019652933,-1,0,0,4.378190139,3.936102539
2022-03-09 00:00:00,41937.5,0.083379187,-1,0,0,4.826619262,3.936102539
2022-03-10 00:00:00,39407.2,-0.060335022,-1,0,0,4.475070058,3.936102539
2022-03-11 00:00:00,38713,-0.01761607,-1,0,0,4.37862084,3.936102539
2022-03-12 00:00:00,38792.6,0.002056157,-1,0,0,4.389680128,3.936102539
2022-03-13 00:00:00,37743.7,-0.027038662,-1,0,0,4.243950389,3.936102539
2022-03-14 00:00:00,39653.8,0.050607121,-1,0,0,4.509331622,3.936102539
2022-03-15 00:00:00,39271,-0.009653551,-1,0,0,4.456147005,3.936102539
2022-03-16 00:00:00,41105.8,0.046721499,-1,0,0,4.711066374,3.936102539
2022-03-17 00:00:00,40898.1,-0.005052815,-1,0,0,4.682209412,3.936102539
2022-03-18 00:00:00,41751.5,0.020866495,-1,0,0,4.800777207,3.936102539
2022-03-19 00:00:00,42188.2,0.010459504,0,0.5,0,4.861450462,3.936102539
2022-03-20 00:00:00,41261,-0.021977709,0,0.5,-0.010988855,4.732629207,3.881860426
2022-03-21 00:00:00,40982,-0.006761833,0,0.5,-0.003380917,4.693866124,3.865355263
2022-03-22 00:00:00,42349.8,0.033375628,0,0.5,0.016687814,4.883902484,3.946547407
2022-03-23 00:00:00,42867.9,0.012233824,0,0.5,0.006116912,4.955885111,3.976805002
2022-03-24 00:00:00,43973.4,0.025788527,0,0.5,0.012894264,5.109478616,4.040977238
2022-03-25 00:00:00,44290.6,0.007213452,0,0.5,0.003606726,5.153549045,4.059158661
2022-03-26 00:00:00,44489.2,0.004484021,0,0.5,0.002242011,5.181141691,4.070501349
2022-03-27 00:00:00,46820.8,0.052408225,0,0.5,0.026204112,5.505084355,4.203369336
2022-03-28 00:00:00,47121.9,0.006430903,0,0.5,0.003215451,5.546917918,4.220100517
2022-03-29 00:00:00,47418.5,0.006294313,0,0.5,0.003147157,5.58812627,4.236528991
2022-03-30 00:00:00,47053.2,-0.007703744,0,0.5,-0.003851872,5.53737303,4.216358551
2022-03-31 00:00:00,45506,-0.032881929,0,0.5,-0.016440965,5.322411592,4.130596584
2022-04-01 00:00:00,46266.2,0.016705489,0,0.5,0.008352745,5.428030571,4.173451147
2022-04-02 00:00:00,45794.6,-0.010193186,0,0.5,-0.005096593,5.362508458,4.147084171
2022-04-03 00:00:00,46392.4,0.013053941,0,0.5,0.00652697,5.445564267,4.180679037
2022-04-04 00:00:00,46580.9,0.004063166,0,0.5,0.002031583,5.471753661,4.191204016
2022-04-05 00:00:00,45477.4,-0.023689967,0,0.5,-0.011844984,5.318438028,4.129714289
2022-04-06 00:00:00,43159.7,-0.050963775,0,0.5,-0.025481888,4.996426572,3.998999485
2022-04-07 00:00:00,43417.1,0.005963897,0,0.5,0.002981948,5.032188641,4.013906244
2022-04-08 00:00:00,42229.2,-0.027360188,0,0.5,-0.013680094,4.867146829,3.945315536
2022-04-09 00:00:00,42727.7,0.011804628,0,0.5,0.005902314,4.936406315,3.974504342
2022-04-10 00:00:00,42140.4,-0.013745182,0,0.5,-0.006872591,4.854809331,3.940316609
2022-04-11 00:00:00,39505.6,-0.062524323,0,0.5,-0.031262162,4.488741339,3.785871632
2022-04-12 00:00:00,40060.7,0.014051172,0,0.5,0.007025586,4.56586459,3.819495186
2022-04-13 00:00:00,41129.8,0.026687002,0,0.5,0.013343501,4.714400833,3.883804126
2022-04-14 00:00:00,39915.9,-0.02951388,0,0.5,-0.01475694,4.54574669,3.81173412
2022-04-15 00:00:00,40529.5,0.01537232,-1,0,0.00768616,4.630997684,3.848717879
2022-04-16 00:00:00,40361,-0.004157466,-1,0,0,4.607587005,3.848717879
2022-04-17 00:00:00,39649.1,-0.017638314,-1,0,0,4.508678623,3.848717879
2022-04-18 00:00:00,40785.6,0.028663955,-1,0,0,4.666579137,3.848717879
2022-04-19 00:00:00,41472.9,0.016851536,0,0.5,0,4.762069699,3.848717879
2022-04-20 00:00:00,41327.7,-0.003501081,0,0.5,-0.001750541,4.741896223,3.840230001
2022-04-21 00:00:00,40449.8,-0.021242411,-1,0,-0.010621206,4.619924502,3.788820923
2022-04-22 00:00:00,39674.2,-0.019174384,-1,0,0,4.512165912,3.788820923
2022-04-23 00:00:00,39415.1,-0.006530692,-1,0,0,4.476167651,3.788820923
2022-04-24 00:00:00,39433.4,0.000464289,-1,0,0,4.478710176,3.788820923
2022-04-25 00:00:00,40411,0.024791167,-1,0,0,4.614533794,3.788820923
2022-04-26 00:00:00,38093.7,-0.057343298,-1,0,0,4.292577912,3.788820923
2022-04-27 00:00:00,39209,0.029277807,-1,0,0,4.447532987,3.788820923
2022-04-28 00:00:00,39732.5,0.013351526,-1,0,0,4.520265868,3.788820923
2022-04-29 00:00:00,38572.2,-0.029202794,-1,0,0,4.359058682,3.788820923
2022-04-30 00:00:00,37614.5,-0.024828763,-1,0,0,4.225999886,3.788820923
2022-05-01 00:00:00,38440.5,0.021959617,-1,0,0,4.34076084,3.788820923
2022-05-02 00:00:00,38525.6,0.002213811,-1,0,0,4.352584275,3.788820923
2022-05-03 00:00:00,37712.9,-0.021095064,-1,0,0,4.239671167,3.788820923
2022-05-04 00:00:00,39684,0.052265936,-1,0,0,4.513527482,3.788820923
2022-05-05 00:00:00,36534.7,-0.07935944,-1,0,0,4.075977031,3.788820923
2022-05-06 00:00:00,35995.3,-0.014764046,-1,0,0,4.001035072,3.788820923
2022-05-07 00:00:00,35466.7,-0.014685251,-1,0,0,3.927593618,3.788820923
2022-05-08 00:00:00,34032,-0.04045203,-1,0,0,3.728262455,3.788820923
2022-05-09 00:00:00,30056.6,-0.116813587,-1,0,0,3.175937157,3.788820923
2022-05-10 00:00:00,31002.1,0.031457317,-1,0,0,3.307300936,3.788820923
2022-05-11 00:00:00,29074.7,-0.062169982,-1,0,0,3.039516114,3.788820923
2022-05-12 00:00:00,29020.7,-0.001857285,-1,0,0,3.032013582,3.788820923
2022-05-13 00:00:00,29274.3,0.00873859,-1,0,0,3.067247696,3.788820923
2022-05-14 00:00:00,30079.8,0.027515602,-1,0,0,3.179160467,3.788820923
2022-05-15 00:00:00,31324.4,0.041376605,-1,0,0,3.352079938,3.788820923
2022-05-16 00:00:00,29866.7,-0.046535608,-1,0,0,3.149553252,3.788820923
2022-05-17 00:00:00,30437,0.019094845,-1,0,0,3.228788327,3.788820923
2022-05-18 00:00:00,28700.6,-0.057048986,-1,0,0,2.987540239,3.788820923
2022-05-19 00:00:00,30319.9,0.056420423,-1,0,0,3.212518947,3.788820923
2022-05-20 00:00:00,29188.9,-0.037302234,-1,0,0,3.055382581,3.788820923
2022-05-21 00:00:00,29427.4,0.008170914,-1,0,0,3.088518764,3.788820923
2022-05-22 00:00:00,30284,0.029108926,-1,0,0,3.207531153,3.788820923
2022-05-23 00:00:00,29097.7,-0.0391725,-1,0,0,3.042711637,3.788820923
2022-05-24 00:00:00,29643.1,0.01874375,-1,0,0,3.118487212,3.788820923
2022-05-25 00:00:00,29536.7,-0.003589368,-1,0,0,3.103704445,3.788820923
2022-05-26 00:00:00,29194,-0.011602515,-1,0,0,3.056091153,3.788820923
2022-05-27 00:00:00,28623.2,-0.019551963,-1,0,0,2.97678661,3.788820923
2022-05-28 00:00:00,29018.8,0.013820956,-1,0,0,3.031749604,3.788820923
2022-05-29 00:00:00,29452.8,0.014955822,-1,0,0,3.092047733,3.788820923
2022-05-30 00:00:00,31726.5,0.077198093,-1,0,0,3.407946015,3.788820923
2022-05-31 00:00:00,31797.8,0.002247333,-1,0,0,3.417852136,3.788820923
2022-06-01 00:00:00,29796.9,-0.062925737,-1,0,0,3.139855535,3.788820923
2022-06-02 00:00:00,30437.1,0.021485457,-1,0,0,3.228802221,3.788820923
2022-06-03 00:00:00,29682.8,-0.024782256,-1,0,0,3.124002962,3.788820923
2022-06-04 00:00:00,29848.4,0.005578989,-1,0,0,3.147010727,3.788820923
2022-06-05 00:00:00,29909.9,0.002060412,-1,0,0,3.155555278,3.788820923
2022-06-06 00:00:00,31361.2,0.048522396,-1,0,0,3.357192775,3.788820923
2022-06-07 00:00:00,31118.1,-0.007751617,-1,0,0,3.323417487,3.788820923
2022-06-08 00:00:00,30192.5,-0.029744747,0,0.5,0,3.194818529,3.788820923
2022-06-09 00:00:00,30093.3,-0.003285584,-1,0,-0.001642792,3.1810361,3.780953886
2022-06-10 00:00:00,29077.7,-0.033748376,0,0.5,0,3.039932922,3.780953886
2022-06-11 00:00:00,28416.7,-0.022732197,-1,0,-0.011366098,2.948096371,3.726613094
2022-06-12 00:00:00,26564.7,-0.065172944,-1,0,0,2.690787307,3.726613094
2022-06-13 00:00:00,22471.5,-0.154084179,-1,0,0,2.122095374,3.726613094
2022-06-14 00:00:00,22122.7,-0.015521883,-1,0,0,2.073634574,3.726613094
2022-06-15 00:00:00,22567.5,0.020106045,-1,0,0,2.135433209,3.726613094
2022-06-16 00:00:00,20387.4,-0.096603523,-1,0,0,1.832539315,3.726613094
2022-06-17 00:00:00,20457.3,0.003428588,-1,0,0,1.842250926,3.726613094
2022-06-18 00:00:00,18959.7,-0.073206142,-1,0,0,1.634180703,3.726613094
2022-06-19 00:00:00,20564.2,0.084626866,-1,0,0,1.857103161,3.726613094
2022-06-20 00:00:00,20570.1,0.000286906,-1,0,0,1.857922882,3.726613094
2022-06-21 00:00:00,20713.1,0.006951838,-1,0,0,1.877790699,3.726613094
2022-06-22 00:00:00,19977.4,-0.035518585,-1,0,0,1.775575646,3.726613094
2022-06-23 00:00:00,21096.6,0.056023306,-1,0,0,1.93107257,3.726613094
2022-06-24 00:00:00,21231.2,0.006380175,-1,0,0,1.949773326,3.726613094
2022-06-25 00:00:00,21481.9,0.011808094,-1,0,0,1.984604526,3.726613094
2022-06-26 00:00:00,21029.1,-0.02107821,-1,0,0,1.921694405,3.726613094
2022-06-27 00:00:00,20730,-0.014223148,-1,0,0,1.880138713,3.726613094
2022-06-28 00:00:00,20268.6,-0.022257598,-1,0,0,1.816033745,3.726613094
2022-06-29 00:00:00,20109.9,-0.007829845,-1,0,0,1.793984636,3.726613094
2022-06-30 00:00:00,19923.5,-0.009269066,-1,0,0,1.768087007,3.726613094
2022-07-01 00:00:00,19272,-0.032700078,-1,0,0,1.677570347,3.726613094
2022-07-02 00:00:00,19240.9,-0.00161374,-1,0,0,1.673249444,3.726613094
2022-07-03 00:00:00,19305.9,0.00337822,-1,0,0,1.68228027,3.726613094
2022-07-04 00:00:00,20226.6,0.047690084,-1,0,0,1.810198442,3.726613094
2022-07-05 00:00:00,20170,-0.002798295,-1,0,0,1.802334677,3.726613094
2022-07-06 00:00:00,20554.1,0.019043133,-1,0,0,1.85569991,3.726613094
2022-07-07 00:00:00,21613.4,0.051537163,-1,0,0,2.002874581,3.726613094
2022-07-08 00:00:00,21587.9,-0.001179824,-1,0,0,1.999331719,3.726613094
2022-07-09 00:00:00,21580,-0.000365946,-1,0,0,1.998234126,3.726613094
2022-07-10 00:00:00,20853.8,-0.033651529,-1,0,0,1.897338963,3.726613094
2022-07-11 00:00:00,19954.3,-0.043133626,-1,0,0,1.772366229,3.726613094
2022-07-12 00:00:00,19322.9,-0.031642303,-1,0,0,1.684642178,3.726613094
2022-07-13 00:00:00,20220.1,0.046431954,-1,0,0,1.809295359,3.726613094
2022-07-14 00:00:00,20578.6,0.017729883,-1,0,0,1.859103836,3.726613094
2022-07-15 00:00:00,20823.1,0.011881275,-1,0,0,1.893073635,3.726613094
2022-07-16 00:00:00,21183.5,0.017307702,0,0.5,0,1.94314609,3.726613094
2022-07-17 00:00:00,20794.4,-0.018368069,0,0.5,-0.009184035,1.889086178,3.683203715
2022-07-18 00:00:00,22423.9,0.078362444,0,0.5,0.039181222,2.115482031,3.866697359
2022-07-19 00:00:00,23385.9,0.042900655,0,0.5,0.021450328,2.249138251,3.971089611
2022-07-20 00:00:00,23221.5,-0.007029877,0,0.5,-0.003514938,2.226297209,3.953616537
2022-07-21 00:00:00,23144.5,-0.003315893,0,0.5,-0.001657946,2.215599154,3.945403707
2022-07-22 00:00:00,22675.1,-0.020281276,0,0.5,-0.010140638,2.150382699,3.895254157
2022-07-23 00:00:00,22440.2,-0.010359381,0,0.5,-0.00517969,2.117746684,3.869898256
2022-07-24 00:00:00,22570.6,0.005811,0,0.5,0.0029055,2.13586391,3.884047745
2022-07-25 00:00:00,21300,-0.056294472,-1,0,-0.028147236,1.959332108,3.746575301
2022-07-26 00:00:00,21241,-0.002769953,0,0.5,0,1.951134897,3.746575301
2022-07-27 00:00:00,22941.1,0.080038605,0,0.5,0.040019302,2.187339616,3.936529933
2022-07-28 00:00:00,23836.2,0.03901731,0,0.5,0.019508655,2.311701032,4.032834991
2022-07-29 00:00:00,23771.1,-0.00273114,0,0.5,-0.00136557,2.302656313,4.025962303
2022-07-30 00:00:00,23629.9,-0.005939986,0,0.5,-0.002969993,2.283038581,4.01103523
2022-07-31 00:00:00,23290.1,-0.014380086,0,0.5,-0.007190043,2.235828203,3.975005671
2022-08-01 00:00:00,23257.6,-0.001395443,0,0.5,-0.000697721,2.23131279,3.971534503
2022-08-02 00:00:00,22975.1,-0.012146567,0,0.5,-0.006073284,2.192063433,3.941340964
2022-08-03 00:00:00,22801.5,-0.007556006,0,0.5,-0.003778003,2.167944181,3.922672562
2022-08-04 00:00:00,22608.9,-0.008446813,0,0.5,-0.004223406,2.14118515,3.901882116
2022-08-05 00:00:00,23298.1,0.030483571,0,0.5,0.015241785,2.236939689,3.976595551
2022-08-06 00:00:00,22943.3,-0.01522871,0,0.5,-0.007614355,2.187645275,3.938701986
2022-08-07 00:00:00,23167.8,0.009784992,0,0.5,0.004892496,2.218836357,3.962864565
2022-08-08 00:00:00,23804.4,0.027477792,0,0.5,0.013738896,2.307282875,4.031048847
2022-08-09 00:00:00,23140.2,-0.027902405,0,0.5,-0.013951202,2.21500173,3.960859666
2022-08-10 00:00:00,23940.9,0.034602121,0,0.5,0.01730106,2.326247609,4.0466878
2022-08-11 00:00:00,23917.2,-0.000989938,0,0.5,-0.000494969,2.322954831,4.044189846
2022-08-12 00:00:00,24387.5,0.019663673,0,0.5,0.009831837,2.388296328,4.093783496
2022-08-13 00:00:00,24429,0.001701691,0,0.5,0.000850846,2.394062163,4.09811752
2022-08-14 00:00:00,24294.1,-0.005522125,0,0.5,-0.002761063,2.375319726,4.084041298
2022-08-15 00:00:00,24085.2,-0.008598796,0,0.5,-0.004299398,2.346296042,4.062182982
2022-08-16 00:00:00,23843,-0.010055968,0,0.5,-0.005027984,2.312645796,4.036730407
2022-08-17 00:00:00,23333.1,-0.021385732,0,0.5,-0.010692866,2.241802442,3.982873325
2022-08-18 00:00:00,23185.1,-0.006342921,-1,0,-0.00317146,2.221239946,3.96707034
2022-08-19 00:00:00,20824.9,-0.101798138,-1,0,0,1.893323719,3.96707034
2022-08-20 00:00:00,21127.8,0.014545088,-1,0,0,1.935407367,3.96707034
2022-08-21 00:00:00,21505.6,0.017881654,-1,0,0,1.987897304,3.96707034
2022-08-22 00:00:00,21387,-0.005514843,-1,0,0,1.971419521,3.96707034
2022-08-23 00:00:00,21518.2,0.006134568,-1,0,0,1.989647895,3.96707034
2022-08-24 00:00:00,21354.9,-0.007588925,0,0.5,0,1.966959682,3.96707034
2022-08-25 00:00:00,21548.3,0.009056469,0,0.5,0.004528235,1.993829862,3.9895624
2022-08-26 00:00:00,20228.7,-0.06123917,-1,0,-0.030619585,1.810490207,3.836784071
2022-08-27 00:00:00,20023.9,-0.010124229,-1,0,0,1.782036159,3.836784071
2022-08-28 00:00:00,19547.5,-0.023791569,-1,0,0,1.715847154,3.836784071
2022-08-29 00:00:00,20275.5,0.037242614,-1,0,0,1.816992402,3.836784071
2022-08-30 00:00:00,19803.1,-0.023299056,-1,0,0,1.751359139,3.836784071
2022-08-31 00:00:00,20041.5,0.012038519,-1,0,0,1.784481429,3.836784071
2022-09-01 00:00:00,20122.5,0.004041614,-1,0,0,1.795735227,3.836784071
2022-09-02 00:00:00,19941,-0.009019754,-1,0,0,1.770518383,3.836784071
2022-09-03 00:00:00,19820.7,-0.006032797,-1,0,0,1.753804409,3.836784071
2022-09-04 00:00:00,19992.7,0.008677796,-1,0,0,1.777701363,3.836784071
2022-09-05 00:00:00,19784.9,-0.010393794,-1,0,0,1.748830508,3.836784071
2022-09-06 00:00:00,18781.5,-0.050715445,-1,0,0,1.609422347,3.836784071
2022-09-07 00:00:00,19287,0.026914783,-1,0,0,1.679654383,3.836784071
2022-09-08 00:00:00,19309.3,0.001156219,-1,0,0,1.682752651,3.836784071
2022-09-09 00:00:00,21352,0.105788402,-1,0,0,1.966556768,3.836784071
2022-09-10 00:00:00,21639.5,0.013464781,-1,0,0,2.006500805,3.836784071
2022-09-11 00:00:00,21820.3,0.008355091,-1,0,0,2.031620394,3.836784071
2022-09-12 00:00:00,22386,0.0259254,-1,0,0,2.110216365,3.836784071
2022-09-13 00:00:00,20162.5,-0.099325471,-1,0,0,1.801292658,3.836784071
2022-09-14 00:00:00,20217,0.002703038,-1,0,0,1.808864658,3.836784071
2022-09-15 00:00:00,19690.8,-0.026027601,-1,0,0,1.735756651,3.836784071
2022-09-16 00:00:00,19792.5,0.005164849,-1,0,0,1.74988642,3.836784071
2022-09-17 00:00:00,20102,0.015637236,-1,0,0,1.792887044,3.836784071
2022-09-18 00:00:00,19404.5,-0.03469804,-1,0,0,1.695979337,3.836784071
2022-09-19 00:00:00,19528.6,0.006395424,-1,0,0,1.713221268,3.836784071
2022-09-20 00:00:00,18866.8,-0.033888758,-1,0,0,1.621273569,3.836784071
2022-09-21 00:00:00,18447.5,-0.022224225,-1,0,0,1.563017796,3.836784071
2022-09-22 00:00:00,19392.5,0.051226453,-1,0,0,1.694312108,3.836784071
2022-09-23 00:00:00,19280.7,-0.005765115,-1,0,0,1.678779088,3.836784071
2022-09-24 00:00:00,18911,-0.019174615,-1,0,0,1.62741453,3.836784071
2022-09-25 00:00:00,18799.7,-0.005885463,-1,0,0,1.611950978,3.836784071
2022-09-26 00:00:00,19216.3,0.022159928,-1,0,0,1.669831624,3.836784071
2022-09-27 00:00:00,19070.1,-0.007608124,-1,0,0,1.649519213,3.836784071
2022-09-28 00:00:00,19407.3,0.017682131,-1,0,0,1.696368358,3.836784071
2022-09-29 00:00:00,19582.5,0.009027531,-1,0,0,1.720709906,3.836784071
2022-09-30 00:00:00,19411.7,-0.008722073,-1,0,0,1.696979675,3.836784071
2022-10-01 00:00:00,19304,-0.0055482,-1,0,0,1.682016292,3.836784071
2022-10-02 00:00:00,19049.4,-0.013188976,-1,0,0,1.646643242,3.836784071
2022-10-03 00:00:00,19622,0.03005869,-1,0,0,1.72619787,3.836784071
2022-10-04 00:00:00,20333,0.036234838,0,0.5,0,1.824981209,3.836784071
2022-10-05 00:00:00,20150,-0.009000148,0,0.5,-0.004500074,1.799555961,3.815018186
2022-10-06 00:00:00,19954,-0.009727047,0,0.5,-0.004863524,1.772324548,3.791600231
2022-10-07 00:00:00,19520.9,-0.021704921,0,0.5,-0.010852461,1.712151462,3.739599578
2022-10-08 00:00:00,19406.2,-0.005875754,0,0.5,-0.002937877,1.696215528,3.725675219
2022-10-09 00:00:00,19430,0.001226412,-1,0,0.000613206,1.6995222,3.728573031
2022-10-10 00:00:00,19124,-0.015748842,-1,0,0,1.657007851,3.728573031
2022-10-11 00:00:00,19055,-0.003608032,-1,0,0,1.647421282,3.728573031
2022-10-12 00:00:00,19148,0.004880609,-1,0,0,1.66034231,3.728573031
2022-10-13 00:00:00,19365.5,0.011358889,-1,0,0,1.690560842,3.728573031
2022-10-14 00:00:00,19164.6,-0.010374119,-1,0,0,1.662648644,3.728573031
2022-10-15 00:00:00,19060.4,-0.005437108,-1,0,0,1.648171536,3.728573031
2022-10-16 00:00:00,19251.9,0.010047008,0,0.5,0,1.674777737,3.728573031
2022-10-17 00:00:00,19540.6,0.014995922,-1,0,0.007497961,1.714888497,3.764027689
2022-10-18 00:00:00,19320.9,-0.011243258,-1,0,0,1.684364306,3.764027689
2022-10-19 00:00:00,19116.7,-0.010568866,-1,0,0,1.65599362,3.764027689
2022-10-20 00:00:00,19034.7,-0.004289443,0,0.5,0,1.644600886,3.764027689
2022-10-21 00:00:00,19150.9,0.00610464,0,0.5,0.00305232,1.660745224,3.778569027
2022-10-22 00:00:00,19195.1,0.002307986,-1,0,0.001153993,1.666886185,3.784083461
2022-10-23 00:00:00,19560.7,0.019046527,0,0.5,0,1.717681106,3.784083461
2022-10-24 00:00:00,19318.1,-0.012402419,0,0.5,-0.00620121,1.683975286,3.754416357
2022-10-25 00:00:00,20068.3,0.038834047,0,0.5,0.019417023,1.788204908,3.84673297
2022-10-26 00:00:00,20758.3,0.034382583,1,1,0.017191292,1.884070596,3.930054571
2022-10-27 00:00:00,20285.5,-0.022776432,1,1,-0.022776432,1.818381759,3.81776552
2022-10-28 00:00:00,20582.8,0.014655789,1,1,0.014655789,1.859687367,3.888373673
2022-10-29 00:00:00,20796.7,0.010392172,1,1,0.010392172,1.88940573,3.939174494
2022-10-30 00:00:00,20615.6,-0.008708112,1,1,-0.008708112,1.86424446,3.896163607
2022-10-31 00:00:00,20482,-0.006480529,1,1,-0.006480529,1.84568264,3.864433876
2022-11-01 00:00:00,20472.1,-0.000483351,1,1,-0.000483351,1.844307176,3.862082646
2022-11-02 00:00:00,20140.1,-0.016217193,0,0.5,-0.016217193,1.798180497,3.783233312
2022-11-03 00:00:00,20199.7,0.00295927,-1,0,0.001479635,1.806461069,3.790310752
2022-11-04 00:00:00,21137.6,0.046431383,0,0.5,0,1.936768937,3.790310752
2022-11-05 00:00:00,21289.9,0.00720517,0,0.5,0.003602585,1.957928857,3.807568254
2022-11-06 00:00:00,20900,-0.018313848,0,0.5,-0.009156924,1.903757796,3.763545716
2022-11-07 00:00:00,20578.6,-0.01537799,0,0.5,-0.007688995,1.859103836,3.726918836
2022-11-08 00:00:00,18534,-0.099355641,-1,0,-0.049677821,1.575035741,3.49209581
2022-11-09 00:00:00,15905,-0.141847416,-1,0,0,1.209773576,3.49209581
2022-11-10 00:00:00,17588,0.105815781,-1,0,0,1.443602494,3.49209581
2022-11-11 00:00:00,17058.3,-0.030117125,-1,0,0,1.370008211,3.49209581
2022-11-12 00:00:00,16806.9,-0.014737694,-1,0,0,1.335079756,3.49209581
2022-11-13 00:00:00,16321.2,-0.028898845,-1,0,0,1.267598648,3.49209581
2022-11-14 00:00:00,16605.2,0.017400681,-1,0,0,1.307056409,3.49209581
2022-11-15 00:00:00,16888.3,0.017048876,-1,0,0,1.346389129,3.49209581
2022-11-16 00:00:00,16650.6,-0.014074833,-1,0,0,1.313364094,3.49209581
2022-11-17 00:00:00,16682.1,0.001891824,-1,0,0,1.317740571,3.49209581
2022-11-18 00:00:00,16689.7,0.000455578,-1,0,0,1.318796483,3.49209581
2022-11-19 00:00:00,16692.9,0.000191735,-1,0,0,1.319241077,3.49209581
2022-11-20 00:00:00,16272.6,-0.025178369,-1,0,0,1.260846369,3.49209581
2022-11-21 00:00:00,15773,-0.030701916,-1,0,0,1.191434053,3.49209581
2022-11-22 00:00:00,16220.6,0.028377607,-1,0,0,1.253621708,3.49209581
2022-11-23 00:00:00,16595.8,0.02313108,-1,0,0,1.305750413,3.49209581
2022-11-24 00:00:00,16592.4,-0.000204871,-1,0,0,1.305278031,3.49209581
2022-11-25 00:00:00,16516.1,-0.004598491,-1,0,0,1.294677231,3.49209581
2022-11-26 00:00:00,16449.2,-0.004050593,-1,0,0,1.285382428,3.49209581
2022-11-27 00:00:00,16422.6,-0.0016171,-1,0,0,1.281686736,3.49209581
2022-11-28 00:00:00,16204.5,-0.013280479,-1,0,0,1.251384842,3.49209581
2022-11-29 00:00:00,16433.2,0.014113364,-1,0,0,1.283159455,3.49209581
2022-11-30 00:00:00,17153.3,0.043819828,-1,0,0,1.38320711,3.49209581
2022-12-01 00:00:00,16970.5,-0.010656842,-1,0,0,1.35780965,3.49209581
2022-12-02 00:00:00,17083,0.006629151,-1,0,0,1.373439925,3.49209581
2022-12-03 00:00:00,16879.5,-0.011912428,-1,0,0,1.345166494,3.49209581
2022-12-04 00:00:00,17099.5,0.013033561,-1,0,0,1.375732365,3.49209581
2022-12-05 00:00:00,16958.3,-0.008257551,-1,0,0,1.356114633,3.49209581
2022-12-06 00:00:00,17078.6,0.007093871,-1,0,0,1.372828607,3.49209581
2022-12-07 00:00:00,16828,-0.014673334,-1,0,0,1.338011301,3.49209581
2022-12-08 00:00:00,17216,0.02305681,-1,0,0,1.391918384,3.49209581
2022-12-09 00:00:00,17122,-0.005460037,0,0.5,0,1.37885842,3.49209581
2022-12-10 00:00:00,17120,-0.000116809,-1,0,-5.84044E-05,1.378580549,3.491833451
2022-12-11 00:00:00,17077.3,-0.002494159,0,0.5,0,1.372647991,3.491833451
2022-12-12 00:00:00,17200,0.007184977,0,0.5,0.003592488,1.389695411,3.50797031
2022-12-13 00:00:00,17777.1,0.033552326,0,0.5,0.016776163,1.46987525,3.583596754
2022-12-14 00:00:00,17803.9,0.001507557,0,0.5,0.000753779,1.473598728,3.587051772
2022-12-15 00:00:00,17351.8,-0.025393313,0,0.5,-0.012696656,1.410785862,3.528811552
2022-12-16 00:00:00,16624.1,-0.041938012,-1,0,-0.020969006,1.309682296,3.433846875
2022-12-17 00:00:00,16768,0.008656108,0,0.5,0,1.329675154,3.433846875
2022-12-18 00:00:00,16730.3,-0.00224833,0,0.5,-0.001124165,1.324437275,3.428862499
2022-12-19 00:00:00,16429.2,-0.017997286,-1,0,-0.008998643,1.282603712,3.389008746
2022-12-20 00:00:00,16887.2,0.027877194,0,0.5,0,1.346236299,3.389008746
2022-12-21 00:00:00,16819.6,-0.004003032,0,0.5,-0.002001516,1.33684424,3.380224075
2022-12-22 00:00:00,16815.5,-0.000243763,0,0.5,-0.000121882,1.336274604,3.379690206
2022-12-23 00:00:00,16776.4,-0.002325236,0,0.5,-0.001162618,1.330842215,3.3745983
2022-12-24 00:00:00,16828.9,0.003129396,0,0.5,0.001564698,1.338136343,3.381443225
2022-12-25 00:00:00,16824.4,-0.000267397,0,0.5,-0.000133699,1.337511132,3.380857433
2022-12-26 00:00:00,16912.9,0.005260217,0,0.5,0.002630109,1.349806949,3.392379564
2022-12-27 00:00:00,16698.2,-0.012694452,0,0.5,-0.006347226,1.319977437,3.364500138
2022-12-28 00:00:00,16539,-0.009533962,0,0.5,-0.004766981,1.297858861,3.343694649
2022-12-29 00:00:00,16630.3,0.005520285,0,0.5,0.002760143,1.310543697,3.355683866
2022-12-30 00:00:00,16601.2,-0.001749818,-1,0,-0.000874909,1.306500666,3.351873039
2022-12-31 00:00:00,16537.6,-0.003831048,-1,0,0,1.297664351,3.351873039
2023-01-01 00:00:00,16610.3,0.004396043,-1,0,0,1.307764982,3.351873039
2023-01-02 00:00:00,16666,0.003353341,-1,0,0,1.315503705,3.351873039
2023-01-03 00:00:00,16667.2,7.20029E-05,-1,0,0,1.315670428,3.351873039
2023-01-04 00:00:00,16842.1,0.010493664,-1,0,0,1.339970296,3.351873039
2023-01-05 00:00:00,16823.8,-0.001086563,-1,0,0,1.337427771,3.351873039
2023-01-06 00:00:00,16943.8,0.007132752,0,0.5,0,1.354100064,3.351873039
2023-01-07 00:00:00,16936.5,-0.000430836,-1,0,-0.000215418,1.353085833,3.350935567
2023-01-08 00:00:00,17124.7,0.011112095,0,0.5,0,1.379233547,3.350935567
2023-01-09 00:00:00,17169.7,0.002627783,0,0.5,0.001313892,1.385485657,3.356652225
2023-01-10 00:00:00,17428.8,0.015090537,0,0.5,0.007545269,1.421483917,3.389524336
2023-01-11 00:00:00,17935.7,0.029084045,0,0.5,0.014542022,1.491910464,3.453356898
2023-01-12 00:00:00,18838,0.050307487,0,0.5,0.025153744,1.617272218,3.565375495
2023-01-13 00:00:00,19924.2,0.057660049,1,1,0.028830024,1.768184262,3.696995382
2023-01-14 00:00:00,20962.8,0.052127563,1,1,0.052127563,1.912482963,3.941838307
2023-01-15 00:00:00,20882.7,-0.003821054,1,1,-0.003821054,1.901354207,3.922955274
2023-01-16 00:00:00,21188.3,0.014634123,1,1,0.014634123,1.943812981,3.994998407
2023-01-17 00:00:00,21130.9,-0.002709042,1,1,-0.002709042,1.935838068,3.981466745
2023-01-18 00:00:00,20680,-0.021338419,1,1,-0.021338419,1.873191924,3.87517012
2023-01-19 00:00:00,21068.3,0.018776596,1,1,0.018776596,1.927140688,3.966709219
2023-01-20 00:00:00,22661.1,0.075601733,1,1,0.075601733,2.148437598,4.342201045
2023-01-21 00:00:00,22781.9,0.005330721,1,1,0.005330721,2.16522104,4.370678828
2023-01-22 00:00:00,22704.6,-0.003393044,1,1,-0.003393044,2.154481304,4.352455876
2023-01-23 00:00:00,22913.1,0.009183161,1,1,0.009183161,2.183449414,4.40160834
2023-01-24 00:00:00,22627.4,-0.01246885,1,1,-0.01246885,2.143755462,4.334256498
2023-01-25 00:00:00,23060.6,0.01914493,1,1,0.01914493,2.203942442,4.436380468
2023-01-26 00:00:00,23001.9,-0.002545467,1,1,-0.002545467,2.195786911,4.42254234
2023-01-27 00:00:00,23068,0.002873676,1,1,0.002873676,2.204970566,4.438124968
2023-01-28 00:00:00,23015.9,-0.00225854,1,1,-0.00225854,2.197732012,4.425842745
2023-01-29 00:00:00,23740.3,0.031473894,1,1,0.031473894,2.298377091,4.596615145
2023-01-30 00:00:00,22819.9,-0.038769518,1,1,-0.038769518,2.1705006,4.379637071
2023-01-31 00:00:00,23119.4,0.01312451,1,1,0.01312451,2.212111866,4.45024217
2023-02-01 00:00:00,23730,0.02641072,1,1,0.02641072,2.296946053,4.59418699
2023-02-02 00:00:00,23493.1,-0.009983144,1,1,-0.009983144,2.264032166,4.538339417
2023-02-03 00:00:00,23424.7,-0.002911493,1,1,-0.002911493,2.254528959,4.52221458
2023-02-04 00:00:00,23322.6,-0.004358647,1,1,-0.004358647,2.240343616,4.498145196
2023-02-05 00:00:00,22929.2,-0.016867759,1,1,-0.016867759,2.18568628,4.405403806
2023-02-06 00:00:00,22757.7,-0.007479546,1,1,-0.007479546,2.161858794,4.364973842
2023-02-07 00:00:00,23234.1,0.020933574,1,1,0.020933574,2.228047799,4.477281919
2023-02-08 00:00:00,22955.9,-0.01197378,1,1,-0.01197378,2.189395866,4.411698151
2023-02-09 00:00:00,21793.4,-0.050640576,1,1,-0.050640576,2.027883022,4.137646639
2023-02-10 00:00:00,21618.6,-0.008020777,1,1,-0.008020777,2.003597047,4.096438721
2023-02-11 00:00:00,21851.3,0.010763879,1,1,0.010763879,2.035927403,4.151296172
2023-02-12 00:00:00,21771.1,-0.003670262,1,1,-0.003670262,2.024784754,4.132389565
2023-02-13 00:00:00,21766.2,-0.000225069,1,1,-0.000225069,2.024103968,4.131234423
2023-02-14 00:00:00,22187.4,0.019351104,1,1,0.019351104,2.082623719,4.230529474
2023-02-15 00:00:00,24332.6,0.096685506,1,1,0.096685506,2.380668753,4.736245864
2023-02-16 00:00:00,23526.6,-0.033124286,1,1,-0.033124286,2.268686515,4.546236816
2023-02-17 00:00:00,24581.5,0.044838608,1,1,0.044838608,2.415249869,4.794922355
2023-02-18 00:00:00,24636.9,0.002253727,1,1,0.002253727,2.422946911,4.807982531
2023-02-19 00:00:00,24265.9,-0.015058713,1,1,-0.015058713,2.371401737,4.72052179
2023-02-20 00:00:00,24849.9,0.024066694,1,1,0.024066694,2.452540232,4.85819584
2023-02-21 00:00:00,24443.4,-0.016358215,1,1,-0.016358215,2.396062838,4.762366214
2023-02-22 00:00:00,24171.3,-0.011131839,1,1,-0.011131839,2.358258412,4.69822048
2023-02-23 00:00:00,23928.8,-0.010032559,1,1,-0.010032559,2.324566486,4.641052745
2023-02-24 00:00:00,23175.6,-0.031476714,1,1,-0.031476714,2.219920056,4.46349094
2023-02-25 00:00:00,23146.2,-0.001268576,1,1,-0.001268576,2.215835344,4.456560089
2023-02-26 00:00:00,23545.3,0.017242571,1,1,0.017242571,2.271284614,4.550645214
2023-02-27 00:00:00,23480,-0.002773377,1,1,-0.002773377,2.262212108,4.535251181
2023-02-28 00:00:00,23129.6,-0.014923339,0,0.5,-0.014923339,2.21352901,4.452646751
2023-03-01 00:00:00,23619.8,0.021193622,1,1,0.010596811,2.28163533,4.510427418
2023-03-02 00:00:00,23457.1,-0.006888289,1,1,-0.006888289,2.259030478,4.472470004
2023-03-03 00:00:00,22342.8,-0.047503741,0,0.5,-0.047503741,2.104214339,4.212507207
2023-03-04 00:00:00,22335.7,-0.000317776,0,0.5,-0.000158888,2.103227895,4.211679002
2023-03-05 00:00:00,22419.4,0.003747364,0,0.5,0.001873682,2.11485682,4.221444032
2023-03-06 00:00:00,22397.1,-0.000994674,0,0.5,-0.000497337,2.111758552,4.218847214
2023-03-07 00:00:00,22187.1,-0.009376214,0,0.5,-0.004688107,2.082582038,4.1943807
2023-03-08 00:00:00,21695.4,-0.022161526,0,0.5,-0.011080763,2.014267315,4.136822998
2023-03-09 00:00:00,20348.3,-0.062091503,0,0.5,-0.031045752,1.827106926,3.977346467
2023-03-10 00:00:00,20140.3,-0.010221984,0,0.5,-0.005110992,1.798208284,3.951907288
2023-03-11 00:00:00,20447.3,0.01524307,0,0.5,0.007621535,1.840861569,3.989648423
2023-03-12 00:00:00,21986.2,0.075261771,1,1,0.037630885,2.05466984,4.17741331
2023-03-13 00:00:00,24119.5,0.097029045,1,1,0.097029045,2.351061539,4.679772782
2023-03-14 00:00:00,24682.5,0.023342109,1,1,0.023342109,2.429282383,4.812350657
2023-03-15 00:00:00,24288,-0.015982984,1,1,-0.015982984,2.374472218,4.71945195
2023-03-16 00:00:00,24990.4,0.028919631,1,1,0.028919631,2.472060709,4.884856391
2023-03-17 00:00:00,27384,0.09578078,1,1,0.09578078,2.804617392,5.448512525
2023-03-18 00:00:00,26907,-0.017418931,1,1,-0.017418931,2.738345025,5.336186332
2023-03-19 00:00:00,27955.7,0.038974988,1,1,0.038974988,2.884046977,5.583139118
2023-03-20 00:00:00,27704.1,-0.008999953,1,1,-0.008999953,2.849090735,5.523891172
2023-03-21 00:00:00,28091.1,0.013969052,1,1,0.013969052,2.902858882,5.615023744
2023-03-22 00:00:00,27233.8,-0.030518563,1,1,-0.030518563,2.783749238,5.413142726
2023-03-23 00:00:00,28284.1,0.038566047,1,1,0.038566047,2.929673487,5.660472287
2023-03-24 00:00:00,27438.9,-0.029882513,1,1,-0.029882513,2.812244966,5.461440634
2023-03-25 00:00:00,27447.3,0.000306135,1,1,0.000306135,2.813412027,5.463418706
2023-03-26 00:00:00,27954.3,0.018471762,1,1,0.018471762,2.883852467,5.582809439
2023-03-27 00:00:00,27112,-0.030131321,1,1,-0.030131321,2.76682686,5.384460692
2023-03-28 00:00:00,27249.7,0.005078932,1,1,0.005078932,2.785958316,5.416886932
2023-03-29 00:00:00,28338.5,0.039956403,1,1,0.039956403,2.937231593,5.673282654
2023-03-30 00:00:00,28015,-0.011415565,1,1,-0.011415565,2.892285869,5.597103359
2023-03-31 00:00:00,28454.9,0.015702302,1,1,0.015702302,2.953403718,5.700693071
2023-04-01 00:00:00,28443.8,-0.000390091,1,1,-0.000390091,2.951861531,5.698079191
2023-04-02 00:00:00,28161.2,-0.009935381,1,1,-0.009935381,2.91259828,5.63153122
2023-04-03 00:00:00,27786.1,-0.013319745,1,1,-0.013319745,2.860483469,5.543200916
2023-04-04 00:00:00,28155.2,0.01328362,1,1,0.01328362,2.911764665,5.630118312
2023-04-05 00:00:00,28154,-4.26209E-05,1,1,-4.26209E-05,2.911597942,5.62983573
2023-04-06 00:00:00,28022.8,-0.004660084,1,1,-0.004660084,2.893369568,5.59894014
2023-04-07 00:00:00,27890.7,-0.004714019,1,1,-0.004714019,2.875016151,5.567832613
2023-04-08 00:00:00,27924.9,0.001226215,1,1,0.001226215,2.879767755,5.57588619
2023-04-09 00:00:00,28309.4,0.013769073,1,1,0.013769073,2.933188562,5.66643005
2023-04-10 00:00:00,29623.1,0.046405081,1,1,0.046405081,3.115708496,5.975786276
2023-04-11 00:00:00,30185.1,0.018971681,1,1,0.018971681,3.193790404,6.108128667
2023-04-12 00:00:00,29875,-0.010273281,1,1,-0.010273281,3.150706419,6.035104867
2023-04-13 00:00:00,30362.7,0.016324686,1,1,0.016324686,3.218465399,6.149950747
2023-04-14 00:00:00,30453.1,0.002977337,1,1,0.002977337,3.231025193,6.171238562
2023-04-15 00:00:00,30280.4,-0.005671015,1,1,-0.005671015,3.207030984,6.130570357
2023-04-16 00:00:00,30286.6,0.000204753,1,1,0.000204753,3.207892386,6.132030362
2023-04-17 00:00:00,29420,-0.028613314,1,1,-0.028613314,3.087490639,5.927959337
2023-04-18 00:00:00,30365.8,0.032148199,1,1,0.032148199,3.2188961,6.150680749
2023-04-19 00:00:00,28795.1,-0.051725955,1,1,-0.051725955,3.00066967,5.78080496
2023-04-20 00:00:00,28229.9,-0.01962834,1,1,-0.01962834,2.922143168,5.647709017
2023-04-21 00:00:00,27252.5,-0.034622864,1,1,-0.034622864,2.786347337,5.417546289
2023-04-22 00:00:00,27807.2,0.020354096,0,0.5,0.020354096,2.863415014,5.548169642
2023-04-23 00:00:00,27576,-0.008314393,1,1,-0.004157197,2.831293061,5.520947613
2023-04-24 00:00:00,27497.5,-0.002846678,1,1,-0.002846678,2.820386603,5.502384573
2023-04-25 00:00:00,28286.7,0.028700791,1,1,0.028700791,2.93003472,5.689008154
2023-04-26 00:00:00,28395.9,0.003860472,1,1,0.003860472,2.945206507,5.714830879
2023-04-27 00:00:00,29459,0.037438503,1,1,0.037438503,3.092909135,5.966224098
2023-04-28 00:00:00,29300,-0.005397332,1,1,-0.005397332,3.070818346,5.928625075
2023-04-29 00:00:00,29212.7,-0.002979522,1,1,-0.002979522,3.058689252,5.907981083
2023-04-30 00:00:00,29223,0.000352586,1,1,0.000352586,3.060120291,5.910416743
2023-05-01 00:00:00,28054.4,-0.03998905,0,0.5,-0.03998905,2.897759938,5.634075744
2023-05-02 00:00:00,28656.5,0.021461874,1,1,0.010730937,2.981413171,5.705265593
2023-05-03 00:00:00,29018.4,0.012628897,1,1,0.012628897,3.03169403,5.789945705
2023-05-04 00:00:00,28826,-0.006630276,1,1,-0.006630276,3.004962786,5.744926491
2023-05-05 00:00:00,29491.5,0.023086797,1,1,0.023086797,3.097424547,5.900645237
2023-05-06 00:00:00,28837.8,-0.022165709,1,1,-0.022165709,3.006602228,5.747687545
2023-05-07 00:00:00,28419.4,-0.014508735,1,1,-0.014508735,2.948471498,5.649787134
2023-05-08 00:00:00,27659.8,-0.026728221,0,0.5,-0.026728221,2.84293588,5.472050155
2023-05-09 00:00:00,27610.2,-0.001793216,0,0.5,-0.000896608,2.836044665,5.466247262
2023-05-10 00:00:00,27582.9,-0.000988765,0,0.5,-0.000494383,2.832251718,5.463050463
2023-05-11 00:00:00,26956.4,-0.022713348,0,0.5,-0.011356674,2.745208452,5.389651706
2023-05-12 00:00:00,26785.1,-0.006354706,0,0.5,-0.003177353,2.721408753,5.369349527
2023-05-13 00:00:00,26762.7,-0.000836286,0,0.5,-0.000418143,2.718296592,5.366686228
2023-05-14 00:00:00,26901.9,0.005201269,0,0.5,0.002600634,2.737636452,5.383243652
2023-05-15 00:00:00,27152.5,0.009315327,0,0.5,0.004657664,2.772453759,5.412974654
2023-05-16 00:00:00,27024.8,-0.004703066,0,0.5,-0.002351533,2.75471166,5.397894332
2023-05-17 00:00:00,27395.8,0.013728131,0,0.5,0.006864066,2.806256834,5.441809898
2023-05-18 00:00:00,26809.3,-0.021408391,0,0.5,-0.010704196,2.724770999,5.372855506
2023-05-19 00:00:00,26870.1,0.00226787,0,0.5,0.001133935,2.733218295,5.380081909
2023-05-20 00:00:00,27089.5,0.00816521,0,0.5,0.004082605,2.763700805,5.406129262
2023-05-21 00:00:00,26732.8,-0.013167463,0,0.5,-0.006583732,2.714142412,5.363953026
2023-05-22 00:00:00,26840.2,0.004017537,0,0.5,0.002008768,2.729064115,5.376736732
2023-05-23 00:00:00,27209.9,0.013774115,0,0.5,0.006887057,2.780428672,5.420653685
2023-05-24 00:00:00,26313.8,-0.032932866,0,0.5,-0.016466433,2.65592832,5.31492842
2023-05-25 00:00:00,26461.8,0.005624425,0,0.5,0.002812213,2.676490816,5.332687341
2023-05-26 00:00:00,26689.9,0.008619973,0,0.5,0.004309986,2.708182067,5.359981138
2023-05-27 00:00:00,26841.6,0.005683798,0,0.5,0.002841899,2.729258625,5.378055562
2023-05-28 00:00:00,28055.7,0.045232028,0,0.5,0.022616014,2.897940555,5.522301756
2023-05-29 00:00:00,27722,-0.011894196,0,0.5,-0.005947098,2.851577685,5.483512987
2023-05-30 00:00:00,27680.1,-0.001511435,0,0.5,-0.000755717,2.845756276,5.478613283
2023-05-31 00:00:00,27201.1,-0.017304851,0,0.5,-0.008652425,2.779206038,5.422557565
2023-06-01 00:00:00,26805.3,-0.014550882,0,0.5,-0.007275441,2.724215256,5.375830626
2023-06-02 00:00:00,27227.8,0.015761808,0,0.5,0.007880904,2.782915623,5.426077936
2023-06-03 00:00:00,27054.9,-0.006350127,0,0.5,-0.003175064,2.758893627,5.405674729
2023-06-04 00:00:00,27102.4,0.001755689,0,0.5,0.000877845,2.765493076,5.411297917
2023-06-05 00:00:00,25714.7,-0.051202108,0,0.5,-0.025601054,2.572691895,5.247161934
2023-06-06 00:00:00,27221.5,0.058596834,0,0.5,0.029298417,2.782040327,5.430193888
2023-06-07 00:00:00,26325.9,-0.032900465,0,0.5,-0.016450232,2.657609443,5.324415705
2023-06-08 00:00:00,26485.9,0.006077665,0,0.5,0.003038832,2.679839168,5.343634545
2023-06-09 00:00:00,26468.1,-0.000672056,0,0.5,-0.000336028,2.677366111,5.341502907
2023-06-10 00:00:00,25826.6,-0.024236723,0,0.5,-0.012118361,2.588238808,5.264654283
2023-06-11 00:00:00,25909.9,0.003225357,0,0.5,0.001612678,2.599812159,5.274757156
2023-06-12 00:00:00,25894.8,-0.000582789,0,0.5,-0.000291394,2.597714229,5.272928727
2023-06-13 00:00:00,25918,0.000895933,0,0.5,0.000447966,2.600937539,5.275738788
2023-06-14 00:00:00,25115.9,-0.030947604,0,0.5,-0.015473802,2.48949715,5.178629248
2023-06-15 00:00:00,25586.1,0.018721208,0,0.5,0.009360604,2.554824753,5.236464952
2023-06-16 00:00:00,26336,0.029308883,0,0.5,0.014654441,2.659012695,5.327856861
2023-06-17 00:00:00,26508.9,0.006565158,0,0.5,0.003282579,2.683034691,5.348628551
2023-06-18 00:00:00,26329.7,-0.006759994,0,0.5,-0.003379997,2.658137399,5.327170206
2023-06-19 00:00:00,26828.5,0.018944386,0,0.5,0.009472193,2.727438566,5.387102383
2023-06-20 00:00:00,28290.6,0.054498015,1,1,0.027249008,2.93057657,5.561144585
2023-06-21 00:00:00,29988.5,0.060016401,1,1,0.060016401,3.16647563,5.95492087
2023-06-22 00:00:00,29875,-0.003784784,1,1,-0.003784784,3.150706419,5.928597996
2023-06-23 00:00:00,30673.4,0.026724686,1,1,0.026724686,3.261632745,6.113762603
2023-06-24 00:00:00,30524.2,-0.004864149,1,1,-0.004864149,3.240903527,6.079160199
2023-06-25 00:00:00,30458,-0.002168771,1,1,-0.002168771,3.231705979,6.063807122
2023-06-26 00:00:00,30260.1,-0.006497472,1,1,-0.006497472,3.204210588,6.017910233
2023-06-27 00:00:00,30683.2,0.013982108,1,1,0.013982108,3.262994316,6.116035415
2023-06-28 00:00:00,30066.3,-0.020105465,1,1,-0.020105465,3.177284834,5.972964215
2023-06-29 00:00:00,30439.9,0.012425872,1,1,0.012425872,3.229191241,6.059609377
2023-06-30 00:00:00,30460.2,0.000666888,1,1,0.000666888,3.232011637,6.064317345
2023-07-01 00:00:00,30573.6,0.003722891,1,1,0.003722891,3.247766955,6.090617027
2023-07-02 00:00:00,30612.7,0.001278881,1,1,0.001278881,3.253199344,6.099685084
2023-07-03 00:00:00,31149,0.017518873,1,1,0.017518873,3.327710602,6.224063564
2023-07-04 00:00:00,30756.1,-0.012613567,1,1,-0.012613567,3.273122734,6.132942354
2023-07-05 00:00:00,30488.4,-0.008703964,1,1,-0.008703964,3.235929626,6.070857478
2023-07-06 00:00:00,29874.4,-0.020138807,1,1,-0.020138807,3.150623058,5.928458844
2023-07-07 00:00:00,30327.9,0.015180221,1,1,0.015180221,3.213630434,6.033634382
2023-07-08 00:00:00,30269.3,-0.001932214,1,1,-0.001932214,3.205488797,6.020043894
2023-07-09 00:00:00,30147.8,-0.004013968,1,1,-0.004013968,3.1886081,5.991865662
2023-07-10 00:00:00,30396.9,0.008262626,1,1,0.008262626,3.223217002,6.049636834
2023-07-11 00:00:00,30608.4,0.006957946,1,1,0.006957946,3.25260192,6.098687829
2023-07-12 00:00:00,30368.9,-0.007824649,1,1,-0.007824649,3.219326801,6.043143086
2023-07-13 00:00:00,31441.7,0.035325613,1,1,0.035325613,3.368377105,6.291946431
2023-07-14 00:00:00,30293.3,-0.036524743,1,1,-0.036524743,3.208823256,6.025609964
2023-07-15 00:00:00,30276.4,-0.000557879,1,1,-0.000557879,3.206475241,6.021690523
2023-07-16 00:00:00,30216.8,-0.00196853,1,1,-0.00196853,3.198194668,6.007868115
2023-07-17 00:00:00,30126.1,-0.003001641,1,1,-0.003001641,3.185593193,5.986833007
2023-07-18 00:00:00,29845.6,-0.009310863,1,1,-0.009310863,3.146621707,5.92177956
2023-07-19 00:00:00,29895.5,0.001671938,1,1,0.001671938,3.153554602,5.933352348
2023-07-20 00:00:00,29791,-0.003495509,1,1,-0.003495509,3.139035813,5.90911675
2023-07-21 00:00:00,29891.4,0.003370145,0,0.5,0.003370145,3.152984966,5.932401478
2023-07-22 00:00:00,29783.5,-0.003609734,0,0.5,-0.001804867,3.137993795,5.919889415
2023-07-23 00:00:00,30070.8,0.009646281,0,0.5,0.00482314,3.177910045,5.953265013
2023-07-24 00:00:00,29163.8,-0.030162151,0,0.5,-0.015081075,3.051895292,5.848402299
2023-07-25 00:00:00,29216.3,0.001800177,0,0.5,0.000900088,3.059189421,5.854566467
2023-07-26 00:00:00,29336,0.004097028,0,0.5,0.002048514,3.075820034,5.868608143
2023-07-27 00:00:00,29209.7,-0.00430529,0,0.5,-0.002152645,3.058272445,5.853822466
2023-07-28 00:00:00,29299.9,0.003088015,0,0.5,0.001544008,3.070804452,5.864404821
2023-07-29 00:00:00,29339.1,0.001337889,0,0.5,0.000668944,3.076250735,5.868996725
2023-07-30 00:00:00,29271.1,-0.002317726,0,0.5,-0.001158863,3.066803102,5.861036498
2023-07-31 00:00:00,29220.8,-0.001718419,0,0.5,-0.000859209,3.059814632,5.855141432
2023-08-01 00:00:00,29701.2,0.016440344,0,0.5,0.008220172,3.12655938,5.911491873
2023-08-02 00:00:00,29170.1,-0.017881432,0,0.5,-0.008940716,3.052770588,5.849698186
2023-08-03 00:00:00,29180.2,0.000346245,0,0.5,0.000173122,3.054173839,5.850884023
2023-08-04 00:00:00,29101.1,-0.002710742,0,0.5,-0.001355371,3.043184019,5.841598532
2023-08-05 00:00:00,29057.7,-0.001491353,0,0.5,-0.000745676,3.037154206,5.836496915
2023-08-06 00:00:00,29075.9,0.00062634,0,0.5,0.00031317,3.039682837,5.8386379
2023-08-07 00:00:00,29202.7,0.004361,0,0.5,0.0021805,3.057299894,5.85354955
2023-08-08 00:00:00,29759,0.019049608,0,0.5,0.009524804,3.134589869,5.918828268
2023-08-09 00:00:00,29572.8,-0.006256931,-1,0,-0.003128465,3.108720026,5.897182954
2023-08-10 00:00:00,29443.7,-0.004365498,-1,0,0,3.090783417,5.897182954
2023-08-11 00:00:00,29415.5,-0.00095776,-1,0,0,3.086865428,5.897182954
2023-08-12 00:00:00,29420.7,0.000176778,-1,0,0,3.087587894,5.897182954
2023-08-13 00:00:00,29293.3,-0.004330284,-1,0,0,3.069887476,5.897182954
2023-08-14 00:00:00,29419.5,0.004308152,-1,0,0,3.087421171,5.897182954
2023-08-15 00:00:00,29188.8,-0.007841738,-1,0,0,3.055368687,5.897182954
2023-08-16 00:00:00,28714.4,-0.016252809,-1,0,0,2.989457553,5.897182954
2023-08-17 00:00:00,26609.7,-0.073297718,-1,0,0,2.697039417,5.897182954
2023-08-18 00:00:00,26042.1,-0.021330567,-1,0,0,2.618179469,5.897182954
2023-08-19 00:00:00,26088.3,0.00177405,-1,0,0,2.624598302,5.897182954
2023-08-20 00:00:00,26175.9,0.003357827,-1,0,0,2.636769076,5.897182954
2023-08-21 00:00:00,26115.4,-0.002311286,-1,0,0,2.628363462,5.897182954
2023-08-22 00:00:00,26044.4,-0.002718702,-1,0,0,2.618499021,5.897182954
2023-08-23 00:00:00,26419.2,0.01439081,-1,0,0,2.670572151,5.897182954
2023-08-24 00:00:00,26164.6,-0.009636931,-1,0,0,2.635199102,5.897182954
2023-08-25 00:00:00,26051.7,-0.00431499,-1,0,0,2.619513252,5.897182954
2023-08-26 00:00:00,26004.3,-0.001819459,-1,0,0,2.612927696,5.897182954
2023-08-27 00:00:00,26087.7,0.003207162,-1,0,0,2.62451494,5.897182954
2023-08-28 00:00:00,26106.5,0.000720646,-1,0,0,2.627126933,5.897182954
2023-08-29 00:00:00,27700.1,0.061042269,-1,0,0,2.848534992,5.897182954
2023-08-30 00:00:00,27290.4,-0.01479056,-1,0,0,2.791613003,5.897182954
2023-08-31 00:00:00,25928,-0.049922317,-1,0,0,2.602326896,5.897182954
2023-09-01 00:00:00,25795.6,-0.005106449,-1,0,0,2.583931799,5.897182954
2023-09-02 00:00:00,25855.8,0.002333731,-1,0,0,2.592295733,5.897182954
2023-09-03 00:00:00,25962.1,0.004111263,-1,0,0,2.607064607,5.897182954
2023-09-04 00:00:00,25814,-0.005704469,-1,0,0,2.586488218,5.897182954
2023-09-05 00:00:00,25779.7,-0.001328736,-1,0,0,2.58172272,5.897182954
2023-09-06 00:00:00,25747.4,-0.001252924,-1,0,0,2.577235095,5.897182954
2023-09-07 00:00:00,26240.7,0.019159216,-1,0,0,2.645772115,5.897182954
2023-09-08 00:00:00,25899.8,-0.012991269,-1,0,0,2.598408907,5.897182954
2023-09-09 00:00:00,25892.6,-0.000277994,-1,0,0,2.59740857,5.897182954
2023-09-10 00:00:00,25828.4,-0.002479473,-1,0,0,2.588488893,5.897182954
2023-09-11 00:00:00,25150.4,-0.026250174,-1,0,0,2.494290434,5.897182954
2023-09-12 00:00:00,25825.8,0.026854444,-1,0,0,2.58812766,5.897182954
2023-09-13 00:00:00,26209.9,0.014872724,-1,0,0,2.641492893,5.897182954
2023-09-14 00:00:00,26510.3,0.011461318,-1,0,0,2.683229201,5.897182954
2023-09-15 00:00:00,26591.1,0.003047872,-1,0,0,2.694455212,5.897182954
2023-09-16 00:00:00,26546.9,-0.00166221,-1,0,0,2.688314251,5.897182954
2023-09-17 00:00:00,26514.2,-0.001231782,0,0.5,0,2.683771051,5.897182954
2023-09-18 00:00:00,26749.9,0.008889576,1,1,0.004444788,2.716518214,5.92783947
2023-09-19 00:00:00,27196,0.016676698,1,1,0.016676698,2.778497465,6.043372956
2023-09-20 00:00:00,27107.7,-0.003246801,0,0.5,-0.003246801,2.766229436,6.020504525
2023-09-21 00:00:00,26552.6,-0.020477576,1,1,-0.010238788,2.689106184,5.948623066
2023-09-22 00:00:00,26566.7,0.000531021,1,1,0.000531021,2.691065179,5.952312934
2023-09-23 00:00:00,26563.1,-0.000135508,0,0.5,-0.000135508,2.69056501,5.95137084
2023-09-24 00:00:00,26232.4,-0.012449601,0,0.5,-0.006224801,2.644618948,5.908099943
2023-09-25 00:00:00,26290.5,0.002214818,0,0.5,0.001107409,2.652691117,5.915750036
2023-09-26 00:00:00,26208.8,-0.003107586,0,0.5,-0.001553793,2.641340063,5.905004391
2023-09-27 00:00:00,26359.6,0.005753793,0,0.5,0.002876896,2.662291579,5.924869372
2023-09-28 00:00:00,27011.8,0.024742409,-1,0,0.012371204,2.752905494,6.010538347
2023-09-29 00:00:00,26890.9,-0.004475822,0,0.5,0,2.736108159,6.010538347
2023-09-30 00:00:00,26950.9,0.002231238,0,0.5,0.001115619,2.744444306,6.018359437
2023-10-01 00:00:00,27981.4,0.0382362,1,1,0.0191181,2.887617627,6.152537134
2023-10-02 00:00:00,27477.6,-0.018004817,1,1,-0.018004817,2.817621781,6.023757009
2023-10-03 00:00:00,27412,-0.002387399,1,1,-0.002387399,2.808507594,6.006988497
2023-10-04 00:00:00,27759.8,0.012687874,1,1,0.012687874,2.856829458,6.095892283
2023-10-05 00:00:00,27398.4,-0.013018826,1,1,-0.013018826,2.806618067,6.003512098
2023-10-06 00:00:00,27916.3,0.018902564,1,1,0.018902564,2.878572907,6.135896431
2023-10-07 00:00:00,27943,0.00095643,1,1,0.00095643,2.882282493,6.14272142
2023-10-08 00:00:00,27901.2,-0.001495902,1,1,-0.001495902,2.876474977,6.132036606
2023-10-09 00:00:00,27578.3,-0.011572979,1,1,-0.011572979,2.831612614,6.049497697
2023-10-10 00:00:00,27381.2,-0.007146923,1,1,-0.007146923,2.804228372,5.999115476
2023-10-11 00:00:00,26864.5,-0.018870612,1,1,-0.018870612,2.732440254,5.867037884
2023-10-12 00:00:00,26744,-0.004485473,1,1,-0.004485473,2.715698493,5.836235968
2023-10-13 00:00:00,26849.8,0.003956028,1,1,0.003956028,2.730397898,5.863280306
2023-10-14 00:00:00,26836.3,-0.000502797,1,1,-0.000502797,2.728522265,5.859829469
2023-10-15 00:00:00,27139.8,0.011309309,1,1,0.011309309,2.770689274,5.937409398
2023-10-16 00:00:00,28486.3,0.049613483,1,1,0.049613483,2.957766302,6.281598439
2023-10-17 00:00:00,28381.9,-0.00366492,1,1,-0.00366492,2.943261406,6.254911966
2023-10-18 00:00:00,28307.1,-0.002635482,1,1,-0.002635482,2.93286901,6.235791773
2023-10-19 00:00:00,28696.9,0.013770397,0,0.5,0.013770397,2.987026177,6.335431497
2023-10-20 00:00:00,29653,0.033317188,0,0.5,0.016658594,3.119862676,6.45762947
2023-10-21 00:00:00,29895.4,0.008174552,0,0.5,0.004087276,3.153540709,6.488110862
2023-10-22 00:00:00,29981.5,0.002880042,0,0.5,0.001440021,3.16550308,6.498893898
2023-10-23 00:00:00,33074,0.103146941,1,1,0.05157347,3.595161978,6.885637879
2023-10-24 00:00:00,33917,0.025488299,1,1,0.025488299,3.712284841,7.086629375
2023-10-25 00:00:00,34487.7,0.01682637,1,1,0.01682637,3.79157549,7.222697995
2023-10-26 00:00:00,34154,-0.009675913,1,1,-0.009675913,3.74521262,7.143135881
2023-10-27 00:00:00,33893.1,-0.00763893,1,1,-0.00763893,3.708964275,7.08093104
2023-10-28 00:00:00,34086.6,0.005709127,1,1,0.005709127,3.735848349,7.127066098
2023-10-29 00:00:00,34528.6,0.012966972,1,1,0.012966972,3.797257963,7.23244954
2023-10-30 00:00:00,34483.8,-0.001297475,1,1,-0.001297475,3.791033641,7.221768141
2023-10-31 00:00:00,34651.4,0.004860253,1,1,0.004860253,3.814319277,7.261728016
2023-11-01 00:00:00,35437.4,0.022683066,1,1,0.022683066,3.9235228,7.44912934
2023-11-02 00:00:00,34940.1,-0.014033197,1,1,-0.014033197,3.854430037,7.330561047
2023-11-03 00:00:00,34700.4,-0.006860312,1,1,-0.006860312,3.82112713,7.273410796
2023-11-04 00:00:00,35069.7,0.010642529,1,1,0.010642529,3.872436114,7.361460807
2023-11-05 00:00:00,35025.5,-0.001260347,1,1,-0.001260347,3.866295152,7.350922463
2023-11-06 00:00:00,35057.4,0.000910765,1,1,0.000910765,3.870727204,7.358528191
2023-11-07 00:00:00,35406.5,0.009957955,1,1,0.009957955,3.919229684,7.441762036
2023-11-08 00:00:00,35626.7,0.006219197,1,1,0.006219197,3.949823343,7.494263017
2023-11-09 00:00:00,36719.5,0.030673624,1,1,0.030673624,4.101652363,7.754812847
2023-11-10 00:00:00,37330.4,0.016636937,1,1,0.016636937,4.186528231,7.900466115
2023-11-11 00:00:00,37162.1,-0.00450839,1,1,-0.00450839,4.163145339,7.860339343
2023-11-12 00:00:00,37085.5,-0.00206124,1,1,-0.00206124,4.152502859,7.842076059
2023-11-13 00:00:00,36486.2,-0.016159955,1,1,-0.016159955,4.069238646,7.69918851
2023-11-14 00:00:00,35559,-0.025412348,1,1,-0.025412348,3.940417391,7.478121707
2023-11-15 00:00:00,37885.6,0.065429287,1,1,0.065429287,4.263665376,8.032839162
2023-11-16 00:00:00,36176,-0.045125325,1,1,-0.045125325,4.026140767,7.625229362
2023-11-17 00:00:00,36621.9,0.012325851,1,1,0.012325851,4.088092231,7.731542657
2023-11-18 00:00:00,36580.9,-0.001119549,1,1,-0.001119549,4.082395864,7.72176727
2023-11-19 00:00:00,37375.9,0.021732653,1,1,0.021732653,4.192849809,7.911314411
2023-11-20 00:00:00,37462.5,0.002317001,1,1,0.002317001,4.204881648,7.931961936
2023-11-21 00:00:00,35737,-0.046059393,1,1,-0.046059393,3.96514796,7.520561193
2023-11-22 00:00:00,37413.4,0.046909366,1,1,0.046909366,4.198059901,7.920255313
2023-11-23 00:00:00,37294.3,-0.003183351,1,1,-0.003183351,4.181512649,7.891859006
2023-11-24 00:00:00,37706.3,0.011047265,1,1,0.011047265,4.238754191,7.990089725
2023-11-25 00:00:00,37766.6,0.001599202,1,1,0.001599202,4.247132018,8.004466697
2023-11-26 00:00:00,37437.9,-0.008703458,1,1,-0.008703458,4.201463827,7.926096703
2023-11-27 00:00:00,37234.3,-0.005438339,1,1,-0.005438339,4.173176503,7.877553561
2023-11-28 00:00:00,37812.1,0.01551795,1,1,0.01551795,4.253453596,8.015314992
2023-11-29 00:00:00,37837.1,0.000661164,1,1,0.000661164,4.256926991,8.021275594
2023-11-30 00:00:00,37716.8,-0.003179419,1,1,-0.003179419,4.240213016,7.992593178
2023-12-01 00:00:00,38660,0.025007424,1,1,0.025007424,4.371257244,8.217474766
2023-12-02 00:00:00,39435,0.02004656,1,1,0.02004656,4.478932473,8.402253425
2023-12-03 00:00:00,39979.7,0.013812603,1,1,0.013812603,4.554610792,8.532123019
2023-12-04 00:00:00,41993.1,0.050360558,1,1,0.050360558,4.834344091,9.012166053
2023-12-05 00:00:00,44081.7,0.049736742,1,1,0.049736742,5.124525361,9.510138577
2023-12-06 00:00:00,43774.8,-0.006962073,1,1,-0.006962073,5.08188597,9.436966228
2023-12-07 00:00:00,43296,-0.0109378,1,1,-0.0109378,5.015363519,9.322808781
2023-12-08 00:00:00,44209.5,0.021098947,1,1,0.021098947,5.142281353,9.540609174
2023-12-09 00:00:00,43734.3,-0.010748821,1,1,-0.010748821,5.076259071,9.427310053
2023-12-10 00:00:00,43810,0.001730907,1,1,0.001730907,5.086776509,9.445358756
2023-12-11 00:00:00,41271,-0.057954805,1,1,-0.057954805,4.734018565,8.840000028
2023-12-12 00:00:00,41515,0.005912142,1,1,0.005912142,4.767918895,8.898175502
2023-12-13 00:00:00,42875,0.032759244,1,1,0.032759244,4.956871555,9.222432245
2023-12-14 00:00:00,43032.4,0.003671137,1,1,0.003671137,4.978740047,9.259960195
2023-12-15 00:00:00,41968,-0.024734851,1,1,-0.024734851,4.830856803,9.006181609
2023-12-16 00:00:00,42287.4,0.00761056,1,1,0.00761056,4.875232891,9.082334258
2023-12-17 00:00:00,41396.5,-0.021067741,1,1,-0.021067741,4.751455005,8.869922249
2023-12-18 00:00:00,42671.7,0.030804537,1,1,0.030804537,4.928625911,9.173960631
2023-12-19 00:00:00,42298.3,-0.00875053,1,1,-0.00875053,4.876747291,9.084933081
2023-12-20 00:00:00,43708.9,0.033348858,1,1,0.033348858,5.072730102,9.421254082
2023-12-21 00:00:00,43896.3,0.004287456,1,1,0.004287456,5.098766667,9.465934754
2023-12-22 00:00:00,43999.2,0.002344161,1,1,0.002344161,5.113063159,9.490468591
2023-12-23 00:00:00,43725.2,-0.006227386,1,1,-0.006227386,5.074994755,9.425140394
2023-12-24 00:00:00,43008.4,-0.016393293,1,1,-0.016393293,4.975405588,9.254238017
2023-12-25 00:00:00,43611.9,0.014032143,1,1,0.014032143,5.059253331,9.398126947
2023-12-26 00:00:00,42538.5,-0.024612548,1,1,-0.024612548,4.910119665,9.142202544
2023-12-27 00:00:00,43453.8,0.021516979,1,1,0.021516979,5.037287585,9.3604321
2023-12-28 00:00:00,42600.1,-0.019646153,1,1,-0.019646153,4.918678109,9.156889467
2023-12-29 00:00:00,42095.1,-0.011854432,1,1,-0.011854432,4.848515541,9.036485309
2023-12-30 00:00:00,42174.2,0.001879079,1,1,0.001879079,4.859505361,9.055344653
2023-12-31 00:00:00,42314,0.003314823,1,1,0.003314823,4.878928583,9.088676339
2024-01-01 00:00:00,44230.2,0.045285248,1,1,0.045285248,5.145157324,9.545544553
2024-01-02 00:00:00,44979.8,0.016947696,1,1,0.016947696,5.249303584,9.72426724
2024-01-03 00:00:00,42849.5,-0.04736126,1,1,-0.04736126,4.953328693,9.216352431
2024-01-04 00:00:00,44143.8,0.03020572,1,1,0.03020572,5.133153273,9.524944712
2024-01-05 00:00:00,44145.4,3.62452E-05,1,1,3.62452E-05,5.13337557,9.525326191
2024-01-06 00:00:00,43956.7,-0.004274511,1,1,-0.004274511,5.107158388,9.480335568
2024-01-07 00:00:00,43916.9,-0.000905436,0,0.5,-0.000905436,5.101628744,9.47084629
2024-01-08 00:00:00,46972.7,0.069581414,1,1,0.034790707,5.5261887,9.835134435
2024-01-09 00:00:00,46114,-0.018280831,1,1,-0.018280831,5.406884546,9.637059171
2024-01-10 00:00:00,46662.9,0.01190311,1,1,0.01190311,5.483146395,9.763673253
2024-01-11 00:00:00,46337.8,-0.006966991,1,1,-0.006966991,5.437978373,9.68868284
2024-01-12 00:00:00,42788.9,-0.076587581,0,0.5,-0.076587581,4.944909185,8.870062479
2024-01-13 00:00:00,42846.4,0.001343806,0,0.5,0.000671903,4.952897992,8.876694206
2024-01-14 00:00:00,41734.9,-0.025941503,0,0.5,-0.012970751,4.798470873,8.748586062
2024-01-15 00:00:00,42515,0.01869179,1,1,0.009345895,4.906854675,8.839695325
2024-01-16 00:00:00,43133,0.014536046,1,1,0.014536046,4.992716986,8.98272559
2024-01-17 00:00:00,42783.4,-0.008105163,1,1,-0.008105163,4.944145038,8.901813971
2024-01-18 00:00:00,41323.1,-0.034132397,0,0.5,-0.034132397,4.741257119,8.563841324
2024-01-19 00:00:00,41662.2,0.008206064,0,0.5,0.004103032,4.788370242,8.60308207
2024-01-20 00:00:00,41691.8,0.000710476,0,0.5,0.000355238,4.792482741,8.606493451
2024-01-21 00:00:00,41580,-0.002681582,0,0.5,-0.001340791,4.776949721,8.593613149
2024-01-22 00:00:00,39567,-0.048412698,0,0.5,-0.024206349,4.497271996,8.361386799
2024-01-23 00:00:00,39890,0.008163368,0,0.5,0.004081684,4.542148253,8.399597023
2024-01-24 00:00:00,40078.7,0.004730509,0,0.5,0.002365254,4.568365434,8.421829462
2024-01-25 00:00:00,39953.3,-0.003128844,0,0.5,-0.001564422,4.550942888,8.407089745
2024-01-26 00:00:00,41806.4,0.046381651,0,0.5,0.023190825,4.808404781,8.62524792
2024-01-27 00:00:00,42102.2,0.007075472,0,0.5,0.003537736,4.849501985,8.659299504
2024-01-28 00:00:00,42021.2,-0.00192389,0,0.5,-0.000961945,4.838248187,8.65000779
2024-01-29 00:00:00,43287.7,0.030139549,1,1,0.015069774,5.014210352,8.795431229
2024-01-30 00:00:00,42918.3,-0.008533602,1,1,-0.008533602,4.962887475,8.711840918
2024-01-31 00:00:00,42560.5,-0.00833677,0,0.5,-0.00833677,4.913176253,8.630875533
2024-02-01 00:00:00,43072.6,0.012032283,0,0.5,0.006016142,4.984325265,8.688816245
2024-02-02 00:00:00,43182,0.002539898,1,1,0.001269949,4.99952484,8.701120547
2024-02-03 00:00:00,42992.4,-0.004390718,0,0.5,-0.004390718,4.973182616,8.658525659
2024-02-04 00:00:00,42570.3,-0.009818014,0,0.5,-0.004909007,4.914537823,8.611111887
2024-02-05 00:00:00,42692.9,0.002879942,0,0.5,0.001439971,4.93157135,8.62495161
2024-02-06 00:00:00,43079.1,0.009046001,0,0.5,0.004523,4.985228348,8.668485269
2024-02-07 00:00:00,44326.2,0.028949073,0,0.5,0.014474536,5.158495159,8.808432111
2024-02-08 00:00:00,45269.1,0.021271844,0,0.5,0.010635922,5.289497705,8.912753828
2024-02-09 00:00:00,47116.1,0.040800458,1,1,0.020400229,5.546112091,9.114976275
2024-02-10 00:00:00,47732.6,0.013084699,1,1,0.013084699,5.631765999,9.247327698
2024-02-11 00:00:00,48303.4,0.011958284,1,1,0.011958284,5.711070542,9.369868156
2024-02-12 00:00:00,49943.6,0.033956202,1,1,0.033956202,5.938953008,9.721989492
2024-02-13 00:00:00,49696.4,-0.004949583,1,1,-0.004949583,5.904608083,9.668920113
2024-02-14 00:00:00,51823.2,0.042795856,1,1,0.042795856,6.200096699,10.12550569
2024-02-15 00:00:00,51898.5,0.001453017,1,1,0.001453017,6.210558564,10.14167124
2024-02-16 00:00:00,52148.6,0.004819022,1,1,0.004819022,6.245306402,10.19536319
2024-02-17 00:00:00,51679.4,-0.008997365,1,1,-0.008997365,6.180117734,10.09463442
2024-02-18 00:00:00,52175.9,0.00960731,1,1,0.00960731,6.249099349,10.20122401
2024-02-19 00:00:00,51813.8,-0.006939986,1,1,-0.006939986,6.198790703,10.12348768
2024-02-20 00:00:00,52297.4,0.009333421,1,1,0.009333421,6.265980046,10.22730787
2024-02-21 00:00:00,51877.8,-0.008023343,1,1,-0.008023343,6.207682593,10.13722732
2024-02-22 00:00:00,51316.9,-0.010811947,1,1,-0.010811947,6.129753514,10.01681222
2024-02-23 00:00:00,50771.9,-0.010620283,1,1,-0.010620283,6.054033514,9.899810552
2024-02-24 00:00:00,51602.1,0.016351565,1,1,0.016351565,6.169377998,10.07803951
2024-02-25 00:00:00,51764.9,0.00315491,1,1,0.00315491,6.191996743,10.11298973
2024-02-26 00:00:00,54511.6,0.053061051,1,1,0.053061051,6.573611649,10.70265664
2024-02-27 00:00:00,57074.5,0.047015681,1,1,0.047015681,6.929690159,11.25286502
2024-02-28 00:00:00,62487.9,0.094847962,1,1,0.094847962,7.681805109,12.41502429
2024-02-29 00:00:00,61203.3,-0.02055758,1,1,-0.02055758,7.503328207,12.13924386
2024-03-01 00:00:00,62430.6,0.02005284,1,1,0.02005284,7.673844089,12.40272301
2024-03-02 00:00:00,62039.9,-0.006258149,1,1,-0.006258149,7.61956188,12.31884678
2024-03-03 00:00:00,63178.5,0.018352705,1,1,0.018352705,7.777754159,12.56328365
2024-03-04 00:00:00,68296.4,0.081006988,1,1,0.081006988,8.488813586,13.6620044
2024-03-05 00:00:00,63747.4,-0.066606732,1,1,-0.066606732,7.856794724,12.68541621
2024-03-06 00:00:00,66128.1,0.037345837,1,1,0.037345837,8.187559135,13.19650953
2024-03-07 00:00:00,66870,0.011219134,1,1,0.011219134,8.29063559,13.35578207
2024-03-08 00:00:00,68180.2,0.019593241,1,1,0.019593241,8.472669248,13.63705836
2024-03-09 00:00:00,68360.1,0.002638596,1,1,0.002638596,8.497663795,13.67567964
2024-03-10 00:00:00,69001.8,0.009387055,1,1,0.009387055,8.586818885,13.81344105
2024-03-11 00:00:00,72153.8,0.045679968,1,1,0.045679968,9.024744462,14.49011856
2024-03-12 00:00:00,71503.2,-0.00901685,1,1,-0.00901685,8.934352844,14.35044648
2024-03-13 00:00:00,73127.6,0.022717864,1,1,0.022717864,9.160040125,14.69917585
2024-03-14 00:00:00,71455.5,-0.022865512,1,1,-0.022865512,8.927725607,14.34020616
2024-03-15 00:00:00,69552.2,-0.026636158,1,1,-0.026636158,8.663289138,13.931602
2024-03-16 00:00:00,65351,-0.060403553,1,1,-0.060403553,8.07959214,13.02968018
2024-03-17 00:00:00,68447.9,0.047388716,1,1,0.047388716,8.509862356,13.69452872
2024-03-18 00:00:00,67660,-0.011510945,1,1,-0.011510945,8.400394855,13.52538081
2024-03-19 00:00:00,61974.1,-0.084036358,1,1,-0.084036358,7.610419906,12.3047207
2024-03-20 00:00:00,67876.4,0.095238172,1,1,0.095238172,8.430460558,13.57183798
2024-03-21 00:00:00,65539.9,-0.034422863,1,1,-0.034422863,8.105837109,13.07023361
2024-03-22 00:00:00,63826,-0.026150482,1,1,-0.026150482,7.867715076,12.70229021
2024-03-23 00:00:00,64020.3,0.003044214,1,1,0.003044214,7.894710298,12.74400291
2024-03-24 00:00:00,67260.9,0.05061832,1,1,0.05061832,8.344945586,13.43970124
2024-03-25 00:00:00,69920.5,0.039541546,1,1,0.039541546,8.714459186,14.01066936
2024-03-26 00:00:00,70044.1,0.001767722,1,1,0.001767722,8.731631648,14.03720405
2024-03-27 00:00:00,69532.6,-0.007302542,1,1,-0.007302542,8.660565997,13.92739423
2024-03-28 00:00:00,70838.7,0.018783995,1,1,0.018783995,8.842030018,14.20779033
2024-03-29 00:00:00,69903.6,-0.013200412,1,1,-0.013200412,8.712111171,14.00704124
2024-03-30 00:00:00,69642.1,-0.003740866,1,1,-0.003740866,8.675779464,13.9509019
2024-03-31 00:00:00,71363,0.024710628,1,1,0.024710628,8.914874048,14.32034807
2024-04-01 00:00:00,69700,-0.023303393,1,1,-0.023303393,8.683823846,13.96333199
2024-04-02 00:00:00,65505.3,-0.060182209,1,1,-0.060182209,8.101029931,13.06280561
2024-04-03 00:00:00,65971.9,0.007123088,0,0.5,0.007123088,8.165857366,13.16297621
2024-04-04 00:00:00,68489.9,0.038167765,1,1,0.019083883,8.515697659,13.43326078
2024-04-05 00:00:00,67825.7,-0.00969778,1,1,-0.00969778,8.423416514,13.29329019
2024-04-06 00:00:00,68901.6,0.015862719,1,1,0.015862719,8.57289752,13.52002063
2024-04-07 00:00:00,69362.7,0.006692152,1,1,0.006692152,8.636960808,13.61719082
2024-04-08 00:00:00,71678.4,0.033385379,1,1,0.033385379,8.958694393,14.10519127
2024-04-09 00:00:00,69189.3,-0.034725943,1,1,-0.034725943,8.612869343,13.58064927
2024-04-10 00:00:00,70681.7,0.021569809,0,0.5,0.021569809,8.820217101,13.89515109
2024-04-11 00:00:00,70055.7,-0.008856606,0,0.5,-0.004428303,8.733243303,13.82919085
2024-04-12 00:00:00,67136.4,-0.041671127,0,0.5,-0.020835564,8.327648081,13.5202163
2024-04-13 00:00:00,63939.7,-0.047615005,0,0.5,-0.023807502,7.883512074,13.17452621
2024-04-14 00:00:00,65615.9,0.026215325,0,0.5,0.013107662,8.116396228,13.36032112
2024-04-15 00:00:00,63392.7,-0.033882032,0,0.5,-0.016941016,7.807514203,13.11704269
2024-04-16 00:00:00,63765,0.005872916,0,0.5,0.002936458,7.859239993,13.15849679
2024-04-17 00:00:00,61254.5,-0.039371128,0,0.5,-0.019685564,7.510441719,12.87977879
2024-04-18 00:00:00,63445,0.035760638,1,1,0.017880319,7.814780544,13.12795367
2024-04-19 00:00:00,63787.4,0.0053968,0,0.5,0.0053968,7.862352155,13.20419941
2024-04-20 00:00:00,64897.2,0.01739842,0,0.5,0.00869921,8.016543083,13.32776473
2024-04-21 00:00:00,64912.6,0.000237298,1,1,0.000118649,8.018682694,13.32946471
2024-04-22 00:00:00,66778,0.028737102,1,1,0.028737102,8.277853498,13.74125199
2024-04-23 00:00:00,66386.3,-0.005865704,0,0.5,-0.005865704,8.223432353,13.65478417
2024-04-24 00:00:00,64250,-0.032179832,0,0.5,-0.016089916,7.926623847,13.41898992
2024-04-25 00:00:00,64478.8,0.003561089,0,0.5,0.001780545,7.958412353,13.44466358
2024-04-26 00:00:00,63748.8,-0.011321551,0,0.5,-0.005660775,7.856989234,13.36289558
2024-04-27 00:00:00,63421,-0.005142058,0,0.5,-0.002571029,7.811446085,13.32596816
2024-04-28 00:00:00,63088.3,-0.005245896,0,0.5,-0.002622948,7.765222151,13.28839189
2024-04-29 00:00:00,63842.4,0.011953088,0,0.5,0.005976544,7.869993623,13.37378709
2024-04-30 00:00:00,60651.2,-0.04998559,0,0.5,-0.024992795,7.426621763,13.01454598
2024-05-01 00:00:00,58307.6,-0.03864062,0,0.5,-0.01932031,7.101011869,12.74378061
2024-05-02 00:00:00,59036.7,0.012504373,0,0.5,0.006252187,7.202309946,12.82970929
2024-05-03 00:00:00,62853.7,0.064654698,0,0.5,0.032327349,7.732627817,13.27678713
2024-05-04 00:00:00,63864.2,0.016077017,0,0.5,0.008038508,7.873022423,13.3915512
2024-05-05 00:00:00,63988,0.001938488,0,0.5,0.000969244,7.890222672,13.40550013
2024-05-06 00:00:00,63142.8,-0.013208727,0,0.5,-0.006604363,7.772794151,13.31036097
2024-05-07 00:00:00,62296,-0.013410872,0,0.5,-0.006705436,7.655143333,13.21440376
2024-05-08 00:00:00,61157.9,-0.018269231,0,0.5,-0.009134615,7.497020522,13.08456065
2024-05-09 00:00:00,63050.1,0.030939584,0,0.5,0.015469792,7.759914805,13.30244588
2024-05-10 00:00:00,60778.1,-0.036034836,0,0.5,-0.018017418,7.444252713,13.04475273
2024-05-11 00:00:00,60809.2,0.000511697,0,0.5,0.000255849,7.448573616,13.04834606
2024-05-12 00:00:00,61455.8,0.010633259,0,0.5,0.00531663,7.538409491,13.12303592
2024-05-13 00:00:00,62912.1,0.023696706,0,0.5,0.011848353,7.740741667,13.29037063
2024-05-14 00:00:00,61550.5,-0.021642895,0,0.5,-0.010821448,7.551566709,13.13572813
2024-05-15 00:00:00,66175.4,0.075139926,1,1,0.037569963,8.194130797,13.66680691
2024-05-16 00:00:00,65217.7,-0.014472145,1,1,-0.014472145,8.061072001,13.45454675
2024-05-17 00:00:00,66980,0.027021805,1,1,0.027021805,8.305918525,13.8451347
2024-05-18 00:00:00,66884.9,-0.001419827,1,1,-0.001419827,8.292705733,13.82405718
2024-05-19 00:00:00,66239.4,-0.009650908,1,1,-0.009650908,8.203022687,13.68099157
2024-05-20 00:00:00,71466.5,0.078912249,1,1,0.078912249,8.929253901,14.83950163
2024-05-21 00:00:00,70168.8,-0.018158158,1,1,-0.018158158,8.74895694,14.55188546
2024-05-22 00:00:00,69219.1,-0.013534505,1,1,-0.013534505,8.61700963,14.34139838
2024-05-23 00:00:00,67999.9,-0.017613636,1,1,-0.017613636,8.447619127,14.07118058
2024-05-24 00:00:00,68584.1,0.008591189,1,1,0.008591189,8.52878541,14.20065994
2024-05-25 00:00:00,69314.4,0.010648241,1,1,0.010648241,8.630250209,14.36252023
2024-05-26 00:00:00,68524.3,-0.011398786,1,1,-0.011398786,8.52047705,14.18740615
2024-05-27 00:00:00,69461.6,0.013678359,1,1,0.013678359,8.650701556,14.39514495
2024-05-28 00:00:00,68440.5,-0.014700208,1,1,-0.014700208,8.508834232,14.16883311
2024-05-29 00:00:00,67686.7,-0.011013946,1,1,-0.011013946,8.404104441,14.00176439
2024-05-30 00:00:00,68402.5,0.010575194,1,1,0.010575194,8.503554672,14.16041097
2024-05-31 00:00:00,67577.9,-0.012055115,1,1,-0.012055115,8.388988228,13.97765047
2024-06-01 00:00:00,67799.2,0.003274739,1,1,0.003274739,8.419734716,14.02669837
2024-06-02 00:00:00,67805.9,9.88212E-05,1,1,9.88212E-05,8.420665586,14.02818333
2024-06-03 00:00:00,68851.4,0.015419012,1,1,0.015419012,8.565922943,14.25990307
2024-06-04 00:00:00,70580,0.025106243,1,1,0.025106243,8.806087332,14.64302191
2024-06-05 00:00:00,71133.3,0.007839331,1,1,0.007839331,8.882960499,14.76565274
2024-06-06 00:00:00,70830,-0.004263826,1,1,-0.004263826,8.840821277,14.69843074
2024-06-07 00:00:00,69377,-0.020513907,1,1,-0.020513907,8.638947589,14.3763946
2024-06-08 00:00:00,69346.5,-0.000439627,1,1,-0.000439627,8.634710048,14.36963472
2024-06-09 00:00:00,69667.1,0.004623161,1,1,0.004623161,8.679252859,14.44069101
2024-06-10 00:00:00,69558.7,-0.001555971,1,1,-0.001555971,8.66419222,14.41666574
2024-06-11 00:00:00,67320.7,-0.032174264,1,1,-0.032174264,8.353253945,13.92064586
2024-06-12 00:00:00,68270.3,0.014105617,1,1,0.014105617,8.485187362,14.13111078
2024-06-13 00:00:00,66786.9,-0.021728336,1,1,-0.021728336,8.279090026,13.80233692
2024-06-14 00:00:00,66039.7,-0.011187823,0,0.5,-0.011187823,8.175277212,13.636731
2024-06-15 00:00:00,66213.7,0.002634779,1,1,0.001317389,8.199452037,13.65601327
2024-06-16 00:00:00,66653.6,0.00664364,0,0.5,0.00664364,8.260569887,13.75338255
2024-06-17 00:00:00,66472.1,-0.002723034,0,0.5,-0.001361517,8.235353043,13.73329557
2024-06-18 00:00:00,65150,-0.019889548,0,0.5,-0.009944774,8.051666048,13.58677628
2024-06-19 00:00:00,64933.6,-0.003321566,0,0.5,-0.001660783,8.021600346,13.56255081
2024-06-20 00:00:00,64854,-0.001225868,0,0.5,-0.000612934,8.010541058,13.55362493
2024-06-21 00:00:00,64124,-0.011256052,0,0.5,-0.005628026,7.909117938,13.47171675
2024-06-22 00:00:00,64240,0.001808995,0,0.5,0.000904498,7.925234489,13.48480639
2024-06-23 00:00:00,63194.9,-0.01626868,0,0.5,-0.00813434,7.780032705,13.36698205
2024-06-24 00:00:00,60273.6,-0.046226832,0,0.5,-0.023113416,7.374159612,13.03491202
2024-06-25 00:00:00,61777.8,0.0249562,0,0.5,0.0124781,7.583146812,13.21004105
2024-06-26 00:00:00,60860.1,-0.014854851,0,0.5,-0.007427425,7.455645447,13.10449703
2024-06-27 00:00:00,61682,0.013504743,-1,0,0.006752371,7.569836764,13.19973583
2024-06-28 00:00:00,60429.8,-0.020300898,-1,0,0,7.395861381,13.19973583
2024-06-29 00:00:00,60982.4,0.009144495,-1,0,0,7.472637293,13.19973583
2024-06-30 00:00:00,62766,0.029247783,0,0.5,0,7.72044315,13.19973583
2024-07-01 00:00:00,62883.6,0.001873626,-1,0,0.000936813,7.736781997,13.21303833
2024-07-02 00:00:00,62123.6,-0.012085822,-1,0,0,7.631190805,13.21303833
2024-07-03 00:00:00,60208,-0.030835303,-1,0,0,7.365045425,13.21303833
2024-07-04 00:00:00,57045.9,-0.052519599,-1,0,0,6.925716596,13.21303833
2024-07-05 00:00:00,56604.9,-0.007730617,-1,0,0,6.864445917,13.21303833
2024-07-06 00:00:00,58216,0.0284622,-1,0,0,7.088285352,13.21303833
2024-07-07 00:00:00,55830.9,-0.040969836,-1,0,0,6.756909624,13.21303833
2024-07-08 00:00:00,56686.4,0.015323056,-1,0,0,6.875769183,13.21303833
2024-07-09 00:00:00,58023.2,0.023582376,-1,0,0,7.061498534,13.21303833
2024-07-10 00:00:00,57707,-0.005449544,-1,0,0,7.01756704,13.21303833
2024-07-11 00:00:00,57315.5,-0.006784272,-1,0,0,6.963173682,13.21303833
2024-07-12 00:00:00,57870,0.009674521,-1,0,0,7.040213572,13.21303833
2024-07-13 00:00:00,59174,0.022533264,-1,0,0,7.221385829,13.21303833
2024-07-14 00:00:00,60766,0.026903708,-1,0,0,7.44257159,13.21303833
2024-07-15 00:00:00,64680.6,0.064420893,-1,0,0,7.986449593,13.21303833
2024-07-16 00:00:00,65010,0.005092717,-1,0,0,8.032215039,13.21303833
2024-07-17 00:00:00,64055.7,-0.01467928,0,0.5,0,7.899628625,13.21303833
2024-07-18 00:00:00,63959.9,-0.001495573,-1,0,-0.000747787,7.886318577,13.20241001
2024-07-19 00:00:00,66627.9,0.041713636,1,1,0,8.256999237,13.20241001
2024-07-20 00:00:00,67095.6,0.007019582,1,1,0.007019582,8.321979501,13.30210499
2024-07-21 00:00:00,68138,0.015536041,1,1,0.015536041,8.466806158,13.52430308
2024-07-22 00:00:00,67499.2,-0.009375092,1,1,-0.009375092,8.378053982,13.38813641
2024-07-23 00:00:00,65916.4,-0.023449167,0,0.5,-0.023449167,8.15814643,13.0507466
2024-07-24 00:00:00,65350.8,-0.008580566,0,0.5,-0.004290283,8.079564353,12.99046492
2024-07-25 00:00:00,65773,0.006460518,0,0.5,0.003230259,8.138223039,13.03565774
2024-07-26 00:00:00,67882.5,0.032072431,0,0.5,0.016036215,8.431308066,13.26073657
2024-07-27 00:00:00,67873.8,-0.000128163,0,0.5,-6.40813E-05,8.430099325,13.25982273
2024-07-28 00:00:00,68215.5,0.005034343,0,0.5,0.002517172,8.477573681,13.29571715
2024-07-29 00:00:00,66750,-0.021483387,0,0.5,-0.010741694,8.273963296,13.14215693
2024-07-30 00:00:00,66159.3,-0.008849438,0,0.5,-0.004424719,8.191893931,13.07958186
2024-07-31 00:00:00,64601.8,-0.023541664,0,0.5,-0.011770832,7.975501454,12.91385347
2024-08-01 00:00:00,65328.9,0.011255104,0,0.5,0.005627552,8.076521659,12.99215441
2024-08-02 00:00:00,61483.7,-0.058859096,0,0.5,-0.029429548,7.542285799,12.58037163
2024-08-03 00:00:00,60684.6,-0.012996941,0,0.5,-0.00649847,7.431262218,12.49211998
2024-08-04 00:00:00,58144.5,-0.041857407,0,0.5,-0.020928703,7.078351444,12.20974741
2024-08-05 00:00:00,54003.1,-0.071225997,-1,0,-0.035612999,6.502962806,11.73930869
2024-08-06 00:00:00,55991.2,0.036814553,0,0.5,0,6.779181029,11.73930869
2024-08-07 00:00:00,55102.9,-0.015864993,-1,0,-0.007932497,6.655764376,11.63825417
2024-08-08 00:00:00,61659.8,0.118993737,0,0.5,0,7.56675239,11.63825417
2024-08-09 00:00:00,60808.6,-0.01380478,0,0.5,-0.00690239,7.448490254,11.55102
2024-08-10 00:00:00,60889.9,0.001336982,0,0.5,0.000668491,7.459785733,11.55941025
2024-08-11 00:00:00,58693.1,-0.036078233,0,0.5,-0.018039117,7.154571612,11.33284958
2024-08-12 00:00:00,59323.6,0.010742319,0,0.5,0.005371159,7.242170621,11.39909129
2024-08-13 00:00:00,60550.5,0.020681483,-1,0,0.010340741,7.41263093,11.52730708
2024-08-14 00:00:00,58648.1,-0.031418403,-1,0,0,7.148319502,11.52730708
2024-08-15 00:00:00,57511,-0.019388522,-1,0,0,6.990335627,11.52730708
2024-08-16 00:00:00,58854.9,0.023367704,-1,0,0,7.177051422,11.52730708
2024-08-17 00:00:00,59468.5,0.01042564,-1,0,0,7.262302416,11.52730708
2024-08-18 00:00:00,58390,-0.018135652,-1,0,0,7.112460178,11.52730708
2024-08-19 00:00:00,59398.5,0.017271793,-1,0,0,7.252576911,11.52730708
2024-08-20 00:00:00,58982.9,-0.00699681,-1,0,0,7.194835201,11.52730708
2024-08-21 00:00:00,61120,0.036232535,-1,0,0,7.491754856,11.52730708
2024-08-22 00:00:00,60349.9,-0.012599804,-1,0,0,7.384760412,11.52730708
2024-08-23 00:00:00,64019.9,0.060812031,-1,0,0,7.894654724,11.52730708
2024-08-24 00:00:00,64116.5,0.001508906,0,0.5,0,7.90807592,11.52730708
2024-08-25 00:00:00,64190.2,0.00114947,0,0.5,0.000574735,7.918315487,11.53450696
2024-08-26 00:00:00,62807.6,-0.021539113,-1,0,-0.010769557,7.726222878,11.39951588
2024-08-27 00:00:00,59384.5,-0.054501366,-1,0,0,7.25063181,11.39951588
2024-08-28 00:00:00,59010,-0.006306359,-1,0,0,7.198600361,11.39951588
2024-08-29 00:00:00,59323.2,0.005307575,0,0.5,0,7.242115047,11.39951588
2024-08-30 00:00:00,59096.3,-0.003824811,0,0.5,-0.001912405,7.210590519,11.37580298
2024-08-31 00:00:00,58941.9,-0.002612685,-1,0,-0.001306342,7.189138834,11.35963594
2024-09-01 00:00:00,57268.1,-0.028397456,-1,0,0,6.956588126,11.35963594
2024-09-02 00:00:00,59112.1,0.032199427,-1,0,0,7.212785704,11.35963594
2024-09-03 00:00:00,57451.9,-0.02808562,-1,0,0,6.982124523,11.35963594
2024-09-04 00:00:00,57944.8,0.008579351,0,0.5,0,7.050605968,11.35963594
2024-09-05 00:00:00,56145.7,-0.031048515,0,0.5,-0.015524258,6.800646607,11.16776177
2024-09-06 00:00:00,53927.7,-0.039504361,-1,0,-0.01975218,6.492487048,10.92742195
2024-09-07 00:00:00,54134.9,0.003842181,-1,0,0,6.521274541,10.92742195
2024-09-08 00:00:00,54839.6,0.01301748,-1,0,0,6.619182585,10.92742195
2024-09-09 00:00:00,57010,0.03957724,-1,0,0,6.920728802,10.92742195
2024-09-10 00:00:00,57609.1,0.010508683,-1,0,0,7.003965227,10.92742195
2024-09-11 00:00:00,57306,-0.005261322,-1,0,0,6.961853792,10.92742195
2024-09-12 00:00:00,58097,0.013803092,-1,0,0,7.071751994,10.92742195
2024-09-13 00:00:00,60456.2,0.040607949,0,0.5,0,7.399529286,10.92742195
2024-09-14 00:00:00,59964,-0.008141431,0,0.5,-0.004070716,7.331145095,10.8788688
2024-09-15 00:00:00,59100.5,-0.014400307,0,0.5,-0.007200153,7.211174049,10.79333912
2024-09-16 00:00:00,58187,-0.015456722,-1,0,-0.007728361,7.084256214,10.70219594
2024-09-17 00:00:00,60281,0.03598742,0,0.5,0,7.375187737,10.70219594
2024-09-18 00:00:00,61735.3,0.024125346,0,0.5,0.012062673,7.577242041,10.84335571
2024-09-19 00:00:00,62926.9,0.019301761,0,0.5,0.00965088,7.742797917,10.95765452
2024-09-20 00:00:00,63175.7,0.003953794,0,0.5,0.001976897,7.777365139,10.98129357
2024-09-21 00:00:00,63320.6,0.002293603,0,0.5,0.001146802,7.797496933,10.99503374
2024-09-22 00:00:00,63558.4,0.003755492,-1,0,0.001877746,7.830535861,11.01755736
2024-09-23 00:00:00,63302,-0.004034085,-1,0,0,7.794912727,11.01755736
2024-09-24 00:00:00,64243.1,0.014866829,0,0.5,0,7.92566519,11.01755736
2024-09-25 00:00:00,63118.4,-0.017506938,0,0.5,-0.008753469,7.769404118,10.91236204
2024-09-26 00:00:00,65139.2,0.032016021,0,0.5,0.01600801,8.050165542,11.10305526
2024-09-27 00:00:00,65749.6,0.009370702,0,0.5,0.004685351,8.134971942,11.15976232
2024-09-28 00:00:00,65822.6,0.001110273,0,0.5,0.000555136,8.145114254,11.16651264
2024-09-29 00:00:00,65568.1,-0.003866453,0,0.5,-0.001933227,8.109755098,11.14299202
2024-09-30 00:00:00,63309.1,-0.034452729,0,0.5,-0.017226365,7.795899172,10.93381241
2024-10-01 00:00:00,60776.8,-0.039998989,0,0.5,-0.019999495,7.444072097,10.69514219
2024-10-02 00:00:00,60622.6,-0.002537152,0,0.5,-0.001268576,7.422648199,10.68030602
2024-10-03 00:00:00,60727.2,0.001725429,0,0.5,0.000862715,7.437180882,10.69038279
2024-10-04 00:00:00,62054.4,0.021855116,0,0.5,0.010927558,7.621576449,10.81813012
2024-10-05 00:00:00,62023.1,-0.000504396,0,0.5,-0.000252198,7.617227759,10.81514961
2024-10-06 00:00:00,62789.3,0.012353462,0,0.5,0.006176731,7.723680353,10.88812861
2024-10-07 00:00:00,62190.7,-0.009533471,0,0.5,-0.004766736,7.640513395,10.83146104
2024-10-08 00:00:00,62131.7,-0.000948695,0,0.5,-0.000474347,7.632316184,10.82584882
2024-10-09 00:00:00,60606.4,-0.024549465,0,0.5,-0.012274733,7.42039744,10.68068969
2024-10-10 00:00:00,60293.2,-0.005167771,0,0.5,-0.002583886,7.376882753,10.65050813
2024-10-11 00:00:00,62509,0.036750413,0,0.5,0.018375206,7.684736654,10.86458862
2024-10-12 00:00:00,63176,0.010670463,0,0.5,0.005335232,7.777406819,10.92788895
2024-10-13 00:00:00,62839.8,-0.005321641,0,0.5,-0.002660821,7.73069661,10.89615098
2024-10-14 00:00:00,66064.9,0.051322569,0,0.5,0.025661285,8.178778393,11.20142149
2024-10-15 00:00:00,67044.1,0.014821789,1,1,0.007410894,8.314824309,11.29184494
2024-10-16 00:00:00,67592,0.008172233,1,1,0.008172233,8.390947222,11.39229676
2024-10-17 00:00:00,67401.5,-0.002818381,1,1,-0.002818381,8.364479956,11.35737055
2024-10-18 00:00:00,68407.8,0.014929935,1,1,0.014929935,8.504291032,11.54186528
2024-10-19 00:00:00,68357.1,-0.000741144,1,1,-0.000741144,8.497246988,11.53256996
2024-10-20 00:00:00,69020.1,0.009699066,1,1,0.009699066,8.589361409,11.65412418
2024-10-21 00:00:00,67368.8,-0.023924915,1,1,-0.023924915,8.359936756,11.35137534
2024-10-22 00:00:00,67406.4,0.000558122,1,1,0.000558122,8.365160742,11.35826891
2024-10-23 00:00:00,66647.2,-0.011263025,1,1,-0.011263025,8.259680698,11.21907741
2024-10-24 00:00:00,68173.8,0.022905688,1,1,0.022905688,8.471780059,11.49896379
2024-10-25 00:00:00,66662.8,-0.02216394,1,1,-0.02216394,8.261848096,11.22193751
2024-10-26 00:00:00,67071.8,0.006135356,1,1,0.006135356,8.31867283,11.29692345
2024-10-27 00:00:00,67992.6,0.013728571,1,1,0.013728571,8.446604896,11.46574264
2024-10-28 00:00:00,69940,0.028641352,1,1,0.028641352,8.717168433,11.82277837
2024-10-29 00:00:00,72739.5,0.040027166,1,1,0.040027166,9.106119149,12.33603785
2024-10-30 00:00:00,72349,-0.005368472,1,1,-0.005368472,9.051864727,12.26444369
2024-10-31 00:00:00,70321.9,-0.028018355,1,1,-0.028018355,8.770228008,11.8927958
2024-11-01 00:00:00,69495.5,-0.011751673,1,1,-0.011751673,8.655411479,11.74128387
2024-11-02 00:00:00,69366.6,-0.001854796,1,1,-0.001854796,8.637502657,11.71765138
2024-11-03 00:00:00,68762.5,-0.008708802,1,1,-0.008708802,8.553571553,11.60689587
2024-11-04 00:00:00,67834.3,-0.013498637,1,1,-0.013498637,8.424611362,11.43671997
2024-11-05 00:00:00,69353.1,0.022389853,1,1,0.022389853,8.635627024,11.7151763
2024-11-06 00:00:00,75579.9,0.089784018,1,1,0.089784018,9.500752337,12.85679592
2024-11-07 00:00:00,75859.4,0.003698073,1,1,0.003698073,9.539584888,12.90803936
2024-11-08 00:00:00,76482.2,0.008209925,1,1,0.008209925,9.626114091,13.02222333
2024-11-09 00:00:00,76675.1,0.002522155,1,1,0.002522155,9.652914803,13.05758956
2024-11-10 00:00:00,80410,0.048710729,1,1,0.048710729,10.17182605,13.74234499
2024-11-11 00:00:00,88728.9,0.103456038,1,1,0.103456038,11.3276189,15.26752959
2024-11-12 00:00:00,87972,-0.008530479,1,1,-0.008530479,11.22245841,15.12875977
2024-11-13 00:00:00,90413.3,0.027750875,1,1,0.027750875,11.56164233,15.57634697
2024-11-14 00:00:00,87382.7,-0.033519405,1,1,-0.033519405,11.14058356,15.02071769
2024-11-15 00:00:00,91074.6,0.042249782,1,1,0.042249782,11.65352056,15.69758951
2024-11-16 00:00:00,90643.3,-0.004735678,1,1,-0.004735678,11.59359756,15.6185151
2024-11-17 00:00:00,89899.9,-0.008201378,1,1,-0.008201378,11.4903127,15.48222037
2024-11-18 00:00:00,90507.4,0.006757516,1,1,0.006757516,11.57471619,15.59359924
2024-11-19 00:00:00,92335.9,0.020202768,1,1,0.020202768,11.82876026,15.92883587
2024-11-20 00:00:00,94288,0.02114129,1,1,0.02114129,12.0999768,16.28673329
2024-11-21 00:00:00,98366.8,0.043258951,1,1,0.043258951,12.66666806,17.03453925
2024-11-22 00:00:00,98921.4,0.005638081,1,1,0.005638081,12.74372184,17.13621944
2024-11-23 00:00:00,97725.5,-0.012089396,1,1,-0.012089396,12.57756854,16.9169635
2024-11-24 00:00:00,97960.4,0.002403672,1,1,0.002403672,12.61020456,16.96002999
2024-11-25 00:00:00,93064,-0.049983463,1,1,-0.049983463,11.9299194,16.06232551
2024-11-26 00:00:00,92021.4,-0.011203043,1,1,-0.011203043,11.78506496,15.87117554
2024-11-27 00:00:00,95905.2,0.0422054,1,1,0.0422054,12.32466374,16.58323025
2024-11-28 00:00:00,95694.4,-0.002198004,1,1,-0.002198004,12.29537608,16.54458224
2024-11-29 00:00:00,97516.3,0.019038732,1,1,0.019038732,12.54850318,16.87860884
2024-11-30 00:00:00,96475.1,-0.010677189,1,1,-0.010677189,12.40384324,16.68771554
2024-12-01 00:00:00,97265.1,0.008188641,1,1,0.008188641,12.51360251,16.8325539
2024-12-02 00:00:00,95890.5,-0.01413251,1,1,-0.01413251,12.32262138,16.58053516
2024-12-03 00:00:00,95913.3,0.000237771,1,1,0.000237771,12.32578912,16.5847153
2024-12-04 00:00:00,98669.8,0.028739497,1,1,0.028739497,12.7087656,17.09009118
2024-12-05 00:00:00,97001.5,-0.016907909,1,1,-0.016907909,12.47697904,16.78422556
2024-12-06 00:00:00,99802.5,0.028875842,1,1,0.028875842,12.86613815,17.29776005
2024-12-07 00:00:00,99899.2,0.000968914,1,1,0.000968914,12.87957324,17.315489
2024-12-08 00:00:00,101200,0.013021125,1,1,0.013021125,13.06030091,17.55397728
2024-12-09 00:00:00,97349.1,-0.038052372,1,1,-0.038052372,12.52527311,16.84795444
2024-12-10 00:00:00,96602.4,-0.007670333,1,1,-0.007670333,12.42152977,16.71105469
2024-12-11 00:00:00,101115.3,0.046716231,1,1,0.046716231,13.04853305,17.5384484
2024-12-12 00:00:00,99982.4,-0.011204041,1,1,-0.011204041,12.8911327,17.33074286
2024-12-13 00:00:00,101371.9,0.013897446,1,1,0.013897446,13.08418397,17.58549337
2024-12-14 00:00:00,101381,8.97685E-05,1,1,8.97685E-05,13.08544828,17.58716176
2024-12-15 00:00:00,104460.4,0.030374528,1,1,0.030374528,13.51328712,18.15173802
2024-12-16 00:00:00,106023.2,0.014960693,1,1,0.014960693,13.73041596,18.4382613
2024-12-17 00:00:00,106074.6,0.0004848,1,1,0.0004848,13.73755726,18.44768496
2024-12-18 00:00:00,100181.1,-0.055559955,1,1,-0.055559955,12.91873924,17.36717246
2024-12-19 00:00:00,97434.4,-0.027417347,1,1,-0.027417347,12.53712434,16.86359331
2024-12-20 00:00:00,97764.4,0.003386894,1,1,0.003386894,12.58297314,16.92409541
2024-12-21 00:00:00,97261.8,-0.005140931,0,0.5,-0.005140931,12.51314402,16.83194888
2024-12-22 00:00:00,95153.5,-0.021676547,0,0.5,-0.010838274,12.22022572,16.63868134
2024-12-23 00:00:00,94861.1,-0.00307293,0,0.5,-0.001536465,12.17960089,16.61158013
2024-12-24 00:00:00,98627.2,0.039701205,1,1,0.019850603,12.70284693,16.96118061
2024-12-25 00:00:00,99379.7,0.007629741,1,1,0.007629741,12.80739611,17.09821977
2024-12-26 00:00:00,95751,-0.036513493,1,1,-0.036513493,12.30323984,16.43739054
2024-12-27 00:00:00,94258.9,-0.015583127,0,0.5,-0.015583127,12.09593377,16.16566147
2024-12-28 00:00:00,95259.1,0.0106112,0,0.5,0.0053056,12.23489733,16.2567356
2024-12-29 00:00:00,93700,-0.01636694,0,0.5,-0.00818347,12.01828256,16.11551562
2024-12-30 00:00:00,93641.9,-0.000620064,0,0.5,-0.000310032,12.01021039,16.11020926