date,close_price_DOGEUSDT,return_DOGEUSDT,signal_DOGEUSDT,position_DOGEUSDT,signal_return_DOGEUSDT,cum_return_DOGEUSDT,cum_signal_return_DOGEUSDT
2020-07-10 00:00:00,0.003535,,0,0.5,,,
2020-07-11 00:00:00,0.003812,0.078359264,0,0.5,0.039179632,0.078359264,0.039179632
2020-07-12 00:00:00,0.003648,-0.043022036,0,0.5,-0.021511018,0.031966054,0.016825821
2020-07-13 00:00:00,0.003159,-0.134046053,0,0.5,-0.067023026,-0.106364922,-0.051324923
2020-07-14 00:00:00,0.003293,0.042418487,0,0.5,0.021209243,-0.068458274,-0.031204242
2020-07-15 00:00:00,0.003088,-0.062253265,0,0.5,-0.031126632,-0.126449788,-0.061359592
2020-07-16 00:00:00,0.002985,-0.033354922,0,0.5,-0.016677461,-0.155586987,-0.077013731
2020-07-17 00:00:00,0.003057,0.024120603,0,0.5,0.012060302,-0.135219236,-0.065882238
2020-07-18 00:00:00,0.003436,0.123977756,0,0.5,0.061988878,-0.028005658,-0.007977326
2020-07-19 00:00:00,0.003385,-0.014842841,0,0.5,-0.00742142,-0.042432815,-0.015339543
2020-07-20 00:00:00,0.003216,-0.049926145,0,0.5,-0.024963072,-0.090240453,-0.039919693
2020-07-21 00:00:00,0.003302,0.026741294,0,0.5,0.013370647,-0.065912306,-0.027082799
2020-07-22 00:00:00,0.003292,-0.003028468,0,0.5,-0.001514234,-0.06874116,-0.028556023
2020-07-23 00:00:00,0.003307,0.004556501,0,0.5,0.00227825,-0.064497878,-0.02634283
2020-07-24 00:00:00,0.003213,-0.028424554,0,0.5,-0.014212277,-0.091089109,-0.040180716
2020-07-25 00:00:00,0.003261,0.014939309,0,0.5,0.007469655,-0.077510608,-0.033011197
2020-07-26 00:00:00,0.003239,-0.006746397,0,0.5,-0.003373198,-0.083734088,-0.036273042
2020-07-27 00:00:00,0.003162,-0.023772769,0,0.5,-0.011886385,-0.105516266,-0.047728272
2020-07-28 00:00:00,0.003189,0.008538899,0,0.5,0.00426945,-0.097878359,-0.043662595
2020-07-29 00:00:00,0.003173,-0.005017247,0,0.5,-0.002508623,-0.102404526,-0.046061686
2020-07-30 00:00:00,0.003228,0.017333754,0,0.5,0.008666877,-0.086845827,-0.03779402
2020-07-31 00:00:00,0.00323,0.000619579,0,0.5,0.000309789,-0.086280057,-0.037495939
2020-08-01 00:00:00,0.003715,0.150154799,0,0.5,0.075077399,0.050919378,0.034766363
2020-08-02 00:00:00,0.00334,-0.100942127,0,0.5,-0.050471063,-0.055162659,-0.017459396
2020-08-03 00:00:00,0.003384,0.013173653,0,0.5,0.006586826,-0.0427157,-0.010987571
2020-08-04 00:00:00,0.003552,0.04964539,0,0.5,0.024822695,0.004809052,0.013562383
2020-08-05 00:00:00,0.003506,-0.01295045,0,0.5,-0.006475225,-0.008203678,0.006999338
2020-08-06 00:00:00,0.003562,0.015972618,0,0.5,0.007986309,0.007637907,0.015041546
2020-08-07 00:00:00,0.003496,-0.018528916,0,0.5,-0.009264458,-0.011032532,0.005637736
2020-08-08 00:00:00,0.003524,0.008009153,0,0.5,0.004004577,-0.00311174,0.009664889
2020-08-09 00:00:00,0.003471,-0.015039728,0,0.5,-0.007519864,-0.018104668,0.002072347
2020-08-10 00:00:00,0.003505,0.009795448,0,0.5,0.004897724,-0.008486563,0.006980221
2020-08-11 00:00:00,0.003397,-0.030813124,0,0.5,-0.015406562,-0.03903819,-0.008533882
2020-08-12 00:00:00,0.003468,0.020900795,0,0.5,0.010450397,-0.018953324,0.001827332
2020-08-13 00:00:00,0.003491,0.006632065,0,0.5,0.003316032,-0.012446959,0.005149424
2020-08-14 00:00:00,0.003579,0.025207677,0,0.5,0.012603838,0.012446959,0.017818165
2020-08-15 00:00:00,0.003541,-0.010617491,0,0.5,-0.005308745,0.001697313,0.012414828
2020-08-16 00:00:00,0.003535,-0.001694437,0,0.5,-0.000847218,-6.66134E-16,0.011557091
2020-08-17 00:00:00,0.003589,0.015275813,0,0.5,0.007637907,0.015275813,0.01928327
2020-08-18 00:00:00,0.003476,-0.031485093,0,0.5,-0.015742547,-0.01669024,0.003237155
2020-08-19 00:00:00,0.003418,-0.016685846,0,0.5,-0.008342923,-0.033097595,-0.005132775
2020-08-20 00:00:00,0.003447,0.008484494,0,0.5,0.004242247,-0.024893918,-0.000912302
2020-08-21 00:00:00,0.003379,-0.019727299,0,0.5,-0.00986365,-0.044130127,-0.010766953
2020-08-22 00:00:00,0.003434,0.016277005,0,0.5,0.008138503,-0.028571429,-0.002716078
2020-08-23 00:00:00,0.003398,-0.010483401,0,0.5,-0.005241701,-0.038755304,-0.007943541
2020-08-24 00:00:00,0.00341,0.003531489,0,0.5,0.001765745,-0.035360679,-0.006191823
2020-08-25 00:00:00,0.003289,-0.035483871,0,0.5,-0.017741935,-0.069589816,-0.023823904
2020-08-26 00:00:00,0.003285,-0.001216175,0,0.5,-0.000608088,-0.070721358,-0.024417504
2020-08-27 00:00:00,0.003195,-0.02739726,0,0.5,-0.01369863,-0.096181047,-0.037781648
2020-08-28 00:00:00,0.003255,0.018779343,0,0.5,0.009389671,-0.079207921,-0.028746734
2020-08-29 00:00:00,0.003273,0.005529954,0,0.5,0.002764977,-0.074115983,-0.026061241
2020-08-30 00:00:00,0.003298,0.007638252,0,0.5,0.003819126,-0.067043847,-0.022341646
2020-08-31 00:00:00,0.00321,-0.026682838,0,0.5,-0.013341419,-0.091937765,-0.035384996
2020-09-01 00:00:00,0.003242,0.009968847,0,0.5,0.004984424,-0.082885431,-0.030576946
2020-09-02 00:00:00,0.003117,-0.038556447,0,0.5,-0.019278223,-0.11824611,-0.0492657
2020-09-03 00:00:00,0.00276,-0.114533205,0,0.5,-0.057266603,-0.219236209,-0.103711023
2020-09-04 00:00:00,0.002877,0.042391304,0,0.5,0.021195652,-0.186138614,-0.084713594
2020-09-05 00:00:00,0.00276,-0.040667362,0,0.5,-0.020333681,-0.219236209,-0.103324736
2020-09-06 00:00:00,0.002779,0.006884058,0,0.5,0.003442029,-0.213861386,-0.100238353
2020-09-07 00:00:00,0.002816,0.013314142,0,0.5,0.006657071,-0.203394625,-0.094248576
2020-09-08 00:00:00,0.002745,-0.025213068,0,0.5,-0.012606534,-0.223479491,-0.105666962
2020-09-09 00:00:00,0.002778,0.012021858,0,0.5,0.006010929,-0.214144272,-0.10029119
2020-09-10 00:00:00,0.002802,0.008639309,0,0.5,0.004319654,-0.207355021,-0.096404759
2020-09-11 00:00:00,0.002796,-0.002141328,0,0.5,-0.001070664,-0.209052334,-0.097372206
2020-09-12 00:00:00,0.002815,0.006795422,0,0.5,0.003397711,-0.203677511,-0.094305337
2020-09-13 00:00:00,0.002787,-0.009946714,0,0.5,-0.004973357,-0.211598303,-0.09880968
2020-09-14 00:00:00,0.002788,0.000358809,0,0.5,0.000179404,-0.211315417,-0.098648003
2020-09-15 00:00:00,0.002829,0.014705882,0,0.5,0.007352941,-0.199717115,-0.092020414
2020-09-16 00:00:00,0.002809,-0.007069636,0,0.5,-0.003534818,-0.205374823,-0.095229957
2020-09-17 00:00:00,0.002805,-0.001423994,0,0.5,-0.000711997,-0.206506365,-0.095874151
2020-09-18 00:00:00,0.002788,-0.006060606,0,0.5,-0.003030303,-0.211315417,-0.098613926
2020-09-19 00:00:00,0.002793,0.0017934,0,0.5,0.0008967,-0.20990099,-0.097805653
2020-09-20 00:00:00,0.002775,-0.006444683,0,0.5,-0.003222342,-0.214992928,-0.100712831
2020-09-21 00:00:00,0.002593,-0.065585586,0,0.5,-0.032792793,-0.266478076,-0.130202969
2020-09-22 00:00:00,0.002641,0.018511377,0,0.5,0.009255688,-0.252899576,-0.122152399
2020-09-23 00:00:00,0.00254,-0.03824309,0,0.5,-0.019121545,-0.281471004,-0.138938201
2020-09-24 00:00:00,0.00263,0.035433071,0,0.5,0.017716535,-0.256011315,-0.123683169
2020-09-25 00:00:00,0.002689,0.02243346,0,0.5,0.01121673,-0.239321075,-0.11385376
2020-09-26 00:00:00,0.002696,0.002603198,0,0.5,0.001301599,-0.237340877,-0.112700353
2020-09-27 00:00:00,0.002696,0,0,0.5,0,-0.237340877,-0.112700353
2020-09-28 00:00:00,0.002645,-0.018916914,0,0.5,-0.009458457,-0.251768034,-0.121092838
2020-09-29 00:00:00,0.002673,0.010586011,0,0.5,0.005293006,-0.243847242,-0.116440778
2020-09-30 00:00:00,0.002633,-0.014964459,0,0.5,-0.00748223,-0.255162659,-0.123051771
2020-10-01 00:00:00,0.002627,-0.002278769,0,0.5,-0.001139385,-0.256859972,-0.124050952
2020-10-02 00:00:00,0.002589,-0.014465169,0,0.5,-0.007232585,-0.267609618,-0.130386328
2020-10-03 00:00:00,0.002589,0,0,0.5,0,-0.267609618,-0.130386328
2020-10-04 00:00:00,0.002635,0.017767478,0,0.5,0.008883739,-0.254596888,-0.122660907
2020-10-05 00:00:00,0.002611,-0.009108159,0,0.5,-0.00455408,-0.261386139,-0.126656379
2020-10-06 00:00:00,0.002598,-0.004978935,0,0.5,-0.002489468,-0.265063649,-0.12883054
2020-10-07 00:00:00,0.00259,-0.003079292,0,0.5,-0.001539646,-0.267326733,-0.130171832
2020-10-08 00:00:00,0.002603,0.005019305,0,0.5,0.002509653,-0.263649222,-0.127988866
2020-10-09 00:00:00,0.002651,0.018440261,0,0.5,0.009220131,-0.250070721,-0.119948809
2020-10-10 00:00:00,0.002662,0.004149378,0,0.5,0.002074689,-0.246958982,-0.118122977
2020-10-11 00:00:00,0.002671,0.003380917,0,0.5,0.001690458,-0.244413013,-0.116632201
2020-10-12 00:00:00,0.002665,-0.00224635,0,0.5,-0.001123175,-0.246110325,-0.117624377
2020-10-13 00:00:00,0.00264,-0.009380863,0,0.5,-0.004690432,-0.253182461,-0.1217631
2020-10-14 00:00:00,0.002636,-0.001515152,0,0.5,-0.000757576,-0.254314003,-0.122428431
2020-10-15 00:00:00,0.002593,-0.016312595,0,0.5,-0.008156297,-0.266478076,-0.129586165
2020-10-16 00:00:00,0.002603,0.003856537,0,0.5,0.001928268,-0.263649222,-0.127907774
2020-10-17 00:00:00,0.002587,-0.006146754,0,0.5,-0.003073377,-0.268175389,-0.130588042
2020-10-18 00:00:00,0.002588,0.000386548,0,0.5,0.000193274,-0.267892504,-0.130420007
2020-10-19 00:00:00,0.002593,0.001931994,0,0.5,0.000965997,-0.266478076,-0.129579996
2020-10-20 00:00:00,0.002594,0.000385654,0,0.5,0.000192827,-0.266195191,-0.129412155
2020-10-21 00:00:00,0.002627,0.012721665,0,0.5,0.006360833,-0.256859972,-0.123874492
2020-10-22 00:00:00,0.002649,0.008374572,0,0.5,0.004187286,-0.250636492,-0.120205904
2020-10-23 00:00:00,0.002645,-0.001510004,0,0.5,-0.000755002,-0.251768034,-0.12087015
2020-10-24 00:00:00,0.002638,-0.002646503,0,0.5,-0.001323251,-0.253748232,-0.12203346
2020-10-25 00:00:00,0.002653,0.005686126,0,0.5,0.002843063,-0.24950495,-0.119537346
2020-10-26 00:00:00,0.002669,0.006030908,0,0.5,0.003015454,-0.244978784,-0.116882351
2020-10-27 00:00:00,0.002671,0.000749344,0,0.5,0.000374672,-0.244413013,-0.116551471
2020-10-28 00:00:00,0.002582,-0.033320854,0,0.5,-0.016660427,-0.269589816,-0.131270101
2020-10-29 00:00:00,0.002576,-0.00232378,0,0.5,-0.00116189,-0.271287129,-0.132279469
2020-10-30 00:00:00,0.002583,0.002717391,0,0.5,0.001358696,-0.269306931,-0.131100501
2020-10-31 00:00:00,0.002568,-0.005807201,0,0.5,-0.0029036,-0.273550212,-0.133623438
2020-11-01 00:00:00,0.002575,0.002725857,0,0.5,0.001362928,-0.271570014,-0.132442629
2020-11-02 00:00:00,0.002514,-0.02368932,0,0.5,-0.01184466,-0.288826025,-0.142718551
2020-11-03 00:00:00,0.002519,0.001988862,0,0.5,0.000994431,-0.287411598,-0.141866044
2020-11-04 00:00:00,0.002541,0.008733624,0,0.5,0.004366812,-0.281188119,-0.138118734
2020-11-05 00:00:00,0.002635,0.03699331,0,0.5,0.018496655,-0.254596888,-0.122176814
2020-11-06 00:00:00,0.002759,0.047058824,0,0.5,0.023529412,-0.219519095,-0.10152215
2020-11-07 00:00:00,0.002666,-0.033707865,0,0.5,-0.016853933,-0.24582744,-0.116665036
2020-11-08 00:00:00,0.002705,0.014628657,0,0.5,0.007314329,-0.234794908,-0.110204033
2020-11-09 00:00:00,0.002674,-0.011460259,0,0.5,-0.005730129,-0.243564356,-0.115302679
2020-11-10 00:00:00,0.002761,0.032535527,0,0.5,0.016267764,-0.218953324,-0.100910632
2020-11-11 00:00:00,0.002757,-0.00144875,0,0.5,-0.000724375,-0.220084866,-0.101561911
2020-11-12 00:00:00,0.002779,0.007979688,0,0.5,0.003989844,-0.213861386,-0.097977283
2020-11-13 00:00:00,0.002817,0.013673983,0,0.5,0.006836992,-0.20311174,-0.091810161
2020-11-14 00:00:00,0.002776,-0.014554491,0,0.5,-0.007277245,-0.214710042,-0.098419281
2020-11-15 00:00:00,0.002776,0,0,0.5,0,-0.214710042,-0.098419281
2020-11-16 00:00:00,0.002897,0.043587896,0,0.5,0.021793948,-0.180480905,-0.078770278
2020-11-17 00:00:00,0.002947,0.017259234,0,0.5,0.008629617,-0.166336634,-0.070820418
2020-11-18 00:00:00,0.002911,-0.012215813,0,0.5,-0.006107906,-0.176520509,-0.07649576
2020-11-19 00:00:00,0.002916,0.001717623,0,0.5,0.000858811,-0.175106082,-0.075702644
2020-11-20 00:00:00,0.002998,0.028120713,0,0.5,0.014060357,-0.151909477,-0.062706694
2020-11-21 00:00:00,0.003522,0.174783189,1,1,0.087391594,-0.003677511,0.019204863
2020-11-22 00:00:00,0.003344,-0.050539466,1,1,-0.050539466,-0.054031117,-0.032305207
2020-11-23 00:00:00,0.00369,0.1034689,1,1,0.1034689,0.043847242,0.067821109
2020-11-24 00:00:00,0.004273,0.15799458,1,1,0.15799458,0.208769448,0.236531056
2020-11-25 00:00:00,0.003722,-0.128949216,1,1,-0.128949216,0.052899576,0.077081346
2020-11-26 00:00:00,0.003254,-0.12573885,1,1,-0.12573885,-0.079490806,-0.058349624
2020-11-27 00:00:00,0.003278,0.007375538,1,1,0.007375538,-0.072701556,-0.051404446
2020-11-28 00:00:00,0.003395,0.035692495,1,1,0.035692495,-0.03960396,-0.017546704
2020-11-29 00:00:00,0.003443,0.014138439,0,0.5,0.014138439,-0.02602546,-0.003656348
2020-11-30 00:00:00,0.003568,0.036305547,1,1,0.018152774,0.009335219,0.014430053
2020-12-01 00:00:00,0.003325,-0.068105381,0,0.5,-0.068105381,-0.059405941,-0.054658092
2020-12-02 00:00:00,0.003363,0.011428571,0,0.5,0.005714286,-0.048656294,-0.049256139
2020-12-03 00:00:00,0.003424,0.018138567,0,0.5,0.009069283,-0.031400283,-0.040633573
2020-12-04 00:00:00,0.003287,-0.040011682,0,0.5,-0.020005841,-0.070155587,-0.059826505
2020-12-05 00:00:00,0.003398,0.033769395,0,0.5,0.016884697,-0.038755304,-0.043951961
2020-12-06 00:00:00,0.003391,-0.002060035,0,0.5,-0.001030018,-0.040735502,-0.044936707
2020-12-07 00:00:00,0.003341,-0.014744913,0,0.5,-0.007372457,-0.054879774,-0.051977869
2020-12-08 00:00:00,0.003176,-0.049386411,0,0.5,-0.024693206,-0.10155587,-0.075387575
2020-12-09 00:00:00,0.00315,-0.008186398,0,0.5,-0.004093199,-0.108910891,-0.079172198
2020-12-10 00:00:00,0.003096,-0.017142857,0,0.5,-0.008571429,-0.124186704,-0.087065007
2020-12-11 00:00:00,0.003069,-0.00872093,0,0.5,-0.004360465,-0.131824611,-0.091045828
2020-12-12 00:00:00,0.003153,0.027370479,0,0.5,0.013685239,-0.108062235,-0.078606573
2020-12-13 00:00:00,0.00326,0.033935934,0,0.5,0.016967967,-0.077793494,-0.0629724
2020-12-14 00:00:00,0.003224,-0.011042945,0,0.5,-0.005521472,-0.087977369,-0.068146172
2020-12-15 00:00:00,0.003206,-0.005583127,0,0.5,-0.002791563,-0.093069307,-0.070747501
2020-12-16 00:00:00,0.003422,0.067373674,0,0.5,0.033686837,-0.031966054,-0.039443923
2020-12-17 00:00:00,0.003732,0.090590298,1,1,0.045295149,0.05572843,0.004064608
2020-12-18 00:00:00,0.003866,0.035905681,1,1,0.035905681,0.093635078,0.040116231
2020-12-19 00:00:00,0.00393,0.016554578,1,1,0.016554578,0.111739745,0.057334916
2020-12-20 00:00:00,0.004642,0.181170483,1,1,0.181170483,0.313154173,0.248892794
2020-12-21 00:00:00,0.004778,0.029297717,1,1,0.029297717,0.351626591,0.285482502
2020-12-22 00:00:00,0.004521,-0.053788196,1,1,-0.053788196,0.278925035,0.216338717
2020-12-23 00:00:00,0.003755,-0.169431542,1,1,-0.169431542,0.062234795,0.010252573
2020-12-24 00:00:00,0.004575,0.218375499,1,1,0.218375499,0.294200849,0.230866983
2020-12-25 00:00:00,0.004565,-0.002185792,1,1,-0.002185792,0.291371994,0.228176563
2020-12-26 00:00:00,0.004519,-0.01007667,1,1,-0.01007667,0.278359264,0.215800633
2020-12-27 00:00:00,0.004554,0.007745076,1,1,0.007745076,0.288260255,0.225217102
2020-12-28 00:00:00,0.004609,0.012077295,1,1,0.012077295,0.303818953,0.24001441
2020-12-29 00:00:00,0.004498,-0.024083315,1,1,-0.024083315,0.27241867,0.210150752
2020-12-30 00:00:00,0.004635,0.030457981,1,1,0.030457981,0.311173975,0.247009501
2020-12-31 00:00:00,0.004678,0.009277238,1,1,0.009277238,0.323338048,0.258578305
2021-01-01 00:00:00,0.00568,0.2141941,1,1,0.2141941,0.60678925,0.528158353
2021-01-02 00:00:00,0.010542,0.855985915,1,1,0.855985915,1.982178218,1.836240379
2021-01-03 00:00:00,0.009877,-0.063081009,1,1,-0.063081009,1.794059406,1.657327473
2021-01-04 00:00:00,0.009796,-0.008200871,1,1,-0.008200871,1.771145686,1.635535074
2021-01-05 00:00:00,0.01,0.020824826,1,1,0.020824826,1.828854314,1.690419635
2021-01-06 00:00:00,0.010468,0.0468,1,1,0.0468,1.961244696,1.816331274
2021-01-07 00:00:00,0.009767,-0.066965992,1,1,-0.066965992,1.762942008,1.627732857
2021-01-08 00:00:00,0.009755,-0.001228627,1,1,-0.001228627,1.759547383,1.624504354
2021-01-09 00:00:00,0.010202,0.045822655,1,1,0.045822655,1.885997171,1.744766111
2021-01-10 00:00:00,0.009841,-0.035385219,1,1,-0.035385219,1.78387553,1.647641963
2021-01-11 00:00:00,0.008801,-0.105680317,1,1,-0.105680317,1.489674682,1.367838321
2021-01-12 00:00:00,0.008067,-0.083399614,1,1,-0.083399614,1.282036775,1.170361519
2021-01-13 00:00:00,0.008675,0.075368786,1,1,0.075368786,1.454031117,1.333939033
2021-01-14 00:00:00,0.009419,0.085763689,1,1,0.085763689,1.664497878,1.534106254
2021-01-15 00:00:00,0.00937,-0.005202251,1,1,-0.005202251,1.650636492,1.520923198
2021-01-16 00:00:00,0.009245,-0.013340448,1,1,-0.013340448,1.615275813,1.487292952
2021-01-17 00:00:00,0.00912,-0.013520822,1,1,-0.013520822,1.579915134,1.453662707
2021-01-18 00:00:00,0.009197,0.008442982,1,1,0.008442982,1.601697313,1.474378938
2021-01-19 00:00:00,0.009048,-0.016200935,1,1,-0.016200935,1.559547383,1.434291686
2021-01-20 00:00:00,0.00907,0.002431477,1,1,0.002431477,1.565770863,1.440210609
2021-01-21 00:00:00,0.008148,-0.101653804,1,1,-0.101653804,1.304950495,1.192153918
2021-01-22 00:00:00,0.00852,0.045655376,1,1,0.045655376,1.410183876,1.292237529
2021-01-23 00:00:00,0.008586,0.007746479,1,1,0.007746479,1.428854314,1.309994298
2021-01-24 00:00:00,0.008724,0.016072676,1,1,0.016072676,1.467892504,1.347122089
2021-01-25 00:00:00,0.008355,-0.042297111,1,1,-0.042297111,1.363507779,1.247845605
2021-01-26 00:00:00,0.008234,-0.014482346,1,1,-0.014482346,1.329278642,1.215291527
2021-01-27 00:00:00,0.007416,-0.099344183,1,1,-0.099344183,1.097878359,0.995215201
2021-01-28 00:00:00,0.036324,3.898058252,1,1,3.898058252,9.27553041,8.772680281
2021-01-29 00:00:00,0.045883,0.263159344,1,1,0.263159344,11.97963225,11.34445241
2021-01-30 00:00:00,0.02799,-0.389970141,1,1,-0.389970141,6.917963225,6.530484558
2021-01-31 00:00:00,0.036885,0.317792069,1,1,0.317792069,9.434229137,8.923612823
2021-02-01 00:00:00,0.034835,-0.055578148,1,1,-0.055578148,8.854314003,8.372076798
2021-02-02 00:00:00,0.031357,-0.099842113,1,1,-0.099842113,7.870438472,7.436348849
2021-02-03 00:00:00,0.03736,0.191440508,1,1,0.191440508,9.568599717,9.051407756
2021-02-04 00:00:00,0.052782,0.412794433,1,1,0.412794433,13.93125884,13.20057292
2021-02-05 00:00:00,0.04683,-0.112765716,1,1,-0.112765716,12.24752475,11.59923515
2021-02-06 00:00:00,0.057716,0.232457826,1,1,0.232457826,15.32701556,14.52802596
2021-02-07 00:00:00,0.07803,0.351964793,1,1,0.351964793,21.07355021,19.99334441
2021-02-08 00:00:00,0.079054,0.013123158,1,1,0.013123158,21.36322489,20.26884338
2021-02-09 00:00:00,0.070186,-0.112176487,1,1,-0.112176487,18.85459689,17.88297925
2021-02-10 00:00:00,0.072645,0.035035477,1,1,0.035035477,19.55021216,18.54455344
2021-02-11 00:00:00,0.069763,-0.039672379,1,1,-0.039672379,18.73493635,17.7691745
2021-02-12 00:00:00,0.069928,0.002365151,1,1,0.002365151,18.78161245,17.81356642
2021-02-13 00:00:00,0.066373,-0.050838005,1,1,-0.050838005,17.77595474,16.85712224
2021-02-14 00:00:00,0.062711,-0.055173037,1,1,-0.055173037,16.74002829,15.87189057
2021-02-15 00:00:00,0.056511,-0.098866228,1,1,-0.098866228,14.98613861,14.2038304
2021-02-16 00:00:00,0.053591,-0.051671356,1,1,-0.051671356,14.16011315,13.41822786
2021-02-17 00:00:00,0.049527,-0.075833629,1,1,-0.075833629,13.01046676,12.32484133
2021-02-18 00:00:00,0.058838,0.187998465,1,1,0.187998465,15.64441301,14.82989105
2021-02-19 00:00:00,0.05519,-0.062000748,1,1,-0.062000748,14.61244696,13.84842596
2021-02-20 00:00:00,0.054153,-0.018789636,1,1,-0.018789636,14.31909477,13.56942945
2021-02-21 00:00:00,0.056063,0.035270437,1,1,0.035270437,14.85940594,14.0832996
2021-02-22 00:00:00,0.053657,-0.042916005,1,1,-0.042916005,14.17878359,13.43598463
2021-02-23 00:00:00,0.04768,-0.111392735,1,1,-0.111392735,12.48797737,11.82792082
2021-02-24 00:00:00,0.056731,0.18982802,1,1,0.18982802,15.04837341,14.26301963
2021-02-25 00:00:00,0.049879,-0.120780526,1,1,-0.120780526,13.11004243,12.4195441
2021-02-26 00:00:00,0.050426,0.010966539,1,1,0.010966539,13.26478076,12.56671005
2021-02-27 00:00:00,0.050115,-0.006167453,1,1,-0.006167453,13.17680339,12.483038
2021-02-28 00:00:00,0.048171,-0.038790781,1,1,-0.038790781,12.62687412,11.96002042
2021-03-01 00:00:00,0.050613,0.050694401,1,1,0.050694401,13.31768034,12.6170209
2021-03-02 00:00:00,0.050227,-0.007626499,1,1,-0.007626499,13.20848656,12.5131707
2021-03-03 00:00:00,0.050425,0.003942103,1,1,0.003942103,13.26449788,12.56644101
2021-03-04 00:00:00,0.049999,-0.00844819,1,1,-0.00844819,13.14398868,12.45182913
2021-03-05 00:00:00,0.04953,-0.009380188,1,1,-0.009380188,13.01131542,12.32564845
2021-03-06 00:00:00,0.05093,0.028265698,0,0.5,0.028265698,13.40735502,12.7023072
2021-03-07 00:00:00,0.052056,0.022108777,1,1,0.011054388,13.72588402,12.85377783
2021-03-08 00:00:00,0.063076,0.211695098,1,1,0.211695098,16.84328147,15.78655467
2021-03-09 00:00:00,0.058013,-0.080268248,0,0.5,-0.080268248,15.41103253,14.43912734
2021-03-10 00:00:00,0.055951,-0.035543757,0,0.5,-0.017771879,14.82772277,14.16474504
2021-03-11 00:00:00,0.056056,0.001876642,0,0.5,0.000938321,14.85742574,14.17897444
2021-03-12 00:00:00,0.055367,-0.01229128,0,0.5,-0.00614564,14.66251768,14.08568993
2021-03-13 00:00:00,0.062816,0.134538624,0,0.5,0.067269312,16.76973126,15.10049391
2021-03-14 00:00:00,0.058168,-0.073993887,0,0.5,-0.036996943,15.45487977,14.50482485
2021-03-15 00:00:00,0.05708,-0.018704442,0,0.5,-0.009352221,15.14710042,14.3598203
2021-03-16 00:00:00,0.058765,0.029519972,0,0.5,0.014759986,15.62376238,14.58653103
2021-03-17 00:00:00,0.05799,-0.013188122,1,1,-0.006594061,15.40452617,14.48375249
2021-03-18 00:00:00,0.057427,-0.00970857,1,1,-0.00970857,15.24526167,14.33342739
2021-03-19 00:00:00,0.058323,0.015602417,1,1,0.015602417,15.49872702,14.57266592
2021-03-20 00:00:00,0.058961,0.010939081,1,1,0.010939081,15.67920792,14.74301657
2021-03-21 00:00:00,0.05758,-0.023422262,1,1,-0.023422262,15.28854314,14.37427951
2021-03-22 00:00:00,0.054912,-0.046335533,1,1,-0.046335533,14.53380481,13.66190407
2021-03-23 00:00:00,0.053431,-0.026970425,0,0.5,-0.026970425,14.11485149,13.26646628
2021-03-24 00:00:00,0.051532,-0.035541165,0,0.5,-0.017770583,13.57765205,13.01294286
2021-03-25 00:00:00,0.051311,-0.004288597,1,1,-0.002144299,13.51513437,12.98289493
2021-03-26 00:00:00,0.053992,0.052250005,0,0.5,0.052250005,14.27355021,13.71350125
2021-03-27 00:00:00,0.054474,0.008927248,1,1,0.004463624,14.40990099,13.7791768
2021-03-28 00:00:00,0.053726,-0.013731321,1,1,-0.013731321,14.19830269,13.57623917
2021-03-29 00:00:00,0.054191,0.008655027,1,1,0.008655027,14.32984441,13.70239692
2021-03-30 00:00:00,0.054096,-0.001753059,1,1,-0.001753059,14.3029703,13.67662275
2021-03-31 00:00:00,0.053814,-0.005212955,1,1,-0.005212955,14.22319661,13.60011418
2021-04-01 00:00:00,0.062151,0.154922511,1,1,0.154922511,16.58161245,15.86200053
2021-04-02 00:00:00,0.057769,-0.070505704,1,1,-0.070505704,15.34200849,14.67313332
2021-04-03 00:00:00,0.055574,-0.037996157,1,1,-0.037996157,14.72107496,14.07761448
2021-04-04 00:00:00,0.057457,0.033882751,1,1,0.033882751,15.25374823,14.58848554
2021-04-05 00:00:00,0.060085,0.045738552,1,1,0.045738552,15.99717115,15.3014803
2021-04-06 00:00:00,0.06445,0.072647083,1,1,0.072647083,17.23196605,16.4857353
2021-04-07 00:00:00,0.058838,-0.087075252,0,0.5,-0.087075252,15.64441301,14.96316049
2021-04-08 00:00:00,0.06188,0.051701281,1,1,0.025850641,16.5049505,15.37581841
2021-04-09 00:00:00,0.0617,-0.002908856,1,1,-0.002908856,16.45403112,15.32818352
2021-04-10 00:00:00,0.06379,0.033873582,1,1,0.033873582,17.04526167,15.88127758
2021-04-11 00:00:00,0.074548,0.168647123,1,1,0.168647123,20.08854314,18.72825648
2021-04-12 00:00:00,0.070802,-0.050249504,1,1,-0.050249504,19.02885431,17.73692138
2021-04-13 00:00:00,0.094752,0.338267281,1,1,0.338267281,25.8039604,24.07500883
2021-04-14 00:00:00,0.121712,0.284532253,1,1,0.284532253,33.43055163,31.20965757
2021-04-15 00:00:00,0.181654,0.492490469,1,1,0.492490469,50.38727016,47.07260695
2021-04-16 00:00:00,0.365462,1.011857708,1,1,1.011857708,102.3838755,95.71524481
2021-04-17 00:00:00,0.282716,-0.226414785,1,1,-0.226414785,78.97623762,73.81748349
2021-04-18 00:00:00,0.322905,0.142153256,1,1,0.142153256,90.34512023,84.45303239
2021-04-19 00:00:00,0.409251,0.267403726,1,1,0.267403726,114.7711457,107.3034916
2021-04-20 00:00:00,0.317516,-0.224153392,1,1,-0.224153392,88.82065064,83.02689656
2021-04-21 00:00:00,0.305983,-0.036322579,1,1,-0.036322579,85.55813296,79.97482297
2021-04-22 00:00:00,0.260918,-0.147279424,1,1,-0.147279424,72.80990099,68.04889768
2021-04-23 00:00:00,0.249846,-0.042434788,1,1,-0.042434788,69.67779349,65.11882235
2021-04-24 00:00:00,0.270031,0.080789766,1,1,0.080789766,75.38783593,70.46054657
2021-04-25 00:00:00,0.251418,-0.068929123,1,1,-0.068929123,70.12248939,65.53483377
2021-04-26 00:00:00,0.271959,0.081700594,1,1,0.081700594,75.93323904,70.97076922
2021-04-27 00:00:00,0.272527,0.00208855,1,1,0.00208855,76.09391796,71.12108378
2021-04-28 00:00:00,0.323484,0.186979639,1,1,0.186979639,90.50891089,84.60625797
2021-04-29 00:00:00,0.305181,-0.056580851,1,1,-0.056580851,85.33125884,79.76258305
2021-04-30 00:00:00,0.337754,0.106733381,1,1,0.106733381,94.545686,88.38264661
2021-05-01 00:00:00,0.391209,0.158266075,1,1,0.158266075,109.6673267,102.5288873
2021-05-02 00:00:00,0.374584,-0.042496466,1,1,-0.042496466,104.9643564,98.12927544
2021-05-03 00:00:00,0.441713,0.17920947,1,1,0.17920947,123.9541726,115.8941803
2021-05-04 00:00:00,0.53873,0.219638091,1,1,0.219638091,151.3988685,141.5685949
2021-05-05 00:00:00,0.654868,0.215577376,1,1,0.215577376,184.2526167,172.3031586
2021-05-06 00:00:00,0.581771,-0.111620968,1,1,-0.111620968,163.5745403,152.9588923
2021-05-07 00:00:00,0.691522,0.18864983,1,1,0.18864983,194.6214993,182.0032111
2021-05-08 00:00:00,0.637855,-0.077607075,1,1,-0.077607075,179.4398868,167.8008671
2021-05-09 00:00:00,0.570961,-0.104873365,1,1,-0.104873365,160.5165488,150.0981522
2021-05-10 00:00:00,0.450736,-0.210566046,1,1,-0.210566046,126.5066478,118.2820118
2021-05-11 00:00:00,0.49374,0.095408399,1,1,0.095408399,138.6718529,129.6625175
2021-05-12 00:00:00,0.39081,-0.208470045,1,1,-0.208470045,109.5544554,102.4232966
2021-05-13 00:00:00,0.48959,0.252757094,1,1,0.252757094,137.4978784,128.5642685
2021-05-14 00:00:00,0.55993,0.143671235,1,1,0.143671235,157.3960396,147.178927
2021-05-15 00:00:00,0.50849,-0.091868626,1,1,-0.091868626,142.844413,133.5659325
2021-05-16 00:00:00,0.51351,0.009872367,1,1,0.009872367,144.2644979,134.8944168
2021-05-17 00:00:00,0.48789,-0.04989192,1,1,-0.04989192,137.0169731,128.1143834
2021-05-18 00:00:00,0.47601,-0.024349751,1,1,-0.024349751,133.6562942,124.9704803
2021-05-19 00:00:00,0.32949,-0.307808659,0,0.5,-0.307808659,92.20792079,86.19567564
2021-05-20 00:00:00,0.39736,0.205985007,1,1,0.102992504,111.407355,95.17617658
2021-05-21 00:00:00,0.35774,-0.099708073,1,1,-0.099708073,100.1994342,85.58663531
2021-05-22 00:00:00,0.342,-0.043998435,1,1,-0.043998435,95.74681754,81.7769589
2021-05-23 00:00:00,0.3062,-0.104678363,1,1,-0.104678363,85.61951909,73.11200238
2021-05-24 00:00:00,0.36535,0.193174396,1,1,0.193174396,102.3521924,87.42854367
2021-05-25 00:00:00,0.34578,-0.053565075,1,1,-0.053565075,96.81612447,82.69186213
2021-05-26 00:00:00,0.35248,0.019376482,1,1,0.019376482,98.71145686,84.313516
2021-05-27 00:00:00,0.33393,-0.052627099,1,1,-0.052627099,93.46393211,79.82371312
2021-05-28 00:00:00,0.31128,-0.067828587,0,0.5,-0.067828587,87.05657709,74.34155487
2021-05-29 00:00:00,0.30281,-0.027210229,0,0.5,-0.013605114,84.66053748,73.3165244
2021-05-30 00:00:00,0.30181,-0.003302401,0,0.5,-0.0016512,84.37765205,73.19381293
2021-05-31 00:00:00,0.32556,0.078691892,0,0.5,0.039345946,91.09618105,76.11303869
2021-06-01 00:00:00,0.37047,0.137946922,0,0.5,0.068973461,103.8005658,81.43179187
2021-06-02 00:00:00,0.42375,0.143817313,0,0.5,0.071908657,118.8727016,87.35935128
2021-06-03 00:00:00,0.40083,-0.054088496,0,0.5,-0.027044248,112.3889675,84.96973909
2021-06-04 00:00:00,0.37621,-0.061422548,0,0.5,-0.030711274,105.4243281,82.32949887
2021-06-05 00:00:00,0.37113,-0.013503097,0,0.5,-0.006751548,103.9872702,81.76689573
2021-06-06 00:00:00,0.37146,0.000889176,0,0.5,0.000444588,104.0806223,81.80369291
2021-06-07 00:00:00,0.33133,-0.108033166,0,0.5,-0.054016583,92.72842999,77.33092034
2021-06-08 00:00:00,0.32572,-0.01693176,0,0.5,-0.00846588,91.14144272,76.66778017
2021-06-09 00:00:00,0.34321,0.053696426,0,0.5,0.026848213,96.08910891,78.75302129
2021-06-10 00:00:00,0.32619,-0.04959063,0,0.5,-0.024795315,91.27439887,76.77552002
2021-06-11 00:00:00,0.31865,-0.023115362,0,0.5,-0.011557681,89.14144272,75.87661536
2021-06-12 00:00:00,0.3121,-0.020555468,0,0.5,-0.010277734,87.28854314,75.08649795
2021-06-13 00:00:00,0.32401,0.038160846,0,0.5,0.019080423,90.65770863,76.53826051
2021-06-14 00:00:00,0.32769,0.011357674,0,0.5,0.005678837,91.69872702,76.97858766
2021-06-15 00:00:00,0.32021,-0.022826452,0,0.5,-0.011413226,89.58274399,76.08860042
2021-06-16 00:00:00,0.3079,-0.038443521,0,0.5,-0.019221761,86.10042433,74.60682179
2021-06-17 00:00:00,0.30629,-0.00522897,0,0.5,-0.002614485,85.64497878,74.40914887
2021-06-18 00:00:00,0.29319,-0.042769924,0,0.5,-0.021384962,81.93917963,72.79652709
2021-06-19 00:00:00,0.28561,-0.025853542,0,0.5,-0.012926771,79.79490806,71.84257628
2021-06-20 00:00:00,0.28021,-0.018906901,0,0.5,-0.009453451,78.26732673,71.15396259
2021-06-21 00:00:00,0.17835,-0.363513079,0,0.5,-0.18175654,49.45261669,58.03950802
2021-06-22 00:00:00,0.19061,0.068741239,0,0.5,0.03437062,52.92079208,60.06873249
2021-06-23 00:00:00,0.23472,0.231414931,0,0.5,0.115707466,65.39886846,67.13484075
2021-06-24 00:00:00,0.26346,0.122443763,0,0.5,0.061221881,73.52899576,71.30618389
2021-06-25 00:00:00,0.23728,-0.099369923,0,0.5,-0.049684962,66.12305516,67.71365391
2021-06-26 00:00:00,0.2458,0.035906945,0,0.5,0.017953473,68.53323904,68.94730262
2021-06-27 00:00:00,0.26462,0.076566314,0,0.5,0.038283157,73.85714286,71.62510619
2021-06-28 00:00:00,0.25681,-0.02951402,0,0.5,-0.01475701,71.64780764,70.55337677
2021-06-29 00:00:00,0.26339,0.025622055,0,0.5,0.012811028,73.50919378,71.47004906
2021-06-30 00:00:00,0.25379,-0.036447853,0,0.5,-0.018223926,70.79349364,70.14936021
2021-07-01 00:00:00,0.24369,-0.039796682,0,0.5,-0.019898341,67.93635078,68.73360597
2021-07-02 00:00:00,0.24501,0.005416718,0,0.5,0.002708359,68.30975955,68.9224696
2021-07-03 00:00:00,0.24624,0.005020203,0,0.5,0.002510102,68.65770863,69.09798211
2021-07-04 00:00:00,0.24634,0.000406108,0,0.5,0.000203054,68.68599717,69.11221578
2021-07-05 00:00:00,0.23089,-0.062718194,0,0.5,-0.031359097,64.31541726,66.91355999
2021-07-06 00:00:00,0.23408,0.013816103,0,0.5,0.006908051,65.21782178,67.38271036
2021-07-07 00:00:00,0.22374,-0.044172932,0,0.5,-0.022086466,62.29278642,65.87237794
2021-07-08 00:00:00,0.20694,-0.075087155,0,0.5,-0.037543577,57.54031117,63.36174965
2021-07-09 00:00:00,0.21956,0.06098386,0,0.5,0.03049193,61.11032532,65.32426361
2021-07-10 00:00:00,0.21373,-0.026553106,0,0.5,-0.013276553,59.46110325,64.443706
2021-07-11 00:00:00,0.216,0.010620877,0,0.5,0.005310438,60.10325318,64.79124077
2021-07-12 00:00:00,0.2077,-0.038425926,0,0.5,-0.019212963,57.7553041,63.5271961
2021-07-13 00:00:00,0.19991,-0.037506018,0,0.5,-0.018753009,55.55162659,62.317117
2021-07-14 00:00:00,0.19759,-0.011605222,0,0.5,-0.005802611,54.89533239,61.94971239
2021-07-15 00:00:00,0.18532,-0.062098284,0,0.5,-0.031049142,51.42432815,59.99517782
2021-07-16 00:00:00,0.17193,-0.0722534,0,0.5,-0.0361267,47.63649222,57.79162335
2021-07-17 00:00:00,0.18739,0.089920316,0,0.5,0.044960158,52.00990099,60.43490403
2021-07-18 00:00:00,0.18144,-0.031751961,0,0.5,-0.015875981,50.32673267,59.45956469
2021-07-19 00:00:00,0.17357,-0.04337522,0,0.5,-0.02168761,48.10042433,58.14834122
2021-07-20 00:00:00,0.17037,-0.018436366,0,0.5,-0.009218183,47.19519095,57.60310099
2021-07-21 00:00:00,0.19039,0.117508951,1,1,0.058754476,52.85855728,61.04629546
2021-07-22 00:00:00,0.19119,0.004201901,1,1,0.004201901,53.08486563,61.30700787
2021-07-23 00:00:00,0.19491,0.019457085,0,0.5,0.019457085,54.13719943,62.51932059
2021-07-24 00:00:00,0.19687,0.010055923,0,0.5,0.005027962,54.69165488,62.8386933
2021-07-25 00:00:00,0.19792,0.005333469,0,0.5,0.002666734,54.98868458,63.00893414
2021-07-26 00:00:00,0.20371,0.029254244,0,0.5,0.014627122,56.62659123,63.94520063
2021-07-27 00:00:00,0.20574,0.009965147,0,0.5,0.004982573,57.20084866,64.26879485
2021-07-28 00:00:00,0.20571,-0.000145815,0,0.5,-7.29076E-05,57.19236209,64.26403626
2021-07-29 00:00:00,0.20499,-0.003500073,0,0.5,-0.001750036,56.98868458,64.14982182
2021-07-30 00:00:00,0.20876,0.018391141,0,0.5,0.009195571,58.05516266,64.7489116
2021-07-31 00:00:00,0.20771,-0.005029699,0,0.5,-0.00251485,57.75813296,64.58356298
2021-08-01 00:00:00,0.20409,-0.017428145,0,0.5,-0.008714073,56.73408769,64.01206305
2021-08-02 00:00:00,0.20335,-0.003625851,0,0.5,-0.001812926,56.52475248,63.89420101
2021-08-03 00:00:00,0.19631,-0.034620113,0,0.5,-0.017310057,54.53323904,62.77087873
2021-08-04 00:00:00,0.20161,0.026998115,0,0.5,0.013499058,56.03253182,63.63172549
2021-08-05 00:00:00,0.20108,-0.002628838,0,0.5,-0.001314419,55.88260255,63.54677233
2021-08-06 00:00:00,0.20499,0.019444997,0,0.5,0.009722499,56.98868458,64.17432823
2021-08-07 00:00:00,0.26194,0.27781843,1,1,0.138909215,73.0990099,73.227643
2021-08-08 00:00:00,0.24008,-0.083454226,1,1,-0.083454226,66.91513437,67.0330325
2021-08-09 00:00:00,0.25614,0.066894369,1,1,0.066894369,71.4582744,71.58405925
2021-08-10 00:00:00,0.25769,0.006051378,1,1,0.006051378,71.89674682,72.02329284
2021-08-11 00:00:00,0.26455,0.026621134,1,1,0.026621134,73.83734088,73.96725569
2021-08-12 00:00:00,0.26427,-0.001058401,1,1,-0.001058401,73.75813296,73.88791027
2021-08-13 00:00:00,0.2869,0.085632119,1,1,0.085632119,80.15983027,80.30072069
2021-08-14 00:00:00,0.29446,0.026350645,0,0.5,0.026350645,82.29844413,82.4430471
2021-08-15 00:00:00,0.34036,0.155878557,1,1,0.077939279,95.28288543,88.94653801
2021-08-16 00:00:00,0.31975,-0.060553532,0,0.5,-0.060553532,89.45261669,83.49995748
2021-08-17 00:00:00,0.29945,-0.063487099,0,0.5,-0.03174355,83.71004243,80.81762888
2021-08-18 00:00:00,0.30337,0.013090666,0,0.5,0.006545333,84.81895332,81.35315252
2021-08-19 00:00:00,0.31811,0.048587533,1,1,0.024293767,88.98868458,83.35382079
2021-08-20 00:00:00,0.32742,0.029266606,1,1,0.029266606,91.62234795,85.82257082
2021-08-21 00:00:00,0.31698,-0.031885651,1,1,-0.031885651,88.66902405,83.05417659
2021-08-22 00:00:00,0.31492,-0.006498833,1,1,-0.006498833,88.08628006,82.50792255
2021-08-23 00:00:00,0.31824,0.01054236,1,1,0.01054236,89.02545969,83.38829313
2021-08-24 00:00:00,0.28884,-0.092383107,1,1,-0.092383107,80.70862801,75.59224041
2021-08-25 00:00:00,0.2928,0.013710012,1,1,0.013710012,81.82885431,76.64232098
2021-08-26 00:00:00,0.26834,-0.083538251,0,0.5,-0.083538251,74.90947666,70.15621726
2021-08-27 00:00:00,0.29463,0.097972721,0,0.5,0.048986361,82.34653465,73.64190137
2021-08-28 00:00:00,0.28623,-0.028510335,0,0.5,-0.014255167,79.97029703,72.57786857
2021-08-29 00:00:00,0.28126,-0.017363659,0,0.5,-0.008681829,78.56435644,71.93907807
2021-08-30 00:00:00,0.27206,-0.032709948,0,0.5,-0.016354974,75.96181047,70.74616134
2021-08-31 00:00:00,0.27849,0.023634492,0,0.5,0.011817246,77.78076379,71.59400339
2021-09-01 00:00:00,0.2947,0.058206758,0,0.5,0.029103379,82.36633663,73.70673418
2021-09-02 00:00:00,0.29486,0.000542925,0,0.5,0.000271463,82.4115983,73.72701426
2021-09-03 00:00:00,0.29646,0.005426304,0,0.5,0.002713152,82.86421499,73.92976001
2021-09-04 00:00:00,0.29979,0.011232544,0,0.5,0.005616272,83.80622348,74.35058592
2021-09-05 00:00:00,0.31476,0.049934954,0,0.5,0.024967477,88.04101839,76.23189996
2021-09-06 00:00:00,0.30928,-0.01741009,0,0.5,-0.008705045,86.49080622,75.55959279
2021-09-07 00:00:00,0.25547,-0.173984739,0,0.5,-0.086992369,71.26874116,68.89949241
2021-09-08 00:00:00,0.25669,0.004775512,0,0.5,0.002387756,71.61386139,69.06639534
2021-09-09 00:00:00,0.2527,-0.015544041,-1,0,-0.007772021,70.48514851,68.52183786
2021-09-10 00:00:00,0.23975,-0.051246537,-1,0,0,66.82178218,68.52183786
2021-09-11 00:00:00,0.241,0.005213764,-1,0,0,67.17538897,68.52183786
2021-09-12 00:00:00,0.25042,0.039087137,-1,0,0,69.84016973,68.52183786
2021-09-13 00:00:00,0.23586,-0.058142321,-1,0,0,65.72135785,68.52183786
2021-09-14 00:00:00,0.24065,0.020308658,-1,0,0,67.07637907,68.52183786
2021-09-15 00:00:00,0.24784,0.029877415,-1,0,0,69.11032532,68.52183786
2021-09-16 00:00:00,0.24212,-0.023079406,-1,0,0,67.49222065,68.52183786
2021-09-17 00:00:00,0.24021,-0.00788865,-1,0,0,66.95190948,68.52183786
2021-09-18 00:00:00,0.24146,0.00520378,-1,0,0,67.30551627,68.52183786
2021-09-19 00:00:00,0.23308,-0.034705541,-1,0,0,64.93493635,68.52183786
2021-09-20 00:00:00,0.20862,-0.104942509,-1,0,0,58.0155587,68.52183786
2021-09-21 00:00:00,0.20069,-0.038011696,-1,0,0,55.77227723,68.52183786
2021-09-22 00:00:00,0.22444,0.118341721,-1,0,0,62.49080622,68.52183786
2021-09-23 00:00:00,0.22442,-8.91107E-05,-1,0,0,62.48514851,68.52183786
2021-09-24 00:00:00,0.20902,-0.068621335,-1,0,0,58.12871287,68.52183786
2021-09-25 00:00:00,0.20827,-0.003588173,-1,0,0,57.9165488,68.52183786
2021-09-26 00:00:00,0.20477,-0.016805109,-1,0,0,56.92644979,68.52183786
2021-09-27 00:00:00,0.19955,-0.025492015,-1,0,0,55.44978784,68.52183786
2021-09-28 00:00:00,0.1964,-0.015785517,-1,0,0,54.55869873,68.52183786
2021-09-29 00:00:00,0.19853,0.010845214,-1,0,0,55.1612447,68.52183786
2021-09-30 00:00:00,0.20424,0.028761396,-1,0,0,56.77652051,68.52183786
2021-10-01 00:00:00,0.22277,0.090726596,-1,0,0,62.01838755,68.52183786
2021-10-02 00:00:00,0.2186,-0.018718858,-1,0,0,60.8387553,68.52183786
2021-10-03 00:00:00,0.2219,0.015096066,-1,0,0,61.77227723,68.52183786
2021-10-04 00:00:00,0.24175,0.089454709,-1,0,0,67.38755304,68.52183786
2021-10-05 00:00:00,0.25197,0.042275078,-1,0,0,70.27864215,68.52183786
2021-10-06 00:00:00,0.2543,0.009247133,-1,0,0,70.93776521,68.52183786
2021-10-07 00:00:00,0.24311,-0.044003146,-1,0,0,67.77227723,68.52183786
2021-10-08 00:00:00,0.24429,0.00485377,-1,0,0,68.10608204,68.52183786
2021-10-09 00:00:00,0.24697,0.010970568,-1,0,0,68.86421499,68.52183786
2021-10-10 00:00:00,0.22881,-0.073531198,-1,0,0,63.72701556,68.52183786
2021-10-11 00:00:00,0.23128,0.010794983,-1,0,0,64.42574257,68.52183786
2021-10-12 00:00:00,0.22623,-0.021835005,-1,0,0,62.99717115,68.52183786
2021-10-13 00:00:00,0.23272,0.028687619,-1,0,0,64.8330976,68.52183786
2021-10-14 00:00:00,0.2329,0.000773462,-1,0,0,64.88401697,68.52183786
2021-10-15 00:00:00,0.23437,0.006311722,-1,0,0,65.29985856,68.52183786
2021-10-16 00:00:00,0.23747,0.013226949,-1,0,0,66.17680339,68.52183786
2021-10-17 00:00:00,0.23802,0.002316082,-1,0,0,66.33239038,68.52183786
2021-10-18 00:00:00,0.24749,0.039786573,0,0.5,0,69.01131542,68.52183786
2021-10-19 00:00:00,0.24565,-0.007434644,1,1,-0.003717322,68.49080622,68.26340281
2021-10-20 00:00:00,0.25501,0.038102992,1,1,0.038102992,71.13861386,70.9025457
2021-10-21 00:00:00,0.2426,-0.048664758,1,1,-0.048664758,67.62800566,67.4034257
2021-10-22 00:00:00,0.24494,0.009645507,0,0.5,0.009645507,68.28995757,68.06321142
2021-10-23 00:00:00,0.25144,0.026537111,1,1,0.013268556,70.12871287,68.97958048
2021-10-24 00:00:00,0.27603,0.097796691,1,1,0.097796691,77.08486563,75.82335189
2021-10-25 00:00:00,0.26548,-0.038220483,1,1,-0.038220483,74.10042433,72.88712625
2021-10-26 00:00:00,0.25603,-0.035595902,0,0.5,-0.035595902,71.427157,70.25704736
2021-10-27 00:00:00,0.23804,-0.070265203,0,0.5,-0.035132602,66.33804809,67.7536019
2021-10-28 00:00:00,0.3,0.260292388,1,1,0.130146194,83.86562942,76.70162151
2021-10-29 00:00:00,0.28847,-0.038433333,1,1,-0.038433333,80.6039604,73.71528919
2021-10-30 00:00:00,0.26918,-0.066870038,1,1,-0.066870038,75.14710042,68.71907493
2021-10-31 00:00:00,0.28021,0.040976298,1,1,0.040976298,78.26732673,71.57590454
2021-11-01 00:00:00,0.27185,-0.029834767,1,1,-0.029834767,75.90240453,69.41061936
2021-11-02 00:00:00,0.27439,0.009343388,1,1,0.009343388,76.62093352,70.06849309
2021-11-03 00:00:00,0.26919,-0.018951128,1,1,-0.018951128,75.14992928,68.72166498
2021-11-04 00:00:00,0.26311,-0.022586277,1,1,-0.022586277,73.42998586,67.14691212
2021-11-05 00:00:00,0.26106,-0.007791418,1,1,-0.007791418,72.85007072,66.61595104
2021-11-06 00:00:00,0.26207,0.003868842,1,1,0.003868842,73.13578501,66.8775465
2021-11-07 00:00:00,0.26679,0.018010455,1,1,0.018010455,74.47100424,68.10005201
2021-11-08 00:00:00,0.28215,0.057573372,1,1,0.057573372,78.81612447,72.07837503
2021-11-09 00:00:00,0.27396,-0.029027113,1,1,-0.029027113,76.49929279,69.95712076
2021-11-10 00:00:00,0.25532,-0.06803913,1,1,-0.06803913,71.22630835,65.12926001
2021-11-11 00:00:00,0.26071,0.021110763,1,1,0.021110763,72.75106082,66.52529915
2021-11-12 00:00:00,0.25945,-0.004832956,1,1,-0.004832956,72.39462518,66.19895234
2021-11-13 00:00:00,0.26132,0.007207554,1,1,0.007207554,72.92362093,66.68329244
2021-11-14 00:00:00,0.26304,0.006581968,1,1,0.006581968,73.41018388,67.12878174
2021-11-15 00:00:00,0.25698,-0.023038321,1,1,-0.023038321,71.69589816,65.55920899
2021-11-16 00:00:00,0.23665,-0.079111215,0,0.5,-0.079111215,65.94483734,60.2936291
2021-11-17 00:00:00,0.23756,0.003845341,0,0.5,0.001922671,66.20226308,60.41147656
2021-11-18 00:00:00,0.22115,-0.069077286,0,0.5,-0.034538643,61.56011315,58.2904075
2021-11-19 00:00:00,0.23296,0.053402668,0,0.5,0.026701334,64.9009901,59.87354047
2021-11-20 00:00:00,0.23327,0.001330701,0,0.5,0.00066535,64.98868458,59.9140427
2021-11-21 00:00:00,0.22582,-0.03193724,0,0.5,-0.01596862,62.88118812,58.9413295
2021-11-22 00:00:00,0.21957,-0.027676911,0,0.5,-0.013838455,61.11315417,58.11183408
2021-11-23 00:00:00,0.2269,0.033383431,0,0.5,0.016691716,63.18670438,59.09851201
2021-11-24 00:00:00,0.21722,-0.042661966,0,0.5,-0.021330983,60.44837341,57.81655168
2021-11-25 00:00:00,0.22145,0.019473345,0,0.5,0.009736672,61.64497878,58.38922918
2021-11-26 00:00:00,0.20192,-0.088191465,-1,0,-0.044095733,56.12022631,55.77041761
2021-11-27 00:00:00,0.20496,0.015055468,-1,0,0,56.98019802,55.77041761
2021-11-28 00:00:00,0.20727,0.011270492,-1,0,0,57.63366337,55.77041761
2021-11-29 00:00:00,0.21504,0.037487335,0,0.5,0,59.83168317,55.77041761
2021-11-30 00:00:00,0.21467,-0.00172061,0,0.5,-0.000860305,59.72701556,55.72157773
2021-12-01 00:00:00,0.20929,-0.025061723,0,0.5,-0.012530861,58.20509194,55.0108075
2021-12-02 00:00:00,0.20966,0.001767882,0,0.5,0.000883941,58.30975955,55.06031775
2021-12-03 00:00:00,0.19985,-0.046790041,-1,0,-0.023395021,55.53465347,53.74878547
2021-12-04 00:00:00,0.17816,-0.108531399,-1,0,0,49.39886846,53.74878547
2021-12-05 00:00:00,0.17123,-0.03889762,-1,0,0,47.43847242,53.74878547
2021-12-06 00:00:00,0.17745,0.03632541,-1,0,0,49.1980198,53.74878547
2021-12-07 00:00:00,0.17622,-0.00693153,-1,0,0,48.85007072,53.74878547
2021-12-08 00:00:00,0.17905,0.016059471,-1,0,0,49.65063649,53.74878547
2021-12-09 00:00:00,0.16886,-0.056911477,-1,0,0,46.76803395,53.74878547
2021-12-10 00:00:00,0.16394,-0.029136563,-1,0,0,45.37623762,53.74878547
2021-12-11 00:00:00,0.16886,0.03001098,-1,0,0,46.76803395,53.74878547
2021-12-12 00:00:00,0.16954,0.004027005,-1,0,0,46.96039604,53.74878547
2021-12-13 00:00:00,0.1572,-0.072785183,-1,0,0,43.46958982,53.74878547
2021-12-14 00:00:00,0.19075,0.213422392,-1,0,0,52.96039604,53.74878547
2021-12-15 00:00:00,0.18092,-0.051533421,-1,0,0,50.17963225,53.74878547
2021-12-16 00:00:00,0.17309,-0.043278797,-1,0,0,47.96463932,53.74878547
2021-12-17 00:00:00,0.1684,-0.027095731,-1,0,0,46.63790665,53.74878547
2021-12-18 00:00:00,0.17227,0.022980998,-1,0,0,47.73267327,53.74878547
2021-12-19 00:00:00,0.16935,-0.016950136,-1,0,0,46.90664781,53.74878547
2021-12-20 00:00:00,0.16714,-0.013049897,-1,0,0,46.281471,53.74878547
2021-12-21 00:00:00,0.17073,0.021479,-1,0,0,47.2970297,53.74878547
2021-12-22 00:00:00,0.17297,0.013120131,-1,0,0,47.93069307,53.74878547
2021-12-23 00:00:00,0.18504,0.069780887,-1,0,0,51.34512023,53.74878547
2021-12-24 00:00:00,0.18623,0.006431042,-1,0,0,51.68175389,53.74878547
2021-12-25 00:00:00,0.19081,0.024593245,-1,0,0,52.97736917,53.74878547
2021-12-26 00:00:00,0.18976,-0.005502856,-1,0,0,52.68033946,53.74878547
2021-12-27 00:00:00,0.18785,-0.010065346,-1,0,0,52.14002829,53.74878547
2021-12-28 00:00:00,0.17373,-0.075166356,-1,0,0,48.145686,53.74878547
2021-12-29 00:00:00,0.16789,-0.03361538,-1,0,0,46.49363508,53.74878547
2021-12-30 00:00:00,0.17101,0.018583596,-1,0,0,47.37623762,53.74878547
2021-12-31 00:00:00,0.17028,-0.004268756,-1,0,0,47.16973126,53.74878547
2022-01-01 00:00:00,0.17316,0.016913319,-1,0,0,47.9844413,53.74878547
2022-01-02 00:00:00,0.17439,0.007103257,-1,0,0,48.33239038,53.74878547
2022-01-03 00:00:00,0.17022,-0.023911922,-1,0,0,47.15275813,53.74878547
2022-01-04 00:00:00,0.16835,-0.010985783,-1,0,0,46.62376238,53.74878547
2022-01-05 00:00:00,0.15887,-0.056311256,-1,0,0,43.94200849,53.74878547
2022-01-06 00:00:00,0.15988,0.006357399,-1,0,0,44.22772277,53.74878547
2022-01-07 00:00:00,0.15506,-0.030147611,-1,0,0,42.86421499,53.74878547
2022-01-08 00:00:00,0.15094,-0.02657036,-1,0,0,41.69872702,53.74878547
2022-01-09 00:00:00,0.15042,-0.003445078,-1,0,0,41.55162659,53.74878547
2022-01-10 00:00:00,0.14295,-0.049660949,-1,0,0,39.43847242,53.74878547
2022-01-11 00:00:00,0.1537,0.075201119,-1,0,0,42.47949081,53.74878547
2022-01-12 00:00:00,0.16269,0.058490566,0,0.5,0,45.02263083,53.74878547
2022-01-13 00:00:00,0.17168,0.055258467,-1,0,0.027629234,47.56577086,55.26145245
2022-01-14 00:00:00,0.18318,0.066985089,0,0.5,0,50.81895332,55.26145245
2022-01-15 00:00:00,0.18442,0.006769298,0,0.5,0.003384649,51.16973126,55.45187771
2022-01-16 00:00:00,0.17659,-0.042457434,0,0.5,-0.021228717,48.95473833,54.25347677
2022-01-17 00:00:00,0.17087,-0.032391415,-1,0,-0.016195708,47.33663366,53.35860762
2022-01-18 00:00:00,0.16498,-0.03447065,-1,0,0,45.67043847,53.35860762
2022-01-19 00:00:00,0.16152,-0.020972239,-1,0,0,44.69165488,53.35860762
2022-01-20 00:00:00,0.15522,-0.039004458,-1,0,0,42.90947666,53.35860762
2022-01-21 00:00:00,0.14189,-0.085878108,-1,0,0,39.13861386,53.35860762
2022-01-22 00:00:00,0.13314,-0.061667489,-1,0,0,36.66336634,53.35860762
2022-01-23 00:00:00,0.14169,0.064218116,-1,0,0,39.08203678,53.35860762
2022-01-24 00:00:00,0.13718,-0.031830052,-1,0,0,37.80622348,53.35860762
2022-01-25 00:00:00,0.14265,0.039874617,-1,0,0,39.35360679,53.35860762
2022-01-26 00:00:00,0.14309,0.003084472,-1,0,0,39.47807638,53.35860762
2022-01-27 00:00:00,0.14141,-0.011740862,-1,0,0,39.00282885,53.35860762
2022-01-28 00:00:00,0.14135,-0.000424298,-1,0,0,38.98585573,53.35860762
2022-01-29 00:00:00,0.14289,0.010894942,-1,0,0,39.42149929,53.35860762
2022-01-30 00:00:00,0.13904,-0.026943803,-1,0,0,38.33239038,53.35860762
2022-01-31 00:00:00,0.14148,0.017548907,-1,0,0,39.02263083,53.35860762
2022-02-01 00:00:00,0.14223,0.005301103,-1,0,0,39.23479491,53.35860762
2022-02-02 00:00:00,0.13688,-0.03761513,-1,0,0,37.72135785,53.35860762
2022-02-03 00:00:00,0.13784,0.007013442,-1,0,0,37.99292786,53.35860762
2022-02-04 00:00:00,0.14776,0.071967499,-1,0,0,40.79915134,53.35860762
2022-02-05 00:00:00,0.14686,-0.006090958,-1,0,0,40.54455446,53.35860762
2022-02-06 00:00:00,0.15394,0.048209179,-1,0,0,42.54738331,53.35860762
2022-02-07 00:00:00,0.16532,0.073924906,0,0.5,0,45.76661952,53.35860762
2022-02-08 00:00:00,0.15811,-0.043612388,0,0.5,-0.021806194,43.72701556,52.17325328
2022-02-09 00:00:00,0.15923,0.007083676,0,0.5,0.003541838,44.04384724,52.36158432
2022-02-10 00:00:00,0.15138,-0.049299755,-1,0,-0.024649878,41.82319661,51.0462278
2022-02-11 00:00:00,0.1445,-0.04544854,-1,0,0,39.87694484,51.0462278
2022-02-12 00:00:00,0.14427,-0.001591696,-1,0,0,39.81188119,51.0462278
2022-02-13 00:00:00,0.14799,0.025784986,-1,0,0,40.86421499,51.0462278
2022-02-14 00:00:00,0.14572,-0.015338874,-1,0,0,40.22206506,51.0462278
2022-02-15 00:00:00,0.1516,0.040351359,-1,0,0,41.8854314,51.0462278
2022-02-16 00:00:00,0.14865,-0.019459103,-1,0,0,41.05091938,51.0462278
2022-02-17 00:00:00,0.13831,-0.069559368,-1,0,0,38.12588402,51.0462278
2022-02-18 00:00:00,0.13845,0.001012219,-1,0,0,38.16548798,51.0462278
2022-02-19 00:00:00,0.14077,0.016756952,-1,0,0,38.82178218,51.0462278
2022-02-20 00:00:00,0.13659,-0.029693827,-1,0,0,37.63932107,51.0462278
2022-02-21 00:00:00,0.12814,-0.061863972,-1,0,0,35.24893918,51.0462278
2022-02-22 00:00:00,0.1312,0.023880131,-1,0,0,36.1145686,51.0462278
2022-02-23 00:00:00,0.12725,-0.030106707,-1,0,0,34.99717115,51.0462278
2022-02-24 00:00:00,0.12394,-0.026011788,-1,0,0,34.06082037,51.0462278
2022-02-25 00:00:00,0.12749,0.028642892,-1,0,0,35.06506365,51.0462278
2022-02-26 00:00:00,0.1276,0.000862813,-1,0,0,35.09618105,51.0462278
2022-02-27 00:00:00,0.12282,-0.037460815,-1,0,0,33.74398868,51.0462278
2022-02-28 00:00:00,0.13343,0.086386582,-1,0,0,36.74540311,51.0462278
2022-03-01 00:00:00,0.13406,0.004721577,-1,0,0,36.92362093,51.0462278
2022-03-02 00:00:00,0.13302,-0.00775772,-1,0,0,36.62942008,51.0462278
2022-03-03 00:00:00,0.12955,-0.026086303,-1,0,0,35.64780764,51.0462278
2022-03-04 00:00:00,0.12249,-0.054496333,-1,0,0,33.65063649,51.0462278
2022-03-05 00:00:00,0.12491,0.019756715,-1,0,0,34.33521924,51.0462278
2022-03-06 00:00:00,0.12055,-0.034905132,-1,0,0,33.10183876,51.0462278
2022-03-07 00:00:00,0.11664,-0.032434674,-1,0,0,31.99575672,51.0462278
2022-03-08 00:00:00,0.11693,0.002486283,-1,0,0,32.07779349,51.0462278
2022-03-09 00:00:00,0.12145,0.038655606,-1,0,0,33.35643564,51.0462278
2022-03-10 00:00:00,0.11677,-0.038534376,-1,0,0,32.03253182,51.0462278
2022-03-11 00:00:00,0.11542,-0.011561189,-1,0,0,31.65063649,51.0462278
2022-03-12 00:00:00,0.11473,-0.005978167,-1,0,0,31.45544554,51.0462278
2022-03-13 00:00:00,0.11133,-0.029634795,-1,0,0,30.49363508,51.0462278
2022-03-14 00:00:00,0.11379,0.02209647,-1,0,0,31.18953324,51.0462278
2022-03-15 00:00:00,0.11256,-0.010809386,-1,0,0,30.84158416,51.0462278
2022-03-16 00:00:00,0.11697,0.039179104,-1,0,0,32.08910891,51.0462278
2022-03-17 00:00:00,0.11634,-0.005385996,-1,0,0,31.91089109,51.0462278
2022-03-18 00:00:00,0.11909,0.023637614,-1,0,0,32.68882603,51.0462278
2022-03-19 00:00:00,0.12351,0.037114787,-1,0,0,33.93917963,51.0462278
2022-03-20 00:00:00,0.11913,-0.035462716,-1,0,0,32.70014144,51.0462278
2022-03-21 00:00:00,0.11916,0.000251826,-1,0,0,32.70862801,51.0462278
2022-03-22 00:00:00,0.12236,0.026854649,-1,0,0,33.61386139,51.0462278
2022-03-23 00:00:00,0.12981,0.06088591,0,0.5,0,35.72135785,51.0462278
2022-03-24 00:00:00,0.13673,0.053308682,0,0.5,0.026654341,37.67892504,52.43348571
2022-03-25 00:00:00,0.13084,-0.043077598,0,0.5,-0.021538799,36.01272984,51.28259259
2022-03-26 00:00:00,0.13601,0.03951391,0,0.5,0.019756955,37.47524752,52.31553742
2022-03-27 00:00:00,0.14471,0.063965885,0,0.5,0.031982942,39.93635078,54.02072519
2022-03-28 00:00:00,0.14242,-0.015824753,0,0.5,-0.007912376,39.28854314,53.5853805
2022-03-29 00:00:00,0.1444,0.013902542,0,0.5,0.006951271,39.84865629,53.96481826
2022-03-30 00:00:00,0.14316,-0.008587258,0,0.5,-0.004293629,39.49787836,53.72881974
2022-03-31 00:00:00,0.13816,-0.034925957,0,0.5,-0.017462978,38.0834512,52.77309153
2022-04-01 00:00:00,0.14138,0.023306312,0,0.5,0.011653156,38.99434229,53.39971775
2022-04-02 00:00:00,0.13878,-0.018390154,0,0.5,-0.009195077,38.25884017,52.89950815
2022-04-03 00:00:00,0.14661,0.056420233,0,0.5,0.028210117,40.4738331,54.42001956
2022-04-04 00:00:00,0.14853,0.013095969,0,0.5,0.006547984,41.01697313,54.78290899
2022-04-05 00:00:00,0.17266,0.162458763,0,0.5,0.081229381,47.84299859,59.31412017
2022-04-06 00:00:00,0.14324,-0.170392679,0,0.5,-0.08519634,39.52050919,54.17557791
2022-04-07 00:00:00,0.14582,0.018011729,0,0.5,0.009005864,40.25035361,54.67248167
2022-04-08 00:00:00,0.14232,-0.024002194,0,0.5,-0.012001097,39.2602546,54.00435081
2022-04-09 00:00:00,0.14413,0.012717819,0,0.5,0.006358909,39.77227723,54.35411849
2022-04-10 00:00:00,0.14821,0.028307778,0,0.5,0.014153889,40.92644979,55.13759454
2022-04-11 00:00:00,0.13406,-0.09547264,0,0.5,-0.04773632,36.92362093,52.45779235
2022-04-12 00:00:00,0.13792,0.028793078,0,0.5,0.014396539,38.0155587,53.22739954
2022-04-13 00:00:00,0.13991,0.014428654,0,0.5,0.007214327,38.57850071,53.61861374
2022-04-14 00:00:00,0.14409,0.029876349,0,0.5,0.014938175,39.76096181,54.43451612
2022-04-15 00:00:00,0.14581,0.011936984,0,0.5,0.005968492,40.24752475,54.76537659
2022-04-16 00:00:00,0.14343,-0.016322612,0,0.5,-0.008161306,39.57425743,54.31025829
2022-04-17 00:00:00,0.1391,-0.030188942,0,0.5,-0.015094471,38.34936351,53.47537919
2022-04-18 00:00:00,0.14013,0.007404745,0,0.5,0.003702372,38.6407355,53.67706733
2022-04-19 00:00:00,0.14254,0.017198316,0,0.5,0.008599158,39.32248939,54.14724407
2022-04-20 00:00:00,0.14068,-0.013048969,0,0.5,-0.006524484,38.79632249,53.78743674
2022-04-21 00:00:00,0.1362,-0.031845323,0,0.5,-0.015922661,37.52899576,52.91507494
2022-04-22 00:00:00,0.13627,0.00051395,0,0.5,0.000256975,37.54879774,52.92892977
2022-04-23 00:00:00,0.13383,-0.017905629,-1,0,-0.008952814,36.85855728,52.44611408
2022-04-24 00:00:00,0.13171,-0.015840992,0,0.5,0,36.25884017,52.44611408
2022-04-25 00:00:00,0.15811,0.200440361,0,0.5,0.100220181,43.72701556,57.80249329
2022-04-26 00:00:00,0.13758,-0.12984631,-1,0,-0.064923155,37.91937765,53.98484991
2022-04-27 00:00:00,0.13986,0.016572176,-1,0,0,38.56435644,53.98484991
2022-04-28 00:00:00,0.13739,-0.017660518,-1,0,0,37.86562942,53.98484991
2022-04-29 00:00:00,0.13488,-0.018269161,-1,0,0,37.15558699,53.98484991
2022-04-30 00:00:00,0.12724,-0.056642942,-1,0,0,34.99434229,53.98484991
2022-05-01 00:00:00,0.13257,0.041889343,-1,0,0,36.50212164,53.98484991
2022-05-02 00:00:00,0.13066,-0.014407483,-1,0,0,35.96181047,53.98484991
2022-05-03 00:00:00,0.12939,-0.009719884,-1,0,0,35.60254597,53.98484991
2022-05-04 00:00:00,0.13591,0.050390293,-1,0,0,37.44695898,53.98484991
2022-05-05 00:00:00,0.12804,-0.057905967,-1,0,0,35.22065064,53.98484991
2022-05-06 00:00:00,0.1277,-0.00265542,-1,0,0,35.12446959,53.98484991
2022-05-07 00:00:00,0.1274,-0.002349256,-1,0,0,35.03960396,53.98484991
2022-05-08 00:00:00,0.12405,-0.026295133,-1,0,0,34.09193777,53.98484991
2022-05-09 00:00:00,0.10168,-0.180330512,-1,0,0,27.76379066,53.98484991
2022-05-10 00:00:00,0.10798,0.061959087,-1,0,0,29.54596888,53.98484991
2022-05-11 00:00:00,0.08513,-0.211613262,-1,0,0,23.08203678,53.98484991
2022-05-12 00:00:00,0.0826,-0.029719253,-1,0,0,22.36633663,53.98484991
2022-05-13 00:00:00,0.08806,0.066101695,-1,0,0,23.91089109,53.98484991
2022-05-14 00:00:00,0.0894,0.015216898,-1,0,0,24.28995757,53.98484991
2022-05-15 00:00:00,0.09308,0.041163311,-1,0,0,25.33097595,53.98484991
2022-05-16 00:00:00,0.08792,-0.055436184,-1,0,0,23.87128713,53.98484991
2022-05-17 00:00:00,0.09012,0.025022748,-1,0,0,24.49363508,53.98484991
2022-05-18 00:00:00,0.08333,-0.075343986,-1,0,0,22.572843,53.98484991
2022-05-19 00:00:00,0.08658,0.03900156,-1,0,0,23.49222065,53.98484991
2022-05-20 00:00:00,0.08384,-0.031647032,-1,0,0,22.71711457,53.98484991
2022-05-21 00:00:00,0.08434,0.00596374,-1,0,0,22.85855728,53.98484991
2022-05-22 00:00:00,0.08582,0.01754802,-1,0,0,23.27722772,53.98484991
2022-05-23 00:00:00,0.08329,-0.029480308,-1,0,0,22.56152758,53.98484991
2022-05-24 00:00:00,0.08362,0.00396206,-1,0,0,22.65487977,53.98484991
2022-05-25 00:00:00,0.08291,-0.008490792,-1,0,0,22.45403112,53.98484991
2022-05-26 00:00:00,0.07778,-0.061874322,-1,0,0,21.00282885,53.98484991
2022-05-27 00:00:00,0.0815,0.047827205,-1,0,0,22.05516266,53.98484991
2022-05-28 00:00:00,0.08179,0.003558282,-1,0,0,22.13719943,53.98484991
2022-05-29 00:00:00,0.08267,0.010759262,-1,0,0,22.38613861,53.98484991
2022-05-30 00:00:00,0.08795,0.063868392,-1,0,0,23.87977369,53.98484991
2022-05-31 00:00:00,0.08588,-0.0235361,-1,0,0,23.29420085,53.98484991
2022-06-01 00:00:00,0.081,-0.056823475,-1,0,0,21.91371994,53.98484991
2022-06-02 00:00:00,0.08272,0.021234568,-1,0,0,22.40028289,53.98484991
2022-06-03 00:00:00,0.08026,-0.029738878,-1,0,0,21.70438472,53.98484991
2022-06-04 00:00:00,0.08184,0.01968602,-1,0,0,22.15134371,53.98484991
2022-06-05 00:00:00,0.081,-0.01026393,-1,0,0,21.91371994,53.98484991
2022-06-06 00:00:00,0.08245,0.017901235,-1,0,0,22.32390382,53.98484991
2022-06-07 00:00:00,0.08031,-0.025955124,-1,0,0,21.718529,53.98484991
2022-06-08 00:00:00,0.07923,-0.013447889,-1,0,0,21.41301273,53.98484991
2022-06-09 00:00:00,0.07931,0.001009719,-1,0,0,21.43564356,53.98484991
2022-06-10 00:00:00,0.07533,-0.050182827,-1,0,0,20.30975955,53.98484991
2022-06-11 00:00:00,0.06986,-0.072613832,-1,0,0,18.76237624,53.98484991
2022-06-12 00:00:00,0.06344,-0.091898082,-1,0,0,16.94625177,53.98484991
2022-06-13 00:00:00,0.05415,-0.146437579,-1,0,0,14.31824611,53.98484991
2022-06-14 00:00:00,0.05553,0.025484765,-1,0,0,14.70862801,53.98484991
2022-06-15 00:00:00,0.06283,0.131460472,-1,0,0,16.77369165,53.98484991
2022-06-16 00:00:00,0.05519,-0.121597963,-1,0,0,14.61244696,53.98484991
2022-06-17 00:00:00,0.05688,0.030621489,-1,0,0,15.09052334,53.98484991
2022-06-18 00:00:00,0.05287,-0.070499297,-1,0,0,13.95615276,53.98484991
2022-06-19 00:00:00,0.06043,0.142992245,-1,0,0,16.09476662,53.98484991
2022-06-20 00:00:00,0.06,-0.007115671,-1,0,0,15.97312588,53.98484991
2022-06-21 00:00:00,0.06577,0.096166667,-1,0,0,17.60537482,53.98484991
2022-06-22 00:00:00,0.06164,-0.062794587,-1,0,0,16.43705799,53.98484991
2022-06-23 00:00:00,0.06394,0.037313433,-1,0,0,17.08769448,53.98484991
2022-06-24 00:00:00,0.0669,0.0462934,-1,0,0,17.92503536,53.98484991
2022-06-25 00:00:00,0.06849,0.023766816,-1,0,0,18.3748232,53.98484991
2022-06-26 00:00:00,0.07292,0.064680975,-1,0,0,19.62800566,53.98484991
2022-06-27 00:00:00,0.07212,-0.010970927,-1,0,0,19.40169731,53.98484991
2022-06-28 00:00:00,0.06604,-0.084303938,-1,0,0,17.68175389,53.98484991
2022-06-29 00:00:00,0.06952,0.052695336,-1,0,0,18.66619519,53.98484991
2022-06-30 00:00:00,0.06636,-0.045454545,-1,0,0,17.77227723,53.98484991
2022-07-01 00:00:00,0.06642,0.000904159,-1,0,0,17.78925035,53.98484991
2022-07-02 00:00:00,0.06661,0.002860584,-1,0,0,17.84299859,53.98484991
2022-07-03 00:00:00,0.06716,0.008257018,-1,0,0,17.99858557,53.98484991
2022-07-04 00:00:00,0.06935,0.032608696,-1,0,0,18.61810467,53.98484991
2022-07-05 00:00:00,0.06711,-0.032299928,-1,0,0,17.9844413,53.98484991
2022-07-06 00:00:00,0.06838,0.018924154,-1,0,0,18.3437058,53.98484991
2022-07-07 00:00:00,0.07051,0.031149459,-1,0,0,18.94625177,53.98484991
2022-07-08 00:00:00,0.06902,-0.021131754,-1,0,0,18.52475248,53.98484991
2022-07-09 00:00:00,0.06943,0.005940307,-1,0,0,18.6407355,53.98484991
2022-07-10 00:00:00,0.06723,-0.031686591,-1,0,0,18.01838755,53.98484991
2022-07-11 00:00:00,0.0617,-0.082254946,-1,0,0,16.45403112,53.98484991
2022-07-12 00:00:00,0.05974,-0.031766613,-1,0,0,15.89957567,53.98484991
2022-07-13 00:00:00,0.06188,0.035821895,0,0.5,0,16.5049505,53.98484991
2022-07-14 00:00:00,0.06242,0.008726568,0,0.5,0.004363284,16.65770863,54.22476442
2022-07-15 00:00:00,0.06288,0.007369433,0,0.5,0.003684716,16.78783593,54.42825201
2022-07-16 00:00:00,0.06436,0.023536896,0,0.5,0.011768448,17.20650636,55.08055651
2022-07-17 00:00:00,0.06303,-0.020665009,0,0.5,-0.010332505,16.83026874,54.5011039
2022-07-18 00:00:00,0.06753,0.071394574,0,0.5,0.035697287,18.10325318,56.48234273
2022-07-19 00:00:00,0.06899,0.021620021,0,0.5,0.01081001,18.51626591,57.10372745
2022-07-20 00:00:00,0.07012,0.016379185,0,0.5,0.008189593,18.83592645,57.57957331
2022-07-21 00:00:00,0.06995,-0.002424415,0,0.5,-0.001212208,18.78783593,57.50856271
2022-07-22 00:00:00,0.06739,-0.03659757,0,0.5,-0.018298785,18.06364922,56.43792711
2022-07-23 00:00:00,0.06798,0.008755008,0,0.5,0.004377504,18.23055163,56.68936187
2022-07-24 00:00:00,0.06752,-0.006766696,0,0.5,-0.003383348,18.10042433,56.49417868
2022-07-25 00:00:00,0.06187,-0.08367891,-1,0,-0.041839455,16.50212164,54.08865358
2022-07-26 00:00:00,0.06246,0.009536124,-1,0,0,16.66902405,54.08865358
2022-07-27 00:00:00,0.06716,0.075248159,-1,0,0,17.99858557,54.08865358
2022-07-28 00:00:00,0.0691,0.028886242,0,0.5,0,18.54738331,54.08865358
2022-07-29 00:00:00,0.0688,-0.004341534,-1,0,-0.002170767,18.46251768,53.96906894
2022-07-30 00:00:00,0.06962,0.011918605,0,0.5,0,18.69448373,53.96906894
2022-07-31 00:00:00,0.06805,-0.022550991,0,0.5,-0.011275496,18.25035361,53.34926545
2022-08-01 00:00:00,0.06842,0.005437179,0,0.5,0.002718589,18.35502122,53.49701878
2022-08-02 00:00:00,0.06646,-0.028646595,-1,0,-0.014323297,17.80056577,52.71644178
2022-08-03 00:00:00,0.06616,-0.004513993,-1,0,0,17.71570014,52.71644178
2022-08-04 00:00:00,0.06723,0.016172914,0,0.5,0,18.01838755,52.71644178
2022-08-05 00:00:00,0.0698,0.038226982,0,0.5,0.019113491,18.74540311,53.74315051
2022-08-06 00:00:00,0.06863,-0.016762178,-1,0,-0.008381089,18.41442716,53.2843433
2022-08-07 00:00:00,0.0689,0.00393414,-1,0,0,18.49080622,53.2843433
2022-08-08 00:00:00,0.07008,0.01712627,0,0.5,0,18.82461103,53.2843433
2022-08-09 00:00:00,0.06899,-0.015553653,0,0.5,-0.007776826,18.51626591,52.86218338
2022-08-10 00:00:00,0.07126,0.032903319,0,0.5,0.01645166,19.15841584,53.74830569
2022-08-11 00:00:00,0.07082,-0.006174572,0,0.5,-0.003087286,19.03394625,53.57928201
2022-08-12 00:00:00,0.0723,0.020898051,0,0.5,0.010449026,19.45261669,54.14958233
2022-08-13 00:00:00,0.0729,0.008298755,0,0.5,0.004149378,19.62234795,54.37841878
2022-08-14 00:00:00,0.08163,0.119753086,0,0.5,0.059876543,22.09193777,57.69428706
2022-08-15 00:00:00,0.0766,-0.061619503,0,0.5,-0.030809751,20.66902405,55.88593067
2022-08-16 00:00:00,0.08672,0.132114883,0,0.5,0.066057441,23.53182461,59.6436697
2022-08-17 00:00:00,0.08019,-0.075299815,0,0.5,-0.037649908,21.68458274,57.36044113
2022-08-18 00:00:00,0.07469,-0.068587106,0,0.5,-0.034293553,20.12871287,55.35905426
2022-08-19 00:00:00,0.06771,-0.093452939,-1,0,-0.046726469,18.15417256,52.72559463
2022-08-20 00:00:00,0.06929,0.02333481,-1,0,0,18.60113154,52.72559463
2022-08-21 00:00:00,0.06926,-0.000432963,0,0.5,0,18.59264498,52.72559463
2022-08-22 00:00:00,0.06838,-0.012705746,0,0.5,-0.006352873,18.3437058,52.38428274
2022-08-23 00:00:00,0.06881,0.006288388,0,0.5,0.003144194,18.46534653,52.55213329
2022-08-24 00:00:00,0.06786,-0.013806133,0,0.5,-0.006903066,18.19660537,52.18245936
2022-08-25 00:00:00,0.06892,0.015620395,0,0.5,0.007810197,18.49646393,52.59782487
2022-08-26 00:00:00,0.06346,-0.079222287,-1,0,-0.039611143,16.95190948,50.47475375
2022-08-27 00:00:00,0.06347,0.00015758,-1,0,0,16.95473833,50.47475375
2022-08-28 00:00:00,0.06172,-0.027572081,-1,0,0,16.45968883,50.47475375
2022-08-29 00:00:00,0.0638,0.033700583,-1,0,0,17.04809052,50.47475375
2022-08-30 00:00:00,0.06149,-0.036206897,-1,0,0,16.39462518,50.47475375
2022-08-31 00:00:00,0.06129,-0.003252561,-1,0,0,16.33804809,50.47475375
2022-09-01 00:00:00,0.06236,0.017457987,-1,0,0,16.6407355,50.47475375
2022-09-02 00:00:00,0.0616,-0.0121873,-1,0,0,16.42574257,50.47475375
2022-09-03 00:00:00,0.06268,0.017532468,-1,0,0,16.73125884,50.47475375
2022-09-04 00:00:00,0.0632,0.008296107,-1,0,0,16.87835926,50.47475375
2022-09-05 00:00:00,0.06272,-0.007594937,-1,0,0,16.74257426,50.47475375
2022-09-06 00:00:00,0.05885,-0.061702806,-1,0,0,15.64780764,50.47475375
2022-09-07 00:00:00,0.06094,0.035514019,-1,0,0,16.23903819,50.47475375
2022-09-08 00:00:00,0.06094,0,-1,0,0,16.23903819,50.47475375
2022-09-09 00:00:00,0.06383,0.047423695,-1,0,0,17.05657709,50.47475375
2022-09-10 00:00:00,0.06466,0.01300329,-1,0,0,17.29137199,50.47475375
2022-09-11 00:00:00,0.06366,-0.015465512,-1,0,0,17.00848656,50.47475375
2022-09-12 00:00:00,0.06392,0.004084197,-1,0,0,17.08203678,50.47475375
2022-09-13 00:00:00,0.0596,-0.067584481,-1,0,0,15.85997171,50.47475375
2022-09-14 00:00:00,0.06113,0.025671141,-1,0,0,16.29278642,50.47475375
2022-09-15 00:00:00,0.05856,-0.042041551,-1,0,0,15.56577086,50.47475375
2022-09-16 00:00:00,0.0604,0.031420765,-1,0,0,16.08628006,50.47475375
2022-09-17 00:00:00,0.06215,0.02897351,-1,0,0,16.58132956,50.47475375
2022-09-18 00:00:00,0.0574,-0.076427997,-1,0,0,15.23762376,50.47475375
2022-09-19 00:00:00,0.0585,0.019163763,-1,0,0,15.54879774,50.47475375
2022-09-20 00:00:00,0.05835,-0.002564103,-1,0,0,15.50636492,50.47475375
2022-09-21 00:00:00,0.05711,-0.021251071,-1,0,0,15.15558699,50.47475375
2022-09-22 00:00:00,0.05956,0.042899667,-1,0,0,15.84865629,50.47475375
2022-09-23 00:00:00,0.06334,0.063465413,-1,0,0,16.91796322,50.47475375
2022-09-24 00:00:00,0.06304,-0.004736344,-1,0,0,16.8330976,50.47475375
2022-09-25 00:00:00,0.06113,-0.030298223,-1,0,0,16.29278642,50.47475375
2022-09-26 00:00:00,0.0611,-0.000490757,-1,0,0,16.28429986,50.47475375
2022-09-27 00:00:00,0.06044,-0.010801964,-1,0,0,16.09759547,50.47475375
2022-09-28 00:00:00,0.06047,0.00049636,-1,0,0,16.10608204,50.47475375
2022-09-29 00:00:00,0.06085,0.006284108,-1,0,0,16.2135785,50.47475375
2022-09-30 00:00:00,0.06165,0.013147083,0,0.5,0,16.43988685,50.47475375
2022-10-01 00:00:00,0.06056,-0.017680454,-1,0,-0.008840227,16.13154173,50.01970523
2022-10-02 00:00:00,0.05923,-0.021961691,-1,0,0,15.7553041,50.01970523
2022-10-03 00:00:00,0.06028,0.017727503,-1,0,0,16.0523338,50.01970523
2022-10-04 00:00:00,0.06581,0.091738553,0,0.5,0,17.61669024,50.01970523
2022-10-05 00:00:00,0.06473,-0.01641088,0,0.5,-0.00820544,17.31117397,49.60106611
2022-10-06 00:00:00,0.06343,-0.020083423,0,0.5,-0.010041712,16.94342291,49.09294479
2022-10-07 00:00:00,0.06233,-0.017341952,0,0.5,-0.008670976,16.63224894,48.65859007
2022-10-08 00:00:00,0.06159,-0.011872293,0,0.5,-0.005936146,16.42291372,48.36380942
2022-10-09 00:00:00,0.06209,0.008118201,-1,0,0.004059101,16.56435644,48.56418208
2022-10-10 00:00:00,0.05934,-0.044290546,-1,0,0,15.7864215,48.56418208
2022-10-11 00:00:00,0.06021,0.014661274,0,0.5,0,16.03253182,48.56418208
2022-10-12 00:00:00,0.05978,-0.007141671,0,0.5,-0.003570835,15.91089109,48.38719654
2022-10-13 00:00:00,0.05958,-0.003345601,-1,0,-0.0016728,15.854314,48.30458163
2022-10-14 00:00:00,0.0586,-0.016448473,0,0.5,0,15.57708628,48.30458163
2022-10-15 00:00:00,0.05853,-0.001194539,0,0.5,-0.00059727,15.5572843,48.2751335
2022-10-16 00:00:00,0.05886,0.005638134,0,0.5,0.002819067,15.65063649,48.41404341
2022-10-17 00:00:00,0.05994,0.018348624,-1,0,0.009174312,15.95615276,48.86738326
2022-10-18 00:00:00,0.05973,-0.003503504,0,0.5,0,15.89674682,48.86738326
2022-10-19 00:00:00,0.05862,-0.018583626,0,0.5,-0.009291813,15.58274399,48.40402485
2022-10-20 00:00:00,0.05939,0.013135449,0,0.5,0.006567724,15.80056577,48.72849686
2022-10-21 00:00:00,0.05931,-0.001347028,0,0.5,-0.000673514,15.77793494,48.69500402
2022-10-22 00:00:00,0.05966,0.005901197,0,0.5,0.002950599,15.87694484,48.84163403
2022-10-23 00:00:00,0.06035,0.011565538,-1,0,0.005782769,16.07213579,49.12985669
2022-10-24 00:00:00,0.0594,-0.015741508,-1,0,0,15.80339463,49.12985669
2022-10-25 00:00:00,0.06299,0.06043771,0,0.5,0,16.81895332,49.12985669
2022-10-26 00:00:00,0.07262,0.15288141,1,1,0.076440705,19.54314003,52.96181827
2022-10-27 00:00:00,0.07684,0.058110713,1,1,0.058110713,20.73691655,56.09757802
2022-10-28 00:00:00,0.08381,0.090707965,1,1,0.090707965,22.70862801,61.2767831
2022-10-29 00:00:00,0.12171,0.45221334,1,1,0.45221334,33.42998586,89.43917518
2022-10-30 00:00:00,0.11768,-0.033111495,1,1,-0.033111495,32.28995757,86.44459892
2022-10-31 00:00:00,0.12676,0.077158396,1,1,0.077158396,34.85855728,93.19168388
2022-11-01 00:00:00,0.142,0.120227201,1,1,0.120227201,39.16973126,104.5160864
2022-11-02 00:00:00,0.1276,-0.101408451,1,1,-0.101408451,35.09618105,93.81586355
2022-11-03 00:00:00,0.1225,-0.039968652,1,1,-0.039968652,33.65346535,90.02620129
2022-11-04 00:00:00,0.12603,0.028816327,1,1,0.028816327,34.65205092,92.64924203
2022-11-05 00:00:00,0.12438,-0.013092121,1,1,-0.013092121,34.18528996,91.42317483
2022-11-06 00:00:00,0.11466,-0.078147612,1,1,-0.078147612,31.43564356,84.20052441
2022-11-07 00:00:00,0.11116,-0.030525031,1,1,-0.030525031,30.44554455,81.5997758
2022-11-08 00:00:00,0.08819,-0.206639079,1,1,-0.206639079,23.9476662,64.53143422
2022-11-09 00:00:00,0.07445,-0.155799977,1,1,-0.155799977,20.06082037,54.32163825
2022-11-10 00:00:00,0.08972,0.205104097,1,1,0.205104097,24.38048091,65.6683329
2022-11-11 00:00:00,0.08504,-0.052162283,1,1,-0.052162283,23.05657709,62.19076047
2022-11-12 00:00:00,0.08809,0.035865475,1,1,0.035865475,23.91937765,64.45712712
2022-11-13 00:00:00,0.08492,-0.035985923,1,1,-0.035985923,23.02263083,62.10159195
2022-11-14 00:00:00,0.08591,0.011658031,1,1,0.011658031,23.30268741,62.83723227
2022-11-15 00:00:00,0.08702,0.012920498,1,1,0.012920498,23.61669024,63.66204111
2022-11-16 00:00:00,0.08543,-0.018271662,1,1,-0.018271662,23.1669024,62.48055817
2022-11-17 00:00:00,0.08461,-0.009598502,1,1,-0.009598502,22.93493635,61.87123993
2022-11-18 00:00:00,0.08469,0.000945515,1,1,0.000945515,22.95756719,61.93068561
2022-11-19 00:00:00,0.08449,-0.002361554,1,1,-0.002361554,22.9009901,61.7820714
2022-11-20 00:00:00,0.07701,-0.088531187,1,1,-0.088531187,20.78500707,56.22390009
2022-11-21 00:00:00,0.07464,-0.030775224,1,1,-0.030775224,20.1145686,54.46282175
2022-11-22 00:00:00,0.07872,0.054662379,1,1,0.054662379,21.26874116,57.49455156
2022-11-23 00:00:00,0.08193,0.040777439,1,1,0.040777439,22.17680339,59.87980957
2022-11-24 00:00:00,0.08141,-0.006346881,1,1,-0.006346881,22.02970297,59.49341263
2022-11-25 00:00:00,0.08943,0.098513696,1,1,0.098513696,24.29844413,65.4528423
2022-11-26 00:00:00,0.08886,-0.0063737,1,1,-0.0063737,24.13719943,65.02929181
2022-11-27 00:00:00,0.09864,0.11006077,1,1,0.11006077,26.90381895,72.29652649
2022-11-28 00:00:00,0.09507,-0.036192214,0,0.5,-0.036192214,25.89391796,69.64376291
2022-11-29 00:00:00,0.10141,0.066687704,0,0.5,0.033343852,27.6874116,71.99929808
2022-11-30 00:00:00,0.10671,0.05226309,0,0.5,0.026131545,29.18670438,73.90688254
2022-12-01 00:00:00,0.10168,-0.047137101,0,0.5,-0.02356855,27.76379066,72.14143591
2022-12-02 00:00:00,0.10202,0.003343824,0,0.5,0.001671912,27.85997171,72.26372195
2022-12-03 00:00:00,0.09965,-0.023230739,0,0.5,-0.01161537,27.18953324,71.41273674
2022-12-04 00:00:00,0.10398,0.043452082,0,0.5,0.021726041,28.41442716,72.98597884
2022-12-05 00:00:00,0.10143,-0.024523947,0,0.5,-0.012261973,27.69306931,72.07876473
2022-12-06 00:00:00,0.10012,-0.012915311,0,0.5,-0.006457656,27.32248939,71.60684724
2022-12-07 00:00:00,0.0957,-0.044147024,0,0.5,-0.022073512,26.07213579,70.00415914
2022-12-08 00:00:00,0.09843,0.028526646,1,1,0.014263323,26.84441301,71.01691439
2022-12-09 00:00:00,0.09666,-0.017982322,1,1,-0.017982322,26.3437058,69.72188302
2022-12-10 00:00:00,0.09627,-0.004034761,1,1,-0.004034761,26.23338048,69.43653712
2022-12-11 00:00:00,0.09262,-0.0379142,1,1,-0.0379142,25.20084866,66.76599219
2022-12-12 00:00:00,0.09022,-0.02591233,1,1,-0.02591233,24.52192362,65.01001744
2022-12-13 00:00:00,0.091,0.008645533,1,1,0.008645533,24.74257426,65.58070923
2022-12-14 00:00:00,0.08821,-0.030659341,1,1,-0.030659341,23.9533239,63.53938859
2022-12-15 00:00:00,0.0848,-0.038657749,0,0.5,-0.038657749,22.98868458,61.04444113
2022-12-16 00:00:00,0.07565,-0.107900943,0,0.5,-0.053950472,20.40028289,57.69711427
2022-12-17 00:00:00,0.07913,0.046001322,0,0.5,0.023000661,21.38472419,59.04718669
2022-12-18 00:00:00,0.07843,-0.008846202,0,0.5,-0.004423101,21.18670438,58.7815919
2022-12-19 00:00:00,0.0713,-0.090909091,0,0.5,-0.045454545,19.16973126,56.06424682
2022-12-20 00:00:00,0.07478,0.048807854,0,0.5,0.024403927,20.15417256,57.45683853
2022-12-21 00:00:00,0.07366,-0.014977267,0,0.5,-0.007488633,19.83734088,57.01907671
2022-12-22 00:00:00,0.07682,0.04289981,0,0.5,0.021449905,20.73125884,58.26358039
2022-12-23 00:00:00,0.07715,0.004295756,0,0.5,0.002147878,20.82461103,58.39087134
2022-12-24 00:00:00,0.07747,0.004147764,0,0.5,0.002073882,20.91513437,58.514041
2022-12-25 00:00:00,0.07595,-0.019620498,0,0.5,-0.009810249,20.48514851,57.93019343
2022-12-26 00:00:00,0.07566,-0.003818302,0,0.5,-0.001909151,20.40311174,57.81768681
2022-12-27 00:00:00,0.07368,-0.026169707,0,0.5,-0.013084853,19.84299859,57.048066
2022-12-28 00:00:00,0.07034,-0.045331162,0,0.5,-0.022665581,18.89816124,55.73237287
2022-12-29 00:00:00,0.07089,0.007819164,0,0.5,0.003909582,19.05374823,55.95417273
2022-12-30 00:00:00,0.06837,-0.035548032,0,0.5,-0.017774016,18.34087694,54.94186835
2022-12-31 00:00:00,0.07021,0.026912388,0,0.5,0.013456194,18.86138614,55.694633
2023-01-01 00:00:00,0.0702,-0.00014243,0,0.5,-7.12149E-05,18.85855728,55.69059549
2023-01-02 00:00:00,0.07135,0.016381766,0,0.5,0.008190883,19.18387553,56.15494154
2023-01-03 00:00:00,0.07046,-0.012473721,0,0.5,-0.006236861,18.9321075,55.79847414
2023-01-04 00:00:00,0.07308,0.037184218,0,0.5,0.018592109,19.67326733,56.85447756
2023-01-05 00:00:00,0.07148,-0.021893815,0,0.5,-0.010946907,19.22065064,56.22114995
2023-01-06 00:00:00,0.07238,0.012590935,0,0.5,0.006295467,19.47524752,56.58138382
2023-01-07 00:00:00,0.07218,-0.002763194,0,0.5,-0.001381597,19.41867044,56.50182955
2023-01-08 00:00:00,0.07361,0.019811582,0,0.5,0.009905791,19.82319661,57.07143066
2023-01-09 00:00:00,0.07566,0.027849477,0,0.5,0.013924738,20.40311174,57.88006015
2023-01-10 00:00:00,0.07785,0.028945282,0,0.5,0.014472641,21.02263083,58.7322101
2023-01-11 00:00:00,0.07814,0.003725112,0,0.5,0.001862556,21.10466761,58.8434647
2023-01-12 00:00:00,0.08026,0.027130791,0,0.5,0.013565395,21.70438472,59.65526497
2023-01-13 00:00:00,0.08453,0.053202093,0,0.5,0.026601047,22.91230552,61.2687585
2023-01-14 00:00:00,0.08732,0.033006033,1,1,0.016503017,23.70155587,62.29638086
2023-01-15 00:00:00,0.08615,-0.013398992,1,1,-0.013398992,23.37057992,61.44827314
2023-01-16 00:00:00,0.08372,-0.028206616,1,1,-0.028206616,22.68316832,59.68681866
2023-01-17 00:00:00,0.08284,-0.010511228,1,1,-0.010511228,22.43422914,59.04892568
2023-01-18 00:00:00,0.07998,-0.034524384,1,1,-0.034524384,21.6251768,56.97577349
2023-01-19 00:00:00,0.0816,0.020255064,1,1,0.020255064,22.0834512,58.15007647
2023-01-20 00:00:00,0.08623,0.056740196,1,1,0.056740196,23.39321075,61.50626341
2023-01-21 00:00:00,0.08472,-0.017511307,1,1,-0.017511307,22.96605375,60.41169705
2023-01-22 00:00:00,0.08828,0.042020774,1,1,0.042020774,23.97312588,62.99226411
2023-01-23 00:00:00,0.0886,0.00362483,1,1,0.00362483,24.06364922,63.22422519
2023-01-24 00:00:00,0.0839,-0.053047404,1,1,-0.053047404,22.73408769,59.81729677
2023-01-25 00:00:00,0.08659,0.032061979,1,1,0.032061979,23.4950495,61.76721963
2023-01-26 00:00:00,0.08638,-0.002425222,1,1,-0.002425222,23.43564356,61.61499517
2023-01-27 00:00:00,0.08729,0.010534846,1,1,0.010534846,23.69306931,62.2746345
2023-01-28 00:00:00,0.08774,0.00515523,1,1,0.00515523,23.82036775,62.60082978
2023-01-29 00:00:00,0.09017,0.027695464,1,1,0.027695464,24.50777935,64.36228426
2023-01-30 00:00:00,0.08831,-0.020627703,1,1,-0.020627703,23.98161245,63.01401046
2023-01-31 00:00:00,0.09617,0.089004643,1,1,0.089004643,26.20509194,68.71155459
2023-02-01 00:00:00,0.09412,-0.021316419,1,1,-0.021316419,25.6251768,67.22555389
2023-02-02 00:00:00,0.09102,-0.032936677,1,1,-0.032936677,24.74823197,64.97843089
2023-02-03 00:00:00,0.09301,0.021863327,1,1,0.021863327,25.31117397,66.42093888
2023-02-04 00:00:00,0.09574,0.029351683,1,1,0.029351683,26.0834512,68.39985688
2023-02-05 00:00:00,0.09204,-0.038646334,1,1,-0.038646334,25.03677511,65.71780685
2023-02-06 00:00:00,0.08954,-0.027162103,1,1,-0.027162103,24.32956153,63.90561088
2023-02-07 00:00:00,0.09253,0.033392897,1,1,0.033392897,25.17538897,66.07299726
2023-02-08 00:00:00,0.09017,-0.025505242,1,1,-0.025505242,24.50777935,64.36228426
2023-02-09 00:00:00,0.08144,-0.096817123,1,1,-0.096817123,22.03818953,58.03409593
2023-02-10 00:00:00,0.0808,-0.007858546,1,1,-0.007858546,21.85714286,57.57017376
2023-02-11 00:00:00,0.08222,0.017574257,1,1,0.017574257,22.25884017,58.59950108
2023-02-12 00:00:00,0.08211,-0.001337874,0,0.5,-0.001337874,22.22772277,58.51976445
2023-02-13 00:00:00,0.08202,-0.001096091,0,0.5,-0.000548045,22.20226308,58.48714493
2023-02-14 00:00:00,0.08358,0.019019751,0,0.5,0.009509876,22.64356436,59.05286028
2023-02-15 00:00:00,0.08925,0.067839196,1,1,0.033919598,24.24752475,61.08982915
2023-02-16 00:00:00,0.0849,-0.048739496,1,1,-0.048739496,23.01697313,58.06360219
2023-02-17 00:00:00,0.08777,0.033804476,1,1,0.033804476,23.82885431,60.0602163
2023-02-18 00:00:00,0.08888,0.01264669,1,1,0.01264669,24.14285714,60.83242594
2023-02-19 00:00:00,0.08704,-0.02070207,1,1,-0.02070207,23.62234795,59.55236672
2023-02-20 00:00:00,0.08835,0.015050551,1,1,0.015050551,23.99292786,60.46371323
2023-02-21 00:00:00,0.08546,-0.032710809,0,0.5,-0.032710809,23.17538897,58.45318543
2023-02-22 00:00:00,0.0855,0.000468055,0,0.5,0.000234028,23.18670438,58.46709912
2023-02-23 00:00:00,0.08423,-0.014853801,1,1,-0.007426901,22.82743989,58.02544288
2023-02-24 00:00:00,0.08088,-0.039772053,0,0.5,-0.039772053,21.87977369,55.67787986
2023-02-25 00:00:00,0.08071,-0.002101879,-1,0,-0.00105094,21.83168317,55.61831483
2023-02-26 00:00:00,0.08213,0.017593855,-1,0,0,22.23338048,55.61831483
2023-02-27 00:00:00,0.08134,-0.009618897,-1,0,0,22.00990099,55.61831483
2023-02-28 00:00:00,0.08083,-0.006269978,-1,0,0,21.86562942,55.61831483
2023-03-01 00:00:00,0.0819,0.013237659,-1,0,0,22.16831683,55.61831483
2023-03-02 00:00:00,0.08056,-0.016361416,-1,0,0,21.78925035,55.61831483
2023-03-03 00:00:00,0.07682,-0.046425025,-1,0,0,20.73125884,55.61831483
2023-03-04 00:00:00,0.07458,-0.029159073,-1,0,0,20.09759547,55.61831483
2023-03-05 00:00:00,0.07471,0.001743095,-1,0,0,20.13437058,55.61831483
2023-03-06 00:00:00,0.07476,0.000669254,-1,0,0,20.14851485,55.61831483
2023-03-07 00:00:00,0.07404,-0.009630819,-1,0,0,19.94483734,55.61831483
2023-03-08 00:00:00,0.07108,-0.03997839,-1,0,0,19.10749646,55.61831483
2023-03-09 00:00:00,0.0659,-0.072875633,-1,0,0,17.64214993,55.61831483
2023-03-10 00:00:00,0.06567,-0.003490137,-1,0,0,17.57708628,55.61831483
2023-03-11 00:00:00,0.06601,0.005177402,-1,0,0,17.67326733,55.61831483
2023-03-12 00:00:00,0.0705,0.068019997,-1,0,0,18.94342291,55.61831483
2023-03-13 00:00:00,0.07276,0.032056738,-1,0,0,19.58274399,55.61831483
2023-03-14 00:00:00,0.07461,0.025426058,-1,0,0,20.10608204,55.61831483
2023-03-15 00:00:00,0.0696,-0.067149176,-1,0,0,18.68882603,55.61831483
2023-03-16 00:00:00,0.07253,0.042097701,-1,0,0,19.51768034,55.61831483
2023-03-17 00:00:00,0.07642,0.053632979,-1,0,0,20.61810467,55.61831483
2023-03-18 00:00:00,0.07294,-0.045537817,-1,0,0,19.63366337,55.61831483
2023-03-19 00:00:00,0.0745,0.021387442,-1,0,0,20.07496464,55.61831483
2023-03-20 00:00:00,0.07133,-0.042550336,-1,0,0,19.17821782,55.61831483
2023-03-21 00:00:00,0.0766,0.073881957,0,0.5,0,20.66902405,55.61831483
2023-03-22 00:00:00,0.07382,-0.036292428,-1,0,-0.018146214,19.88260255,54.59090676
2023-03-23 00:00:00,0.07733,0.04754809,-1,0,0,20.87553041,54.59090676
2023-03-24 00:00:00,0.07448,-0.036855037,-1,0,0,20.06930693,54.59090676
2023-03-25 00:00:00,0.07398,-0.006713212,-1,0,0,19.92786421,54.59090676
2023-03-26 00:00:00,0.07431,0.004460665,-1,0,0,20.02121641,54.59090676
2023-03-27 00:00:00,0.07284,-0.019781994,-1,0,0,19.60537482,54.59090676
2023-03-28 00:00:00,0.07378,0.012904997,-1,0,0,19.87128713,54.59090676
2023-03-29 00:00:00,0.07553,0.023719165,-1,0,0,20.36633663,54.59090676
2023-03-30 00:00:00,0.07417,-0.01800609,-1,0,0,19.98161245,54.59090676
2023-03-31 00:00:00,0.0769,0.036807335,-1,0,0,20.75388967,54.59090676
2023-04-01 00:00:00,0.08183,0.064109233,0,0.5,0,22.14851485,54.59090676
2023-04-02 00:00:00,0.079,-0.034583893,0,0.5,-0.017291947,21.34794908,53.62963176
2023-04-03 00:00:00,0.09596,0.214683544,0,0.5,0.107341772,26.145686,59.49367325
2023-04-04 00:00:00,0.09514,-0.008545227,0,0.5,-0.004272614,25.91371994,59.23520716
2023-04-05 00:00:00,0.09269,-0.025751524,0,0.5,-0.012875762,25.22065064,58.45963297
2023-04-06 00:00:00,0.08539,-0.078757147,0,0.5,-0.039378574,23.15558699,56.11819743
2023-04-07 00:00:00,0.08217,-0.037709334,0,0.5,-0.018854667,22.2446959,55.04125284
2023-04-08 00:00:00,0.0813,-0.010587806,0,0.5,-0.005293903,21.99858557,54.74457589
2023-04-09 00:00:00,0.08313,0.022509225,0,0.5,0.011254613,22.51626591,55.3719595
2023-04-10 00:00:00,0.08471,0.019006376,0,0.5,0.009503188,22.96322489,55.90767281
2023-04-11 00:00:00,0.08406,-0.007673238,0,0.5,-0.003836619,22.77934936,55.68933975
2023-04-12 00:00:00,0.08343,-0.007494647,0,0.5,-0.003747323,22.60113154,55.47690647
2023-04-13 00:00:00,0.08731,0.046506053,0,0.5,0.023253026,23.69872702,56.79016547
2023-04-14 00:00:00,0.08869,0.01580575,1,1,0.007902875,24.08910891,57.24687391
2023-04-15 00:00:00,0.08891,0.00248055,1,1,0.00248055,24.15134371,57.39135821
2023-04-16 00:00:00,0.09045,0.017320886,1,1,0.017320886,24.58698727,58.40274828
2023-04-17 00:00:00,0.09141,0.010613599,1,1,0.010613599,24.85855728,59.03322521
2023-04-18 00:00:00,0.09415,0.029974839,1,1,0.029974839,25.63366337,60.83271145
2023-04-19 00:00:00,0.08782,-0.067233139,1,1,-0.067233139,23.84299859,56.67550419
2023-04-20 00:00:00,0.08386,-0.045092234,1,1,-0.045092234,22.72277228,54.07478685
2023-04-21 00:00:00,0.07837,-0.065466253,1,1,-0.065466253,21.16973126,50.46924691
2023-04-22 00:00:00,0.08025,0.023988771,1,1,0.023988771,21.70155587,51.7039309
2023-04-23 00:00:00,0.07873,-0.01894081,1,1,-0.01894081,21.27157001,50.70567576
2023-04-24 00:00:00,0.07869,-0.000508066,1,1,-0.000508066,21.2602546,50.67940589
2023-04-25 00:00:00,0.07974,0.0133435,1,1,0.0133435,21.5572843,51.36899003
2023-04-26 00:00:00,0.07853,-0.015174317,1,1,-0.015174317,21.21499293,50.5743264
2023-04-27 00:00:00,0.0801,0.01999236,1,1,0.01999236,21.65912306,51.60541888
2023-04-28 00:00:00,0.08029,0.002372035,1,1,0.002372035,21.71287129,51.73020077
2023-04-29 00:00:00,0.08153,0.015444015,1,1,0.015444015,22.06364922,52.5445668
2023-04-30 00:00:00,0.07947,-0.025266773,1,1,-0.025266773,21.48090523,51.19166839
2023-05-01 00:00:00,0.07875,-0.009060023,0,0.5,-0.009060023,21.27722772,50.71881069
2023-05-02 00:00:00,0.07871,-0.000507937,0,0.5,-0.000253968,21.26591231,50.70567576
2023-05-03 00:00:00,0.07958,0.011053233,0,0.5,0.005526617,21.51202263,50.99143321
2023-05-04 00:00:00,0.07833,-0.015707464,0,0.5,-0.007853732,21.15841584,50.58310642
2023-05-05 00:00:00,0.08016,0.023362696,0,0.5,0.011681348,21.67609618,51.18566665
2023-05-06 00:00:00,0.07668,-0.043413174,0,0.5,-0.021706587,20.69165488,50.05289394
2023-05-07 00:00:00,0.07648,-0.002608242,0,0.5,-0.001304121,20.63507779,49.98631479
2023-05-08 00:00:00,0.07234,-0.054131799,-1,0,-0.0270659,19.46393211,48.60632431
2023-05-09 00:00:00,0.07304,0.009676528,-1,0,0,19.66195191,48.60632431
2023-05-10 00:00:00,0.07308,0.000547645,-1,0,0,19.67326733,48.60632431
2023-05-11 00:00:00,0.0719,-0.016146689,-1,0,0,19.33946252,48.60632431
2023-05-12 00:00:00,0.07229,0.0054242,-1,0,0,19.44978784,48.60632431
2023-05-13 00:00:00,0.07164,-0.008991562,-1,0,0,19.26591231,48.60632431
2023-05-14 00:00:00,0.07191,0.003768844,-1,0,0,19.34229137,48.60632431
2023-05-15 00:00:00,0.07186,-0.000695314,-1,0,0,19.3281471,48.60632431
2023-05-16 00:00:00,0.07271,0.011828556,-1,0,0,19.56859972,48.60632431
2023-05-17 00:00:00,0.07479,0.028606794,-1,0,0,20.15700141,48.60632431
2023-05-18 00:00:00,0.07339,-0.01871908,-1,0,0,19.76096181,48.60632431
2023-05-19 00:00:00,0.07346,0.000953808,-1,0,0,19.78076379,48.60632431
2023-05-20 00:00:00,0.07357,0.001497414,-1,0,0,19.81188119,48.60632431
2023-05-21 00:00:00,0.07207,-0.020388745,-1,0,0,19.38755304,48.60632431
2023-05-22 00:00:00,0.07287,0.011100319,-1,0,0,19.61386139,48.60632431
2023-05-23 00:00:00,0.07284,-0.000411692,-1,0,0,19.60537482,48.60632431
2023-05-24 00:00:00,0.07059,-0.030889621,-1,0,0,18.9688826,48.60632431
2023-05-25 00:00:00,0.07085,0.003683241,-1,0,0,19.04243281,48.60632431
2023-05-26 00:00:00,0.07092,0.000988003,-1,0,0,19.06223479,48.60632431
2023-05-27 00:00:00,0.07254,0.02284264,-1,0,0,19.52050919,48.60632431
2023-05-28 00:00:00,0.07351,0.013371933,-1,0,0,19.79490806,48.60632431
2023-05-29 00:00:00,0.0731,-0.005577472,-1,0,0,19.67892504,48.60632431
2023-05-30 00:00:00,0.07227,-0.011354309,-1,0,0,19.44413013,48.60632431
2023-05-31 00:00:00,0.07161,-0.00913242,-1,0,0,19.25742574,48.60632431
2023-06-01 00:00:00,0.07139,-0.003072197,-1,0,0,19.19519095,48.60632431
2023-06-02 00:00:00,0.07257,0.016528926,-1,0,0,19.52899576,48.60632431
2023-06-03 00:00:00,0.07268,0.001515778,-1,0,0,19.56011315,48.60632431
2023-06-04 00:00:00,0.07246,-0.003026968,-1,0,0,19.49787836,48.60632431
2023-06-05 00:00:00,0.06635,-0.084322385,-1,0,0,17.76944837,48.60632431
2023-06-06 00:00:00,0.07021,0.058176338,-1,0,0,18.86138614,48.60632431
2023-06-07 00:00:00,0.06723,-0.042444096,-1,0,0,18.01838755,48.60632431
2023-06-08 00:00:00,0.06791,0.010114532,-1,0,0,18.21074965,48.60632431
2023-06-09 00:00:00,0.06943,0.022382565,-1,0,0,18.6407355,48.60632431
2023-06-10 00:00:00,0.06168,-0.111623218,-1,0,0,16.44837341,48.60632431
2023-06-11 00:00:00,0.06147,-0.003404669,-1,0,0,16.38896747,48.60632431
2023-06-12 00:00:00,0.06139,-0.001301448,-1,0,0,16.36633663,48.60632431
2023-06-13 00:00:00,0.0617,0.005049682,-1,0,0,16.45403112,48.60632431
2023-06-14 00:00:00,0.06032,-0.022366288,-1,0,0,16.06364922,48.60632431
2023-06-15 00:00:00,0.0615,0.019562334,-1,0,0,16.39745403,48.60632431
2023-06-16 00:00:00,0.06215,0.010569106,-1,0,0,16.58132956,48.60632431
2023-06-17 00:00:00,0.06214,-0.000160901,-1,0,0,16.57850071,48.60632431
2023-06-18 00:00:00,0.06205,-0.001448342,-1,0,0,16.55304102,48.60632431
2023-06-19 00:00:00,0.0624,0.005640612,-1,0,0,16.65205092,48.60632431
2023-06-20 00:00:00,0.0631,0.011217949,-1,0,0,16.85007072,48.60632431
2023-06-21 00:00:00,0.06555,0.038827258,-1,0,0,17.54314003,48.60632431
2023-06-22 00:00:00,0.06553,-0.000305111,-1,0,0,17.53748232,48.60632431
2023-06-23 00:00:00,0.06822,0.041049901,-1,0,0,18.29844413,48.60632431
2023-06-24 00:00:00,0.06665,-0.023013779,-1,0,0,17.854314,48.60632431
2023-06-25 00:00:00,0.06669,0.00060015,-1,0,0,17.86562942,48.60632431
2023-06-26 00:00:00,0.06467,-0.030289399,-1,0,0,17.29420085,48.60632431
2023-06-27 00:00:00,0.06553,0.013298284,-1,0,0,17.53748232,48.60632431
2023-06-28 00:00:00,0.06251,-0.046085762,-1,0,0,16.68316832,48.60632431
2023-06-29 00:00:00,0.06338,0.013917773,-1,0,0,16.92927864,48.60632431
2023-06-30 00:00:00,0.06642,0.047964658,-1,0,0,17.78925035,48.60632431
2023-07-01 00:00:00,0.0685,0.031315869,-1,0,0,18.37765205,48.60632431
2023-07-02 00:00:00,0.06802,-0.007007299,-1,0,0,18.24186704,48.60632431
2023-07-03 00:00:00,0.06843,0.006027639,-1,0,0,18.35785007,48.60632431
2023-07-04 00:00:00,0.06888,0.006576063,-1,0,0,18.48514851,48.60632431
2023-07-05 00:00:00,0.06695,-0.028019744,0,0.5,0,17.93917963,48.60632431
2023-07-06 00:00:00,0.06479,-0.032262883,-1,0,-0.016131441,17.3281471,47.8061028
2023-07-07 00:00:00,0.06534,0.008488964,-1,0,0,17.48373409,47.8061028
2023-07-08 00:00:00,0.06568,0.005203551,0,0.5,0,17.57991513,47.8061028
2023-07-09 00:00:00,0.06531,-0.005633374,-1,0,-0.002816687,17.47524752,47.66863129
2023-07-10 00:00:00,0.0652,-0.001684275,0,0.5,0,17.44413013,47.66863129
2023-07-11 00:00:00,0.06524,0.000613497,0,0.5,0.000306748,17.45544554,47.68356031
2023-07-12 00:00:00,0.06498,-0.003985285,0,0.5,-0.001992643,17.38189533,47.58655138
2023-07-13 00:00:00,0.07042,0.083718067,1,1,0.041859034,18.92079208,49.62033747
2023-07-14 00:00:00,0.06845,-0.027975007,0,0.5,-0.027975007,18.36350778,48.20423317
2023-07-15 00:00:00,0.07193,0.050840029,0,0.5,0.025420015,19.34794908,49.45500549
2023-07-16 00:00:00,0.06948,-0.034060893,0,0.5,-0.017030446,18.65487977,48.59573423
2023-07-17 00:00:00,0.0698,0.004605642,0,0.5,0.002302821,18.74540311,48.70994433
2023-07-18 00:00:00,0.06862,-0.016905444,0,0.5,-0.008452722,18.4115983,48.28975998
2023-07-19 00:00:00,0.07,0.020110755,0,0.5,0.010055377,18.8019802,48.78538712
2023-07-20 00:00:00,0.07056,0.008,0,0.5,0.004,18.96039604,48.98452867
2023-07-21 00:00:00,0.07318,0.037131519,0,0.5,0.01856576,19.70155587,49.91252942
2023-07-22 00:00:00,0.07044,-0.037441924,0,0.5,-0.018720962,18.92644979,48.95939789
2023-07-23 00:00:00,0.07176,0.018739353,0,0.5,0.009369676,19.29985856,49.42750128
2023-07-24 00:00:00,0.07417,0.033584169,0,0.5,0.016792085,19.98161245,50.27428415
2023-07-25 00:00:00,0.08183,0.103276257,1,1,0.051638129,22.14851485,52.92199223
2023-07-26 00:00:00,0.0779,-0.048026396,1,1,-0.048026396,21.03677511,50.33231327
2023-07-27 00:00:00,0.07758,-0.004107831,1,1,-0.004107831,20.94625177,50.12144882
2023-07-28 00:00:00,0.07714,-0.005671565,1,1,-0.005671565,20.82178218,49.83151021
2023-07-29 00:00:00,0.0802,0.039668136,1,1,0.039668136,21.6874116,51.84790147
2023-07-30 00:00:00,0.07798,-0.027680798,0,0.5,-0.027680798,21.05940594,50.38502938
2023-07-31 00:00:00,0.0778,-0.002308284,0,0.5,-0.001154142,21.00848656,50.32572375
2023-08-01 00:00:00,0.07811,0.003984576,0,0.5,0.001992288,21.09618105,50.42797937
2023-08-02 00:00:00,0.07418,-0.05031366,0,0.5,-0.02515683,19.9844413,49.13421443
2023-08-03 00:00:00,0.07355,-0.008492855,0,0.5,-0.004246428,19.80622348,48.92132312
2023-08-04 00:00:00,0.07342,-0.001767505,0,0.5,-0.000883753,19.76944837,48.87720502
2023-08-05 00:00:00,0.07569,0.030918006,0,0.5,0.015459003,20.4115983,49.64825689
2023-08-06 00:00:00,0.07425,-0.01902497,0,0.5,-0.009512485,20.00424328,49.1664661
2023-08-07 00:00:00,0.07352,-0.00983165,0,0.5,-0.004915825,19.79773692,48.91985653
2023-08-08 00:00:00,0.07494,0.019314472,0,0.5,0.009657236,20.19943423,49.40194437
2023-08-09 00:00:00,0.07539,0.006004804,0,0.5,0.003002402,20.32673267,49.55327127
2023-08-10 00:00:00,0.07584,0.005968961,0,0.5,0.002984481,20.45403112,49.70414653
2023-08-11 00:00:00,0.07569,-0.001977848,0,0.5,-0.000988924,20.4115983,49.65400398
2023-08-12 00:00:00,0.07667,0.012947549,0,0.5,0.006473775,20.68882603,49.98192659
2023-08-13 00:00:00,0.07473,-0.025303248,0,0.5,-0.012651624,20.14002829,49.33692243
2023-08-14 00:00:00,0.07466,-0.000936705,0,0.5,-0.000468353,20.12022631,49.31334699
2023-08-15 00:00:00,0.07085,-0.051031342,0,0.5,-0.025515671,19.04243281,48.02956818
2023-08-16 00:00:00,0.06715,-0.052223006,-1,0,-0.026111503,17.99575672,46.74933246
2023-08-17 00:00:00,0.06098,-0.091883842,-1,0,0,16.25035361,46.74933246
2023-08-18 00:00:00,0.0632,0.036405379,-1,0,0,16.87835926,46.74933246
2023-08-19 00:00:00,0.06375,0.008702532,-1,0,0,17.03394625,46.74933246
2023-08-20 00:00:00,0.06379,0.000627451,-1,0,0,17.04526167,46.74933246
2023-08-21 00:00:00,0.06248,-0.020536134,-1,0,0,16.67468175,46.74933246
2023-08-22 00:00:00,0.06255,0.001120359,-1,0,0,16.69448373,46.74933246
2023-08-23 00:00:00,0.06373,0.018864908,-1,0,0,17.02828854,46.74933246
2023-08-24 00:00:00,0.06303,-0.010983838,-1,0,0,16.83026874,46.74933246
2023-08-25 00:00:00,0.06308,0.000793273,-1,0,0,16.84441301,46.74933246
2023-08-26 00:00:00,0.06284,-0.003804692,-1,0,0,16.77652051,46.74933246
2023-08-27 00:00:00,0.06313,0.004614895,-1,0,0,16.85855728,46.74933246
2023-08-28 00:00:00,0.06342,0.004593696,-1,0,0,16.94059406,46.74933246
2023-08-29 00:00:00,0.06636,0.046357616,-1,0,0,17.77227723,46.74933246
2023-08-30 00:00:00,0.06583,-0.007986739,-1,0,0,17.62234795,46.74933246
2023-08-31 00:00:00,0.06376,-0.03144463,-1,0,0,17.03677511,46.74933246
2023-09-01 00:00:00,0.06384,0.001254705,-1,0,0,17.05940594,46.74933246
2023-09-02 00:00:00,0.06345,-0.006109023,-1,0,0,16.94908062,46.74933246
2023-09-03 00:00:00,0.06313,-0.005043341,-1,0,0,16.85855728,46.74933246
2023-09-04 00:00:00,0.06323,0.001584033,-1,0,0,16.88684583,46.74933246
2023-09-05 00:00:00,0.064,0.012177764,-1,0,0,17.10466761,46.74933246
2023-09-06 00:00:00,0.0636,-0.00625,-1,0,0,16.99151344,46.74933246
2023-09-07 00:00:00,0.06363,0.000471698,-1,0,0,17,46.74933246
2023-09-08 00:00:00,0.06369,0.000942951,-1,0,0,17.01697313,46.74933246
2023-09-09 00:00:00,0.06335,-0.005338358,-1,0,0,16.92079208,46.74933246
2023-09-10 00:00:00,0.06126,-0.032991318,-1,0,0,16.32956153,46.74933246
2023-09-11 00:00:00,0.06044,-0.01338557,-1,0,0,16.09759547,46.74933246
2023-09-12 00:00:00,0.06086,0.00694904,-1,0,0,16.21640736,46.74933246
2023-09-13 00:00:00,0.06121,0.005750904,-1,0,0,16.31541726,46.74933246
2023-09-14 00:00:00,0.06203,0.013396504,-1,0,0,16.54738331,46.74933246
2023-09-15 00:00:00,0.06246,0.00693213,-1,0,0,16.66902405,46.74933246
2023-09-16 00:00:00,0.06209,-0.005923791,0,0.5,0,16.56435644,46.74933246
2023-09-17 00:00:00,0.06141,-0.010951844,-1,0,-0.005475922,16.37199434,46.48786083
2023-09-18 00:00:00,0.06195,0.008793356,-1,0,0,16.52475248,46.48786083
2023-09-19 00:00:00,0.06264,0.011138015,-1,0,0,16.71994342,46.48786083
2023-09-20 00:00:00,0.06259,-0.000798212,0,0.5,0,16.70579915,46.48786083
2023-09-21 00:00:00,0.06125,-0.021409171,-1,0,-0.010704585,16.32673267,45.97952297
2023-09-22 00:00:00,0.06148,0.003755102,-1,0,0,16.39179632,45.97952297
2023-09-23 00:00:00,0.06147,-0.000162655,-1,0,0,16.38896747,45.97952297
2023-09-24 00:00:00,0.06064,-0.013502522,-1,0,0,16.15417256,45.97952297
2023-09-25 00:00:00,0.0609,0.004287599,-1,0,0,16.22772277,45.97952297
2023-09-26 00:00:00,0.06059,-0.005090312,-1,0,0,16.14002829,45.97952297
2023-09-27 00:00:00,0.06048,-0.001815481,-1,0,0,16.10891089,45.97952297
2023-09-28 00:00:00,0.06148,0.016534392,-1,0,0,16.39179632,45.97952297
2023-09-29 00:00:00,0.06208,0.009759271,-1,0,0,16.56152758,45.97952297
2023-09-30 00:00:00,0.06203,-0.000805412,-1,0,0,16.54738331,45.97952297
2023-10-01 00:00:00,0.06317,0.018378204,-1,0,0,16.8698727,45.97952297
2023-10-02 00:00:00,0.06196,-0.019154662,-1,0,0,16.52758133,45.97952297
2023-10-03 00:00:00,0.06132,-0.010329245,-1,0,0,16.34653465,45.97952297
2023-10-04 00:00:00,0.06141,0.00146771,-1,0,0,16.37199434,45.97952297
2023-10-05 00:00:00,0.06083,-0.009444716,-1,0,0,16.20792079,45.97952297
2023-10-06 00:00:00,0.06132,0.008055236,-1,0,0,16.34653465,45.97952297
2023-10-07 00:00:00,0.0614,0.001304631,-1,0,0,16.36916549,45.97952297
2023-10-08 00:00:00,0.0609,-0.008143322,-1,0,0,16.22772277,45.97952297
2023-10-09 00:00:00,0.05869,-0.036288998,-1,0,0,15.60254597,45.97952297
2023-10-10 00:00:00,0.05907,0.006474698,-1,0,0,15.71004243,45.97952297
2023-10-11 00:00:00,0.05847,-0.01015744,-1,0,0,15.54031117,45.97952297
2023-10-12 00:00:00,0.05785,-0.010603728,-1,0,0,15.36492221,45.97952297
2023-10-13 00:00:00,0.05836,0.008815903,-1,0,0,15.50919378,45.97952297
2023-10-14 00:00:00,0.05983,0.025188485,-1,0,0,15.92503536,45.97952297
2023-10-15 00:00:00,0.05929,-0.009025572,-1,0,0,15.77227723,45.97952297
2023-10-16 00:00:00,0.05995,0.011131725,-1,0,0,15.95898161,45.97952297
2023-10-17 00:00:00,0.05899,-0.016013344,-1,0,0,15.6874116,45.97952297
2023-10-18 00:00:00,0.05854,-0.007628412,-1,0,0,15.56011315,45.97952297
2023-10-19 00:00:00,0.05881,0.004612231,-1,0,0,15.63649222,45.97952297
2023-10-20 00:00:00,0.05987,0.018024146,-1,0,0,15.93635078,45.97952297
2023-10-21 00:00:00,0.06117,0.021713713,-1,0,0,16.30410184,45.97952297
2023-10-22 00:00:00,0.06167,0.008173941,0,0.5,0,16.44554455,45.97952297
2023-10-23 00:00:00,0.06745,0.093724664,1,1,0.046862332,18.08062235,48.18109296
2023-10-24 00:00:00,0.06661,-0.012453669,1,1,-0.012453669,17.84299859,47.56860789
2023-10-25 00:00:00,0.06836,0.026272331,1,1,0.026272331,18.33804809,48.84461846
2023-10-26 00:00:00,0.07189,0.051638385,1,1,0.051638385,19.33663366,51.41851406
2023-10-27 00:00:00,0.06779,-0.057031576,1,1,-0.057031576,18.17680339,48.42900359
2023-10-28 00:00:00,0.06903,0.018291783,1,1,0.018291783,18.52758133,49.33314822
2023-10-29 00:00:00,0.06939,0.005215124,1,1,0.005215124,18.62942008,49.59564182
2023-10-30 00:00:00,0.06963,0.003458712,1,1,0.003458712,18.69731259,49.77063756
2023-10-31 00:00:00,0.06826,-0.019675427,0,0.5,-0.019675427,18.30975955,48.77170357
2023-11-01 00:00:00,0.06897,0.010401406,1,1,0.005200703,18.5106082,49.03055143
2023-11-02 00:00:00,0.06793,-0.01507902,1,1,-0.01507902,18.21640736,48.27613975
2023-11-03 00:00:00,0.06813,0.002944207,1,1,0.002944207,18.27298444,48.42121892
2023-11-04 00:00:00,0.06914,0.0148246,1,1,0.0148246,18.55869873,49.15386872
2023-11-05 00:00:00,0.07111,0.028492913,1,1,0.028492913,19.11598303,50.58289853
2023-11-06 00:00:00,0.07643,0.074813669,1,1,0.074813669,20.62093352,54.44200443
2023-11-07 00:00:00,0.07341,-0.03951328,1,1,-0.03951328,19.76661952,52.25130898
2023-11-08 00:00:00,0.0754,0.027108023,1,1,0.027108023,20.32956153,53.69484671
2023-11-09 00:00:00,0.07358,-0.024137931,1,1,-0.024137931,19.81471004,52.37462627
2023-11-10 00:00:00,0.07547,0.025686328,1,1,0.025686328,20.34936351,53.74562442
2023-11-11 00:00:00,0.0785,0.040148403,1,1,0.040148403,21.20650636,55.94357383
2023-11-12 00:00:00,0.07801,-0.006242038,1,1,-0.006242038,21.0678925,55.58812987
2023-11-13 00:00:00,0.07455,-0.044353288,1,1,-0.044353288,20.08910891,53.07826024
2023-11-14 00:00:00,0.07247,-0.027900738,1,1,-0.027900738,19.50070721,51.56943688
2023-11-15 00:00:00,0.07629,0.052711467,1,1,0.052711467,20.58132956,54.34044901
2023-11-16 00:00:00,0.07949,0.041945209,1,1,0.041945209,21.48656294,56.66171572
2023-11-17 00:00:00,0.08645,0.087558183,1,1,0.087558183,23.45544554,61.7104708
2023-11-18 00:00:00,0.08032,-0.070908039,1,1,-0.070908039,21.72135785,57.26379427
2023-11-19 00:00:00,0.0805,0.002241036,1,1,0.002241036,21.77227723,57.39436552
2023-11-20 00:00:00,0.07774,-0.034285714,1,1,-0.034285714,20.99151344,55.39227299
2023-11-21 00:00:00,0.07176,-0.076923077,0,0.5,-0.076923077,19.29985856,51.05440583
2023-11-22 00:00:00,0.07574,0.055462653,0,0.5,0.027731327,20.42574257,52.49794357
2023-11-23 00:00:00,0.0762,0.006073409,0,0.5,0.003036705,20.55586987,52.66040101
2023-11-24 00:00:00,0.07816,0.025721785,1,1,0.012860892,21.11032532,53.35052166
2023-11-25 00:00:00,0.07895,0.010107472,1,1,0.010107472,21.33380481,53.89986802
2023-11-26 00:00:00,0.07865,-0.003799873,0,0.5,-0.003799873,21.24893918,53.69125548
2023-11-27 00:00:00,0.07883,0.00228862,1,1,0.00114431,21.29985856,53.75383924
2023-11-28 00:00:00,0.08087,0.025878473,1,1,0.025878473,21.87694484,55.17078497
2023-11-29 00:00:00,0.08047,-0.00494621,1,1,-0.00494621,21.76379066,54.89295248
2023-11-30 00:00:00,0.08347,0.037280974,1,1,0.037280974,22.61244696,56.9766962
2023-12-01 00:00:00,0.08385,0.004552534,1,1,0.004552534,22.71994342,57.24063707
2023-12-02 00:00:00,0.08623,0.028384019,1,1,0.028384019,23.39321075,58.89374043
2023-12-03 00:00:00,0.08574,-0.005682477,1,1,-0.005682477,23.25459689,58.55339562
2023-12-04 00:00:00,0.09197,0.072661535,1,1,0.072661535,25.01697313,62.88063675
2023-12-05 00:00:00,0.09439,0.026312928,1,1,0.026312928,25.70155587,64.56152335
2023-12-06 00:00:00,0.095,0.006462549,1,1,0.006462549,25.87411598,64.98521791
2023-12-07 00:00:00,0.09595,0.01,1,1,0.01,26.14285714,65.64507009
2023-12-08 00:00:00,0.10174,0.060343929,1,1,0.060343929,27.78076379,69.66669548
2023-12-09 00:00:00,0.09856,-0.031256143,1,1,-0.031256143,26.88118812,67.45792713
2023-12-10 00:00:00,0.10197,0.034598214,1,1,0.034598214,27.84582744,69.82644916
2023-12-11 00:00:00,0.09413,-0.076885358,1,1,-0.076885358,25.62800566,64.38093223
2023-12-12 00:00:00,0.09385,-0.00297461,1,1,-0.00297461,25.54879774,64.18644948
2023-12-13 00:00:00,0.09647,0.027916889,1,1,0.027916889,26.28995757,66.00625234
2023-12-14 00:00:00,0.09837,0.019695242,1,1,0.019695242,26.82743989,67.32595669
2023-12-15 00:00:00,0.09305,-0.054081529,1,1,-0.054081529,25.32248939,63.63078449
2023-12-16 00:00:00,0.09715,0.044062332,1,1,0.044062332,26.48231966,66.47856758
2023-12-17 00:00:00,0.09299,-0.042820381,1,1,-0.042820381,25.30551627,63.58910962
2023-12-18 00:00:00,0.09215,-0.009033229,1,1,-0.009033229,25.0678925,63.00566137
2023-12-19 00:00:00,0.09025,-0.020618557,1,1,-0.020618557,24.53041018,61.68595702
2023-12-20 00:00:00,0.09158,0.014736842,1,1,0.014736842,24.90664781,62.60975007
2023-12-21 00:00:00,0.09509,0.038327146,1,1,0.038327146,25.89957567,65.04773022
2023-12-22 00:00:00,0.09505,-0.000420654,1,1,-0.000420654,25.88826025,65.01994697
2023-12-23 00:00:00,0.09353,-0.015991583,1,1,-0.015991583,25.4582744,63.96418349
2023-12-24 00:00:00,0.09176,-0.018924409,1,1,-0.018924409,24.95756719,62.73477469
2023-12-25 00:00:00,0.09445,0.029315606,1,1,0.029315606,25.718529,64.60319823
2023-12-26 00:00:00,0.09143,-0.03197459,1,1,-0.03197459,24.86421499,62.50556288
2023-12-27 00:00:00,0.09378,0.025702723,1,1,0.025702723,25.52899576,64.1378288
2023-12-28 00:00:00,0.0918,-0.021113244,1,1,-0.021113244,24.9688826,62.76255794
2023-12-29 00:00:00,0.09103,-0.0083878,1,1,-0.0083878,24.75106082,62.22773038
2023-12-30 00:00:00,0.09007,-0.010545974,1,1,-0.010545974,24.47949081,61.56093239
2023-12-31 00:00:00,0.08957,-0.005551238,1,1,-0.005551238,24.33804809,61.21364177
2024-01-01 00:00:00,0.09209,0.02813442,1,1,0.02813442,25.05091938,62.9639865
2024-01-02 00:00:00,0.09115,-0.010207406,1,1,-0.010207406,24.78500707,62.31108013
2024-01-03 00:00:00,0.08197,-0.10071311,0,0.5,-0.10071311,22.18811881,55.93482434
2024-01-04 00:00:00,0.084,0.024765158,0,0.5,0.012382579,22.76237624,56.6398243
2024-01-05 00:00:00,0.08266,-0.015952381,0,0.5,-0.00797619,22.38330976,56.18007808
2024-01-06 00:00:00,0.08058,-0.02516332,0,0.5,-0.01258166,21.79490806,55.46065779
2024-01-07 00:00:00,0.07821,-0.029411765,0,0.5,-0.014705882,21.12446959,54.630354
2024-01-08 00:00:00,0.08134,0.040020458,0,0.5,0.020010229,22.00990099,55.74353012
2024-01-09 00:00:00,0.07923,-0.025940497,0,0.5,-0.012970248,21.41301273,55.00755244
2024-01-10 00:00:00,0.08309,0.04871892,0,0.5,0.02435946,22.5049505,56.37186616
2024-01-11 00:00:00,0.08457,0.017812011,0,0.5,0.008906006,22.92362093,56.88282032
2024-01-12 00:00:00,0.08008,-0.053092113,0,0.5,-0.026546057,21.65346535,55.3462597
2024-01-13 00:00:00,0.08093,0.010614386,0,0.5,0.005307193,21.89391796,55.64530016
2024-01-14 00:00:00,0.08003,-0.011120722,0,0.5,-0.005560361,21.63932107,55.33033186
2024-01-15 00:00:00,0.08108,0.01312008,0,0.5,0.00656004,21.93635078,55.69986108
2024-01-16 00:00:00,0.08136,0.003453379,0,0.5,0.00172669,22.0155587,55.79776415
2024-01-17 00:00:00,0.0806,-0.0093412,0,0.5,-0.0046706,21.80056577,55.53248452
2024-01-18 00:00:00,0.07809,-0.031141439,0,0.5,-0.01557072,21.09052334,54.65223306
2024-01-19 00:00:00,0.07858,0.006274811,0,0.5,0.003137406,21.2291372,54.82683668
2024-01-20 00:00:00,0.08776,0.116823619,0,0.5,0.05841181,23.82602546,58.08778324
2024-01-21 00:00:00,0.08547,-0.026093892,0,0.5,-0.013046946,23.17821782,57.31686811
2024-01-22 00:00:00,0.08055,-0.057564058,0,0.5,-0.028782029,21.7864215,55.63839033
2024-01-23 00:00:00,0.07817,-0.029546865,0,0.5,-0.014773433,21.11315417,54.80164689
2024-01-24 00:00:00,0.07904,0.011129589,0,0.5,0.005564795,21.3592645,55.1121716
2024-01-25 00:00:00,0.07793,-0.014043522,0,0.5,-0.007021761,21.04526167,54.71816533
2024-01-26 00:00:00,0.07984,0.024509175,0,0.5,0.012254587,21.58557284,55.40096846
2024-01-27 00:00:00,0.0801,0.003256513,0,0.5,0.001628257,21.65912306,55.49280371
2024-01-28 00:00:00,0.07879,-0.016354557,0,0.5,-0.008177278,21.28854314,55.03084632
2024-01-29 00:00:00,0.08135,0.032491433,0,0.5,0.016245716,22.01272984,55.94110756
2024-01-30 00:00:00,0.0797,-0.020282729,0,0.5,-0.010141364,21.54596888,55.36364704
2024-01-31 00:00:00,0.0787,-0.012547051,0,0.5,-0.006273526,21.26308345,55.01004825
2024-02-01 00:00:00,0.07933,0.008005083,0,0.5,0.004002541,21.44130127,55.23423078
2024-02-02 00:00:00,0.07925,-0.001008446,0,0.5,-0.000504223,21.41867044,55.2058762
2024-02-03 00:00:00,0.07872,-0.006687697,0,0.5,-0.003343849,21.26874116,55.01793226
2024-02-04 00:00:00,0.07828,-0.005589431,0,0.5,-0.002794715,21.14427157,54.86137808
2024-02-05 00:00:00,0.07831,0.00038324,0,0.5,0.00019162,21.15275813,54.87208222
2024-02-06 00:00:00,0.07849,0.002298557,1,1,0.001149279,21.20367751,54.93629481
2024-02-07 00:00:00,0.08013,0.020894381,0,0.5,0.020894381,21.66760962,56.10504909
2024-02-08 00:00:00,0.07986,-0.003369525,1,1,-0.001684762,21.59123055,56.00884066
2024-02-09 00:00:00,0.08157,0.021412472,0,0.5,0.021412472,22.07496464,57.22954085
2024-02-10 00:00:00,0.08141,-0.001961505,0,0.5,-0.000980753,22.02970297,57.17243207
2024-02-11 00:00:00,0.08123,-0.002211031,1,1,-0.001105515,21.97878359,57.10812156
2024-02-12 00:00:00,0.08229,0.013049366,1,1,0.013049366,22.27864215,57.8663957
2024-02-13 00:00:00,0.0811,-0.014461052,1,1,-0.014461052,21.94200849,57.01512567
2024-02-14 00:00:00,0.08558,0.055240444,1,1,0.055240444,23.20933522,60.21990696
2024-02-15 00:00:00,0.08534,-0.002804394,1,1,-0.002804394,23.14144272,60.04822225
2024-02-16 00:00:00,0.08595,0.007147879,1,1,0.007147879,23.31400283,60.48458756
2024-02-17 00:00:00,0.08361,-0.027225131,1,1,-0.027225131,22.65205092,58.81066162
2024-02-18 00:00:00,0.08523,0.019375673,1,1,0.019375673,23.11032532,59.96953343
2024-02-19 00:00:00,0.08949,0.049982401,1,1,0.049982401,24.31541726,63.01693707
2024-02-20 00:00:00,0.08618,-0.036987373,1,1,-0.036987373,23.37906648,60.64911874
2024-02-21 00:00:00,0.08462,-0.018101648,1,1,-0.018101648,22.93776521,59.53316812
2024-02-22 00:00:00,0.08417,-0.005317892,1,1,-0.005317892,22.81046676,59.21125928
2024-02-23 00:00:00,0.08457,0.004752287,1,1,0.004752287,22.92362093,59.49740047
2024-02-24 00:00:00,0.08622,0.019510465,1,1,0.019510465,23.3903819,60.67773286
2024-02-25 00:00:00,0.08618,-0.000463929,1,1,-0.000463929,23.37906648,60.64911874
2024-02-26 00:00:00,0.08933,0.036551404,1,1,0.036551404,24.27015559,62.90248059
2024-02-27 00:00:00,0.09768,0.093473637,1,1,0.093473637,26.63224894,68.87567787
2024-02-28 00:00:00,0.11596,0.187141687,1,1,0.187141687,31.80339463,81.95233012
2024-02-29 00:00:00,0.11743,0.012676785,1,1,0.012676785,32.21923621,83.00389898
2024-03-01 00:00:00,0.13953,0.188197224,1,1,0.188197224,38.47100424,98.81319956
2024-03-02 00:00:00,0.14219,0.019064001,1,1,0.019064001,39.22347949,100.7160385
2024-03-03 00:00:00,0.15365,0.080596385,1,1,0.080596385,42.46534653,108.9139835
2024-03-04 00:00:00,0.18218,0.185681744,1,1,0.185681744,50.53606789,129.3230036
2024-03-05 00:00:00,0.15302,-0.160061478,1,1,-0.160061478,42.28712871,108.4633111
2024-03-06 00:00:00,0.15797,0.032348713,1,1,0.032348713,43.6874116,112.0043083
2024-03-07 00:00:00,0.15781,-0.001012851,1,1,-0.001012851,43.64214993,111.8898518
2024-03-08 00:00:00,0.16467,0.043469996,1,1,0.043469996,45.58274399,116.7971732
2024-03-09 00:00:00,0.17901,0.087083257,1,1,0.087083257,49.63932107,127.0553347
2024-03-10 00:00:00,0.17007,-0.049941344,1,1,-0.049941344,47.11032532,120.6600792
2024-03-11 00:00:00,0.18236,0.072264362,1,1,0.072264362,50.58698727,129.4517672
2024-03-12 00:00:00,0.16827,-0.077264751,1,1,-0.077264751,46.60113154,119.3724439
2024-03-13 00:00:00,0.16911,0.004991977,1,1,0.004991977,46.8387553,119.9733403
2024-03-14 00:00:00,0.17742,0.049139613,1,1,0.049139613,49.18953324,125.9179235
2024-03-15 00:00:00,0.1637,-0.077330628,1,1,-0.077330628,45.30834512,116.1032808
2024-03-16 00:00:00,0.14261,-0.128833232,1,1,-0.128833232,39.34229137,101.0164867
2024-03-17 00:00:00,0.15439,0.082602903,1,1,0.082602903,42.67468175,109.4433447
2024-03-18 00:00:00,0.14362,-0.069758404,1,1,-0.069758404,39.62800566,101.7389932
2024-03-19 00:00:00,0.12887,-0.102701574,1,1,-0.102701574,35.45544554,91.18753693
2024-03-20 00:00:00,0.15223,0.181267944,1,1,0.181267944,42.06364922,107.8981823
2024-03-21 00:00:00,0.15549,0.021414964,1,1,0.021414964,42.98585573,110.2302329
2024-03-22 00:00:00,0.15304,-0.01575664,1,1,-0.01575664,42.29278642,108.4776182
2024-03-23 00:00:00,0.16202,0.05867747,1,1,0.05867747,44.8330976,114.9014878
2024-03-24 00:00:00,0.1766,0.08998889,1,1,0.08998889,48.95756719,125.3313341
2024-03-25 00:00:00,0.17539,-0.006851642,1,1,-0.006851642,48.61527581,124.465757
2024-03-26 00:00:00,0.18245,0.04025315,1,1,0.04025315,50.61244696,129.5161489
2024-03-27 00:00:00,0.1907,0.045217868,1,1,0.045217868,52.94625177,135.4178109
2024-03-28 00:00:00,0.22022,0.154798112,1,1,0.154798112,61.2970297,156.5350305
2024-03-29 00:00:00,0.21319,-0.031922623,1,1,-0.031922623,59.30834512,151.5060992
2024-03-30 00:00:00,0.19929,-0.065200056,1,1,-0.065200056,55.37623762,141.5626929
2024-03-31 00:00:00,0.22024,0.105123187,1,1,0.105123187,61.30268741,156.5493376
2024-04-01 00:00:00,0.20513,-0.068606974,1,1,-0.068606974,57.02828854,145.7403542
2024-04-02 00:00:00,0.1826,-0.109832789,1,1,-0.109832789,50.65487977,129.6234519
2024-04-03 00:00:00,0.17535,-0.039704272,0,0.5,-0.039704272,48.6039604,124.4371429
2024-04-04 00:00:00,0.18006,0.026860565,1,1,0.013430282,49.93635078,126.1217991
2024-04-05 00:00:00,0.17733,-0.015161613,1,1,-0.015161613,49.16407355,124.1944276
2024-04-06 00:00:00,0.18585,0.048046016,1,1,0.048046016,51.57425743,130.2095211
2024-04-07 00:00:00,0.19902,0.0708636,1,1,0.0708636,55.29985856,139.5075
2024-04-08 00:00:00,0.20277,0.018842327,1,1,0.018842327,56.36067893,142.1549884
2024-04-09 00:00:00,0.18927,-0.066577896,1,1,-0.066577896,52.5417256,132.6240304
2024-04-10 00:00:00,0.1999,0.056163153,1,1,0.056163153,55.54879774,140.1287773
2024-04-11 00:00:00,0.19393,-0.029864932,1,1,-0.029864932,53.85997171,135.9139759
2024-04-12 00:00:00,0.17406,-0.10245965,1,1,-0.10245965,48.23903819,121.8858178
2024-04-13 00:00:00,0.15256,-0.123520625,0,0.5,-0.123520625,42.15700141,106.7068848
2024-04-14 00:00:00,0.16197,0.06168065,0,0.5,0.030840325,44.81895332,110.0286001
2024-04-15 00:00:00,0.16115,-0.005062666,1,1,-0.002531333,44.58698727,109.7475498
2024-04-16 00:00:00,0.15594,-0.032330127,1,1,-0.032330127,43.11315417,106.1670674
2024-04-17 00:00:00,0.14747,-0.054315762,1,1,-0.054315762,40.71711457,100.3462064
2024-04-18 00:00:00,0.15215,0.031735268,1,1,0.031735268,42.04101839,103.5624554
2024-04-19 00:00:00,0.15627,0.027078541,1,1,0.027078541,43.20650636,106.3938542
2024-04-20 00:00:00,0.16251,0.039930889,1,1,0.039930889,44.97171146,110.6821862
2024-04-21 00:00:00,0.15815,-0.026829118,1,1,-0.026829118,43.73833098,107.6858517
2024-04-22 00:00:00,0.16115,0.018969333,0,0.5,0.018969333,44.58698727,109.7475498
2024-04-23 00:00:00,0.15972,-0.00887372,0,0.5,-0.00443686,44.1824611,109.2561784
2024-04-24 00:00:00,0.1513,-0.052717255,0,0.5,-0.026358628,41.80056577,106.3499768
2024-04-25 00:00:00,0.15123,-0.000462657,0,0.5,-0.000231328,41.78076379,106.3251437
2024-04-26 00:00:00,0.14792,-0.021887192,0,0.5,-0.010943596,40.84441301,105.1506207
2024-04-27 00:00:00,0.14767,-0.001690103,0,0.5,-0.000845051,40.77369165,105.060918
2024-04-28 00:00:00,0.14659,-0.007313605,0,0.5,-0.003656802,40.46817539,104.6730742
2024-04-29 00:00:00,0.14334,-0.02217068,0,0.5,-0.01108534,39.54879774,103.5016522
2024-04-30 00:00:00,0.13329,-0.070113018,0,0.5,-0.035056509,36.70579915,99.83818911
2024-05-01 00:00:00,0.13014,-0.023632681,0,0.5,-0.01181634,35.81471004,98.64665075
2024-05-02 00:00:00,0.13188,0.013370217,0,0.5,0.006685108,36.30693069,99.3127994
2024-05-03 00:00:00,0.14597,0.106839551,0,0.5,0.053419776,40.29278642,104.6714866
2024-05-04 00:00:00,0.16005,0.096458176,0,0.5,0.048229088,44.2758133,109.7679261
2024-05-05 00:00:00,0.16089,0.00524836,0,0.5,0.00262418,44.51343706,110.058601
2024-05-06 00:00:00,0.15642,-0.027782957,0,0.5,-0.013891479,43.24893918,108.5158329
2024-05-07 00:00:00,0.14997,-0.041235136,0,0.5,-0.020617568,41.42432815,106.2578827
2024-05-08 00:00:00,0.14311,-0.045742482,0,0.5,-0.022871241,39.48373409,103.8047618
2024-05-09 00:00:00,0.15211,0.062888687,0,0.5,0.031444344,42.02970297,107.1002788
2024-05-10 00:00:00,0.14381,-0.054565775,0,0.5,-0.027282887,39.68175389,104.150991
2024-05-11 00:00:00,0.143,-0.005632432,0,0.5,-0.002816216,39.45261669,103.8548632
2024-05-12 00:00:00,0.14111,-0.013216783,0,0.5,-0.006608392,38.91796322,103.1619412
2024-05-13 00:00:00,0.14856,0.052795691,0,0.5,0.026397846,41.02545969,105.911592
2024-05-14 00:00:00,0.14543,-0.021068928,0,0.5,-0.010534464,40.14002829,104.7853357
2024-05-15 00:00:00,0.15527,0.067661418,0,0.5,0.033830709,42.92362093,108.3641286
2024-05-16 00:00:00,0.14963,-0.036323823,0,0.5,-0.018161912,41.3281471,106.3778669
2024-05-17 00:00:00,0.15549,0.039163269,1,1,0.019581635,42.98585573,108.4805011
2024-05-18 00:00:00,0.15295,-0.016335456,1,1,-0.016335456,42.26732673,106.6920872
2024-05-19 00:00:00,0.14899,-0.025890814,0,0.5,-0.025890814,41.14710042,103.9038514
2024-05-20 00:00:00,0.16572,0.112289415,1,1,0.056144708,45.87977369,109.7936475
2024-05-21 00:00:00,0.17035,0.027938692,1,1,0.027938692,47.18953324,112.8890771
2024-05-22 00:00:00,0.16637,-0.023363663,1,1,-0.023363663,46.06364922,110.2282111
2024-05-23 00:00:00,0.15973,-0.039911042,1,1,-0.039911042,44.18528996,105.7889773
2024-05-24 00:00:00,0.16388,0.025981344,1,1,0.025981344,45.3592645,108.5634984
2024-05-25 00:00:00,0.1741,0.062362704,1,1,0.062362704,48.25035361,115.3961745
2024-05-26 00:00:00,0.16625,-0.045089029,1,1,-0.045089029,46.02970297,110.1479839
2024-05-27 00:00:00,0.16919,0.017684211,1,1,0.017684211,46.86138614,112.1135483
2024-05-28 00:00:00,0.16511,-0.0241149,1,1,-0.0241149,45.70721358,109.3858263
2024-05-29 00:00:00,0.16397,-0.006904488,1,1,-0.006904488,45.38472419,108.6236687
2024-05-30 00:00:00,0.15954,-0.027017137,1,1,-0.027017137,44.13154173,105.661951
2024-05-31 00:00:00,0.15909,-0.002820609,1,1,-0.002820609,44.00424328,105.3610993
2024-06-01 00:00:00,0.16043,0.008422905,1,1,0.008422905,44.38330976,106.2569688
2024-06-02 00:00:00,0.15718,-0.020258056,1,1,-0.020258056,43.46393211,104.0841511
2024-06-03 00:00:00,0.15841,0.007825423,0,0.5,0.007825423,43.81188119,104.906479
2024-06-04 00:00:00,0.16148,0.01938009,1,1,0.009690045,44.68033946,105.9327175
2024-06-05 00:00:00,0.16341,0.011951945,1,1,0.011951945,45.22630835,107.2107715
2024-06-06 00:00:00,0.16026,-0.019276666,1,1,-0.019276666,44.33521924,105.1248286
2024-06-07 00:00:00,0.14821,-0.075190316,1,1,-0.075190316,40.92644979,97.14526919
2024-06-08 00:00:00,0.14589,-0.015653465,0,0.5,-0.015653465,40.27015559,95.60895568
2024-06-09 00:00:00,0.14676,0.005963397,1,1,0.002981699,40.51626591,95.89701446
2024-06-10 00:00:00,0.14476,-0.013627691,1,1,-0.013627691,39.95049505,94.57653185
2024-06-11 00:00:00,0.13801,-0.046628903,0,0.5,-0.046628903,38.04101839,90.11990301
2024-06-12 00:00:00,0.14624,0.05963336,0,0.5,0.02981668,40.36916549,92.836796
2024-06-13 00:00:00,0.14111,-0.035079322,0,0.5,-0.017539661,38.91796322,91.19093042
2024-06-14 00:00:00,0.13488,-0.044149954,0,0.5,-0.022074977,37.15558699,89.15581776
2024-06-15 00:00:00,0.1367,0.013493476,0,0.5,0.006746738,37.67043847,89.76407542
2024-06-16 00:00:00,0.13705,0.002560351,0,0.5,0.001280176,37.76944837,89.88026937
2024-06-17 00:00:00,0.12869,-0.060999635,0,0.5,-0.030499818,35.40452617,87.10843774
2024-06-18 00:00:00,0.12216,-0.050742093,0,0.5,-0.025371047,33.5572843,84.87303445
2024-06-19 00:00:00,0.12242,0.002128356,0,0.5,0.001064178,33.63083451,84.96441865
2024-06-20 00:00:00,0.12447,0.01674563,0,0.5,0.008372815,34.21074965,85.68418282
2024-06-21 00:00:00,0.12411,-0.002892263,0,0.5,-0.001446132,34.10891089,85.55882608
2024-06-22 00:00:00,0.12368,-0.003464668,0,0.5,-0.001732334,33.98727016,85.40887727
2024-06-23 00:00:00,0.12214,-0.012451488,0,0.5,-0.006225744,33.55162659,84.87091773
2024-06-24 00:00:00,0.11894,-0.026199443,0,0.5,-0.013099722,32.64639321,83.74603261
2024-06-25 00:00:00,0.12611,0.060282495,0,0.5,0.030141248,34.67468175,86.30038377
2024-06-26 00:00:00,0.12274,-0.026722702,0,0.5,-0.013361351,33.72135785,85.13393268
2024-06-27 00:00:00,0.12707,0.035277823,0,0.5,0.017638912,34.94625177,86.6532415
2024-06-28 00:00:00,0.12301,-0.031950893,0,0.5,-0.015975447,33.79773692,85.25294182
2024-06-29 00:00:00,0.1218,-0.009836599,-1,0,-0.004918299,33.45544554,84.82872404
2024-06-30 00:00:00,0.12445,0.021756979,-1,0,0,34.20509194,84.82872404
2024-07-01 00:00:00,0.12345,-0.008035356,-1,0,0,33.92220651,84.82872404
2024-07-02 00:00:00,0.12529,0.01490482,-1,0,0,34.4427157,84.82872404
2024-07-03 00:00:00,0.11842,-0.054832788,-1,0,0,32.49929279,84.82872404
2024-07-04 00:00:00,0.10497,-0.113578787,-1,0,0,28.69448373,84.82872404
2024-07-05 00:00:00,0.10537,0.003810613,-1,0,0,28.80763791,84.82872404
2024-07-06 00:00:00,0.11337,0.075922938,-1,0,0,31.07072136,84.82872404
2024-07-07 00:00:00,0.10409,-0.08185587,-1,0,0,28.44554455,84.82872404
2024-07-08 00:00:00,0.10752,0.032952253,-1,0,0,29.41584158,84.82872404
2024-07-09 00:00:00,0.10751,-9.3006E-05,-1,0,0,29.41301273,84.82872404
2024-07-10 00:00:00,0.10794,0.003999628,-1,0,0,29.53465347,84.82872404
2024-07-11 00:00:00,0.10656,-0.01278488,-1,0,0,29.14427157,84.82872404
2024-07-12 00:00:00,0.10759,0.009665916,-1,0,0,29.43564356,84.82872404
2024-07-13 00:00:00,0.11227,0.043498466,-1,0,0,30.75954738,84.82872404
2024-07-14 00:00:00,0.11526,0.026632226,-1,0,0,31.60537482,84.82872404
2024-07-15 00:00:00,0.12482,0.082942912,-1,0,0,34.30975955,84.82872404
2024-07-16 00:00:00,0.12474,-0.000640923,-1,0,0,34.28712871,84.82872404
2024-07-17 00:00:00,0.12172,-0.024210358,-1,0,0,33.43281471,84.82872404
2024-07-18 00:00:00,0.11948,-0.018402892,-1,0,0,32.79915134,84.82872404
2024-07-19 00:00:00,0.12541,0.049631738,0,0.5,0,34.47666195,84.82872404
2024-07-20 00:00:00,0.1342,0.070090104,0,0.5,0.035045052,36.96322489,87.83659615
2024-07-21 00:00:00,0.14025,0.045081967,0,0.5,0.022540984,38.67468175,89.83906041
2024-07-22 00:00:00,0.1377,-0.018181818,0,0.5,-0.009090909,37.9533239,89.01325077
2024-07-23 00:00:00,0.13024,-0.054175744,0,0.5,-0.027087872,35.84299859,86.57498334
2024-07-24 00:00:00,0.12786,-0.018273956,0,0.5,-0.009136978,35.16973126,85.77481265
2024-07-25 00:00:00,0.12516,-0.021116847,-1,0,-0.010558423,34.40594059,84.85860745
2024-07-26 00:00:00,0.13416,0.071907958,0,0.5,0,36.95190948,84.85860745
2024-07-27 00:00:00,0.13141,-0.020497913,0,0.5,-0.010248956,36.17397454,83.97864632
2024-07-28 00:00:00,0.12996,-0.011034168,0,0.5,-0.005517084,35.76379066,83.509812
2024-07-29 00:00:00,0.12837,-0.012234534,0,0.5,-0.006117267,35.31400283,82.99284292
2024-07-30 00:00:00,0.12542,-0.022980447,0,0.5,-0.011490224,34.47949081,82.02774638
2024-07-31 00:00:00,0.12187,-0.028304896,-1,0,-0.014152448,33.47524752,80.85270054
2024-08-01 00:00:00,0.11895,-0.023959957,-1,0,0,32.64922207,80.85270054
2024-08-02 00:00:00,0.11149,-0.062715427,-1,0,0,30.53889675,80.85270054
2024-08-03 00:00:00,0.10807,-0.030675397,0,0.5,0,29.57142857,80.85270054
2024-08-04 00:00:00,0.10371,-0.040344221,-1,0,-0.020172111,28.33804809,79.2015588
2024-08-05 00:00:00,0.0943,-0.090733777,-1,0,0,25.67609618,79.2015588
2024-08-06 00:00:00,0.09638,0.022057264,-1,0,0,26.26449788,79.2015588
2024-08-07 00:00:00,0.09555,-0.008611745,-1,0,0,26.02970297,79.2015588
2024-08-08 00:00:00,0.10741,0.124123496,-1,0,0,29.38472419,79.2015588
2024-08-09 00:00:00,0.10378,-0.033795736,-1,0,0,28.35785007,79.2015588
2024-08-10 00:00:00,0.10511,0.012815571,-1,0,0,28.73408769,79.2015588
2024-08-11 00:00:00,0.10053,-0.043573399,-1,0,0,27.43847242,79.2015588
2024-08-12 00:00:00,0.10784,0.072714613,-1,0,0,29.50636492,79.2015588
2024-08-13 00:00:00,0.1063,-0.014280415,-1,0,0,29.07072136,79.2015588
2024-08-14 00:00:00,0.10235,-0.037158984,-1,0,0,27.9533239,79.2015588
2024-08-15 00:00:00,0.10013,-0.021690278,-1,0,0,27.32531825,79.2015588
2024-08-16 00:00:00,0.10028,0.001498053,-1,0,0,27.36775106,79.2015588
2024-08-17 00:00:00,0.10271,0.02423215,-1,0,0,28.05516266,79.2015588
2024-08-18 00:00:00,0.09998,-0.02657969,-1,0,0,27.28288543,79.2015588
2024-08-19 00:00:00,0.10127,0.012902581,-1,0,0,27.64780764,79.2015588
2024-08-20 00:00:00,0.10286,0.015700602,-1,0,0,28.09759547,79.2015588
2024-08-21 00:00:00,0.10612,0.031693564,-1,0,0,29.01980198,79.2015588
2024-08-22 00:00:00,0.10522,-0.008480965,-1,0,0,28.76520509,79.2015588
2024-08-23 00:00:00,0.11288,0.072799848,-1,0,0,30.9321075,79.2015588
2024-08-24 00:00:00,0.1125,-0.003366407,-1,0,0,30.82461103,79.2015588
2024-08-25 00:00:00,0.10954,-0.026311111,-1,0,0,29.98727016,79.2015588
2024-08-26 00:00:00,0.10513,-0.040259266,-1,0,0,28.7397454,79.2015588
2024-08-27 00:00:00,0.09884,-0.059830686,-1,0,0,26.96039604,79.2015588
2024-08-28 00:00:00,0.09956,0.0072845,-1,0,0,27.16407355,79.2015588
2024-08-29 00:00:00,0.10031,0.007533146,-1,0,0,27.37623762,79.2015588
2024-08-30 00:00:00,0.10175,0.014355498,-1,0,0,27.78359264,79.2015588
2024-08-31 00:00:00,0.10124,-0.005012285,-1,0,0,27.63932107,79.2015588
2024-09-01 00:00:00,0.09502,-0.061438167,-1,0,0,25.87977369,79.2015588
2024-09-02 00:00:00,0.09907,0.042622606,-1,0,0,27.02545969,79.2015588
2024-09-03 00:00:00,0.09674,-0.023518724,-1,0,0,26.36633663,79.2015588
2024-09-04 00:00:00,0.09797,0.012714492,0,0.5,0,26.71428571,79.2015588
2024-09-05 00:00:00,0.09837,0.004082883,0,0.5,0.002041441,26.82743989,79.36528557
2024-09-06 00:00:00,0.09244,-0.060282606,-1,0,-0.030141303,25.14992928,76.94297113
2024-09-07 00:00:00,0.09534,0.031371701,-1,0,0,25.97029703,76.94297113
2024-09-08 00:00:00,0.09609,0.007866583,-1,0,0,26.1824611,76.94297113
2024-09-09 00:00:00,0.10375,0.079716932,-1,0,0,28.34936351,76.94297113
2024-09-10 00:00:00,0.10274,-0.00973494,0,0.5,0,28.06364922,76.94297113
2024-09-11 00:00:00,0.10125,-0.014502628,-1,0,-0.007251314,27.64214993,76.37778217
2024-09-12 00:00:00,0.10267,0.014024691,-1,0,0,28.04384724,76.37778217
2024-09-13 00:00:00,0.1069,0.041199961,0,0.5,0,29.24045262,76.37778217
2024-09-14 00:00:00,0.10534,-0.014593078,0,0.5,-0.007296539,28.79915134,75.81319218
2024-09-15 00:00:00,0.10275,-0.024587051,0,0.5,-0.012293526,28.06647808,74.86888723
2024-09-16 00:00:00,0.0996,-0.030656934,-1,0,-0.015328467,27.17538897,73.70593348
2024-09-17 00:00:00,0.10105,0.014558233,0,0.5,0,27.58557284,73.70593348
2024-09-18 00:00:00,0.10381,0.027313211,0,0.5,0.013656606,28.36633663,74.72616295
2024-09-19 00:00:00,0.10497,0.011174261,0,0.5,0.00558713,28.69448373,75.1492549
2024-09-20 00:00:00,0.10548,0.004858531,-1,0,0.002429266,28.8387553,75.33424165
2024-09-21 00:00:00,0.1099,0.041903678,0,0.5,0,30.08910891,75.33424165
2024-09-22 00:00:00,0.10627,-0.033030027,-1,0,-0.016515014,29.06223479,74.07358061
2024-09-23 00:00:00,0.108,0.016279289,-1,0,0,29.55162659,74.07358061
2024-09-24 00:00:00,0.10973,0.016018519,0,0.5,0,30.04101839,74.07358061
2024-09-25 00:00:00,0.10843,-0.011847261,0,0.5,-0.005923631,29.67326733,73.62887244
2024-09-26 00:00:00,0.11813,0.089458637,0,0.5,0.044729318,32.41725601,76.96697104
2024-09-27 00:00:00,0.12348,0.045289088,0,0.5,0.022644544,33.93069307,78.73249756
2024-09-28 00:00:00,0.12805,0.037010042,0,0.5,0.018505021,35.22347949,80.20794911
2024-09-29 00:00:00,0.12435,-0.028894963,0,0.5,-0.014447481,34.17680339,79.03469877
2024-09-30 00:00:00,0.11415,-0.082026538,0,0.5,-0.041013269,31.29137199,75.75221414
2024-10-01 00:00:00,0.10679,-0.064476566,0,0.5,-0.032238283,29.20933522,73.27785454
2024-10-02 00:00:00,0.10459,-0.02060118,0,0.5,-0.01030059,28.58698727,72.51274882
2024-10-03 00:00:00,0.10502,0.004111292,0,0.5,0.002055646,28.70862801,72.663865
2024-10-04 00:00:00,0.10918,0.039611503,0,0.5,0.019805751,29.8854314,74.12283319
2024-10-05 00:00:00,0.10937,0.001740245,0,0.5,0.000870123,29.93917963,74.18819927
2024-10-06 00:00:00,0.11153,0.019749474,0,0.5,0.009874737,30.55021216,74.93066297
2024-10-07 00:00:00,0.10837,-0.028333184,0,0.5,-0.014166592,29.6562942,73.85498426
2024-10-08 00:00:00,0.10704,-0.012272769,0,0.5,-0.006136385,29.28005658,73.39564528
2024-10-09 00:00:00,0.10788,0.007847534,0,0.5,0.003923767,29.51768034,73.68755645
2024-10-10 00:00:00,0.10596,-0.017797553,0,0.5,-0.008898776,28.97454031,73.02292858
2024-10-11 00:00:00,0.11075,0.045205738,0,0.5,0.022602869,30.32956153,74.69605914
2024-10-12 00:00:00,0.11132,0.005146727,0,0.5,0.002573363,30.49080622,74.89085261
2024-10-13 00:00:00,0.11136,0.000359324,0,0.5,0.000179662,30.50212164,74.90448733
2024-10-14 00:00:00,0.11664,0.047413793,0,0.5,0.023706897,31.99575672,76.70394716
2024-10-15 00:00:00,0.11747,0.007115912,0,0.5,0.003557956,32.23055163,76.98041439
2024-10-16 00:00:00,0.12571,0.070145569,1,1,0.035072785,34.56152758,79.71540466
2024-10-17 00:00:00,0.1296,0.030944237,1,1,0.030944237,35.66195191,82.21308125
2024-10-18 00:00:00,0.13717,0.058410494,1,1,0.058410494,37.80339463,87.07359842
2024-10-19 00:00:00,0.14402,0.049938033,1,1,0.049938033,39.74115983,91.4718207
2024-10-20 00:00:00,0.1421,-0.013331482,1,1,-0.013331482,39.1980198,90.23903431
2024-10-21 00:00:00,0.14363,0.010767065,1,1,0.010767065,39.63083451,91.22141096
2024-10-22 00:00:00,0.13964,-0.027779712,1,1,-0.027779712,38.50212164,88.65952675
2024-10-23 00:00:00,0.13998,0.002434832,1,1,0.002434832,38.59830269,88.87783267
2024-10-24 00:00:00,0.14188,0.013573368,1,1,0.013573368,39.13578501,90.09777753
2024-10-25 00:00:00,0.13154,-0.072878489,1,1,-0.072878489,36.21074965,83.45870917
2024-10-26 00:00:00,0.13739,0.044473164,1,1,0.044473164,37.86562942,87.2148552
2024-10-27 00:00:00,0.14425,0.049930854,1,1,0.049930854,39.80622348,91.61949823
2024-10-28 00:00:00,0.1614,0.118890815,1,1,0.118890815,44.65770863,102.6311058
2024-10-29 00:00:00,0.17587,0.089653036,1,1,0.089653036,48.75106082,111.9219491
2024-10-30 00:00:00,0.16829,-0.043100017,1,1,-0.043100017,46.60678925,107.0550111
2024-10-31 00:00:00,0.16162,-0.039633965,1,1,-0.039633965,44.71994342,102.7723626
2024-11-01 00:00:00,0.15913,-0.015406509,1,1,-0.015406509,44.0155587,101.1735927
2024-11-02 00:00:00,0.15952,0.002450826,1,1,0.002450826,44.12588402,101.4240025
2024-11-03 00:00:00,0.15129,-0.051592277,1,1,-0.051592277,41.79773692,96.13971499
2024-11-04 00:00:00,0.15817,0.045475577,1,1,0.045475577,43.74398868,100.5571996
2024-11-05 00:00:00,0.16991,0.074223936,1,1,0.074223936,47.06506365,108.0951747
2024-11-06 00:00:00,0.19646,0.156259196,1,1,0.156259196,54.57567185,125.1422989
2024-11-07 00:00:00,0.19334,-0.015881095,1,1,-0.015881095,53.69306931,123.1390211
2024-11-08 00:00:00,0.20203,0.044946726,1,1,0.044946726,56.15134371,128.7186636
2024-11-09 00:00:00,0.219,0.083997426,1,1,0.083997426,60.95190948,139.6146975
2024-11-10 00:00:00,0.27794,0.26913242,1,1,0.26913242,77.6251768,177.4586713
2024-11-11 00:00:00,0.35184,0.265884723,1,1,0.265884723,98.53041018,224.9081058
2024-11-12 00:00:00,0.3802,0.08060482,1,1,0.08060482,106.553041,243.1173881
2024-11-13 00:00:00,0.39903,0.049526565,1,1,0.049526565,111.8797737,255.2076837
2024-11-14 00:00:00,0.36261,-0.091271333,1,1,-0.091271333,101.5770863,231.8232669
2024-11-15 00:00:00,0.38203,0.053556162,1,1,0.053556162,107.0707214,244.2923876
2024-11-16 00:00:00,0.36435,-0.046279088,1,1,-0.046279088,102.0693069,232.9404796
2024-11-17 00:00:00,0.36737,0.008288733,1,1,0.008288733,102.9236209,234.8795498
2024-11-18 00:00:00,0.37144,0.011078749,1,1,0.011078749,104.0749646,237.4928002
2024-11-19 00:00:00,0.3908,0.052121473,1,1,0.052121473,109.5516266,249.9233963
2024-11-20 00:00:00,0.37791,-0.032983623,1,1,-0.032983623,105.9052334,241.6470335
2024-11-21 00:00:00,0.387,0.024053346,1,1,0.024053346,108.476662,247.4835065
2024-11-22 00:00:00,0.41301,0.067209302,1,1,0.067209302,115.834512,264.1839096
2024-11-23 00:00:00,0.43049,0.04232343,1,1,0.04232343,120.7793494,275.4074024
2024-11-24 00:00:00,0.43046,-6.9688E-05,1,1,-6.9688E-05,120.7708628,275.3881401
2024-11-25 00:00:00,0.39284,-0.08739488,1,1,-0.08739488,110.1287129,251.2332318
2024-11-26 00:00:00,0.38733,-0.014026067,1,1,-0.014026067,108.5700141,247.6953917
2024-11-27 00:00:00,0.4013,0.036067436,1,1,0.036067436,112.5219236,256.6651968
2024-11-28 00:00:00,0.40192,0.001544979,1,1,0.001544979,112.6973126,257.0632841
2024-11-29 00:00:00,0.42664,0.061504777,1,1,0.061504777,119.6902405,272.9354088
2024-11-30 00:00:00,0.42179,-0.011367898,1,1,-0.011367898,118.3182461,269.8213391
2024-12-01 00:00:00,0.44092,0.045354323,1,1,0.045354323,123.7298444,282.1042576
2024-12-02 00:00:00,0.42497,-0.036174363,1,1,-0.036174363,119.2178218,271.8631415
2024-12-03 00:00:00,0.4067,-0.04299127,1,1,-0.04299127,114.049505,260.1324085
2024-12-04 00:00:00,0.43318,0.065109417,1,1,0.065109417,121.5403112,277.1345875
2024-12-05 00:00:00,0.42718,-0.013851055,1,1,-0.013851055,119.8429986,273.28213
2024-12-06 00:00:00,0.43505,0.018423147,1,1,0.018423147,122.0693069,278.3352701
2024-12-07 00:00:00,0.45332,0.041995173,1,1,0.041995173,127.2376238,290.066003
2024-12-08 00:00:00,0.46673,0.029581752,1,1,0.029581752,131.0311174,298.6762455
2024-12-09 00:00:00,0.41393,-0.113127504,1,1,-0.113127504,116.0947666,264.7746198
2024-12-10 00:00:00,0.39372,-0.048824681,1,1,-0.048824681,110.3776521,251.7982589
2024-12-11 00:00:00,0.41404,0.051610281,1,1,0.051610281,116.125884,264.8452482
2024-12-12 00:00:00,0.406,-0.019418414,1,1,-0.019418414,113.8514851,259.6829552
2024-12-13 00:00:00,0.40901,0.007413793,1,1,0.007413793,114.7029703,261.6156047
2024-12-14 00:00:00,0.39805,-0.026796411,1,1,-0.026796411,111.602546,254.578449
2024-12-15 00:00:00,0.40642,0.021027509,1,1,0.021027509,113.970297,259.9526272
2024-12-16 00:00:00,0.40185,-0.011244525,1,1,-0.011244525,112.6775106,257.0183388
2024-12-17 00:00:00,0.39859,-0.00811248,1,1,-0.00811248,111.7553041,254.9251702