date,close_price_EOSUSDT,return_EOSUSDT,signal_EOSUSDT,position_EOSUSDT,signal_return_EOSUSDT,cum_return_EOSUSDT,cum_signal_return_EOSUSDT
2020-01-08 00:00:00,2.778,,0,0.5,,,
2020-01-09 00:00:00,2.745,-0.01187905,0,0.5,-0.005939525,-0.01187905,-0.005939525
2020-01-10 00:00:00,2.983,0.086703097,0,0.5,0.043351548,0.073794096,0.037154536
2020-01-11 00:00:00,2.992,0.003017097,0,0.5,0.001508548,0.077033837,0.038719134
2020-01-12 00:00:00,3.207,0.071858289,0,0.5,0.035929144,0.154427646,0.076039423
2020-01-13 00:00:00,3.105,-0.031805426,0,0.5,-0.015902713,0.117710583,0.058927477
2020-01-14 00:00:00,3.816,0.228985507,0,0.5,0.114492754,0.373650108,0.180167
2020-01-15 00:00:00,3.768,-0.012578616,0,0.5,-0.006289308,0.35637149,0.172744566
2020-01-16 00:00:00,3.838,0.018577495,0,0.5,0.009288747,0.381569474,0.183637894
2020-01-17 00:00:00,3.904,0.017196456,0,0.5,0.008598228,0.405327574,0.193815083
2020-01-18 00:00:00,3.808,-0.024590164,0,0.5,-0.012295082,0.370770338,0.179137029
2020-01-19 00:00:00,3.613,-0.051207983,0,0.5,-0.025603992,0.300575954,0.148946414
2020-01-20 00:00:00,3.621,0.002214226,0,0.5,0.001107113,0.303455724,0.150218428
2020-01-21 00:00:00,3.654,0.009113505,0,0.5,0.004556752,0.315334773,0.155459688
2020-01-22 00:00:00,3.655,0.000273673,0,0.5,0.000136836,0.315694744,0.155617797
2020-01-23 00:00:00,3.572,-0.022708618,0,0.5,-0.011354309,0.285817135,0.142496556
2020-01-24 00:00:00,3.635,0.017637178,0,0.5,0.008818589,0.30849532,0.152571763
2020-01-25 00:00:00,3.501,-0.036863824,0,0.5,-0.018431912,0.260259179,0.131327662
2020-01-26 00:00:00,3.649,0.042273636,0,0.5,0.021136818,0.313534917,0.155240329
2020-01-27 00:00:00,3.965,0.086599068,0,0.5,0.043299534,0.427285817,0.205261697
2020-01-28 00:00:00,4.045,0.020176545,0,0.5,0.010088272,0.456083513,0.217420705
2020-01-29 00:00:00,3.969,-0.018788628,0,0.5,-0.009394314,0.428725702,0.205983873
2020-01-30 00:00:00,4.328,0.090450995,0,0.5,0.045225498,0.557955364,0.260525094
2020-01-31 00:00:00,4.151,-0.040896488,0,0.5,-0.020448244,0.494240461,0.234749569
2020-02-01 00:00:00,4.157,0.001445435,0,0.5,0.000722717,0.496400288,0.235641944
2020-02-02 00:00:00,4.217,0.014433486,0,0.5,0.007216743,0.51799856,0.244559254
2020-02-03 00:00:00,4.203,-0.003319896,0,0.5,-0.001659948,0.512958963,0.242493351
2020-02-04 00:00:00,4.231,0.006661908,0,0.5,0.003330954,0.523038157,0.246632039
2020-02-05 00:00:00,4.535,0.071850626,0,0.5,0.035925313,0.632469402,0.291417685
2020-02-06 00:00:00,4.609,0.01631753,0,0.5,0.008158765,0.659107271,0.301954059
2020-02-07 00:00:00,4.598,-0.002386635,0,0.5,-0.001193317,0.655147588,0.300400414
2020-02-08 00:00:00,4.766,0.036537625,0,0.5,0.018268813,0.71562275,0.324157186
2020-02-09 00:00:00,5.02,0.053294167,0,0.5,0.026647084,0.807055436,0.359442113
2020-02-10 00:00:00,4.901,-0.023705179,0,0.5,-0.01185259,0.764218862,0.343329203
2020-02-11 00:00:00,5.252,0.071618037,0,0.5,0.035809019,0.890568754,0.391432504
2020-02-12 00:00:00,5.341,0.016945925,0,0.5,0.008472963,0.922606192,0.403222059
2020-02-13 00:00:00,5.368,0.005055233,0,0.5,0.002527617,0.932325414,0.406768867
2020-02-14 00:00:00,5.382,0.002608048,0,0.5,0.001304024,0.937365011,0.408603327
2020-02-15 00:00:00,4.753,-0.116871052,0,0.5,-0.058435526,0.710943125,0.326290851
2020-02-16 00:00:00,4.384,-0.077635178,0,0.5,-0.038817589,0.578113751,0.274807438
2020-02-17 00:00:00,4.358,-0.005930657,0,0.5,-0.002965328,0.5687545,0.271027215
2020-02-18 00:00:00,4.587,0.05254704,0,0.5,0.02627352,0.651187905,0.304421574
2020-02-19 00:00:00,3.98,-0.132330499,0,0.5,-0.06616525,0.432685385,0.218114195
2020-02-20 00:00:00,4,0.005025126,0,0.5,0.002512563,0.439884809,0.221174783
2020-02-21 00:00:00,4.055,0.01375,0,0.5,0.006875,0.459683225,0.22957036
2020-02-22 00:00:00,4.106,0.012577065,0,0.5,0.006288533,0.478041757,0.237302553
2020-02-23 00:00:00,4.385,0.067949342,0,0.5,0.033974671,0.578473722,0.279339501
2020-02-24 00:00:00,4.126,-0.059064994,0,0.5,-0.029532497,0.485241181,0.241557411
2020-02-25 00:00:00,4.08,-0.011148812,0,0.5,-0.005574406,0.468682505,0.234636465
2020-02-26 00:00:00,3.538,-0.132843137,0,0.5,-0.066421569,0.273578114,0.152629975
2020-02-27 00:00:00,3.621,0.023459582,0,0.5,0.011729791,0.303455724,0.166150083
2020-02-28 00:00:00,3.517,-0.028721348,0,0.5,-0.014360674,0.266018719,0.149403382
2020-02-29 00:00:00,3.515,-0.000568666,0,0.5,-0.000284333,0.265298776,0.149076569
2020-03-01 00:00:00,3.513,-0.00056899,0,0.5,-0.000284495,0.264578834,0.148749662
2020-03-02 00:00:00,3.713,0.056931398,0,0.5,0.028465699,0.336573074,0.181449624
2020-03-03 00:00:00,3.627,-0.023161864,0,0.5,-0.011580932,0.305615551,0.167767336
2020-03-04 00:00:00,3.596,-0.008547009,0,0.5,-0.004273504,0.294456443,0.162776878
2020-03-05 00:00:00,3.768,0.047830923,0,0.5,0.023915462,0.35637149,0.190585223
2020-03-06 00:00:00,3.842,0.019639066,0,0.5,0.009819533,0.383009359,0.202276214
2020-03-07 00:00:00,3.644,-0.051535659,0,0.5,-0.025767829,0.311735061,0.171296166
2020-03-08 00:00:00,3.044,-0.164654226,0,0.5,-0.082327113,0.09575234,0.074866734
2020-03-09 00:00:00,3.061,0.005584757,0,0.5,0.002792378,0.10187185,0.077868169
2020-03-10 00:00:00,3.074,0.004246978,0,0.5,0.002123489,0.106551476,0.08015701
2020-03-11 00:00:00,3.067,-0.002277163,0,0.5,-0.001138582,0.104031677,0.078927163
2020-03-12 00:00:00,1.761,-0.42582328,0,0.5,-0.21291164,-0.366090713,-0.150788989
2020-03-13 00:00:00,2.114,0.200454287,0,0.5,0.100227144,-0.239020878,-0.065674995
2020-03-14 00:00:00,1.96,-0.072847682,0,0.5,-0.036423841,-0.294456443,-0.0997067
2020-03-15 00:00:00,2.047,0.044387755,0,0.5,0.022193878,-0.263138949,-0.079725701
2020-03-16 00:00:00,1.892,-0.075720567,0,0.5,-0.037860283,-0.318934485,-0.114567547
2020-03-17 00:00:00,1.968,0.040169133,0,0.5,0.020084567,-0.291576674,-0.09678402
2020-03-18 00:00:00,2.001,0.016768293,0,0.5,0.008384146,-0.279697624,-0.089211325
2020-03-19 00:00:00,2.28,0.139430285,0,0.5,0.069715142,-0.179265659,-0.025715562
2020-03-20 00:00:00,2.207,-0.032017544,0,0.5,-0.016008772,-0.205543557,-0.04131266
2020-03-21 00:00:00,2.275,0.030811056,0,0.5,0.015405528,-0.181065515,-0.026543575
2020-03-22 00:00:00,2.137,-0.060659341,0,0.5,-0.03032967,-0.230741541,-0.056068188
2020-03-23 00:00:00,2.288,0.070659803,0,0.5,0.035329902,-0.176385889,-0.022719169
2020-03-24 00:00:00,2.346,0.02534965,0,0.5,0.012674825,-0.155507559,-0.010332306
2020-03-25 00:00:00,2.298,-0.020460358,0,0.5,-0.010230179,-0.172786177,-0.020456783
2020-03-26 00:00:00,2.324,0.011314186,0,0.5,0.005657093,-0.163426926,-0.014915416
2020-03-27 00:00:00,2.193,-0.05636833,0,0.5,-0.028184165,-0.210583153,-0.042679203
2020-03-28 00:00:00,2.199,0.002735978,0,0.5,0.001367989,-0.208423326,-0.041369599
2020-03-29 00:00:00,2.115,-0.038199181,0,0.5,-0.019099591,-0.238660907,-0.059679047
2020-03-30 00:00:00,2.228,0.053427896,0,0.5,0.026713948,-0.197984161,-0.034559362
2020-03-31 00:00:00,2.21,-0.008078995,0,0.5,-0.004039497,-0.204463643,-0.038459257
2020-04-01 00:00:00,2.255,0.020361991,0,0.5,0.010180995,-0.188264939,-0.028669815
2020-04-02 00:00:00,2.29,0.015521064,0,0.5,0.007760532,-0.175665947,-0.021131776
2020-04-03 00:00:00,2.334,0.019213974,0,0.5,0.009606987,-0.159827214,-0.011727801
2020-04-04 00:00:00,2.358,0.010282776,0,0.5,0.005141388,-0.151187905,-0.00664671
2020-04-05 00:00:00,2.35,-0.003392706,0,0.5,-0.001696353,-0.154067675,-0.008331788
2020-04-06 00:00:00,2.76,0.174468085,0,0.5,0.087234043,-0.006479482,0.078175439
2020-04-07 00:00:00,2.632,-0.046376812,0,0.5,-0.023188406,-0.052555796,0.053174269
2020-04-08 00:00:00,2.75,0.044832827,0,0.5,0.022416413,-0.010079194,0.076782659
2020-04-09 00:00:00,2.724,-0.009454545,0,0.5,-0.004727273,-0.019438445,0.071692414
2020-04-10 00:00:00,2.492,-0.085168869,0,0.5,-0.042584435,-0.102951764,0.026054998
2020-04-11 00:00:00,2.508,0.006420546,0,0.5,0.003210273,-0.097192225,0.029348915
2020-04-12 00:00:00,2.498,-0.003987241,0,0.5,-0.00199362,-0.100791937,0.027296784
2020-04-13 00:00:00,2.441,-0.022818255,0,0.5,-0.011409127,-0.121310295,0.015576224
2020-04-14 00:00:00,2.465,0.009832036,0,0.5,0.004916018,-0.112670986,0.020568815
2020-04-15 00:00:00,2.399,-0.026774848,0,0.5,-0.013387424,-0.136429086,0.006906028
2020-04-16 00:00:00,2.659,0.108378491,0,0.5,0.054189246,-0.042836573,0.061469506
2020-04-17 00:00:00,2.614,-0.016923656,0,0.5,-0.008461828,-0.059035277,0.052487533
2020-04-18 00:00:00,2.728,0.043611324,0,0.5,0.021805662,-0.01799856,0.075437721
2020-04-19 00:00:00,2.599,-0.04728739,0,0.5,-0.023643695,-0.064434845,0.050010399
2020-04-20 00:00:00,2.507,-0.03539823,0,0.5,-0.017699115,-0.097552196,0.031426144
2020-04-21 00:00:00,2.518,0.004387714,0,0.5,0.002193857,-0.093592513,0.033688946
2020-04-22 00:00:00,2.625,0.042494043,0,0.5,0.021247021,-0.055075594,0.055651757
2020-04-23 00:00:00,2.682,0.021714286,0,0.5,0.010857143,-0.034557235,0.067113119
2020-04-24 00:00:00,2.708,0.009694258,0,0.5,0.004847129,-0.025197984,0.072285554
2020-04-25 00:00:00,2.703,-0.001846381,0,0.5,-0.000923191,-0.02699784,0.07129563
2020-04-26 00:00:00,2.737,0.012578616,0,0.5,0.006289308,-0.014758819,0.078033339
2020-04-27 00:00:00,2.747,0.003653635,0,0.5,0.001826818,-0.011159107,0.080002709
2020-04-28 00:00:00,2.764,0.006188569,0,0.5,0.003094285,-0.005039597,0.083344545
2020-04-29 00:00:00,3.008,0.088277858,0,0.5,0.044138929,0.082793377,0.131162213
2020-04-30 00:00:00,2.823,-0.06150266,0,0.5,-0.03075133,0.016198704,0.096377471
2020-05-01 00:00:00,2.876,0.018774354,0,0.5,0.009387177,0.035277178,0.10666936
2020-05-02 00:00:00,2.944,0.02364395,0,0.5,0.011821975,0.05975522,0.119752377
2020-05-03 00:00:00,2.838,-0.036005435,0,0.5,-0.018002717,0.021598272,0.099593792
2020-05-04 00:00:00,2.771,-0.023608175,0,0.5,-0.011804087,-0.002519798,0.08661409
2020-05-05 00:00:00,2.772,0.000360881,0,0.5,0.00018044,-0.002159827,0.086810159
2020-05-06 00:00:00,2.653,-0.042929293,0,0.5,-0.021464646,-0.0449964,0.063482163
2020-05-07 00:00:00,2.759,0.039954768,0,0.5,0.019977384,-0.006839453,0.084727755
2020-05-08 00:00:00,2.756,-0.00108735,1,1,-0.000543675,-0.007919366,0.084138015
2020-05-09 00:00:00,2.755,-0.000362845,0,0.5,-0.000362845,-0.008279338,0.083744642
2020-05-10 00:00:00,2.443,-0.113248639,-1,0,-0.056624319,-0.120590353,0.022378339
2020-05-11 00:00:00,2.398,-0.018419975,-1,0,0,-0.136789057,0.022378339
2020-05-12 00:00:00,2.44,0.017514595,-1,0,0,-0.121670266,0.022378339
2020-05-13 00:00:00,2.524,0.03442623,0,0.5,0,-0.091432685,0.022378339
2020-05-14 00:00:00,2.622,0.038827258,0,0.5,0.019413629,-0.056155508,0.042226413
2020-05-15 00:00:00,2.583,-0.014874142,0,0.5,-0.007437071,-0.070194384,0.034475301
2020-05-16 00:00:00,2.635,0.02013163,-1,0,0.010065815,-0.051475882,0.044888138
2020-05-17 00:00:00,2.618,-0.006451613,0,0.5,0,-0.057595392,0.044888138
2020-05-18 00:00:00,2.666,0.018334607,-1,0,0.009167303,-0.040316775,0.054466945
2020-05-19 00:00:00,2.653,-0.004876219,0,0.5,0,-0.0449964,0.054466945
2020-05-20 00:00:00,2.596,-0.021485111,0,0.5,-0.010742556,-0.065514759,0.043139275
2020-05-21 00:00:00,2.46,-0.05238829,-1,0,-0.026194145,-0.114470842,0.015815134
2020-05-22 00:00:00,2.595,0.054878049,-1,0,0,-0.06587473,0.015815134
2020-05-23 00:00:00,2.561,-0.013102119,-1,0,0,-0.078113751,0.015815134
2020-05-24 00:00:00,2.487,-0.028894963,-1,0,0,-0.10475162,0.015815134
2020-05-25 00:00:00,2.53,0.017289908,-1,0,0,-0.089272858,0.015815134
2020-05-26 00:00:00,2.504,-0.01027668,-1,0,0,-0.098632109,0.015815134
2020-05-27 00:00:00,2.574,0.027955272,-1,0,0,-0.073434125,0.015815134
2020-05-28 00:00:00,2.612,0.014763015,-1,0,0,-0.05975522,0.015815134
2020-05-29 00:00:00,2.614,0.000765697,-1,0,0,-0.059035277,0.015815134
2020-05-30 00:00:00,2.773,0.06082632,-1,0,0,-0.001799856,0.015815134
2020-05-31 00:00:00,2.674,-0.035701406,-1,0,0,-0.037437005,0.015815134
2020-06-01 00:00:00,2.823,0.055721765,-1,0,0,0.016198704,0.015815134
2020-06-02 00:00:00,2.677,-0.05171803,-1,0,0,-0.036357091,0.015815134
2020-06-03 00:00:00,2.696,0.007097497,-1,0,0,-0.029517639,0.015815134
2020-06-04 00:00:00,2.724,0.010385757,-1,0,0,-0.019438445,0.015815134
2020-06-05 00:00:00,2.818,0.034508076,0,0.5,0,0.014398848,0.015815134
2020-06-06 00:00:00,2.799,-0.00674237,0,0.5,-0.003371185,0.007559395,0.012390633
2020-06-07 00:00:00,2.809,0.003572705,0,0.5,0.001786352,0.011159107,0.014199119
2020-06-08 00:00:00,2.79,-0.006763973,0,0.5,-0.003381986,0.004319654,0.010769111
2020-06-09 00:00:00,2.753,-0.013261649,0,0.5,-0.006630824,-0.00899928,0.004066879
2020-06-10 00:00:00,2.757,0.00145296,0,0.5,0.00072648,-0.007559395,0.004796313
2020-06-11 00:00:00,2.514,-0.088139282,0,0.5,-0.044069641,-0.095032397,-0.039484699
2020-06-12 00:00:00,2.598,0.033412888,0,0.5,0.016706444,-0.064794816,-0.023437904
2020-06-13 00:00:00,2.606,0.003079292,-1,0,0.001539646,-0.061915047,-0.021934345
2020-06-14 00:00:00,2.568,-0.014581734,-1,0,0,-0.075593952,-0.021934345
2020-06-15 00:00:00,2.531,-0.0144081,-1,0,0,-0.088912887,-0.021934345
2020-06-16 00:00:00,2.554,0.009087317,-1,0,0,-0.080633549,-0.021934345
2020-06-17 00:00:00,2.568,0.005481597,-1,0,0,-0.075593952,-0.021934345
2020-06-18 00:00:00,2.537,-0.012071651,-1,0,0,-0.08675306,-0.021934345
2020-06-19 00:00:00,2.524,-0.005124162,-1,0,0,-0.091432685,-0.021934345
2020-06-20 00:00:00,2.534,0.003961965,0,0.5,0,-0.087832973,-0.021934345
2020-06-21 00:00:00,2.515,-0.007498027,-1,0,-0.003749013,-0.094672426,-0.025601126
2020-06-22 00:00:00,2.585,0.027833002,0,0.5,0,-0.069474442,-0.025601126
2020-06-23 00:00:00,2.572,-0.005029014,0,0.5,-0.002514507,-0.074154068,-0.028051258
2020-06-24 00:00:00,2.502,-0.027216174,-1,0,-0.013608087,-0.099352052,-0.041277621
2020-06-25 00:00:00,2.479,-0.009192646,-1,0,0,-0.107631389,-0.041277621
2020-06-26 00:00:00,2.481,0.000806777,-1,0,0,-0.106911447,-0.041277621
2020-06-27 00:00:00,2.331,-0.060459492,-1,0,0,-0.160907127,-0.041277621
2020-06-28 00:00:00,2.366,0.015015015,-1,0,0,-0.148308135,-0.041277621
2020-06-29 00:00:00,2.379,0.005494505,-1,0,0,-0.14362851,-0.041277621
2020-06-30 00:00:00,2.366,-0.005464481,-1,0,0,-0.148308135,-0.041277621
2020-07-01 00:00:00,2.378,0.005071851,-1,0,0,-0.143988481,-0.041277621
2020-07-02 00:00:00,2.358,-0.008410429,-1,0,0,-0.151187905,-0.041277621
2020-07-03 00:00:00,2.416,0.024597116,-1,0,0,-0.130309575,-0.041277621
2020-07-04 00:00:00,2.459,0.017798013,-1,0,0,-0.114830814,-0.041277621
2020-07-05 00:00:00,2.407,-0.021146808,-1,0,0,-0.133549316,-0.041277621
2020-07-06 00:00:00,2.611,0.084752804,-1,0,0,-0.060115191,-0.041277621
2020-07-07 00:00:00,2.56,-0.019532746,-1,0,0,-0.078473722,-0.041277621
2020-07-08 00:00:00,2.68,0.046875,-1,0,0,-0.035277178,-0.041277621
2020-07-09 00:00:00,2.65,-0.01119403,-1,0,0,-0.046076314,-0.041277621
2020-07-10 00:00:00,2.624,-0.009811321,0,0.5,0,-0.055435565,-0.041277621
2020-07-11 00:00:00,2.622,-0.000762195,1,1,-0.000381098,-0.056155508,-0.041642988
2020-07-12 00:00:00,2.62,-0.000762777,1,1,-0.000762777,-0.05687545,-0.042374
2020-07-13 00:00:00,2.554,-0.02519084,0,0.5,-0.02519084,-0.080633549,-0.066497404
2020-07-14 00:00:00,2.56,0.002349256,0,0.5,0.001174628,-0.078473722,-0.065400885
2020-07-15 00:00:00,2.537,-0.008984375,1,1,-0.004492188,-0.08675306,-0.06959928
2020-07-16 00:00:00,2.502,-0.013795822,0,0.5,-0.013795822,-0.099352052,-0.082434922
2020-07-17 00:00:00,2.496,-0.002398082,0,0.5,-0.001199041,-0.101511879,-0.08353512
2020-07-18 00:00:00,2.502,0.002403846,0,0.5,0.001201923,-0.099352052,-0.0824336
2020-07-19 00:00:00,2.586,0.033573141,1,1,0.016786571,-0.069114471,-0.067030807
2020-07-20 00:00:00,2.563,-0.008894045,1,1,-0.008894045,-0.077393808,-0.075328676
2020-07-21 00:00:00,2.625,0.024190402,1,1,0.024190402,-0.055075594,-0.052960506
2020-07-22 00:00:00,2.663,0.01447619,1,1,0.01447619,-0.041396688,-0.039250981
2020-07-23 00:00:00,2.657,-0.002253098,1,1,-0.002253098,-0.043556515,-0.041415643
2020-07-24 00:00:00,2.596,-0.022958224,1,1,-0.022958224,-0.065514759,-0.063423037
2020-07-25 00:00:00,2.731,0.052003082,1,1,0.052003082,-0.016918647,-0.014718149
2020-07-26 00:00:00,2.716,-0.005492494,1,1,-0.005492494,-0.022318215,-0.020129803
2020-07-27 00:00:00,2.851,0.049705449,1,1,0.049705449,0.026277898,0.028575085
2020-07-28 00:00:00,3,0.052262364,1,1,0.052262364,0.079913607,0.082330851
2020-07-29 00:00:00,3.029,0.009666667,1,1,0.009666667,0.090352772,0.092793382
2020-07-30 00:00:00,3.051,0.007263123,1,1,0.007263123,0.098272138,0.100730475
2020-07-31 00:00:00,3.096,0.014749263,1,1,0.014749263,0.114470842,0.116965438
2020-08-01 00:00:00,3.305,0.06750646,1,1,0.06750646,0.189704824,0.192367821
2020-08-02 00:00:00,2.947,-0.108320726,1,1,-0.108320726,0.060835133,0.063209672
2020-08-03 00:00:00,3.051,0.035290126,1,1,0.035290126,0.098272138,0.100730475
2020-08-04 00:00:00,3.042,-0.002949853,1,1,-0.002949853,0.095032397,0.097483483
2020-08-05 00:00:00,3.057,0.004930966,1,1,0.004930966,0.100431965,0.102895137
2020-08-06 00:00:00,3.094,0.012103369,1,1,0.012103369,0.1137509,0.116243884
2020-08-07 00:00:00,3.012,-0.026502909,1,1,-0.026502909,0.084233261,0.086660174
2020-08-08 00:00:00,3.068,0.018592297,1,1,0.018592297,0.104391649,0.106863683
2020-08-09 00:00:00,3.031,-0.012059974,1,1,-0.012059974,0.091072714,0.093514936
2020-08-10 00:00:00,3.242,0.069613989,1,1,0.069613989,0.167026638,0.169638873
2020-08-11 00:00:00,3.009,-0.071869217,1,1,-0.071869217,0.083153348,0.085577843
2020-08-12 00:00:00,3.03,0.006979063,1,1,0.006979063,0.090712743,0.093154159
2020-08-13 00:00:00,3.14,0.03630363,1,1,0.03630363,0.130309575,0.132839624
2020-08-14 00:00:00,3.266,0.040127389,1,1,0.040127389,0.175665947,0.17829752
2020-08-15 00:00:00,3.729,0.141763625,1,1,0.141763625,0.342332613,0.345337248
2020-08-16 00:00:00,3.885,0.041834272,1,1,0.041834272,0.398488121,0.401618452
2020-08-17 00:00:00,3.78,-0.027027027,1,1,-0.027027027,0.360691145,0.363736872
2020-08-18 00:00:00,3.582,-0.052380952,1,1,-0.052380952,0.289416847,0.292303036
2020-08-19 00:00:00,3.351,-0.064489112,1,1,-0.064489112,0.206263499,0.20896356
2020-08-20 00:00:00,3.448,0.028946583,1,1,0.028946583,0.241180706,0.243958925
2020-08-21 00:00:00,3.254,-0.056264501,1,1,-0.056264501,0.171346292,0.173968196
2020-08-22 00:00:00,3.365,0.034111862,1,1,0.034111862,0.211303096,0.214014438
2020-08-23 00:00:00,3.324,-0.01218425,1,1,-0.01218425,0.196544276,0.199222583
2020-08-24 00:00:00,3.389,0.019554753,1,1,0.019554753,0.219942405,0.222673084
2020-08-25 00:00:00,3.123,-0.07848923,1,1,-0.07848923,0.124190065,0.126706416
2020-08-26 00:00:00,3.12,-0.000960615,1,1,-0.000960615,0.123110151,0.125624085
2020-08-27 00:00:00,2.982,-0.044230769,-1,0,-0.044230769,0.073434125,0.075836866
2020-08-28 00:00:00,3.12,0.046277666,1,1,0,0.123110151,0.075836866
2020-08-29 00:00:00,3.129,0.002884615,1,1,0.002884615,0.126349892,0.078940241
2020-08-30 00:00:00,3.265,0.043464366,1,1,0.043464366,0.175305976,0.125835694
2020-08-31 00:00:00,3.211,-0.016539051,0,0.5,-0.016539051,0.155867531,0.107215441
2020-09-01 00:00:00,3.475,0.082217378,1,1,0.041108689,0.250899928,0.152731616
2020-09-02 00:00:00,3.105,-0.10647482,1,1,-0.10647482,0.117710583,0.029994725
2020-09-03 00:00:00,2.612,-0.158776167,-1,0,-0.158776167,-0.05975522,-0.13354389
2020-09-04 00:00:00,2.995,0.146630934,0,0.5,0,0.078113751,-0.13354389
2020-09-05 00:00:00,2.94,-0.01836394,0,0.5,-0.00918197,0.058315335,-0.141499664
2020-09-06 00:00:00,2.902,-0.01292517,0,0.5,-0.006462585,0.044636429,-0.147047796
2020-09-07 00:00:00,2.854,-0.016540317,0,0.5,-0.008270159,0.027357811,-0.154101846
2020-09-08 00:00:00,2.762,-0.032235459,0,0.5,-0.01611773,-0.005759539,-0.167735803
2020-09-09 00:00:00,2.75,-0.004344678,0,0.5,-0.002172339,-0.010079194,-0.169543763
2020-09-10 00:00:00,2.776,0.009454545,0,0.5,0.004727273,-0.000719942,-0.16561797
2020-09-11 00:00:00,2.785,0.003242075,0,0.5,0.001621037,0.002519798,-0.164265405
2020-09-12 00:00:00,2.806,0.007540395,0,0.5,0.003770197,0.010079194,-0.161114521
2020-09-13 00:00:00,2.727,-0.028153956,0,0.5,-0.014076978,-0.018358531,-0.172923493
2020-09-14 00:00:00,2.733,0.00220022,0,0.5,0.00110011,-0.016198704,-0.172013618
2020-09-15 00:00:00,2.704,-0.01061105,0,0.5,-0.005305525,-0.026637869,-0.176406521
2020-09-16 00:00:00,2.714,0.003698225,0,0.5,0.001849112,-0.023038157,-0.174883604
2020-09-17 00:00:00,2.739,0.009211496,0,0.5,0.004605748,-0.014038877,-0.171083326
2020-09-18 00:00:00,2.692,-0.017159547,0,0.5,-0.008579774,-0.030957523,-0.178195243
2020-09-19 00:00:00,2.704,0.004457652,0,0.5,0.002228826,-0.026637869,-0.176363583
2020-09-20 00:00:00,2.673,-0.011464497,0,0.5,-0.005732249,-0.037796976,-0.181084872
2020-09-21 00:00:00,2.506,-0.062476618,0,0.5,-0.031238309,-0.097912167,-0.206666396
2020-09-22 00:00:00,2.57,0.025538707,0,0.5,0.012769354,-0.07487401,-0.196536038
2020-09-23 00:00:00,2.442,-0.049805447,-1,0,-0.024902724,-0.120950324,-0.216544479
2020-09-24 00:00:00,2.534,0.037674038,-1,0,0,-0.087832973,-0.216544479
2020-09-25 00:00:00,2.546,0.004735596,-1,0,0,-0.083513319,-0.216544479
2020-09-26 00:00:00,2.566,0.00785546,-1,0,0,-0.076313895,-0.216544479
2020-09-27 00:00:00,2.591,0.00974279,-1,0,0,-0.067314615,-0.216544479
2020-09-28 00:00:00,2.562,-0.01119259,-1,0,0,-0.07775378,-0.216544479
2020-09-29 00:00:00,2.601,0.015222482,-1,0,0,-0.063714903,-0.216544479
2020-09-30 00:00:00,2.579,-0.008458285,-1,0,0,-0.071634269,-0.216544479
2020-10-01 00:00:00,2.545,-0.013183404,-1,0,0,-0.08387329,-0.216544479
2020-10-02 00:00:00,2.479,-0.025933202,-1,0,0,-0.107631389,-0.216544479
2020-10-03 00:00:00,2.477,-0.000806777,-1,0,0,-0.108351332,-0.216544479
2020-10-04 00:00:00,2.518,0.016552281,-1,0,0,-0.093592513,-0.216544479
2020-10-05 00:00:00,2.526,0.003177125,-1,0,0,-0.090712743,-0.216544479
2020-10-06 00:00:00,2.696,0.067300079,-1,0,0,-0.029517639,-0.216544479
2020-10-07 00:00:00,2.643,-0.019658754,-1,0,0,-0.048596112,-0.216544479
2020-10-08 00:00:00,2.607,-0.013620885,-1,0,0,-0.061555076,-0.216544479
2020-10-09 00:00:00,2.642,0.013425393,0,0.5,0,-0.048956084,-0.216544479
2020-10-10 00:00:00,2.643,0.000378501,0,0.5,0.000189251,-0.048596112,-0.21639621
2020-10-11 00:00:00,2.658,0.005675369,0,0.5,0.002837684,-0.043196544,-0.21417259
2020-10-12 00:00:00,2.646,-0.004514673,0,0.5,-0.002257336,-0.047516199,-0.215946466
2020-10-13 00:00:00,2.641,-0.001889645,0,0.5,-0.000944822,-0.049316055,-0.216687258
2020-10-14 00:00:00,2.608,-0.012495267,0,0.5,-0.006247633,-0.061195104,-0.221581109
2020-10-15 00:00:00,2.6,-0.003067485,0,0.5,-0.001533742,-0.064074874,-0.222775003
2020-10-16 00:00:00,2.538,-0.023846154,0,0.5,-0.011923077,-0.086393089,-0.232041916
2020-10-17 00:00:00,2.523,-0.005910165,-1,0,-0.002955083,-0.091792657,-0.234311296
2020-10-18 00:00:00,2.547,0.009512485,0,0.5,0,-0.083153348,-0.234311296
2020-10-19 00:00:00,2.584,0.014526894,0,0.5,0.007263447,-0.069834413,-0.228749756
2020-10-20 00:00:00,2.528,-0.021671827,-1,0,-0.010835913,-0.089992801,-0.237106957
2020-10-21 00:00:00,2.608,0.03164557,1,1,0,-0.061195104,-0.237106957
2020-10-22 00:00:00,2.673,0.024923313,1,1,0.024923313,-0.037796976,-0.218093135
2020-10-23 00:00:00,2.643,-0.011223345,1,1,-0.011223345,-0.048596112,-0.226868745
2020-10-24 00:00:00,2.664,0.007945516,1,1,0.007945516,-0.041036717,-0.220725818
2020-10-25 00:00:00,2.711,0.017642643,1,1,0.017642643,-0.024118071,-0.206977362
2020-10-26 00:00:00,2.632,-0.029140539,1,1,-0.029140539,-0.052555796,-0.230086469
2020-10-27 00:00:00,2.675,0.016337386,1,1,0.016337386,-0.037077034,-0.217508094
2020-10-28 00:00:00,2.656,-0.007102804,1,1,-0.007102804,-0.043916487,-0.223065981
2020-10-29 00:00:00,2.64,-0.006024096,1,1,-0.006024096,-0.049676026,-0.227746306
2020-10-30 00:00:00,2.505,-0.051136364,0,0.5,-0.051136364,-0.098272138,-0.267236552
2020-10-31 00:00:00,2.528,0.009181637,0,0.5,0.004590818,-0.089992801,-0.263872568
2020-11-01 00:00:00,2.519,-0.003560127,1,1,-0.001780063,-0.093232541,-0.265182922
2020-11-02 00:00:00,2.432,-0.034537515,0,0.5,-0.034537515,-0.124550036,-0.290561677
2020-11-03 00:00:00,2.364,-0.027960526,-1,0,-0.013980263,-0.149028078,-0.300479812
2020-11-04 00:00:00,2.35,-0.005922166,-1,0,0,-0.154067675,-0.300479812
2020-11-05 00:00:00,2.449,0.04212766,-1,0,0,-0.118430526,-0.300479812
2020-11-06 00:00:00,2.537,0.035933034,-1,0,0,-0.08675306,-0.300479812
2020-11-07 00:00:00,2.499,-0.014978321,-1,0,0,-0.100431965,-0.300479812
2020-11-08 00:00:00,2.537,0.015206082,-1,0,0,-0.08675306,-0.300479812
2020-11-09 00:00:00,2.5,-0.014584155,-1,0,0,-0.100071994,-0.300479812
2020-11-10 00:00:00,2.501,0.0004,-1,0,0,-0.099712023,-0.300479812
2020-11-11 00:00:00,2.501,0,-1,0,0,-0.099712023,-0.300479812
2020-11-12 00:00:00,2.465,-0.014394242,-1,0,0,-0.112670986,-0.300479812
2020-11-13 00:00:00,2.602,0.055578093,0,0.5,0,-0.063354932,-0.300479812
2020-11-14 00:00:00,2.537,-0.024980784,0,0.5,-0.012490392,-0.08675306,-0.309217093
2020-11-15 00:00:00,2.499,-0.014978321,-1,0,-0.00748916,-0.100431965,-0.314390477
2020-11-16 00:00:00,2.584,0.034013605,0,0.5,0,-0.069834413,-0.314390477
2020-11-17 00:00:00,2.72,0.052631579,1,1,0.026315789,-0.02087833,-0.296348121
2020-11-18 00:00:00,2.639,-0.029779412,1,1,-0.029779412,-0.050035997,-0.31730246
2020-11-19 00:00:00,2.639,0,0,0.5,0,-0.050035997,-0.31730246
2020-11-20 00:00:00,2.784,0.054945055,1,1,0.027472527,0.002159827,-0.298547033
2020-11-21 00:00:00,3.24,0.163793103,1,1,0.163793103,0.166306695,-0.183653875
2020-11-22 00:00:00,3.069,-0.052777778,1,1,-0.052777778,0.10475162,-0.226738809
2020-11-23 00:00:00,3.384,0.102639296,1,1,0.102639296,0.218142549,-0.147371825
2020-11-24 00:00:00,3.606,0.065602837,1,1,0.065602837,0.298056156,-0.091436998
2020-11-25 00:00:00,3.429,-0.049084859,1,1,-0.049084859,0.234341253,-0.136033684
2020-11-26 00:00:00,2.951,-0.139399242,0,0.5,-0.139399242,0.062275018,-0.256469934
2020-11-27 00:00:00,2.873,-0.026431718,0,0.5,-0.013215859,0.034197264,-0.266296322
2020-11-28 00:00:00,2.998,0.043508528,0,0.5,0.021754264,0.079193665,-0.250335139
2020-11-29 00:00:00,3.032,0.011340894,0,0.5,0.005670447,0.091432685,-0.246084204
2020-11-30 00:00:00,3.263,0.076187335,1,1,0.038093668,0.174586033,-0.217364786
2020-12-01 00:00:00,2.995,-0.082133006,0,0.5,-0.082133006,0.078113751,-0.281644969
2020-12-02 00:00:00,3.058,0.021035058,1,1,0.010517529,0.100791937,-0.274089649
2020-12-03 00:00:00,3.084,0.008502289,1,1,0.008502289,0.110151188,-0.26791775
2020-12-04 00:00:00,2.846,-0.077172503,0,0.5,-0.077172503,0.024478042,-0.32441437
2020-12-05 00:00:00,3.01,0.057624736,0,0.5,0.028812368,0.083513319,-0.304949148
2020-12-06 00:00:00,3,-0.003322259,0,0.5,-0.00166113,0.079913607,-0.306103717
2020-12-07 00:00:00,2.952,-0.016,0,0.5,-0.008,0.062634989,-0.311654887
2020-12-08 00:00:00,2.803,-0.050474255,0,0.5,-0.025237127,0.00899928,-0.329026741
2020-12-09 00:00:00,2.81,0.002497324,0,0.5,0.001248662,0.011519078,-0.328188922
2020-12-10 00:00:00,2.741,-0.02455516,0,0.5,-0.01227758,-0.013318934,-0.336437136
2020-12-11 00:00:00,2.696,-0.016417366,0,0.5,-0.008208683,-0.029517639,-0.341884113
2020-12-12 00:00:00,2.769,0.027077151,0,0.5,0.013538576,-0.003239741,-0.332974162
2020-12-13 00:00:00,2.853,0.030335861,0,0.5,0.015167931,0.02699784,-0.32285676
2020-12-14 00:00:00,2.849,-0.001402033,0,0.5,-0.000701016,0.025557955,-0.323331448
2020-12-15 00:00:00,2.863,0.004914005,0,0.5,0.002457002,0.030597552,-0.321668872
2020-12-16 00:00:00,3.104,0.084177436,0,0.5,0.042088718,0.117350612,-0.293118784
2020-12-17 00:00:00,3.045,-0.019007732,0,0.5,-0.009503866,0.096112311,-0.299836889
2020-12-18 00:00:00,3.063,0.00591133,0,0.5,0.002955665,0.102591793,-0.297767441
2020-12-19 00:00:00,3.056,-0.002285341,0,0.5,-0.001142671,0.100071994,-0.298569862
2020-12-20 00:00:00,3.139,0.027159686,0,0.5,0.013579843,0.129949604,-0.289044551
2020-12-21 00:00:00,2.932,-0.065944568,-1,0,-0.032972284,0.055435565,-0.312486376
2020-12-22 00:00:00,2.9,-0.010914052,-1,0,0,0.043916487,-0.312486376
2020-12-23 00:00:00,2.312,-0.202758621,-1,0,0,-0.16774658,-0.312486376
2020-12-24 00:00:00,2.667,0.153546713,-1,0,0,-0.039956803,-0.312486376
2020-12-25 00:00:00,2.666,-0.000374953,-1,0,0,-0.040316775,-0.312486376
2020-12-26 00:00:00,2.614,-0.019504876,-1,0,0,-0.059035277,-0.312486376
2020-12-27 00:00:00,2.719,0.040168324,-1,0,0,-0.021238301,-0.312486376
2020-12-28 00:00:00,2.768,0.018021331,-1,0,0,-0.003599712,-0.312486376
2020-12-29 00:00:00,2.643,-0.04515896,-1,0,0,-0.048596112,-0.312486376
2020-12-30 00:00:00,2.615,-0.010594022,-1,0,0,-0.058675306,-0.312486376
2020-12-31 00:00:00,2.593,-0.008413002,-1,0,0,-0.066594672,-0.312486376
2021-01-01 00:00:00,2.64,0.018125723,0,0.5,0,-0.049676026,-0.312486376
2021-01-02 00:00:00,2.633,-0.002651515,-1,0,-0.001325758,-0.052195824,-0.313397852
2021-01-03 00:00:00,2.804,0.06494493,-1,0,0,0.009359251,-0.313397852
2021-01-04 00:00:00,2.822,0.006419401,-1,0,0,0.015838733,-0.313397852
2021-01-05 00:00:00,2.888,0.023387668,0,0.5,0,0.039596832,-0.313397852
2021-01-06 00:00:00,3.379,0.17001385,1,1,0.085006925,0.216342693,-0.255031915
2021-01-07 00:00:00,3.201,-0.052678307,1,1,-0.052678307,0.152267819,-0.294275572
2021-01-08 00:00:00,3.112,-0.027803811,1,1,-0.027803811,0.120230382,-0.313897401
2021-01-09 00:00:00,3.627,0.165488432,1,1,0.165488432,0.305615551,-0.200355358
2021-01-10 00:00:00,3.062,-0.155776124,1,1,-0.155776124,0.102231821,-0.3249209
2021-01-11 00:00:00,2.67,-0.128020901,-1,0,-0.128020901,-0.03887689,-0.411345135
2021-01-12 00:00:00,2.596,-0.027715356,-1,0,0,-0.065514759,-0.411345135
2021-01-13 00:00:00,2.771,0.067411402,0,0.5,0,-0.002519798,-0.411345135
2021-01-14 00:00:00,2.812,0.014796102,0,0.5,0.007398051,0.012239021,-0.406990236
2021-01-15 00:00:00,2.76,-0.018492176,0,0.5,-0.009246088,-0.006479482,-0.412473257
2021-01-16 00:00:00,2.78,0.007246377,0,0.5,0.003623188,0.000719942,-0.410344537
2021-01-17 00:00:00,2.768,-0.004316547,0,0.5,-0.002158273,-0.003599712,-0.411617175
2021-01-18 00:00:00,2.819,0.018424855,0,0.5,0.009212428,0.014758819,-0.40619674
2021-01-19 00:00:00,2.793,-0.009223129,0,0.5,-0.004611564,0.005399568,-0.408935102
2021-01-20 00:00:00,2.779,-0.005012531,0,0.5,-0.002506266,0.000359971,-0.410416468
2021-01-21 00:00:00,2.548,-0.083123426,0,0.5,-0.041561713,-0.082793377,-0.434920569
2021-01-22 00:00:00,2.626,0.030612245,1,1,0.015306122,-0.054715623,-0.426271394
2021-01-23 00:00:00,2.705,0.030083778,1,1,0.030083778,-0.026277898,-0.409011471
2021-01-24 00:00:00,2.717,0.004436229,1,1,0.004436229,-0.021958243,-0.40638971
2021-01-25 00:00:00,2.652,-0.023923445,1,1,-0.023923445,-0.045356371,-0.420590913
2021-01-26 00:00:00,2.632,-0.007541478,0,0.5,-0.007541478,-0.052555796,-0.424960514
2021-01-27 00:00:00,2.502,-0.049392097,-1,0,-0.024696049,-0.099352052,-0.439161717
2021-01-28 00:00:00,2.71,0.083133493,1,1,0,-0.024478042,-0.439161717
2021-01-29 00:00:00,2.729,0.00701107,1,1,0.00701107,-0.017638589,-0.435229641
2021-01-30 00:00:00,2.934,0.075119091,1,1,0.075119091,0.056155508,-0.392804605
2021-01-31 00:00:00,2.934,0,1,1,0,0.056155508,-0.392804605
2021-02-01 00:00:00,3.06,0.042944785,1,1,0.042944785,0.101511879,-0.366728729
2021-02-02 00:00:00,3.001,-0.019281046,1,1,-0.019281046,0.080273578,-0.378938861
2021-02-03 00:00:00,3.072,0.02365878,1,1,0.02365878,0.105831533,-0.364245312
2021-02-04 00:00:00,3.028,-0.014322917,1,1,-0.014322917,0.089992801,-0.373351173
2021-02-05 00:00:00,3.32,0.096433289,0,0.5,0.096433289,0.195104392,-0.312921366
2021-02-06 00:00:00,3.215,-0.031626506,1,1,-0.015813253,0.157307415,-0.323786314
2021-02-07 00:00:00,3.444,0.071228616,1,1,0.071228616,0.239740821,-0.275620549
2021-02-08 00:00:00,3.601,0.045586527,0,0.5,0.045586527,0.296256299,-0.242598606
2021-02-09 00:00:00,4.177,0.159955568,1,1,0.079977784,0.503599712,-0.182023321
2021-02-10 00:00:00,4.134,-0.01029447,1,1,-0.01029447,0.48812095,-0.190443957
2021-02-11 00:00:00,4.593,0.111030479,1,1,0.111030479,0.653347732,-0.100558561
2021-02-12 00:00:00,4.76,0.036359678,1,1,0.036359678,0.713462923,-0.067855161
2021-02-13 00:00:00,5.571,0.170378151,1,1,0.170378151,1.005399568,0.090961954
2021-02-14 00:00:00,5.077,-0.088673488,1,1,-0.088673488,0.827573794,-0.005777448
2021-02-15 00:00:00,4.72,-0.070317116,1,1,-0.070317116,0.699064075,-0.07568831
2021-02-16 00:00:00,4.647,-0.015466102,1,1,-0.015466102,0.672786177,-0.089983809
2021-02-17 00:00:00,4.847,0.043038519,1,1,0.043038519,0.744780418,-0.05081806
2021-02-18 00:00:00,4.825,-0.00453889,1,1,-0.00453889,0.736861051,-0.055126292
2021-02-19 00:00:00,5.232,0.084352332,1,1,0.084352332,0.88336933,0.024576008
2021-02-20 00:00:00,4.848,-0.073394495,1,1,-0.073394495,0.745140389,-0.050622231
2021-02-21 00:00:00,5.11,0.054042904,1,1,0.054042904,0.839452844,0.000684901
2021-02-22 00:00:00,4.689,-0.082387476,1,1,-0.082387476,0.687904968,-0.081759002
2021-02-23 00:00:00,3.848,-0.179355939,1,1,-0.179355939,0.385169186,-0.246450979
2021-02-24 00:00:00,3.887,0.010135135,1,1,0.010135135,0.399208063,-0.238813657
2021-02-25 00:00:00,3.672,-0.05531258,1,1,-0.05531258,0.321814255,-0.280916838
2021-02-26 00:00:00,3.549,-0.033496732,1,1,-0.033496732,0.277537797,-0.305003774
2021-02-27 00:00:00,3.674,0.035221189,1,1,0.035221189,0.322534197,-0.280525181
2021-02-28 00:00:00,3.479,-0.053075667,1,1,-0.053075667,0.252339813,-0.318711786
2021-03-01 00:00:00,3.708,0.065823513,1,1,0.065823513,0.334773218,-0.273867003
2021-03-02 00:00:00,3.672,-0.009708738,1,1,-0.009708738,0.321814255,-0.280916838
2021-03-03 00:00:00,3.828,0.04248366,1,1,0.04248366,0.377969762,-0.250367554
2021-03-04 00:00:00,3.752,-0.01985371,1,1,-0.01985371,0.350611951,-0.265250538
2021-03-05 00:00:00,3.693,-0.015724947,1,1,-0.015724947,0.32937365,-0.276804434
2021-03-06 00:00:00,3.722,0.007852694,1,1,0.007852694,0.339812815,-0.271125401
2021-03-07 00:00:00,3.835,0.030360021,1,1,0.030360021,0.380489561,-0.248996752
2021-03-08 00:00:00,3.904,0.017992177,1,1,0.017992177,0.405327574,-0.235484569
2021-03-09 00:00:00,4.173,0.068903689,1,1,0.068903689,0.502159827,-0.182806636
2021-03-10 00:00:00,3.995,-0.042655164,1,1,-0.042655164,0.438084953,-0.217664153
2021-03-11 00:00:00,3.958,-0.009261577,0,0.5,-0.009261577,0.424766019,-0.224909816
2021-03-12 00:00:00,3.786,-0.043456291,0,0.5,-0.021728146,0.362850972,-0.241751089
2021-03-13 00:00:00,4.292,0.133650291,0,0.5,0.066825145,0.5449964,-0.191080995
2021-03-14 00:00:00,3.928,-0.084808947,0,0.5,-0.042404473,0.413966883,-0.225382779
2021-03-15 00:00:00,3.819,-0.027749491,0,0.5,-0.013874745,0.374730022,-0.236130396
2021-03-16 00:00:00,4.071,0.06598586,0,0.5,0.03299293,0.465442765,-0.2109281
2021-03-17 00:00:00,4.093,0.005404078,0,0.5,0.002702039,0.473362131,-0.208795997
2021-03-18 00:00:00,4.15,0.013926215,0,0.5,0.006963108,0.49388049,-0.203286758
2021-03-19 00:00:00,4.144,-0.001445783,0,0.5,-0.000722892,0.491720662,-0.203862695
2021-03-20 00:00:00,4.337,0.046573359,0,0.5,0.02328668,0.561195104,-0.185323301
2021-03-21 00:00:00,4.16,-0.040811621,0,0.5,-0.02040581,0.497480202,-0.201947439
2021-03-22 00:00:00,4.082,-0.01875,0,0.5,-0.009375,0.469402448,-0.209429182
2021-03-23 00:00:00,4.093,0.002694757,0,0.5,0.001347379,0.473362131,-0.208363984
2021-03-24 00:00:00,3.694,-0.097483508,0,0.5,-0.048741754,0.329733621,-0.246949712
2021-03-25 00:00:00,3.677,-0.004602057,0,0.5,-0.002301029,0.323614111,-0.248682502
2021-03-26 00:00:00,4.191,0.139787871,1,1,0.069893935,0.508639309,-0.196169966
2021-03-27 00:00:00,4.097,-0.022429015,1,1,-0.022429015,0.474802016,-0.214199081
2021-03-28 00:00:00,4.113,0.003905297,1,1,0.003905297,0.480561555,-0.211130296
2021-03-29 00:00:00,4.282,0.041089229,1,1,0.041089229,0.541396688,-0.178716248
2021-03-30 00:00:00,4.344,0.014479215,1,1,0.014479215,0.563714903,-0.166824703
2021-03-31 00:00:00,4.813,0.107965009,1,1,0.107965009,0.732541397,-0.076870925
2021-04-01 00:00:00,5.606,0.164762103,1,1,0.164762103,1.01799856,0.075225763
2021-04-02 00:00:00,6.266,0.117731002,1,1,0.117731002,1.255579554,0.20181317
2021-04-03 00:00:00,5.418,-0.135333546,1,1,-0.135333546,0.950323974,0.039167532
2021-04-04 00:00:00,6.289,0.160760428,1,1,0.160760428,1.263858891,0.206224549
2021-04-05 00:00:00,6.702,0.065670218,1,1,0.065670218,1.412526998,0.285437578
2021-04-06 00:00:00,6.654,-0.007162041,1,1,-0.007162041,1.39524838,0.276231221
2021-04-07 00:00:00,5.891,-0.114667869,1,1,-0.114667869,1.120590353,0.129888507
2021-04-08 00:00:00,6.452,0.095230012,1,1,0.095230012,1.322534197,0.237487803
2021-04-09 00:00:00,6.217,-0.036422815,1,1,-0.036422815,1.237940965,0.192415014
2021-04-10 00:00:00,6.625,0.065626508,1,1,0.065626508,1.384809215,0.270669047
2021-04-11 00:00:00,6.738,0.017056604,1,1,0.017056604,1.425485961,0.292342346
2021-04-12 00:00:00,6.485,-0.037548234,1,1,-0.037548234,1.334413247,0.243817173
2021-04-13 00:00:00,7.394,0.140169622,1,1,0.140169622,1.66162707,0.418162556
2021-04-14 00:00:00,7.68,0.038680011,1,1,0.038680011,1.764578834,0.473017099
2021-04-15 00:00:00,7.899,0.028515625,1,1,0.028515625,1.843412527,0.515021102
2021-04-16 00:00:00,8.516,0.078111153,1,1,0.078111153,2.065514759,0.633361148
2021-04-17 00:00:00,7.795,-0.084664162,1,1,-0.084664162,1.805975522,0.495073996
2021-04-18 00:00:00,7.292,-0.064528544,1,1,-0.064528544,1.624910007,0.398599048
2021-04-19 00:00:00,6.606,-0.094075699,1,1,-0.094075699,1.377969762,0.267024864
2021-04-20 00:00:00,6.702,0.014532243,1,1,0.014532243,1.412526998,0.285437578
2021-04-21 00:00:00,6.323,-0.056550283,1,1,-0.056550283,1.276097912,0.212745719
2021-04-22 00:00:00,5.864,-0.072592124,1,1,-0.072592124,1.11087113,0.124709931
2021-04-23 00:00:00,5.574,-0.049454297,1,1,-0.049454297,1.006479482,0.069088192
2021-04-24 00:00:00,5.088,-0.087190527,1,1,-0.087190527,0.831533477,-0.024126172
2021-04-25 00:00:00,5.001,-0.017099057,1,1,-0.017099057,0.800215983,-0.040812694
2021-04-26 00:00:00,5.868,0.173365327,1,1,0.173365327,1.112311015,0.125477127
2021-04-27 00:00:00,6.066,0.033742331,1,1,0.033742331,1.183585313,0.16345335
2021-04-28 00:00:00,5.959,-0.017639301,1,1,-0.017639301,1.145068395,0.142930846
2021-04-29 00:00:00,5.899,-0.010068803,1,1,-0.010068803,1.123470122,0.1314229
2021-04-30 00:00:00,6.457,0.094592304,1,1,0.094592304,1.324334053,0.238446798
2021-05-01 00:00:00,6.62,0.025243921,1,1,0.025243921,1.383009359,0.269710052
2021-05-02 00:00:00,6.535,-0.012839879,1,1,-0.012839879,1.352411807,0.253407128
2021-05-03 00:00:00,6.817,0.043152257,1,1,0.043152257,1.453923686,0.307494475
2021-05-04 00:00:00,6.342,-0.069678744,1,1,-0.069678744,1.282937365,0.216389902
2021-05-05 00:00:00,8.732,0.376852728,1,1,0.376852728,2.143268539,0.674789754
2021-05-06 00:00:00,11.489,0.315735227,1,1,0.315735227,3.135709143,1.203579877
2021-05-07 00:00:00,10.378,-0.096701192,1,1,-0.096701192,2.735781138,0.990491075
2021-05-08 00:00:00,10.354,-0.002312584,1,1,-0.002312584,2.727141829,0.985887897
2021-05-09 00:00:00,10.54,0.017964072,1,1,0.017964072,2.794096472,1.021562529
2021-05-10 00:00:00,9.271,-0.120398482,1,1,-0.120398482,2.337293017,0.77816947
2021-05-11 00:00:00,14.527,0.566929134,1,1,0.566929134,4.229301656,1.786265547
2021-05-12 00:00:00,10.377,-0.28567495,1,1,-0.28567495,2.735421166,0.990299276
2021-05-13 00:00:00,10.615,0.022935338,1,1,0.022935338,2.821094312,1.035947462
2021-05-14 00:00:00,11.161,0.051436646,1,1,0.051436646,3.017638589,1.140669771
2021-05-15 00:00:00,10.236,-0.082877878,1,1,-0.082877878,2.684665227,0.963255603
2021-05-16 00:00:00,10.113,-0.012016413,1,1,-0.012016413,2.640388769,0.939664313
2021-05-17 00:00:00,9.145,-0.095718382,1,1,-0.095718382,2.291936645,0.754002783
2021-05-18 00:00:00,9.33,0.020229634,1,1,0.020229634,2.358531317,0.789485617
2021-05-19 00:00:00,5.684,-0.390782422,0,0.5,-0.390782422,1.046076314,0.090186093
2021-05-20 00:00:00,6.643,0.168719212,0,0.5,0.084359606,1.391288697,0.182153762
2021-05-21 00:00:00,5.554,-0.163931958,0,0.5,-0.081965979,0.999280058,0.085257371
2021-05-22 00:00:00,5.102,-0.081382787,0,0.5,-0.040691394,0.836573074,0.041096736
2021-05-23 00:00:00,4.286,-0.159937279,0,0.5,-0.07996864,0.542836573,-0.042158353
2021-05-24 00:00:00,5.64,0.315912273,1,1,0.157956136,1.030237581,0.109138612
2021-05-25 00:00:00,5.691,0.009042553,1,1,0.009042553,1.048596112,0.119168057
2021-05-26 00:00:00,6.433,0.130381304,1,1,0.130381304,1.315694744,0.265086648
2021-05-27 00:00:00,7.022,0.091559148,1,1,0.091559148,1.527717783,0.380916903
2021-05-28 00:00:00,6.114,-0.129307889,1,1,-0.129307889,1.200863931,0.202353453
2021-05-29 00:00:00,6.023,-0.014883873,1,1,-0.014883873,1.168106551,0.184457777
2021-05-30 00:00:00,6.034,0.001826332,0,0.5,0.001826332,1.172066235,0.18662099
2021-05-31 00:00:00,6.625,0.097944978,1,1,0.048972489,1.384809215,0.244732774
2021-06-01 00:00:00,6.303,-0.048603774,0,0.5,-0.048603774,1.268898488,0.184234064
2021-06-02 00:00:00,6.373,0.011105823,0,0.5,0.005552911,1.294096472,0.190810011
2021-06-03 00:00:00,6.535,0.02541974,1,1,0.01270987,1.352411807,0.205945051
2021-06-04 00:00:00,6.016,-0.079418516,0,0.5,-0.079418516,1.165586753,0.110170685
2021-06-05 00:00:00,5.775,-0.04005984,0,0.5,-0.02002992,1.078833693,0.087934055
2021-06-06 00:00:00,5.844,0.011948052,0,0.5,0.005974026,1.103671706,0.094433401
2021-06-07 00:00:00,5.188,-0.112251882,0,0.5,-0.056125941,0.867530598,0.033007296
2021-06-08 00:00:00,5.05,-0.026599846,0,0.5,-0.013299923,0.817854572,0.019268379
2021-06-09 00:00:00,5.338,0.057029703,0,0.5,0.028514851,0.921526278,0.048332666
2021-06-10 00:00:00,5.079,-0.048520045,0,0.5,-0.024260022,0.828293737,0.022900091
2021-06-11 00:00:00,4.915,-0.032289821,0,0.5,-0.01614491,0.769258459,0.006385461
2021-06-12 00:00:00,4.829,-0.017497457,0,0.5,-0.008748728,0.738300936,-0.002419132
2021-06-13 00:00:00,5.089,0.053841375,-1,0,0.026920688,0.831893449,0.024436431
2021-06-14 00:00:00,5.295,0.040479466,0,0.5,0,0.906047516,0.024436431
2021-06-15 00:00:00,5.182,-0.021340888,0,0.5,-0.010670444,0.86537077,0.01350524
2021-06-16 00:00:00,4.865,-0.061173292,0,0.5,-0.030586646,0.751259899,-0.017494487
2021-06-17 00:00:00,4.871,0.001233299,0,0.5,0.00061665,0.753419726,-0.016888625
2021-06-18 00:00:00,4.563,-0.063231369,-1,0,-0.031615685,0.642548596,-0.047970364
2021-06-19 00:00:00,4.458,-0.023011177,-1,0,0,0.60475162,-0.047970364
2021-06-20 00:00:00,4.505,0.010542844,-1,0,0,0.621670266,-0.047970364
2021-06-21 00:00:00,3.518,-0.2190899,-1,0,0,0.26637869,-0.047970364
2021-06-22 00:00:00,3.387,-0.037237067,-1,0,0,0.219222462,-0.047970364
2021-06-23 00:00:00,3.669,0.083259522,-1,0,0,0.320734341,-0.047970364
2021-06-24 00:00:00,3.923,0.069228673,0,0.5,0,0.412167027,-0.047970364
2021-06-25 00:00:00,3.53,-0.100178435,-1,0,-0.050089217,0.270698344,-0.095656784
2021-06-26 00:00:00,3.57,0.011331445,0,0.5,0,0.285097192,-0.095656784
2021-06-27 00:00:00,3.774,0.057142857,0,0.5,0.028571429,0.358531317,-0.069818406
2021-06-28 00:00:00,3.852,0.020667727,0,0.5,0.010333863,0.386609071,-0.060206037
2021-06-29 00:00:00,4.129,0.071910696,0,0.5,0.035955348,0.486321094,-0.026415418
2021-06-30 00:00:00,4.138,0.002179705,0,0.5,0.001089852,0.489560835,-0.025354354
2021-07-01 00:00:00,3.92,-0.052682455,0,0.5,-0.026341228,0.411087113,-0.051027717
2021-07-02 00:00:00,3.922,0.000510204,0,0.5,0.000255102,0.411807055,-0.050785632
2021-07-03 00:00:00,4.051,0.032891382,0,0.5,0.016445691,0.458243341,-0.035175146
2021-07-04 00:00:00,4.061,0.002468526,0,0.5,0.001234263,0.461843053,-0.033984298
2021-07-05 00:00:00,3.808,-0.062299926,-1,0,-0.031149963,0.370770338,-0.064075652
2021-07-06 00:00:00,3.876,0.017857143,-1,0,0,0.39524838,-0.064075652
2021-07-07 00:00:00,3.822,-0.013931889,-1,0,0,0.375809935,-0.064075652
2021-07-08 00:00:00,3.595,-0.059392988,-1,0,0,0.294096472,-0.064075652
2021-07-09 00:00:00,4.22,0.173852573,0,0.5,0,0.519078474,-0.064075652
2021-07-10 00:00:00,3.965,-0.06042654,0,0.5,-0.03021327,0.427285817,-0.092352987
2021-07-11 00:00:00,4.078,0.028499369,-1,0,0.014249685,0.467962563,-0.079419303
2021-07-12 00:00:00,4.188,0.026974007,0,0.5,0,0.507559395,-0.079419303
2021-07-13 00:00:00,3.889,-0.07139446,0,0.5,-0.03569723,0.399928006,-0.112281484
2021-07-14 00:00:00,3.797,-0.023656467,-1,0,-0.011828233,0.366810655,-0.122781626
2021-07-15 00:00:00,3.671,-0.033184093,-1,0,0,0.321454284,-0.122781626
2021-07-16 00:00:00,3.652,-0.005175701,-1,0,0,0.314614831,-0.122781626
2021-07-17 00:00:00,3.655,0.000821468,-1,0,0,0.315694744,-0.122781626
2021-07-18 00:00:00,3.635,-0.005471956,-1,0,0,0.30849532,-0.122781626
2021-07-19 00:00:00,3.435,-0.055020633,-1,0,0,0.23650108,-0.122781626
2021-07-20 00:00:00,3.257,-0.051819505,-1,0,0,0.172426206,-0.122781626
2021-07-21 00:00:00,3.502,0.075222597,-1,0,0,0.26061915,-0.122781626
2021-07-22 00:00:00,3.563,0.017418618,0,0.5,0,0.282577394,-0.122781626
2021-07-23 00:00:00,3.634,0.019927028,-1,0,0.009963514,0.308135349,-0.114041449
2021-07-24 00:00:00,3.664,0.008255366,-1,0,0,0.318934485,-0.114041449
2021-07-25 00:00:00,3.656,-0.002183406,0,0.5,0,0.316054716,-0.114041449
2021-07-26 00:00:00,3.678,0.006017505,0,0.5,0.003008753,0.323974082,-0.111375819
2021-07-27 00:00:00,3.754,0.020663404,-1,0,0.010331702,0.351331893,-0.102194818
2021-07-28 00:00:00,3.921,0.044485882,0,0.5,0,0.411447084,-0.102194818
2021-07-29 00:00:00,3.966,0.011476664,-1,0,0.005738332,0.427645788,-0.097042914
2021-07-30 00:00:00,4.066,0.025214322,-1,0,0,0.463642909,-0.097042914
2021-07-31 00:00:00,4.069,0.000737826,0,0.5,0,0.464722822,-0.097042914
2021-08-01 00:00:00,3.938,-0.032194642,0,0.5,-0.016097321,0.417566595,-0.111578104
2021-08-02 00:00:00,4.028,0.022854241,-1,0,0.01142712,0.449964003,-0.101426
2021-08-03 00:00:00,4.025,-0.000744786,-1,0,0,0.448884089,-0.101426
2021-08-04 00:00:00,4.117,0.022857143,0,0.5,0,0.48200144,-0.101426
2021-08-05 00:00:00,4.192,0.018217148,0,0.5,0.009108574,0.50899928,-0.093241272
2021-08-06 00:00:00,4.324,0.03148855,0,0.5,0.015744275,0.556515479,-0.078965014
2021-08-07 00:00:00,4.594,0.062442183,0,0.5,0.031221092,0.653707703,-0.050209296
2021-08-08 00:00:00,4.298,-0.064431868,0,0.5,-0.032215934,0.547156228,-0.080807691
2021-08-09 00:00:00,4.537,0.055607259,0,0.5,0.02780363,0.633189345,-0.055250808
2021-08-10 00:00:00,4.601,0.014106238,0,0.5,0.007053119,0.656227502,-0.04858738
2021-08-11 00:00:00,4.756,0.033688329,0,0.5,0.016844164,0.712023038,-0.032561629
2021-08-12 00:00:00,4.662,-0.019764508,0,0.5,-0.009882254,0.678185745,-0.042122101
2021-08-13 00:00:00,5.161,0.107035607,0,0.5,0.053517804,0.857811375,0.00914142
2021-08-14 00:00:00,5.49,0.063747336,0,0.5,0.031873668,0.976241901,0.041306459
2021-08-15 00:00:00,5.702,0.038615665,0,0.5,0.019307832,1.052555796,0.061411829
2021-08-16 00:00:00,5.519,-0.032094002,0,0.5,-0.016047001,0.986681066,0.044379353
2021-08-17 00:00:00,5.066,-0.082080087,0,0.5,-0.041040043,0.823614111,0.001517978
2021-08-18 00:00:00,4.981,-0.016778523,0,0.5,-0.008389262,0.793016559,-0.006884018
2021-08-19 00:00:00,5.256,0.055209797,0,0.5,0.027604899,0.892008639,0.020530848
2021-08-20 00:00:00,5.459,0.038622527,0,0.5,0.019311263,0.965082793,0.040238588
2021-08-21 00:00:00,5.362,-0.017768822,0,0.5,-0.008884411,0.930165587,0.030996681
2021-08-22 00:00:00,5.419,0.010630362,1,1,0.005315181,0.950683945,0.036476615
2021-08-23 00:00:00,5.601,0.033585532,1,1,0.033585532,1.016198704,0.071287234
2021-08-24 00:00:00,5.062,-0.096232816,0,0.5,-0.096232816,0.822174226,-0.031805753
2021-08-25 00:00:00,5.212,0.029632556,0,0.5,0.014816278,0.876169906,-0.017460718
2021-08-26 00:00:00,4.743,-0.089984651,0,0.5,-0.044992325,0.707343413,-0.061667445
2021-08-27 00:00:00,5.091,0.073371284,0,0.5,0.036685642,0.832613391,-0.027244113
2021-08-28 00:00:00,5.011,-0.015714005,0,0.5,-0.007857003,0.803815695,-0.034887058
2021-08-29 00:00:00,5.061,0.009978048,0,0.5,0.004989024,0.821814255,-0.030072087
2021-08-30 00:00:00,4.822,-0.047223869,0,0.5,-0.023611934,0.735781138,-0.052973961
2021-08-31 00:00:00,5.04,0.045209457,0,0.5,0.022604728,0.81425486,-0.031566695
2021-09-01 00:00:00,5.317,0.054960317,0,0.5,0.027480159,0.913966883,-0.004953994
2021-09-02 00:00:00,5.262,-0.010344179,0,0.5,-0.00517209,0.894168467,-0.010100461
2021-09-03 00:00:00,5.677,0.078867351,0,0.5,0.039433675,1.043556515,0.028934916
2021-09-04 00:00:00,5.698,0.003699137,0,0.5,0.001849568,1.051115911,0.030838002
2021-09-05 00:00:00,6.301,0.105826606,0,0.5,0.052913303,1.268178546,0.085383045
2021-09-06 00:00:00,6.224,-0.012220282,0,0.5,-0.006110141,1.240460763,0.078751202
2021-09-07 00:00:00,4.886,-0.214974293,0,0.5,-0.107487147,0.758819294,-0.037200687
2021-09-08 00:00:00,4.745,-0.028857962,0,0.5,-0.014428981,0.708063355,-0.051092899
2021-09-09 00:00:00,4.819,0.015595364,0,0.5,0.007797682,0.734701224,-0.043693624
2021-09-10 00:00:00,4.566,-0.052500519,-1,0,-0.026250259,0.64362851,-0.068796914
2021-09-11 00:00:00,4.677,0.024310118,0,0.5,0,0.683585313,-0.068796914
2021-09-12 00:00:00,4.883,0.044045328,-1,0,0.022022664,0.757739381,-0.048289342
2021-09-13 00:00:00,4.742,-0.028875691,-1,0,0,0.706983441,-0.048289342
2021-09-14 00:00:00,4.866,0.026149304,-1,0,0,0.75161987,-0.048289342
2021-09-15 00:00:00,5.109,0.049938348,-1,0,0,0.839092873,-0.048289342
2021-09-16 00:00:00,5.021,-0.017224506,-1,0,0,0.807415407,-0.048289342
2021-09-17 00:00:00,5.255,0.046604262,0,0.5,0,0.891648668,-0.048289342
2021-09-18 00:00:00,5.472,0.041294006,0,0.5,0.020647003,0.969762419,-0.028639369
2021-09-19 00:00:00,4.909,-0.102887427,-1,0,-0.051443713,0.767098632,-0.078609767
2021-09-20 00:00:00,4.201,-0.144224893,-1,0,0,0.512239021,-0.078609767
2021-09-21 00:00:00,3.885,-0.075220186,-1,0,0,0.398488121,-0.078609767
2021-09-22 00:00:00,4.3,0.106821107,-1,0,0,0.54787617,-0.078609767
2021-09-23 00:00:00,4.37,0.01627907,-1,0,0,0.573074154,-0.078609767
2021-09-24 00:00:00,4.025,-0.078947368,-1,0,0,0.448884089,-0.078609767
2021-09-25 00:00:00,4.009,-0.003975155,-1,0,0,0.44312455,-0.078609767
2021-09-26 00:00:00,3.969,-0.009977551,-1,0,0,0.428725702,-0.078609767
2021-09-27 00:00:00,3.824,-0.036533132,-1,0,0,0.376529878,-0.078609767
2021-09-28 00:00:00,3.678,-0.038179916,-1,0,0,0.323974082,-0.078609767
2021-09-29 00:00:00,3.741,0.017128874,-1,0,0,0.346652268,-0.078609767
2021-09-30 00:00:00,3.936,0.0521251,-1,0,0,0.416846652,-0.078609767
2021-10-01 00:00:00,4.275,0.086128049,-1,0,0,0.53887689,-0.078609767
2021-10-02 00:00:00,4.322,0.010994152,-1,0,0,0.555795536,-0.078609767
2021-10-03 00:00:00,4.642,0.074039796,-1,0,0,0.670986321,-0.078609767
2021-10-04 00:00:00,4.593,-0.010555795,-1,0,0,0.653347732,-0.078609767
2021-10-05 00:00:00,4.733,0.030481167,-1,0,0,0.703743701,-0.078609767
2021-10-06 00:00:00,4.753,0.00422565,-1,0,0,0.710943125,-0.078609767
2021-10-07 00:00:00,4.725,-0.005891016,-1,0,0,0.700863931,-0.078609767
2021-10-08 00:00:00,4.651,-0.015661376,-1,0,0,0.674226062,-0.078609767
2021-10-09 00:00:00,5.006,0.076327671,1,1,0,0.802015839,-0.078609767
2021-10-10 00:00:00,4.576,-0.085896924,0,0.5,-0.085896924,0.647228222,-0.157754353
2021-10-11 00:00:00,4.549,-0.00590035,-1,0,-0.002950175,0.637508999,-0.160239125
2021-10-12 00:00:00,4.493,-0.012310398,-1,0,0,0.617350612,-0.160239125
2021-10-13 00:00:00,4.607,0.025372802,-1,0,0,0.658387329,-0.160239125
2021-10-14 00:00:00,4.628,0.004558281,-1,0,0,0.665946724,-0.160239125
2021-10-15 00:00:00,4.648,0.004321521,-1,0,0,0.673146148,-0.160239125
2021-10-16 00:00:00,4.573,-0.016135972,0,0.5,0,0.646148308,-0.160239125
2021-10-17 00:00:00,4.413,-0.034987973,-1,0,-0.017493986,0.588552916,-0.174929891
2021-10-18 00:00:00,4.423,0.002266032,-1,0,0,0.592152628,-0.174929891
2021-10-19 00:00:00,4.462,0.008817545,0,0.5,0,0.606191505,-0.174929891
2021-10-20 00:00:00,4.834,0.083370686,1,1,0.041685343,0.740100792,-0.14053656
2021-10-21 00:00:00,4.672,-0.033512619,1,1,-0.033512619,0.681785457,-0.169339431
2021-10-22 00:00:00,4.618,-0.011558219,1,1,-0.011558219,0.662347012,-0.178940388
2021-10-23 00:00:00,4.752,0.02901689,1,1,0.02901689,0.710583153,-0.155115791
2021-10-24 00:00:00,4.748,-0.000841751,1,1,-0.000841751,0.709143269,-0.155826973
2021-10-25 00:00:00,4.823,0.015796125,1,1,0.015796125,0.736141109,-0.142492311
2021-10-26 00:00:00,4.72,-0.021356002,1,1,-0.021356002,0.699064075,-0.160805247
2021-10-27 00:00:00,4.149,-0.120974576,1,1,-0.120974576,0.493520518,-0.262326477
2021-10-28 00:00:00,4.402,0.060978549,1,1,0.060978549,0.584593233,-0.217344216
2021-10-29 00:00:00,4.503,0.022944116,1,1,0.022944116,0.620950324,-0.19938687
2021-10-30 00:00:00,4.485,-0.003997335,1,1,-0.003997335,0.614470842,-0.202587189
2021-10-31 00:00:00,4.638,0.034113712,1,1,0.034113712,0.669546436,-0.175384478
2021-11-01 00:00:00,4.641,0.000646831,1,1,0.000646831,0.67062635,-0.174851091
2021-11-02 00:00:00,4.705,0.013790131,1,1,0.013790131,0.693664507,-0.16347218
2021-11-03 00:00:00,4.711,0.001275239,1,1,0.001275239,0.695824334,-0.162405407
2021-11-04 00:00:00,4.546,-0.035024411,0,0.5,-0.035024411,0.636429086,-0.191741664
2021-11-05 00:00:00,4.508,-0.008358997,0,0.5,-0.004179498,0.62275018,-0.195119778
2021-11-06 00:00:00,4.45,-0.012866016,0,0.5,-0.006433008,0.60187185,-0.200297579
2021-11-07 00:00:00,4.605,0.034831461,0,0.5,0.01741573,0.657667387,-0.186370177
2021-11-08 00:00:00,4.866,0.056677524,0,0.5,0.028338762,0.75161987,-0.163312915
2021-11-09 00:00:00,5.215,0.071722154,1,1,0.035861077,0.87724982,-0.133308416
2021-11-10 00:00:00,4.842,-0.071524449,1,1,-0.071524449,0.742980562,-0.195298053
2021-11-11 00:00:00,4.924,0.016935151,1,1,0.016935151,0.7724982,-0.181670305
2021-11-12 00:00:00,4.849,-0.015231519,1,1,-0.015231519,0.74550036,-0.194134709
2021-11-13 00:00:00,5.011,0.03340895,1,1,0.03340895,0.803815695,-0.167211595
2021-11-14 00:00:00,4.955,-0.011175414,1,1,-0.011175414,0.783657307,-0.176518351
2021-11-15 00:00:00,4.81,-0.02926337,1,1,-0.02926337,0.731461483,-0.200616199
2021-11-16 00:00:00,4.326,-0.100623701,0,0.5,-0.100623701,0.557235421,-0.281053155
2021-11-17 00:00:00,4.368,0.009708738,0,0.5,0.004854369,0.572354212,-0.277563122
2021-11-18 00:00:00,4.087,-0.064331502,0,0.5,-0.032165751,0.471202304,-0.300800847
2021-11-19 00:00:00,4.287,0.04893565,0,0.5,0.024467825,0.543196544,-0.283692964
2021-11-20 00:00:00,4.342,0.012829484,0,0.5,0.006414742,0.56299496,-0.279098039
2021-11-21 00:00:00,4.244,-0.022570244,0,0.5,-0.011285122,0.527717783,-0.287233506
2021-11-22 00:00:00,4.135,-0.025683318,0,0.5,-0.012841659,0.488480922,-0.29638661
2021-11-23 00:00:00,4.235,0.024183797,0,0.5,0.012091898,0.524478042,-0.287878589
2021-11-24 00:00:00,4.123,-0.026446281,0,0.5,-0.01322314,0.484161267,-0.29729507
2021-11-25 00:00:00,4.256,0.032258065,0,0.5,0.016129032,0.532037437,-0.28596112
2021-11-26 00:00:00,3.852,-0.094924812,-1,0,-0.047462406,0.386609071,-0.319851123
2021-11-27 00:00:00,3.896,0.011422638,-1,0,0,0.402447804,-0.319851123
2021-11-28 00:00:00,3.966,0.017967146,-1,0,0,0.427645788,-0.319851123
2021-11-29 00:00:00,4.004,0.009581442,0,0.5,0,0.441324694,-0.319851123
2021-11-30 00:00:00,4.006,0.0004995,-1,0,0.00024975,0.442044636,-0.319681255
2021-12-01 00:00:00,3.992,-0.003494758,-1,0,0,0.43700504,-0.319681255
2021-12-02 00:00:00,3.966,-0.006513026,-1,0,0,0.427645788,-0.319681255
2021-12-03 00:00:00,3.791,-0.044125063,-1,0,0,0.364650828,-0.319681255
2021-12-04 00:00:00,3.142,-0.171194935,-1,0,0,0.131029518,-0.319681255
2021-12-05 00:00:00,3.03,-0.035646085,-1,0,0,0.090712743,-0.319681255
2021-12-06 00:00:00,3.27,0.079207921,-1,0,0,0.177105832,-0.319681255
2021-12-07 00:00:00,3.22,-0.01529052,-1,0,0,0.159107271,-0.319681255
2021-12-08 00:00:00,3.649,0.133229814,-1,0,0,0.313534917,-0.319681255
2021-12-09 00:00:00,3.218,-0.118114552,-1,0,0,0.158387329,-0.319681255
2021-12-10 00:00:00,3.037,-0.056246116,-1,0,0,0.093232541,-0.319681255
2021-12-11 00:00:00,3.412,0.123477116,-1,0,0,0.228221742,-0.319681255
2021-12-12 00:00:00,3.331,-0.023739742,-1,0,0,0.199064075,-0.319681255
2021-12-13 00:00:00,3.091,-0.072050435,-1,0,0,0.112670986,-0.319681255
2021-12-14 00:00:00,3.35,0.083791653,-1,0,0,0.205903528,-0.319681255
2021-12-15 00:00:00,3.362,0.00358209,-1,0,0,0.210223182,-0.319681255
2021-12-16 00:00:00,3.209,-0.045508626,-1,0,0,0.155147588,-0.319681255
2021-12-17 00:00:00,3.15,-0.01838579,-1,0,0,0.133909287,-0.319681255
2021-12-18 00:00:00,3.24,0.028571429,-1,0,0,0.166306695,-0.319681255
2021-12-19 00:00:00,3.187,-0.016358025,-1,0,0,0.147228222,-0.319681255
2021-12-20 00:00:00,3.187,0,-1,0,0,0.147228222,-0.319681255
2021-12-21 00:00:00,3.311,0.038908064,-1,0,0,0.191864651,-0.319681255
2021-12-22 00:00:00,3.349,0.011476895,-1,0,0,0.205543557,-0.319681255
2021-12-23 00:00:00,3.5,0.045088086,-1,0,0,0.259899208,-0.319681255
2021-12-24 00:00:00,3.378,-0.034857143,-1,0,0,0.215982721,-0.319681255
2021-12-25 00:00:00,3.408,0.008880995,-1,0,0,0.226781857,-0.319681255
2021-12-26 00:00:00,3.393,-0.004401408,-1,0,0,0.221382289,-0.319681255
2021-12-27 00:00:00,3.391,-0.000589449,-1,0,0,0.220662347,-0.319681255
2021-12-28 00:00:00,3.127,-0.077853141,-1,0,0,0.12562995,-0.319681255
2021-12-29 00:00:00,3.027,-0.031979533,-1,0,0,0.089632829,-0.319681255
2021-12-30 00:00:00,3.076,0.016187645,-1,0,0,0.107271418,-0.319681255
2021-12-31 00:00:00,3.032,-0.014304291,-1,0,0,0.091432685,-0.319681255
2022-01-01 00:00:00,3.158,0.041556728,-1,0,0,0.136789057,-0.319681255
2022-01-02 00:00:00,3.252,0.029765674,-1,0,0,0.17062635,-0.319681255
2022-01-03 00:00:00,3.194,-0.017835178,0,0.5,0,0.14974802,-0.319681255
2022-01-04 00:00:00,3.167,-0.00845335,0,0.5,-0.004226675,0.140028798,-0.322556742
2022-01-05 00:00:00,2.894,-0.086201452,-1,0,-0.043100726,0.041756659,-0.351755038
2022-01-06 00:00:00,2.92,0.008984105,-1,0,0,0.051115911,-0.351755038
2022-01-07 00:00:00,2.838,-0.028082192,-1,0,0,0.021598272,-0.351755038
2022-01-08 00:00:00,2.75,-0.031007752,-1,0,0,-0.010079194,-0.351755038
2022-01-09 00:00:00,2.792,0.015272727,-1,0,0,0.005039597,-0.351755038
2022-01-10 00:00:00,2.7,-0.032951289,-1,0,0,-0.028077754,-0.351755038
2022-01-11 00:00:00,2.768,0.025185185,-1,0,0,-0.003599712,-0.351755038
2022-01-12 00:00:00,2.885,0.042268786,-1,0,0,0.038516919,-0.351755038
2022-01-13 00:00:00,2.79,-0.032928943,-1,0,0,0.004319654,-0.351755038
2022-01-14 00:00:00,2.861,0.025448029,-1,0,0,0.02987761,-0.351755038
2022-01-15 00:00:00,2.909,0.016777351,-1,0,0,0.047156228,-0.351755038
2022-01-16 00:00:00,2.903,-0.002062564,-1,0,0,0.0449964,-0.351755038
2022-01-17 00:00:00,2.83,-0.0251464,-1,0,0,0.018718503,-0.351755038
2022-01-18 00:00:00,2.823,-0.002473498,-1,0,0,0.016198704,-0.351755038
2022-01-19 00:00:00,2.738,-0.030109812,-1,0,0,-0.014398848,-0.351755038
2022-01-20 00:00:00,2.632,-0.03871439,-1,0,0,-0.052555796,-0.351755038
2022-01-21 00:00:00,2.368,-0.100303951,-1,0,0,-0.147588193,-0.351755038
2022-01-22 00:00:00,2.22,-0.0625,-1,0,0,-0.200863931,-0.351755038
2022-01-23 00:00:00,2.271,0.022972973,-1,0,0,-0.1825054,-0.351755038
2022-01-24 00:00:00,2.195,-0.033465434,-1,0,0,-0.209863211,-0.351755038
2022-01-25 00:00:00,2.223,0.012756264,-1,0,0,-0.199784017,-0.351755038
2022-01-26 00:00:00,2.211,-0.005398111,-1,0,0,-0.204103672,-0.351755038
2022-01-27 00:00:00,2.221,0.00452284,-1,0,0,-0.20050396,-0.351755038
2022-01-28 00:00:00,2.307,0.038721297,-1,0,0,-0.169546436,-0.351755038
2022-01-29 00:00:00,2.336,0.012570438,-1,0,0,-0.159107271,-0.351755038
2022-01-30 00:00:00,2.315,-0.008989726,-1,0,0,-0.166666667,-0.351755038
2022-01-31 00:00:00,2.335,0.008639309,-1,0,0,-0.159467243,-0.351755038
2022-02-01 00:00:00,2.353,0.007708779,-1,0,0,-0.152987761,-0.351755038
2022-02-02 00:00:00,2.275,-0.033149171,-1,0,0,-0.181065515,-0.351755038
2022-02-03 00:00:00,2.309,0.014945055,-1,0,0,-0.168826494,-0.351755038
2022-02-04 00:00:00,2.48,0.074058034,-1,0,0,-0.107271418,-0.351755038
2022-02-05 00:00:00,2.476,-0.001612903,-1,0,0,-0.108711303,-0.351755038
2022-02-06 00:00:00,2.536,0.024232633,-1,0,0,-0.087113031,-0.351755038
2022-02-07 00:00:00,2.695,0.062697161,-1,0,0,-0.02987761,-0.351755038
2022-02-08 00:00:00,2.63,-0.024118738,-1,0,0,-0.053275738,-0.351755038
2022-02-09 00:00:00,2.668,0.014448669,-1,0,0,-0.039596832,-0.351755038
2022-02-10 00:00:00,2.547,-0.045352324,-1,0,0,-0.083153348,-0.351755038
2022-02-11 00:00:00,2.411,-0.053396152,-1,0,0,-0.132109431,-0.351755038
2022-02-12 00:00:00,2.395,-0.006636251,-1,0,0,-0.13786897,-0.351755038
2022-02-13 00:00:00,2.377,-0.007515658,-1,0,0,-0.144348452,-0.351755038
2022-02-14 00:00:00,2.368,-0.003786285,-1,0,0,-0.147588193,-0.351755038
2022-02-15 00:00:00,2.529,0.067989865,-1,0,0,-0.089632829,-0.351755038
2022-02-16 00:00:00,2.547,0.007117438,-1,0,0,-0.083153348,-0.351755038
2022-02-17 00:00:00,2.325,-0.087161366,-1,0,0,-0.163066955,-0.351755038
2022-02-18 00:00:00,2.294,-0.013333333,-1,0,0,-0.174226062,-0.351755038
2022-02-19 00:00:00,2.286,-0.003487358,-1,0,0,-0.177105832,-0.351755038
2022-02-20 00:00:00,2.197,-0.038932633,-1,0,0,-0.209143269,-0.351755038
2022-02-21 00:00:00,2.069,-0.058261265,-1,0,0,-0.255219582,-0.351755038
2022-02-22 00:00:00,2.166,0.046882552,-1,0,0,-0.220302376,-0.351755038
2022-02-23 00:00:00,2.102,-0.029547553,-1,0,0,-0.243340533,-0.351755038
2022-02-24 00:00:00,2.069,-0.015699334,-1,0,0,-0.255219582,-0.351755038
2022-02-25 00:00:00,2.146,0.037216046,-1,0,0,-0.2275018,-0.351755038
2022-02-26 00:00:00,2.161,0.006989748,-1,0,0,-0.222102232,-0.351755038
2022-02-27 00:00:00,2.09,-0.03285516,-1,0,0,-0.247660187,-0.351755038
2022-02-28 00:00:00,2.282,0.091866029,-1,0,0,-0.178545716,-0.351755038
2022-03-01 00:00:00,2.264,-0.007887818,-1,0,0,-0.185025198,-0.351755038
2022-03-02 00:00:00,2.212,-0.022968198,-1,0,0,-0.203743701,-0.351755038
2022-03-03 00:00:00,2.154,-0.026220615,-1,0,0,-0.22462203,-0.351755038
2022-03-04 00:00:00,2,-0.071494893,-1,0,0,-0.280057595,-0.351755038
2022-03-05 00:00:00,2.041,0.0205,-1,0,0,-0.265298776,-0.351755038
2022-03-06 00:00:00,1.96,-0.039686428,-1,0,0,-0.294456443,-0.351755038
2022-03-07 00:00:00,1.919,-0.020918367,-1,0,0,-0.309215263,-0.351755038
2022-03-08 00:00:00,1.969,0.026055237,-1,0,0,-0.291216703,-0.351755038
2022-03-09 00:00:00,2.065,0.048755714,-1,0,0,-0.256659467,-0.351755038
2022-03-10 00:00:00,1.983,-0.039709443,-1,0,0,-0.286177106,-0.351755038
2022-03-11 00:00:00,1.972,-0.005547151,-1,0,0,-0.290136789,-0.351755038
2022-03-12 00:00:00,1.968,-0.002028398,-1,0,0,-0.291576674,-0.351755038
2022-03-13 00:00:00,1.905,-0.032012195,-1,0,0,-0.31425486,-0.351755038
2022-03-14 00:00:00,1.966,0.032020997,-1,0,0,-0.292296616,-0.351755038
2022-03-15 00:00:00,1.985,0.009664293,-1,0,0,-0.285457163,-0.351755038
2022-03-16 00:00:00,2.084,0.049874055,-1,0,0,-0.249820014,-0.351755038
2022-03-17 00:00:00,2.085,0.000479846,-1,0,0,-0.249460043,-0.351755038
2022-03-18 00:00:00,2.127,0.020143885,-1,0,0,-0.234341253,-0.351755038
2022-03-19 00:00:00,2.215,0.041372826,-1,0,0,-0.202663787,-0.351755038
2022-03-20 00:00:00,2.213,-0.000902935,-1,0,0,-0.203383729,-0.351755038
2022-03-21 00:00:00,2.347,0.060551288,0,0.5,0,-0.155147588,-0.351755038
2022-03-22 00:00:00,2.549,0.08606732,0,0.5,0.04303366,-0.082433405,-0.323858685
2022-03-23 00:00:00,2.499,-0.019615536,0,0.5,-0.009807768,-0.100431965,-0.330490122
2022-03-24 00:00:00,2.541,0.016806723,0,0.5,0.008403361,-0.085313175,-0.324863988
2022-03-25 00:00:00,2.505,-0.014167651,0,0.5,-0.007083825,-0.098272138,-0.329646534
2022-03-26 00:00:00,2.512,0.002794411,0,0.5,0.001397206,-0.09575234,-0.328709912
2022-03-27 00:00:00,2.669,0.0625,0,0.5,0.03125,-0.039236861,-0.307732097
2022-03-28 00:00:00,2.86,0.071562383,0,0.5,0.035781191,0.029517639,-0.282961927
2022-03-29 00:00:00,2.894,0.011888112,0,0.5,0.005944056,0.041756659,-0.278699812
2022-03-30 00:00:00,2.938,0.01520387,0,0.5,0.007601935,0.057595392,-0.273216535
2022-03-31 00:00:00,2.828,-0.037440436,0,0.5,-0.018720218,0.01799856,-0.28682208
2022-04-01 00:00:00,2.838,0.003536068,0,0.5,0.001768034,0.021598272,-0.285561157
2022-04-02 00:00:00,2.787,-0.017970402,0,0.5,-0.008985201,0.003239741,-0.291980534
2022-04-03 00:00:00,2.841,0.019375673,0,0.5,0.009687836,0.022678186,-0.285121357
2022-04-04 00:00:00,2.89,0.017247448,0,0.5,0.008623724,0.040316775,-0.278956441
2022-04-05 00:00:00,2.749,-0.048788927,0,0.5,-0.024394464,-0.010439165,-0.296545912
2022-04-06 00:00:00,2.425,-0.11786104,0,0.5,-0.05893052,-0.127069834,-0.338000827
2022-04-07 00:00:00,2.501,0.031340206,0,0.5,0.015670103,-0.099712023,-0.327627232
2022-04-08 00:00:00,2.377,-0.049580168,0,0.5,-0.024790084,-0.144348452,-0.344295409
2022-04-09 00:00:00,2.415,0.015986538,0,0.5,0.007993269,-0.130669546,-0.339054186
2022-04-10 00:00:00,2.36,-0.022774327,0,0.5,-0.011387164,-0.150467963,-0.346580484
2022-04-11 00:00:00,2.163,-0.083474576,0,0.5,-0.041737288,-0.221382289,-0.373852443
2022-04-12 00:00:00,2.242,0.036523347,0,0.5,0.018261674,-0.192944564,-0.36241794
2022-04-13 00:00:00,2.358,0.051739518,0,0.5,0.025869759,-0.151187905,-0.345923846
2022-04-14 00:00:00,2.306,-0.022052587,0,0.5,-0.011026293,-0.169906407,-0.353135882
2022-04-15 00:00:00,2.419,0.049002602,0,0.5,0.024501301,-0.129229662,-0.337286869
2022-04-16 00:00:00,2.608,0.078131459,0,0.5,0.03906573,-0.061195104,-0.311397497
2022-04-17 00:00:00,2.415,-0.074003067,0,0.5,-0.037001534,-0.130669546,-0.336876846
2022-04-18 00:00:00,2.443,0.011594203,0,0.5,0.005797101,-0.120590353,-0.333032654
2022-04-19 00:00:00,2.645,0.082685223,0,0.5,0.041342612,-0.04787617,-0.305458482
2022-04-20 00:00:00,2.764,0.044990548,0,0.5,0.022495274,-0.005039597,-0.28983458
2022-04-21 00:00:00,2.503,-0.094428365,-1,0,-0.047214182,-0.098992081,-0.32336446
2022-04-22 00:00:00,2.456,-0.018777467,-1,0,0,-0.115910727,-0.32336446
2022-04-23 00:00:00,2.403,-0.021579805,-1,0,0,-0.134989201,-0.32336446
2022-04-24 00:00:00,2.349,-0.02247191,-1,0,0,-0.154427646,-0.32336446
2022-04-25 00:00:00,2.376,0.011494253,-1,0,0,-0.144708423,-0.32336446
2022-04-26 00:00:00,2.182,-0.081649832,-1,0,0,-0.214542837,-0.32336446
2022-04-27 00:00:00,2.251,0.031622365,-1,0,0,-0.189704824,-0.32336446
2022-04-28 00:00:00,2.313,0.027543314,-1,0,0,-0.167386609,-0.32336446
2022-04-29 00:00:00,2.273,-0.017293558,-1,0,0,-0.181785457,-0.32336446
2022-04-30 00:00:00,2.01,-0.115706115,-1,0,0,-0.276457883,-0.32336446
2022-05-01 00:00:00,2.106,0.047761194,-1,0,0,-0.241900648,-0.32336446
2022-05-02 00:00:00,2.095,-0.005223172,-1,0,0,-0.245860331,-0.32336446
2022-05-03 00:00:00,2.053,-0.020047733,-1,0,0,-0.260979122,-0.32336446
2022-05-04 00:00:00,2.224,0.083292742,-1,0,0,-0.199424046,-0.32336446
2022-05-05 00:00:00,2.011,-0.095773381,-1,0,0,-0.276097912,-0.32336446
2022-05-06 00:00:00,2.022,0.005469915,-1,0,0,-0.272138229,-0.32336446
2022-05-07 00:00:00,1.976,-0.022749753,-1,0,0,-0.288696904,-0.32336446
2022-05-08 00:00:00,1.949,-0.013663968,-1,0,0,-0.298416127,-0.32336446
2022-05-09 00:00:00,1.582,-0.188301693,-1,0,0,-0.430525558,-0.32336446
2022-05-10 00:00:00,1.716,0.084702908,-1,0,0,-0.382289417,-0.32336446
2022-05-11 00:00:00,1.406,-0.180652681,-1,0,0,-0.49388049,-0.32336446
2022-05-12 00:00:00,1.272,-0.095305832,-1,0,0,-0.542116631,-0.32336446
2022-05-13 00:00:00,1.338,0.051886792,-1,0,0,-0.518358531,-0.32336446
2022-05-14 00:00:00,1.35,0.00896861,-1,0,0,-0.514038877,-0.32336446
2022-05-15 00:00:00,1.405,0.040740741,-1,0,0,-0.494240461,-0.32336446
2022-05-16 00:00:00,1.315,-0.06405694,-1,0,0,-0.526637869,-0.32336446
2022-05-17 00:00:00,1.376,0.046387833,-1,0,0,-0.504679626,-0.32336446
2022-05-18 00:00:00,1.266,-0.07994186,-1,0,0,-0.544276458,-0.32336446
2022-05-19 00:00:00,1.321,0.043443918,-1,0,0,-0.524478042,-0.32336446
2022-05-20 00:00:00,1.272,-0.037093111,-1,0,0,-0.542116631,-0.32336446
2022-05-21 00:00:00,1.306,0.02672956,-1,0,0,-0.52987761,-0.32336446
2022-05-22 00:00:00,1.354,0.036753446,-1,0,0,-0.512598992,-0.32336446
2022-05-23 00:00:00,1.305,-0.036189069,-1,0,0,-0.530237581,-0.32336446
2022-05-24 00:00:00,1.343,0.029118774,-1,0,0,-0.516558675,-0.32336446
2022-05-25 00:00:00,1.322,-0.015636634,-1,0,0,-0.524118071,-0.32336446
2022-05-26 00:00:00,1.236,-0.06505295,-1,0,0,-0.555075594,-0.32336446
2022-05-27 00:00:00,1.213,-0.018608414,-1,0,0,-0.563354932,-0.32336446
2022-05-28 00:00:00,1.255,0.034624897,-1,0,0,-0.548236141,-0.32336446
2022-05-29 00:00:00,1.292,0.029482072,-1,0,0,-0.534917207,-0.32336446
2022-05-30 00:00:00,1.387,0.073529412,-1,0,0,-0.500719942,-0.32336446
2022-05-31 00:00:00,1.381,-0.004325883,-1,0,0,-0.50287977,-0.32336446
2022-06-01 00:00:00,1.265,-0.083997104,-1,0,0,-0.544636429,-0.32336446
2022-06-02 00:00:00,1.292,0.021343874,-1,0,0,-0.534917207,-0.32336446
2022-06-03 00:00:00,1.263,-0.02244582,-1,0,0,-0.545356371,-0.32336446
2022-06-04 00:00:00,1.284,0.016627078,-1,0,0,-0.537796976,-0.32336446
2022-06-05 00:00:00,1.268,-0.012461059,-1,0,0,-0.543556515,-0.32336446
2022-06-06 00:00:00,1.302,0.02681388,-1,0,0,-0.531317495,-0.32336446
2022-06-07 00:00:00,1.284,-0.013824885,-1,0,0,-0.537796976,-0.32336446
2022-06-08 00:00:00,1.252,-0.024922118,-1,0,0,-0.549316055,-0.32336446
2022-06-09 00:00:00,1.238,-0.011182109,-1,0,0,-0.554355652,-0.32336446
2022-06-10 00:00:00,1.182,-0.045234249,-1,0,0,-0.574514039,-0.32336446
2022-06-11 00:00:00,1.117,-0.05499154,-1,0,0,-0.597912167,-0.32336446
2022-06-12 00:00:00,1.028,-0.079677708,-1,0,0,-0.629949604,-0.32336446
2022-06-13 00:00:00,0.916,-0.108949416,-1,0,0,-0.670266379,-0.32336446
2022-06-14 00:00:00,0.94,0.026200873,-1,0,0,-0.66162707,-0.32336446
2022-06-15 00:00:00,1.008,0.072340426,-1,0,0,-0.637149028,-0.32336446
2022-06-16 00:00:00,0.909,-0.098214286,-1,0,0,-0.672786177,-0.32336446
2022-06-17 00:00:00,0.937,0.03080308,-1,0,0,-0.662706983,-0.32336446
2022-06-18 00:00:00,0.886,-0.054429029,-1,0,0,-0.681065515,-0.32336446
2022-06-19 00:00:00,0.967,0.091422122,-1,0,0,-0.651907847,-0.32336446
2022-06-20 00:00:00,0.962,-0.005170631,-1,0,0,-0.653707703,-0.32336446
2022-06-21 00:00:00,0.964,0.002079002,-1,0,0,-0.652987761,-0.32336446
2022-06-22 00:00:00,0.925,-0.040456432,-1,0,0,-0.667026638,-0.32336446
2022-06-23 00:00:00,0.973,0.051891892,-1,0,0,-0.64974802,-0.32336446
2022-06-24 00:00:00,1.004,0.031860226,-1,0,0,-0.638588913,-0.32336446
2022-06-25 00:00:00,1.008,0.003984064,-1,0,0,-0.637149028,-0.32336446
2022-06-26 00:00:00,0.989,-0.018849206,-1,0,0,-0.643988481,-0.32336446
2022-06-27 00:00:00,0.984,-0.005055612,-1,0,0,-0.645788337,-0.32336446
2022-06-28 00:00:00,0.944,-0.040650407,-1,0,0,-0.660187185,-0.32336446
2022-06-29 00:00:00,0.935,-0.009533898,-1,0,0,-0.663426926,-0.32336446
2022-06-30 00:00:00,0.925,-0.010695187,-1,0,0,-0.667026638,-0.32336446
2022-07-01 00:00:00,0.91,-0.016216216,-1,0,0,-0.672426206,-0.32336446
2022-07-02 00:00:00,0.938,0.030769231,-1,0,0,-0.662347012,-0.32336446
2022-07-03 00:00:00,0.944,0.006396588,-1,0,0,-0.660187185,-0.32336446
2022-07-04 00:00:00,0.986,0.044491525,-1,0,0,-0.645068395,-0.32336446
2022-07-05 00:00:00,0.971,-0.015212982,-1,0,0,-0.650467963,-0.32336446
2022-07-06 00:00:00,0.998,0.027806385,-1,0,0,-0.64074874,-0.32336446
2022-07-07 00:00:00,1.03,0.032064128,-1,0,0,-0.629229662,-0.32336446
2022-07-08 00:00:00,1.013,-0.016504854,-1,0,0,-0.635349172,-0.32336446
2022-07-09 00:00:00,1.038,0.024679171,-1,0,0,-0.626349892,-0.32336446
2022-07-10 00:00:00,1.002,-0.034682081,-1,0,0,-0.639308855,-0.32336446
2022-07-11 00:00:00,0.94,-0.061876248,-1,0,0,-0.66162707,-0.32336446
2022-07-12 00:00:00,0.915,-0.026595745,-1,0,0,-0.67062635,-0.32336446
2022-07-13 00:00:00,0.948,0.036065574,0,0.5,0,-0.6587473,-0.32336446
2022-07-14 00:00:00,0.971,0.024261603,0,0.5,0.012130802,-0.650467963,-0.315156328
2022-07-15 00:00:00,0.975,0.004119464,-1,0,0.002059732,-0.649028078,-0.313745734
2022-07-16 00:00:00,1.008,0.033846154,0,0.5,0,-0.637149028,-0.313745734
2022-07-17 00:00:00,0.984,-0.023809524,0,0.5,-0.011904762,-0.645788337,-0.321915427
2022-07-18 00:00:00,1.055,0.072154472,0,0.5,0.036077236,-0.620230382,-0.29745201
2022-07-19 00:00:00,1.075,0.018957346,0,0.5,0.009478673,-0.613030958,-0.290792788
2022-07-20 00:00:00,1.04,-0.03255814,0,0.5,-0.01627907,-0.62562995,-0.302338021
2022-07-21 00:00:00,1.053,0.0125,0,0.5,0.00625,-0.620950324,-0.297977634
2022-07-22 00:00:00,1.175,0.115859449,0,0.5,0.057929725,-0.577033837,-0.257309672
2022-07-23 00:00:00,1.164,-0.009361702,0,0.5,-0.004680851,-0.580993521,-0.260786094
2022-07-24 00:00:00,1.202,0.032646048,0,0.5,0.016323024,-0.567314615,-0.248719888
2022-07-25 00:00:00,1.107,-0.079034942,0,0.5,-0.039517471,-0.601511879,-0.278408578
2022-07-26 00:00:00,1.11,0.002710027,0,0.5,0.001355014,-0.600431965,-0.277430812
2022-07-27 00:00:00,1.255,0.130630631,0,0.5,0.065315315,-0.548236141,-0.230235977
2022-07-28 00:00:00,1.314,0.047011952,0,0.5,0.023505976,-0.52699784,-0.212141923
2022-07-29 00:00:00,1.299,-0.011415525,0,0.5,-0.005707763,-0.532397408,-0.21663883
2022-07-30 00:00:00,1.308,0.006928406,0,0.5,0.003464203,-0.529157667,-0.213925107
2022-07-31 00:00:00,1.33,0.016819572,0,0.5,0.008409786,-0.521238301,-0.207314386
2022-08-01 00:00:00,1.255,-0.056390977,0,0.5,-0.028195489,-0.548236141,-0.229664544
2022-08-02 00:00:00,1.185,-0.055776892,0,0.5,-0.027888446,-0.573434125,-0.251148003
2022-08-03 00:00:00,1.173,-0.010126582,0,0.5,-0.005063291,-0.57775378,-0.254939659
2022-08-04 00:00:00,1.187,0.011935209,0,0.5,0.005967604,-0.572714183,-0.250493433
2022-08-05 00:00:00,1.258,0.059814659,0,0.5,0.029907329,-0.547156228,-0.228077693
2022-08-06 00:00:00,1.225,-0.026232114,0,0.5,-0.013116057,-0.559035277,-0.238202271
2022-08-07 00:00:00,1.229,0.003265306,0,0.5,0.001632653,-0.557595392,-0.236958519
2022-08-08 00:00:00,1.25,0.017087063,0,0.5,0.008543531,-0.550035997,-0.23043945
2022-08-09 00:00:00,1.176,-0.0592,0,0.5,-0.0296,-0.576673866,-0.253218443
2022-08-10 00:00:00,1.276,0.085034014,0,0.5,0.042517007,-0.540676746,-0.221467526
2022-08-11 00:00:00,1.311,0.027429467,0,0.5,0.013714734,-0.528077754,-0.210790161
2022-08-12 00:00:00,1.327,0.012204424,0,0.5,0.006102212,-0.522318215,-0.205974235
2022-08-13 00:00:00,1.349,0.016578749,0,0.5,0.008289375,-0.514398848,-0.199392258
2022-08-14 00:00:00,1.304,-0.033358043,0,0.5,-0.016679021,-0.530597552,-0.212745612
2022-08-15 00:00:00,1.272,-0.024539877,0,0.5,-0.012269939,-0.542116631,-0.222405175
2022-08-16 00:00:00,1.381,0.085691824,0,0.5,0.042845912,-0.50287977,-0.189088415
2022-08-17 00:00:00,1.479,0.07096307,0,0.5,0.035481535,-0.467602592,-0.160316027
2022-08-18 00:00:00,1.483,0.00270453,0,0.5,0.001352265,-0.466162707,-0.159180552
2022-08-19 00:00:00,1.27,-0.143627782,0,0.5,-0.071813891,-0.542836573,-0.219563068
2022-08-20 00:00:00,1.41,0.11023622,0,0.5,0.05511811,-0.492440605,-0.176546859
2022-08-21 00:00:00,1.569,0.112765957,0,0.5,0.056382979,-0.435205184,-0.130118118
2022-08-22 00:00:00,1.835,0.169534736,0,0.5,0.084767368,-0.339452844,-0.056380521
2022-08-23 00:00:00,1.804,-0.016893733,0,0.5,-0.008446866,-0.350611951,-0.064351149
2022-08-24 00:00:00,1.773,-0.017184035,0,0.5,-0.008592018,-0.361771058,-0.07239026
2022-08-25 00:00:00,1.731,-0.023688663,0,0.5,-0.011844332,-0.376889849,-0.083377178
2022-08-26 00:00:00,1.547,-0.106296938,0,0.5,-0.053148469,-0.44312455,-0.132094277
2022-08-27 00:00:00,1.54,-0.004524887,0,0.5,-0.002262443,-0.445644348,-0.134057865
2022-08-28 00:00:00,1.425,-0.074675325,0,0.5,-0.037337662,-0.487041037,-0.16639012
2022-08-29 00:00:00,1.493,0.047719298,0,0.5,0.023859649,-0.462562995,-0.146500481
2022-08-30 00:00:00,1.392,-0.067649029,0,0.5,-0.033824514,-0.498920086,-0.175369688
2022-08-31 00:00:00,1.372,-0.014367816,0,0.5,-0.007183908,-0.50611951,-0.181293756
2022-09-01 00:00:00,1.48,0.078717201,0,0.5,0.039358601,-0.467242621,-0.149070624
2022-09-02 00:00:00,1.545,0.043918919,0,0.5,0.021959459,-0.443844492,-0.130384675
2022-09-03 00:00:00,1.517,-0.018122977,0,0.5,-0.009061489,-0.453923686,-0.138264684
2022-09-04 00:00:00,1.491,-0.01713909,0,0.5,-0.008569545,-0.463282937,-0.145649364
2022-09-05 00:00:00,1.568,0.051643192,0,0.5,0.025821596,-0.435565155,-0.123588667
2022-09-06 00:00:00,1.394,-0.110969388,0,0.5,-0.055484694,-0.498200144,-0.172216081
2022-09-07 00:00:00,1.663,0.192969871,0,0.5,0.096484935,-0.401367891,-0.092347403
2022-09-08 00:00:00,1.601,-0.03728202,1,1,-0.01864101,-0.423686105,-0.109266965
2022-09-09 00:00:00,1.66,0.036851968,1,1,0.036851968,-0.402447804,-0.0764417
2022-09-10 00:00:00,1.747,0.052409639,1,1,0.052409639,-0.37113031,-0.028038343
2022-09-11 00:00:00,1.711,-0.020606754,1,1,-0.020606754,-0.384089273,-0.048067318
2022-09-12 00:00:00,1.658,-0.030976037,1,1,-0.030976037,-0.403167747,-0.077554421
2022-09-13 00:00:00,1.468,-0.114595899,1,1,-0.114595899,-0.471562275,-0.183262901
2022-09-14 00:00:00,1.473,0.003405995,1,1,0.003405995,-0.469762419,-0.180481099
2022-09-15 00:00:00,1.38,-0.063136456,0,0.5,-0.063136456,-0.503239741,-0.232222618
2022-09-16 00:00:00,1.423,0.03115942,0,0.5,0.01557971,-0.487760979,-0.220260869
2022-09-17 00:00:00,1.47,0.033028812,0,0.5,0.016514406,-0.470842333,-0.20738394
2022-09-18 00:00:00,1.272,-0.134693878,0,0.5,-0.067346939,-0.542116631,-0.260764205
2022-09-19 00:00:00,1.298,0.020440252,-1,0,0.010220126,-0.532757379,-0.253209123
2022-09-20 00:00:00,1.336,0.029275809,0,0.5,0,-0.519078474,-0.253209123
2022-09-21 00:00:00,1.179,-0.11751497,-1,0,-0.058757485,-0.575593952,-0.297088676
2022-09-22 00:00:00,1.235,0.04749788,-1,0,0,-0.555435565,-0.297088676
2022-09-23 00:00:00,1.228,-0.005668016,-1,0,0,-0.557955364,-0.297088676
2022-09-24 00:00:00,1.196,-0.026058632,-1,0,0,-0.569474442,-0.297088676
2022-09-25 00:00:00,1.164,-0.026755853,-1,0,0,-0.580993521,-0.297088676
2022-09-26 00:00:00,1.181,0.014604811,-1,0,0,-0.57487401,-0.297088676
2022-09-27 00:00:00,1.152,-0.024555461,-1,0,0,-0.585313175,-0.297088676
2022-09-28 00:00:00,1.147,-0.004340278,-1,0,0,-0.587113031,-0.297088676
2022-09-29 00:00:00,1.203,0.048823017,-1,0,0,-0.566954644,-0.297088676
2022-09-30 00:00:00,1.182,-0.017456359,-1,0,0,-0.574514039,-0.297088676
2022-10-01 00:00:00,1.222,0.033840948,-1,0,0,-0.560115191,-0.297088676
2022-10-02 00:00:00,1.159,-0.051554828,-1,0,0,-0.582793377,-0.297088676
2022-10-03 00:00:00,1.186,0.023295945,-1,0,0,-0.573074154,-0.297088676
2022-10-04 00:00:00,1.2,0.011804384,-1,0,0,-0.568034557,-0.297088676
2022-10-05 00:00:00,1.174,-0.021666667,-1,0,0,-0.577393808,-0.297088676
2022-10-06 00:00:00,1.154,-0.017035775,-1,0,0,-0.584593233,-0.297088676
2022-10-07 00:00:00,1.119,-0.030329289,-1,0,0,-0.597192225,-0.297088676
2022-10-08 00:00:00,1.111,-0.00714924,-1,0,0,-0.600071994,-0.297088676
2022-10-09 00:00:00,1.119,0.00720072,0,0.5,0,-0.597192225,-0.297088676
2022-10-10 00:00:00,1.033,-0.076854334,0,0.5,-0.038427167,-0.628149748,-0.324099567
2022-10-11 00:00:00,1.043,0.009680542,0,0.5,0.004840271,-0.624550036,-0.320828026
2022-10-12 00:00:00,1.037,-0.005752637,0,0.5,-0.002876318,-0.626709863,-0.322781541
2022-10-13 00:00:00,1.014,-0.022179364,0,0.5,-0.011089682,-0.634989201,-0.330291678
2022-10-14 00:00:00,1.007,-0.006903353,0,0.5,-0.003451677,-0.637508999,-0.332603294
2022-10-15 00:00:00,1.051,0.043694141,0,0.5,0.021847071,-0.621670266,-0.318022632
2022-10-16 00:00:00,1.05,-0.000951475,0,0.5,-0.000475737,-0.622030238,-0.318347074
2022-10-17 00:00:00,1.063,0.012380952,0,0.5,0.006190476,-0.617350612,-0.314127317
2022-10-18 00:00:00,1.048,-0.014111007,0,0.5,-0.007055503,-0.62275018,-0.318966494
2022-10-19 00:00:00,1.004,-0.041984733,0,0.5,-0.020992366,-0.638588913,-0.333262999
2022-10-20 00:00:00,1.042,0.037848606,0,0.5,0.018924303,-0.624910007,-0.320645466
2022-10-21 00:00:00,1.068,0.024952015,0,0.5,0.012476008,-0.615550756,-0.312169834
2022-10-22 00:00:00,1.065,-0.002808989,0,0.5,-0.001404494,-0.61663067,-0.313135888
2022-10-23 00:00:00,1.094,0.027230047,0,0.5,0.013615023,-0.606191505,-0.303784217
2022-10-24 00:00:00,1.067,-0.024680073,0,0.5,-0.012340037,-0.615910727,-0.312375545
2022-10-25 00:00:00,1.098,0.029053421,0,0.5,0.01452671,-0.60475162,-0.302386624
2022-10-26 00:00:00,1.126,0.025500911,0,0.5,0.012750455,-0.594672426,-0.293491735
2022-10-27 00:00:00,1.123,-0.002664298,0,0.5,-0.001332149,-0.59575234,-0.29443291
2022-10-28 00:00:00,1.135,0.010685663,0,0.5,0.005342832,-0.591432685,-0.290663184
2022-10-29 00:00:00,1.135,0,0,0.5,0,-0.591432685,-0.290663184
2022-10-30 00:00:00,1.108,-0.023788546,0,0.5,-0.011894273,-0.601151908,-0.299100229
2022-10-31 00:00:00,1.147,0.035198556,0,0.5,0.017599278,-0.587113031,-0.286764899
2022-11-01 00:00:00,1.14,-0.006102877,0,0.5,-0.003051439,-0.589632829,-0.288941293
2022-11-02 00:00:00,1.117,-0.020175439,0,0.5,-0.010087719,-0.597912167,-0.296114253
2022-11-03 00:00:00,1.147,0.026857654,0,0.5,0.013428827,-0.587113031,-0.286661893
2022-11-04 00:00:00,1.195,0.0418483,1,1,0.02092415,-0.569834413,-0.2717359
2022-11-05 00:00:00,1.167,-0.023430962,1,1,-0.023430962,-0.579913607,-0.288799828
2022-11-06 00:00:00,1.111,-0.04798629,0,0.5,-0.04798629,-0.600071994,-0.322927686
2022-11-07 00:00:00,1.132,0.01890189,1,1,0.009450945,-0.592512599,-0.316528712
2022-11-08 00:00:00,0.963,-0.149293286,0,0.5,-0.149293286,-0.653347732,-0.418566387
2022-11-09 00:00:00,0.822,-0.146417445,-1,0,-0.073208723,-0.704103672,-0.461132399
2022-11-10 00:00:00,0.937,0.139902676,-1,0,0,-0.662706983,-0.461132399
2022-11-11 00:00:00,0.934,-0.003201708,-1,0,0,-0.663786897,-0.461132399
2022-11-12 00:00:00,0.892,-0.04496788,-1,0,0,-0.678905688,-0.461132399
2022-11-13 00:00:00,0.884,-0.00896861,-1,0,0,-0.681785457,-0.461132399
2022-11-14 00:00:00,0.916,0.036199095,-1,0,0,-0.670266379,-0.461132399
2022-11-15 00:00:00,0.926,0.010917031,-1,0,0,-0.666666667,-0.461132399
2022-11-16 00:00:00,0.896,-0.032397408,-1,0,0,-0.677465803,-0.461132399
2022-11-17 00:00:00,0.9,0.004464286,-1,0,0,-0.676025918,-0.461132399
2022-11-18 00:00:00,0.897,-0.003333333,-1,0,0,-0.677105832,-0.461132399
2022-11-19 00:00:00,0.903,0.006688963,-1,0,0,-0.674946004,-0.461132399
2022-11-20 00:00:00,0.87,-0.03654485,-1,0,0,-0.686825054,-0.461132399
2022-11-21 00:00:00,0.848,-0.025287356,-1,0,0,-0.69474442,-0.461132399
2022-11-22 00:00:00,0.879,0.036556604,-1,0,0,-0.683585313,-0.461132399
2022-11-23 00:00:00,0.91,0.035267349,-1,0,0,-0.672426206,-0.461132399
2022-11-24 00:00:00,0.911,0.001098901,-1,0,0,-0.672066235,-0.461132399
2022-11-25 00:00:00,0.933,0.024149286,-1,0,0,-0.664146868,-0.461132399
2022-11-26 00:00:00,0.933,0,-1,0,0,-0.664146868,-0.461132399
2022-11-27 00:00:00,0.928,-0.005359057,-1,0,0,-0.665946724,-0.461132399
2022-11-28 00:00:00,0.903,-0.026939655,-1,0,0,-0.674946004,-0.461132399
2022-11-29 00:00:00,0.916,0.014396456,-1,0,0,-0.670266379,-0.461132399
2022-11-30 00:00:00,0.949,0.036026201,-1,0,0,-0.658387329,-0.461132399
2022-12-01 00:00:00,0.932,-0.017913593,-1,0,0,-0.664506839,-0.461132399
2022-12-02 00:00:00,0.942,0.010729614,-1,0,0,-0.660907127,-0.461132399
2022-12-03 00:00:00,0.92,-0.023354565,-1,0,0,-0.668826494,-0.461132399
2022-12-04 00:00:00,0.928,0.008695652,-1,0,0,-0.665946724,-0.461132399
2022-12-05 00:00:00,0.93,0.002155172,-1,0,0,-0.665226782,-0.461132399
2022-12-06 00:00:00,0.957,0.029032258,-1,0,0,-0.655507559,-0.461132399
2022-12-07 00:00:00,0.99,0.034482759,-1,0,0,-0.64362851,-0.461132399
2022-12-08 00:00:00,0.994,0.004040404,0,0.5,0,-0.642188625,-0.461132399
2022-12-09 00:00:00,1.032,0.038229376,0,0.5,0.019114688,-0.628509719,-0.450832113
2022-12-10 00:00:00,1.032,0,0,0.5,0,-0.628509719,-0.450832113
2022-12-11 00:00:00,1.002,-0.029069767,0,0.5,-0.014534884,-0.639308855,-0.458814204
2022-12-12 00:00:00,0.98,-0.021956088,0,0.5,-0.010978044,-0.647228222,-0.464755366
2022-12-13 00:00:00,1,0.020408163,0,0.5,0.010204082,-0.640028798,-0.459293686
2022-12-14 00:00:00,0.978,-0.022,0,0.5,-0.011,-0.647948164,-0.465241455
2022-12-15 00:00:00,0.956,-0.022494888,0,0.5,-0.011247444,-0.655867531,-0.471256122
2022-12-16 00:00:00,0.872,-0.087866109,-1,0,-0.043933054,-0.686105112,-0.494485456
2022-12-17 00:00:00,0.89,0.020642202,-1,0,0,-0.67962563,-0.494485456
2022-12-18 00:00:00,0.882,-0.008988764,-1,0,0,-0.6825054,-0.494485456
2022-12-19 00:00:00,0.847,-0.03968254,-1,0,0,-0.695104392,-0.494485456
2022-12-20 00:00:00,0.888,0.048406139,0,0.5,0,-0.680345572,-0.494485456
2022-12-21 00:00:00,0.888,0,0,0.5,0,-0.680345572,-0.494485456
2022-12-22 00:00:00,0.887,-0.001126126,0,0.5,-0.000563063,-0.680705544,-0.494770092
2022-12-23 00:00:00,0.884,-0.003382187,-1,0,-0.001691094,-0.681785457,-0.495624483
2022-12-24 00:00:00,0.88,-0.004524887,-1,0,0,-0.683225342,-0.495624483
2022-12-25 00:00:00,0.876,-0.004545455,-1,0,0,-0.684665227,-0.495624483
2022-12-26 00:00:00,0.887,0.012557078,-1,0,0,-0.680705544,-0.495624483
2022-12-27 00:00:00,0.896,0.010146561,-1,0,0,-0.677465803,-0.495624483
2022-12-28 00:00:00,0.871,-0.027901786,-1,0,0,-0.686465083,-0.495624483
2022-12-29 00:00:00,0.864,-0.008036739,-1,0,0,-0.688984881,-0.495624483
2022-12-30 00:00:00,0.862,-0.002314815,-1,0,0,-0.689704824,-0.495624483
2022-12-31 00:00:00,0.862,0,-1,0,0,-0.689704824,-0.495624483
2023-01-01 00:00:00,0.879,0.019721578,-1,0,0,-0.683585313,-0.495624483
2023-01-02 00:00:00,0.882,0.003412969,-1,0,0,-0.6825054,-0.495624483
2023-01-03 00:00:00,0.88,-0.002267574,-1,0,0,-0.683225342,-0.495624483
2023-01-04 00:00:00,0.907,0.030681818,-1,0,0,-0.67350612,-0.495624483
2023-01-05 00:00:00,0.891,-0.017640573,-1,0,0,-0.679265659,-0.495624483
2023-01-06 00:00:00,0.895,0.004489338,-1,0,0,-0.677825774,-0.495624483
2023-01-07 00:00:00,0.889,-0.006703911,-1,0,0,-0.679985601,-0.495624483
2023-01-08 00:00:00,0.911,0.024746907,-1,0,0,-0.672066235,-0.495624483
2023-01-09 00:00:00,0.934,0.025246981,-1,0,0,-0.663786897,-0.495624483
2023-01-10 00:00:00,0.947,0.01391863,-1,0,0,-0.659107271,-0.495624483
2023-01-11 00:00:00,0.978,0.032734952,-1,0,0,-0.647948164,-0.495624483
2023-01-12 00:00:00,0.991,0.013292434,-1,0,0,-0.643268539,-0.495624483
2023-01-13 00:00:00,1.012,0.021190716,0,0.5,0,-0.635709143,-0.495624483
2023-01-14 00:00:00,1.053,0.040513834,0,0.5,0.020256917,-0.620950324,-0.48540739
2023-01-15 00:00:00,1.064,0.010446344,0,0.5,0.005223172,-0.616990641,-0.482719585
2023-01-16 00:00:00,1.037,-0.02537594,0,0.5,-0.01268797,-0.626709863,-0.489282823
2023-01-17 00:00:00,1.021,-0.015429122,0,0.5,-0.007714561,-0.632469402,-0.493222782
2023-01-18 00:00:00,0.956,-0.063663075,0,0.5,-0.031831538,-0.655867531,-0.50935428
2023-01-19 00:00:00,0.978,0.023012552,0,0.5,0.011506276,-0.647948164,-0.503708775
2023-01-20 00:00:00,1.045,0.068507157,0,0.5,0.034253579,-0.623830094,-0.486709024
2023-01-21 00:00:00,1.028,-0.016267943,0,0.5,-0.008133971,-0.629949604,-0.490884118
2023-01-22 00:00:00,1.083,0.053501946,0,0.5,0.026750973,-0.610151188,-0.477264773
2023-01-23 00:00:00,1.096,0.012003693,0,0.5,0.006001847,-0.605471562,-0.474127397
2023-01-24 00:00:00,1.036,-0.054744526,0,0.5,-0.027372263,-0.627069834,-0.48852172
2023-01-25 00:00:00,1.09,0.052123552,0,0.5,0.026061776,-0.607631389,-0.475191687
2023-01-26 00:00:00,1.088,-0.001834862,0,0.5,-0.000917431,-0.608351332,-0.475673163
2023-01-27 00:00:00,1.113,0.022977941,0,0.5,0.011488971,-0.599352052,-0.469649187
2023-01-28 00:00:00,1.094,-0.017070979,0,0.5,-0.00853549,-0.606191505,-0.474175991
2023-01-29 00:00:00,1.114,0.018281536,0,0.5,0.009140768,-0.598992081,-0.469369556
2023-01-30 00:00:00,1.049,-0.058348294,0,0.5,-0.029174147,-0.622390209,-0.484850247
2023-01-31 00:00:00,1.062,0.012392755,0,0.5,0.006196378,-0.617710583,-0.481658184
2023-02-01 00:00:00,1.078,0.015065913,0,0.5,0.007532957,-0.611951044,-0.477753538
2023-02-02 00:00:00,1.07,-0.00742115,0,0.5,-0.003710575,-0.614830814,-0.479691372
2023-02-03 00:00:00,1.097,0.025233645,0,0.5,0.012616822,-0.605111591,-0.473126731
2023-02-04 00:00:00,1.107,0.00911577,0,0.5,0.004557885,-0.601511879,-0.470725303
2023-02-05 00:00:00,1.082,-0.022583559,0,0.5,-0.01129178,-0.610511159,-0.476701756
2023-02-06 00:00:00,1.058,-0.022181146,0,0.5,-0.011090573,-0.619150468,-0.482505434
2023-02-07 00:00:00,1.112,0.051039698,1,1,0.025519849,-0.599712023,-0.469299051
2023-02-08 00:00:00,1.085,-0.024280576,1,1,-0.024280576,-0.609431246,-0.482184775
2023-02-09 00:00:00,1.045,-0.036866359,1,1,-0.036866359,-0.623830094,-0.501274737
2023-02-10 00:00:00,1.051,0.005741627,1,1,0.005741627,-0.621670266,-0.498411243
2023-02-11 00:00:00,1.057,0.005708849,1,1,0.005708849,-0.619510439,-0.495547749
2023-02-12 00:00:00,1.042,-0.014191107,0,0.5,-0.014191107,-0.624910007,-0.502706484
2023-02-13 00:00:00,1.029,-0.012476008,-1,0,-0.006238004,-0.629589633,-0.505808603
2023-02-14 00:00:00,1.048,0.018464529,-1,0,0,-0.62275018,-0.505808603
2023-02-15 00:00:00,1.1,0.049618321,1,1,0,-0.604031677,-0.505808603
2023-02-16 00:00:00,1.044,-0.050909091,1,1,-0.050909091,-0.624190065,-0.530967438
2023-02-17 00:00:00,1.193,0.142720307,1,1,0.142720307,-0.570554356,-0.464026967
2023-02-18 00:00:00,1.238,0.037720034,1,1,0.037720034,-0.554355652,-0.443810046
2023-02-19 00:00:00,1.23,-0.006462036,1,1,-0.006462036,-0.557235421,-0.447404166
2023-02-20 00:00:00,1.274,0.035772358,1,1,0.035772358,-0.541396688,-0.42763651
2023-02-21 00:00:00,1.223,-0.040031397,1,1,-0.040031397,-0.55975522,-0.45054902
2023-02-22 00:00:00,1.209,-0.011447261,1,1,-0.011447261,-0.564794816,-0.456838729
2023-02-23 00:00:00,1.181,-0.023159636,1,1,-0.023159636,-0.57487401,-0.469418146
2023-02-24 00:00:00,1.119,-0.052497883,0,0.5,-0.052497883,-0.597192225,-0.49727257
2023-02-25 00:00:00,1.107,-0.010723861,0,0.5,-0.00536193,-0.601511879,-0.49996816
2023-02-26 00:00:00,1.125,0.016260163,0,0.5,0.008130081,-0.595032397,-0.49590286
2023-02-27 00:00:00,1.124,-0.000888889,1,1,-0.000444444,-0.595392369,-0.496126903
2023-02-28 00:00:00,1.146,0.019572954,0,0.5,0.019572954,-0.587473002,-0.486264618
2023-03-01 00:00:00,1.206,0.052356021,1,1,0.02617801,-0.56587473,-0.472816048
2023-03-02 00:00:00,1.242,0.029850746,1,1,0.029850746,-0.552915767,-0.457079214
2023-03-03 00:00:00,1.324,0.066022544,1,1,0.066022544,-0.523398128,-0.421234202
2023-03-04 00:00:00,1.224,-0.075528701,1,1,-0.075528701,-0.559395248,-0.464947631
2023-03-05 00:00:00,1.223,-0.000816993,1,1,-0.000816993,-0.55975522,-0.465384765
2023-03-06 00:00:00,1.21,-0.010629599,1,1,-0.010629599,-0.564434845,-0.471067511
2023-03-07 00:00:00,1.181,-0.023966942,1,1,-0.023966942,-0.57487401,-0.483744405
2023-03-08 00:00:00,1.119,-0.052497883,1,1,-0.052497883,-0.597192225,-0.510846731
2023-03-09 00:00:00,1.056,-0.056300268,0,0.5,-0.056300268,-0.61987041,-0.538386191
2023-03-10 00:00:00,1.042,-0.013257576,0,0.5,-0.006628788,-0.624910007,-0.541446131
2023-03-11 00:00:00,0.993,-0.047024952,0,0.5,-0.023512476,-0.642548596,-0.552227868
2023-03-12 00:00:00,1.049,0.056394763,0,0.5,0.028197382,-0.622390209,-0.539601867
2023-03-13 00:00:00,1.079,0.028598665,1,1,0.014299333,-0.611591073,-0.533018481
2023-03-14 00:00:00,1.108,0.026876738,1,1,0.026876738,-0.601151908,-0.520467541
2023-03-15 00:00:00,1.038,-0.063176895,1,1,-0.063176895,-0.626349892,-0.550762913
2023-03-16 00:00:00,1.079,0.039499037,1,1,0.039499037,-0.611591073,-0.533018481
2023-03-17 00:00:00,1.148,0.0639481,1,1,0.0639481,-0.58675306,-0.5031559
2023-03-18 00:00:00,1.097,-0.044425087,1,1,-0.044425087,-0.605111591,-0.525228242
2023-03-19 00:00:00,1.155,0.052871468,0,0.5,0.052871468,-0.584233261,-0.500126362
2023-03-20 00:00:00,1.154,-0.000865801,0,0.5,-0.0004329,-0.584593233,-0.500342758
2023-03-21 00:00:00,1.185,0.026863085,0,0.5,0.013431542,-0.573434125,-0.49363159
2023-03-22 00:00:00,1.093,-0.077637131,0,0.5,-0.038818565,-0.606551476,-0.513288086
2023-03-23 00:00:00,1.159,0.060384263,0,0.5,0.030192132,-0.582793377,-0.498593215
2023-03-24 00:00:00,1.165,0.005176877,0,0.5,0.002588438,-0.580633549,-0.497295355
2023-03-25 00:00:00,1.114,-0.043776824,0,0.5,-0.021888412,-0.598992081,-0.508298761
2023-03-26 00:00:00,1.138,0.021543986,1,1,0.010771993,-0.590352772,-0.503002159
2023-03-27 00:00:00,1.083,-0.048330404,0,0.5,-0.048330404,-0.610151188,-0.527022266
2023-03-28 00:00:00,1.112,0.02677747,0,0.5,0.013388735,-0.599712023,-0.520689692
2023-03-29 00:00:00,1.149,0.033273381,1,1,0.016636691,-0.586393089,-0.512715555
2023-03-30 00:00:00,1.189,0.034812881,1,1,0.034812881,-0.57199424,-0.495751779
2023-03-31 00:00:00,1.195,0.005046257,0,0.5,0.005046257,-0.569834413,-0.493207213
2023-04-01 00:00:00,1.193,-0.00167364,0,0.5,-0.00083682,-0.570554356,-0.493631308
2023-04-02 00:00:00,1.229,0.030176027,0,0.5,0.015088013,-0.557595392,-0.48599121
2023-04-03 00:00:00,1.175,-0.043938161,0,0.5,-0.021969081,-0.577033837,-0.49728351
2023-04-04 00:00:00,1.193,0.015319149,0,0.5,0.007659574,-0.570554356,-0.493432916
2023-04-05 00:00:00,1.188,-0.004191115,0,0.5,-0.002095557,-0.572354212,-0.494494456
2023-04-06 00:00:00,1.217,0.024410774,1,1,0.012205387,-0.561915047,-0.488324566
2023-04-07 00:00:00,1.215,-0.001643385,1,1,-0.001643385,-0.562634989,-0.489165445
2023-04-08 00:00:00,1.189,-0.021399177,1,1,-0.021399177,-0.57199424,-0.500096885
2023-04-09 00:00:00,1.207,0.015138772,1,1,0.015138772,-0.565514759,-0.492528965
2023-04-10 00:00:00,1.239,0.026512013,1,1,0.026512013,-0.55399568,-0.479074886
2023-04-11 00:00:00,1.234,-0.004035513,1,1,-0.004035513,-0.555795536,-0.481177086
2023-04-12 00:00:00,1.208,-0.021069692,1,1,-0.021069692,-0.565154788,-0.492108525
2023-04-13 00:00:00,1.259,0.042218543,1,1,0.042218543,-0.546796256,-0.470666087
2023-04-14 00:00:00,1.249,-0.007942812,1,1,-0.007942812,-0.550395968,-0.474870487
2023-04-15 00:00:00,1.242,-0.005604484,1,1,-0.005604484,-0.552915767,-0.477813566
2023-04-16 00:00:00,1.238,-0.003220612,1,1,-0.003220612,-0.554355652,-0.479495326
2023-04-17 00:00:00,1.207,-0.025040388,1,1,-0.025040388,-0.565514759,-0.492528965
2023-04-18 00:00:00,1.218,0.009113505,1,1,0.009113505,-0.561555076,-0.487904126
2023-04-19 00:00:00,1.1,-0.096880131,0,0.5,-0.096880131,-0.604031677,-0.537516041
2023-04-20 00:00:00,1.076,-0.021818182,0,0.5,-0.010909091,-0.612670986,-0.542561321
2023-04-21 00:00:00,1.042,-0.031598513,0,0.5,-0.015799257,-0.624910007,-0.549788512
2023-04-22 00:00:00,1.073,0.02975048,0,0.5,0.01487524,-0.6137509,-0.543091508
2023-04-23 00:00:00,1.055,-0.016775396,0,0.5,-0.008387698,-0.620230382,-0.546923918
2023-04-24 00:00:00,1.049,-0.005687204,0,0.5,-0.002843602,-0.622390209,-0.548212286
2023-04-25 00:00:00,1.059,0.009532888,0,0.5,0.004766444,-0.618790497,-0.546058865
2023-04-26 00:00:00,1.028,-0.029272899,0,0.5,-0.014636449,-0.629949604,-0.552702952
2023-04-27 00:00:00,1.03,0.001945525,0,0.5,0.000972763,-0.629229662,-0.552267838
2023-04-28 00:00:00,1.038,0.00776699,0,0.5,0.003883495,-0.626349892,-0.550529072
2023-04-29 00:00:00,1.041,0.002890173,0,0.5,0.001445087,-0.625269978,-0.549879548
2023-04-30 00:00:00,1.02,-0.020172911,0,0.5,-0.010086455,-0.632829374,-0.554419668
2023-05-01 00:00:00,1.007,-0.012745098,0,0.5,-0.006372549,-0.637508999,-0.55725915
2023-05-02 00:00:00,1.023,0.015888779,0,0.5,0.007944389,-0.63174946,-0.553741845
2023-05-03 00:00:00,1.032,0.008797654,0,0.5,0.004398827,-0.628509719,-0.551778832
2023-05-04 00:00:00,1.005,-0.026162791,0,0.5,-0.013081395,-0.638228942,-0.55764219
2023-05-05 00:00:00,1.016,0.010945274,0,0.5,0.005472637,-0.634269258,-0.555221327
2023-05-06 00:00:00,0.983,-0.032480315,0,0.5,-0.016240157,-0.646148308,-0.562444602
2023-05-07 00:00:00,0.969,-0.014242116,0,0.5,-0.007121058,-0.651187905,-0.56556046
2023-05-08 00:00:00,0.906,-0.06501548,-1,0,-0.03250774,-0.673866091,-0.579683107
2023-05-09 00:00:00,0.918,0.013245033,-1,0,0,-0.669546436,-0.579683107
2023-05-10 00:00:00,0.912,-0.006535948,-1,0,0,-0.671706263,-0.579683107
2023-05-11 00:00:00,0.883,-0.031798246,-1,0,0,-0.682145428,-0.579683107
2023-05-12 00:00:00,0.875,-0.009060023,-1,0,0,-0.685025198,-0.579683107
2023-05-13 00:00:00,0.87,-0.005714286,-1,0,0,-0.686825054,-0.579683107
2023-05-14 00:00:00,0.876,0.006896552,-1,0,0,-0.684665227,-0.579683107
2023-05-15 00:00:00,0.879,0.003424658,-1,0,0,-0.683585313,-0.579683107
2023-05-16 00:00:00,0.893,0.01592719,-1,0,0,-0.678545716,-0.579683107
2023-05-17 00:00:00,0.906,0.014557671,-1,0,0,-0.673866091,-0.579683107
2023-05-18 00:00:00,0.883,-0.025386313,-1,0,0,-0.682145428,-0.579683107
2023-05-19 00:00:00,0.88,-0.003397508,-1,0,0,-0.683225342,-0.579683107
2023-05-20 00:00:00,0.878,-0.002272727,-1,0,0,-0.683945284,-0.579683107
2023-05-21 00:00:00,0.851,-0.030751708,-1,0,0,-0.693664507,-0.579683107
2023-05-22 00:00:00,0.85,-0.001175088,-1,0,0,-0.694024478,-0.579683107
2023-05-23 00:00:00,0.86,0.011764706,-1,0,0,-0.690424766,-0.579683107
2023-05-24 00:00:00,0.835,-0.029069767,-1,0,0,-0.699424046,-0.579683107
2023-05-25 00:00:00,0.843,0.009580838,-1,0,0,-0.696544276,-0.579683107
2023-05-26 00:00:00,0.876,0.039145907,-1,0,0,-0.684665227,-0.579683107
2023-05-27 00:00:00,0.883,0.007990868,-1,0,0,-0.682145428,-0.579683107
2023-05-28 00:00:00,0.91,0.030577576,-1,0,0,-0.672426206,-0.579683107
2023-05-29 00:00:00,0.896,-0.015384615,-1,0,0,-0.677465803,-0.579683107
2023-05-30 00:00:00,0.913,0.018973214,-1,0,0,-0.671346292,-0.579683107
2023-05-31 00:00:00,0.891,-0.024096386,-1,0,0,-0.679265659,-0.579683107
2023-06-01 00:00:00,0.883,-0.008978676,-1,0,0,-0.682145428,-0.579683107
2023-06-02 00:00:00,0.907,0.027180068,-1,0,0,-0.67350612,-0.579683107
2023-06-03 00:00:00,0.912,0.005512679,-1,0,0,-0.671706263,-0.579683107
2023-06-04 00:00:00,0.912,0,-1,0,0,-0.671706263,-0.579683107
2023-06-05 00:00:00,0.839,-0.08004386,-1,0,0,-0.697984161,-0.579683107
2023-06-06 00:00:00,0.89,0.060786651,-1,0,0,-0.67962563,-0.579683107
2023-06-07 00:00:00,0.863,-0.030337079,-1,0,0,-0.689344852,-0.579683107
2023-06-08 00:00:00,0.89,0.031286211,-1,0,0,-0.67962563,-0.579683107
2023-06-09 00:00:00,0.896,0.006741573,-1,0,0,-0.677465803,-0.579683107
2023-06-10 00:00:00,0.697,-0.222098214,-1,0,0,-0.749100072,-0.579683107
2023-06-11 00:00:00,0.683,-0.020086083,-1,0,0,-0.754139669,-0.579683107
2023-06-12 00:00:00,0.675,-0.011713031,-1,0,0,-0.757019438,-0.579683107
2023-06-13 00:00:00,0.675,0,-1,0,0,-0.757019438,-0.579683107
2023-06-14 00:00:00,0.637,-0.056296296,-1,0,0,-0.770698344,-0.579683107
2023-06-15 00:00:00,0.641,0.006279435,-1,0,0,-0.769258459,-0.579683107
2023-06-16 00:00:00,0.628,-0.020280811,-1,0,0,-0.773938085,-0.579683107
2023-06-17 00:00:00,0.634,0.00955414,-1,0,0,-0.771778258,-0.579683107
2023-06-18 00:00:00,0.626,-0.012618297,-1,0,0,-0.774658027,-0.579683107
2023-06-19 00:00:00,0.628,0.003194888,-1,0,0,-0.773938085,-0.579683107
2023-06-20 00:00:00,0.638,0.015923567,-1,0,0,-0.770338373,-0.579683107
2023-06-21 00:00:00,0.68,0.065830721,-1,0,0,-0.755219582,-0.579683107
2023-06-22 00:00:00,0.678,-0.002941176,-1,0,0,-0.755939525,-0.579683107
2023-06-23 00:00:00,0.739,0.089970501,-1,0,0,-0.733981281,-0.579683107
2023-06-24 00:00:00,0.725,-0.01894452,-1,0,0,-0.739020878,-0.579683107
2023-06-25 00:00:00,0.722,-0.004137931,-1,0,0,-0.740100792,-0.579683107
2023-06-26 00:00:00,0.717,-0.006925208,-1,0,0,-0.741900648,-0.579683107
2023-06-27 00:00:00,0.722,0.006973501,-1,0,0,-0.740100792,-0.579683107
2023-06-28 00:00:00,0.665,-0.078947368,-1,0,0,-0.76061915,-0.579683107
2023-06-29 00:00:00,0.677,0.018045113,-1,0,0,-0.756299496,-0.579683107
2023-06-30 00:00:00,0.75,0.107828656,-1,0,0,-0.730021598,-0.579683107
2023-07-01 00:00:00,0.78,0.04,-1,0,0,-0.719222462,-0.579683107
2023-07-02 00:00:00,0.763,-0.021794872,-1,0,0,-0.725341973,-0.579683107
2023-07-03 00:00:00,0.768,0.00655308,-1,0,0,-0.723542117,-0.579683107
2023-07-04 00:00:00,0.741,-0.03515625,-1,0,0,-0.733261339,-0.579683107
2023-07-05 00:00:00,0.722,-0.025641026,-1,0,0,-0.740100792,-0.579683107
2023-07-06 00:00:00,0.701,-0.029085873,-1,0,0,-0.747660187,-0.579683107
2023-07-07 00:00:00,0.73,0.041369472,-1,0,0,-0.737221022,-0.579683107
2023-07-08 00:00:00,0.724,-0.008219178,-1,0,0,-0.73938085,-0.579683107
2023-07-09 00:00:00,0.724,0,-1,0,0,-0.73938085,-0.579683107
2023-07-10 00:00:00,0.726,0.002762431,0,0.5,0,-0.738660907,-0.579683107
2023-07-11 00:00:00,0.731,0.006887052,0,0.5,0.003443526,-0.736861051,-0.578235735
2023-07-12 00:00:00,0.719,-0.016415869,0,0.5,-0.008207934,-0.741180706,-0.581697549
2023-07-13 00:00:00,0.802,0.115438108,0,0.5,0.057719054,-0.711303096,-0.557553527
2023-07-14 00:00:00,0.772,-0.037406484,0,0.5,-0.018703242,-0.722102232,-0.56582871
2023-07-15 00:00:00,0.772,0,0,0.5,0,-0.722102232,-0.56582871
2023-07-16 00:00:00,0.755,-0.022020725,0,0.5,-0.011010363,-0.728221742,-0.570609094
2023-07-17 00:00:00,0.775,0.026490066,0,0.5,0.013245033,-0.721022318,-0.564921797
2023-07-18 00:00:00,0.756,-0.024516129,0,0.5,-0.012258065,-0.727861771,-0.570255013
2023-07-19 00:00:00,0.757,0.001322751,0,0.5,0.000661376,-0.7275018,-0.569970791
2023-07-20 00:00:00,0.765,0.010568032,0,0.5,0.005284016,-0.72462203,-0.567698509
2023-07-21 00:00:00,0.784,0.024836601,0,0.5,0.012418301,-0.717782577,-0.56233006
2023-07-22 00:00:00,0.774,-0.012755102,0,0.5,-0.006377551,-0.721382289,-0.565121322
2023-07-23 00:00:00,0.78,0.007751938,0,0.5,0.003875969,-0.719222462,-0.563435746
2023-07-24 00:00:00,0.744,-0.046153846,0,0.5,-0.023076923,-0.732181425,-0.573510305
2023-07-25 00:00:00,0.741,-0.004032258,0,0.5,-0.002016129,-0.733261339,-0.574370164
2023-07-26 00:00:00,0.744,0.004048583,0,0.5,0.002024291,-0.732181425,-0.573508565
2023-07-27 00:00:00,0.742,-0.002688172,0,0.5,-0.001344086,-0.732901368,-0.574081806
2023-07-28 00:00:00,0.748,0.008086253,0,0.5,0.004043127,-0.730741541,-0.572359765
2023-07-29 00:00:00,0.757,0.012032086,0,0.5,0.006016043,-0.7275018,-0.569787063
2023-07-30 00:00:00,0.753,-0.005284016,0,0.5,-0.002642008,-0.728941685,-0.570923689
2023-07-31 00:00:00,0.744,-0.011952191,-1,0,-0.005976096,-0.732181425,-0.57348789
2023-08-01 00:00:00,0.75,0.008064516,-1,0,0,-0.730021598,-0.57348789
2023-08-02 00:00:00,0.73,-0.026666667,-1,0,0,-0.737221022,-0.57348789
2023-08-03 00:00:00,0.715,-0.020547945,-1,0,0,-0.74262059,-0.57348789
2023-08-04 00:00:00,0.718,0.004195804,-1,0,0,-0.741540677,-0.57348789
2023-08-05 00:00:00,0.727,0.012534819,0,0.5,0,-0.738300936,-0.57348789
2023-08-06 00:00:00,0.729,0.002751032,-1,0,0.001375516,-0.737580994,-0.572901216
2023-08-07 00:00:00,0.72,-0.012345679,-1,0,0,-0.740820734,-0.572901216
2023-08-08 00:00:00,0.725,0.006944444,0,0.5,0,-0.739020878,-0.572901216
2023-08-09 00:00:00,0.721,-0.005517241,-1,0,-0.002758621,-0.740460763,-0.574079419
2023-08-10 00:00:00,0.717,-0.00554785,-1,0,0,-0.741900648,-0.574079419
2023-08-11 00:00:00,0.715,-0.0027894,-1,0,0,-0.74262059,-0.574079419
2023-08-12 00:00:00,0.728,0.018181818,-1,0,0,-0.737940965,-0.574079419
2023-08-13 00:00:00,0.719,-0.012362637,-1,0,0,-0.741180706,-0.574079419
2023-08-14 00:00:00,0.718,-0.001390821,-1,0,0,-0.741540677,-0.574079419
2023-08-15 00:00:00,0.679,-0.054317549,-1,0,0,-0.755579554,-0.574079419
2023-08-16 00:00:00,0.63,-0.072164948,-1,0,0,-0.773218143,-0.574079419
2023-08-17 00:00:00,0.569,-0.096825397,-1,0,0,-0.795176386,-0.574079419
2023-08-18 00:00:00,0.574,0.008787346,-1,0,0,-0.79337653,-0.574079419
2023-08-19 00:00:00,0.583,0.015679443,-1,0,0,-0.790136789,-0.574079419
2023-08-20 00:00:00,0.585,0.003430532,-1,0,0,-0.789416847,-0.574079419
2023-08-21 00:00:00,0.58,-0.008547009,-1,0,0,-0.791216703,-0.574079419
2023-08-22 00:00:00,0.577,-0.005172414,-1,0,0,-0.792296616,-0.574079419
2023-08-23 00:00:00,0.592,0.025996534,-1,0,0,-0.786897048,-0.574079419
2023-08-24 00:00:00,0.585,-0.011824324,-1,0,0,-0.789416847,-0.574079419
2023-08-25 00:00:00,0.587,0.003418803,-1,0,0,-0.788696904,-0.574079419
2023-08-26 00:00:00,0.584,-0.005110733,-1,0,0,-0.789776818,-0.574079419
2023-08-27 00:00:00,0.592,0.01369863,-1,0,0,-0.786897048,-0.574079419
2023-08-28 00:00:00,0.589,-0.005067568,-1,0,0,-0.787976962,-0.574079419
2023-08-29 00:00:00,0.622,0.056027165,-1,0,0,-0.776097912,-0.574079419
2023-08-30 00:00:00,0.628,0.009646302,-1,0,0,-0.773938085,-0.574079419
2023-08-31 00:00:00,0.586,-0.066878981,-1,0,0,-0.789056875,-0.574079419
2023-09-01 00:00:00,0.579,-0.011945392,-1,0,0,-0.791576674,-0.574079419
2023-09-02 00:00:00,0.577,-0.003454231,-1,0,0,-0.792296616,-0.574079419
2023-09-03 00:00:00,0.581,0.006932409,-1,0,0,-0.790856731,-0.574079419
2023-09-04 00:00:00,0.582,0.00172117,-1,0,0,-0.79049676,-0.574079419
2023-09-05 00:00:00,0.59,0.013745704,-1,0,0,-0.787616991,-0.574079419
2023-09-06 00:00:00,0.579,-0.018644068,-1,0,0,-0.791576674,-0.574079419
2023-09-07 00:00:00,0.586,0.01208981,-1,0,0,-0.789056875,-0.574079419
2023-09-08 00:00:00,0.584,-0.003412969,-1,0,0,-0.789776818,-0.574079419
2023-09-09 00:00:00,0.583,-0.001712329,-1,0,0,-0.790136789,-0.574079419
2023-09-10 00:00:00,0.563,-0.034305317,-1,0,0,-0.797336213,-0.574079419
2023-09-11 00:00:00,0.541,-0.039076377,-1,0,0,-0.80525558,-0.574079419
2023-09-12 00:00:00,0.546,0.009242144,-1,0,0,-0.803455724,-0.574079419
2023-09-13 00:00:00,0.554,0.014652015,-1,0,0,-0.800575954,-0.574079419
2023-09-14 00:00:00,0.566,0.02166065,-1,0,0,-0.796256299,-0.574079419
2023-09-15 00:00:00,0.573,0.012367491,-1,0,0,-0.793736501,-0.574079419
2023-09-16 00:00:00,0.577,0.006980803,0,0.5,0,-0.792296616,-0.574079419
2023-09-17 00:00:00,0.557,-0.034662045,-1,0,-0.017331023,-0.79949604,-0.581461058
2023-09-18 00:00:00,0.573,0.028725314,-1,0,0,-0.793736501,-0.581461058
2023-09-19 00:00:00,0.583,0.017452007,-1,0,0,-0.790136789,-0.581461058
2023-09-20 00:00:00,0.577,-0.010291595,-1,0,0,-0.792296616,-0.581461058
2023-09-21 00:00:00,0.575,-0.003466205,-1,0,0,-0.793016559,-0.581461058
2023-09-22 00:00:00,0.575,0,-1,0,0,-0.793016559,-0.581461058
2023-09-23 00:00:00,0.581,0.010434783,-1,0,0,-0.790856731,-0.581461058
2023-09-24 00:00:00,0.57,-0.018932874,-1,0,0,-0.794816415,-0.581461058
2023-09-25 00:00:00,0.569,-0.001754386,-1,0,0,-0.795176386,-0.581461058
2023-09-26 00:00:00,0.562,-0.012302285,-1,0,0,-0.797696184,-0.581461058
2023-09-27 00:00:00,0.56,-0.003558719,-1,0,0,-0.798416127,-0.581461058
2023-09-28 00:00:00,0.571,0.019642857,-1,0,0,-0.794456443,-0.581461058
2023-09-29 00:00:00,0.578,0.012259194,-1,0,0,-0.791936645,-0.581461058
2023-09-30 00:00:00,0.581,0.005190311,-1,0,0,-0.790856731,-0.581461058
2023-10-01 00:00:00,0.604,0.039586919,0,0.5,0,-0.782577394,-0.581461058
2023-10-02 00:00:00,0.585,-0.031456954,0,0.5,-0.015728477,-0.789416847,-0.588044038
2023-10-03 00:00:00,0.584,-0.001709402,0,0.5,-0.000854701,-0.789776818,-0.588396138
2023-10-04 00:00:00,0.576,-0.01369863,-1,0,-0.006849315,-0.792656587,-0.591215342
2023-10-05 00:00:00,0.563,-0.022569444,-1,0,0,-0.797336213,-0.591215342
2023-10-06 00:00:00,0.569,0.010657194,-1,0,0,-0.795176386,-0.591215342
2023-10-07 00:00:00,0.569,0,-1,0,0,-0.795176386,-0.591215342
2023-10-08 00:00:00,0.566,-0.005272408,-1,0,0,-0.796256299,-0.591215342
2023-10-09 00:00:00,0.54,-0.045936396,-1,0,0,-0.805615551,-0.591215342
2023-10-10 00:00:00,0.542,0.003703704,-1,0,0,-0.804895608,-0.591215342
2023-10-11 00:00:00,0.539,-0.005535055,-1,0,0,-0.805975522,-0.591215342
2023-10-12 00:00:00,0.536,-0.005565863,-1,0,0,-0.807055436,-0.591215342
2023-10-13 00:00:00,0.543,0.013059701,-1,0,0,-0.804535637,-0.591215342
2023-10-14 00:00:00,0.543,0,-1,0,0,-0.804535637,-0.591215342
2023-10-15 00:00:00,0.548,0.009208103,-1,0,0,-0.802735781,-0.591215342
2023-10-16 00:00:00,0.558,0.018248175,-1,0,0,-0.799136069,-0.591215342
2023-10-17 00:00:00,0.541,-0.03046595,-1,0,0,-0.80525558,-0.591215342
2023-10-18 00:00:00,0.534,-0.012939002,-1,0,0,-0.807775378,-0.591215342
2023-10-19 00:00:00,0.534,0,-1,0,0,-0.807775378,-0.591215342
2023-10-20 00:00:00,0.545,0.020599251,-1,0,0,-0.803815695,-0.591215342
2023-10-21 00:00:00,0.559,0.025688073,-1,0,0,-0.798776098,-0.591215342
2023-10-22 00:00:00,0.562,0.005366726,-1,0,0,-0.797696184,-0.591215342
2023-10-23 00:00:00,0.592,0.053380783,0,0.5,0,-0.786897048,-0.591215342
2023-10-24 00:00:00,0.593,0.001689189,0,0.5,0.000844595,-0.786537077,-0.590870085
2023-10-25 00:00:00,0.596,0.005059022,0,0.5,0.002529511,-0.785457163,-0.589835186
2023-10-26 00:00:00,0.598,0.003355705,0,0.5,0.001677852,-0.784737221,-0.58914699
2023-10-27 00:00:00,0.601,0.005016722,0,0.5,0.002508361,-0.783657307,-0.588116422
2023-10-28 00:00:00,0.629,0.046589018,0,0.5,0.023294509,-0.773578114,-0.578521797
2023-10-29 00:00:00,0.628,-0.001589825,0,0.5,-0.000794913,-0.773938085,-0.578856835
2023-10-30 00:00:00,0.627,-0.001592357,0,0.5,-0.000796178,-0.774298056,-0.57919214
2023-10-31 00:00:00,0.637,0.015948963,0,0.5,0.007974482,-0.770698344,-0.575836415
2023-11-01 00:00:00,0.656,0.029827316,0,0.5,0.014913658,-0.763858891,-0.569510585
2023-11-02 00:00:00,0.648,-0.012195122,0,0.5,-0.006097561,-0.766738661,-0.57213552
2023-11-03 00:00:00,0.649,0.00154321,0,0.5,0.000771605,-0.76637869,-0.571805378
2023-11-04 00:00:00,0.661,0.018489985,0,0.5,0.009244992,-0.762059035,-0.567846722
2023-11-05 00:00:00,0.676,0.02269289,0,0.5,0.011346445,-0.756659467,-0.562943319
2023-11-06 00:00:00,0.7,0.035502959,0,0.5,0.017751479,-0.748020158,-0.555184916
2023-11-07 00:00:00,0.688,-0.017142857,0,0.5,-0.008571429,-0.752339813,-0.558997617
2023-11-08 00:00:00,0.703,0.021802326,0,0.5,0.010901163,-0.746940245,-0.554190178
2023-11-09 00:00:00,0.681,-0.031294452,0,0.5,-0.015647226,-0.754859611,-0.561165865
2023-11-10 00:00:00,0.71,0.042584435,0,0.5,0.021292217,-0.744420446,-0.551822113
2023-11-11 00:00:00,0.727,0.023943662,0,0.5,0.011971831,-0.738300936,-0.546456603
2023-11-12 00:00:00,0.734,0.009628611,0,0.5,0.004814305,-0.735781138,-0.544273107
2023-11-13 00:00:00,0.72,-0.019073569,0,0.5,-0.009536785,-0.740820734,-0.548619276
2023-11-14 00:00:00,0.695,-0.034722222,0,0.5,-0.017361111,-0.749820014,-0.556455747
2023-11-15 00:00:00,0.73,0.050359712,0,0.5,0.025179856,-0.737221022,-0.545287367
2023-11-16 00:00:00,0.705,-0.034246575,0,0.5,-0.017123288,-0.746220302,-0.553073542
2023-11-17 00:00:00,0.713,0.011347518,0,0.5,0.005673759,-0.743340533,-0.550537789
2023-11-18 00:00:00,0.71,-0.004207574,0,0.5,-0.002103787,-0.744420446,-0.551483362
2023-11-19 00:00:00,0.723,0.018309859,0,0.5,0.00915493,-0.739740821,-0.547377224
2023-11-20 00:00:00,0.707,-0.022130014,0,0.5,-0.011065007,-0.74550036,-0.552385498
2023-11-21 00:00:00,0.647,-0.084865629,0,0.5,-0.042432815,-0.767098632,-0.571379041
2023-11-22 00:00:00,0.677,0.046367852,0,0.5,0.023183926,-0.756299496,-0.561441924
2023-11-23 00:00:00,0.675,-0.00295421,0,0.5,-0.001477105,-0.757019438,-0.562089721
2023-11-24 00:00:00,0.683,0.011851852,0,0.5,0.005925926,-0.754139669,-0.559494697
2023-11-25 00:00:00,0.701,0.026354319,0,0.5,0.01317716,-0.747660187,-0.553690088
2023-11-26 00:00:00,0.7,-0.001426534,0,0.5,-0.000713267,-0.748020158,-0.554008426
2023-11-27 00:00:00,0.675,-0.035714286,0,0.5,-0.017857143,-0.757019438,-0.561972561
2023-11-28 00:00:00,0.679,0.005925926,0,0.5,0.002962963,-0.755579554,-0.560674702
2023-11-29 00:00:00,0.679,0,0,0.5,0,-0.755579554,-0.560674702
2023-11-30 00:00:00,0.68,0.001472754,0,0.5,0.000736377,-0.755219582,-0.560351193
2023-12-01 00:00:00,0.69,0.014705882,0,0.5,0.007352941,-0.75161987,-0.557118481
2023-12-02 00:00:00,0.702,0.017391304,0,0.5,0.008695652,-0.747300216,-0.553267338
2023-12-03 00:00:00,0.701,-0.001424501,0,0.5,-0.000712251,-0.747660187,-0.553585523
2023-12-04 00:00:00,0.72,0.027104137,0,0.5,0.013552068,-0.740820734,-0.547535684
2023-12-05 00:00:00,0.744,0.033333333,1,1,0.016666667,-0.732181425,-0.539994612
2023-12-06 00:00:00,0.74,-0.005376344,1,1,-0.005376344,-0.73362131,-0.542467759
2023-12-07 00:00:00,0.77,0.040540541,1,1,0.040540541,-0.722822174,-0.523919155
2023-12-08 00:00:00,0.8,0.038961039,1,1,0.038961039,-0.712023038,-0.50537055
2023-12-09 00:00:00,0.853,0.06625,1,1,0.06625,-0.692944564,-0.472601349
2023-12-10 00:00:00,0.839,-0.016412661,1,1,-0.016412661,-0.697984161,-0.481257365
2023-12-11 00:00:00,0.769,-0.083432658,1,1,-0.083432658,-0.723182145,-0.524537442
2023-12-12 00:00:00,0.783,0.018205462,1,1,0.018205462,-0.718142549,-0.515881426
2023-12-13 00:00:00,0.785,0.002554278,1,1,0.002554278,-0.717422606,-0.514644853
2023-12-14 00:00:00,0.794,0.011464968,1,1,0.011464968,-0.714182865,-0.509080271
2023-12-15 00:00:00,0.755,-0.049118388,1,1,-0.049118388,-0.728221742,-0.533193457
2023-12-16 00:00:00,0.807,0.068874172,1,1,0.068874172,-0.70950324,-0.501042543
2023-12-17 00:00:00,0.8,-0.008674102,1,1,-0.008674102,-0.712023038,-0.50537055
2023-12-18 00:00:00,0.777,-0.02875,1,1,-0.02875,-0.720302376,-0.519591147
2023-12-19 00:00:00,0.763,-0.018018018,1,1,-0.018018018,-0.725341973,-0.528247163
2023-12-20 00:00:00,0.789,0.034076016,1,1,0.034076016,-0.715982721,-0.512171705
2023-12-21 00:00:00,0.845,0.070975919,1,1,0.070975919,-0.695824334,-0.477547644
2023-12-22 00:00:00,0.846,0.001183432,1,1,0.001183432,-0.695464363,-0.476929357
2023-12-23 00:00:00,0.841,-0.005910165,1,1,-0.005910165,-0.697264219,-0.480020791
2023-12-24 00:00:00,0.817,-0.028537455,1,1,-0.028537455,-0.705903528,-0.494859675
2023-12-25 00:00:00,0.881,0.078335373,1,1,0.078335373,-0.682865371,-0.455289319
2023-12-26 00:00:00,0.873,-0.00908059,1,1,-0.00908059,-0.68574514,-0.460235613
2023-12-27 00:00:00,0.906,0.037800687,1,1,0.037800687,-0.673866091,-0.439832148
2023-12-28 00:00:00,0.87,-0.039735099,1,1,-0.039735099,-0.686825054,-0.462090474
2023-12-29 00:00:00,0.849,-0.024137931,1,1,-0.024137931,-0.694384449,-0.475074497
2023-12-30 00:00:00,0.854,0.005889282,1,1,0.005889282,-0.692584593,-0.471983063
2023-12-31 00:00:00,0.846,-0.009367681,1,1,-0.009367681,-0.695464363,-0.476929357
2024-01-01 00:00:00,0.888,0.04964539,1,1,0.04964539,-0.680345572,-0.450961311
2024-01-02 00:00:00,0.866,-0.024774775,1,1,-0.024774775,-0.688264939,-0.464563621
2024-01-03 00:00:00,0.767,-0.114318707,1,1,-0.114318707,-0.723902088,-0.525774015
2024-01-04 00:00:00,0.772,0.006518905,1,1,0.006518905,-0.722102232,-0.522682581
2024-01-05 00:00:00,0.746,-0.033678756,1,1,-0.033678756,-0.731461483,-0.538758038
2024-01-06 00:00:00,0.738,-0.010723861,0,0.5,-0.010723861,-0.734341253,-0.543704333
2024-01-07 00:00:00,0.702,-0.048780488,0,0.5,-0.024390244,-0.747300216,-0.554833495
2024-01-08 00:00:00,0.738,0.051282051,0,0.5,0.025641026,-0.734341253,-0.54341897
2024-01-09 00:00:00,0.708,-0.040650407,0,0.5,-0.020325203,-0.745140389,-0.552699072
2024-01-10 00:00:00,0.754,0.064971751,0,0.5,0.032485876,-0.728581713,-0.53816811
2024-01-11 00:00:00,0.783,0.038461538,1,1,0.019230769,-0.718142549,-0.529286727
2024-01-12 00:00:00,0.769,-0.017879949,0,0.5,-0.017879949,-0.723182145,-0.537703056
2024-01-13 00:00:00,0.765,-0.00520156,0,0.5,-0.00260078,-0.72462203,-0.538905389
2024-01-14 00:00:00,0.744,-0.02745098,0,0.5,-0.01372549,-0.732181425,-0.545234139
2024-01-15 00:00:00,0.778,0.045698925,0,0.5,0.022849462,-0.719942405,-0.534842983
2024-01-16 00:00:00,0.775,-0.003856041,0,0.5,-0.001928021,-0.721022318,-0.535739816
2024-01-17 00:00:00,0.762,-0.016774194,0,0.5,-0.008387097,-0.725701944,-0.539633611
2024-01-18 00:00:00,0.718,-0.057742782,0,0.5,-0.028871391,-0.741540677,-0.552925029
2024-01-19 00:00:00,0.723,0.006963788,0,0.5,0.003481894,-0.739740821,-0.551368361
2024-01-20 00:00:00,0.726,0.004149378,0,0.5,0.002074689,-0.738660907,-0.55043759
2024-01-21 00:00:00,0.72,-0.008264463,0,0.5,-0.004132231,-0.740820734,-0.552295286
2024-01-22 00:00:00,0.69,-0.041666667,0,0.5,-0.020833333,-0.75161987,-0.561622467
2024-01-23 00:00:00,0.677,-0.01884058,0,0.5,-0.00942029,-0.756299496,-0.565752111
2024-01-24 00:00:00,0.689,0.017725258,0,0.5,0.008862629,-0.751979842,-0.561903533
2024-01-25 00:00:00,0.69,0.001451379,0,0.5,0.000725689,-0.75161987,-0.561585611
2024-01-26 00:00:00,0.704,0.020289855,0,0.5,0.010144928,-0.746580274,-0.557137929
2024-01-27 00:00:00,0.71,0.008522727,0,0.5,0.004261364,-0.744420446,-0.555250732
2024-01-28 00:00:00,0.709,-0.001408451,0,0.5,-0.000704225,-0.744780418,-0.555563936
2024-01-29 00:00:00,0.717,0.011283498,0,0.5,0.005641749,-0.741900648,-0.553056539
2024-01-30 00:00:00,0.702,-0.020920502,0,0.5,-0.010460251,-0.747300216,-0.55773168
2024-01-31 00:00:00,0.69,-0.017094017,0,0.5,-0.008547009,-0.75161987,-0.561511751
2024-02-01 00:00:00,0.704,0.020289855,0,0.5,0.010144928,-0.746580274,-0.55706332
2024-02-02 00:00:00,0.714,0.014204545,0,0.5,0.007102273,-0.742980562,-0.553917463
2024-02-03 00:00:00,0.723,0.012605042,0,0.5,0.006302521,-0.739740821,-0.551106018
2024-02-04 00:00:00,0.697,-0.035961272,0,0.5,-0.017980636,-0.749100072,-0.559177417
2024-02-05 00:00:00,0.71,0.018651363,0,0.5,0.009325681,-0.744420446,-0.555066446
2024-02-06 00:00:00,0.714,0.005633803,1,1,0.002816901,-0.742980562,-0.553813112
2024-02-07 00:00:00,0.72,0.008403361,0,0.5,0.008403361,-0.740820734,-0.550063643
2024-02-08 00:00:00,0.72,0,1,1,0,-0.740820734,-0.550063643
2024-02-09 00:00:00,0.742,0.030555556,0,0.5,0.030555556,-0.732901368,-0.536315587
2024-02-10 00:00:00,0.735,-0.009433962,0,0.5,-0.004716981,-0.735421166,-0.538502778
2024-02-11 00:00:00,0.734,-0.001360544,0,0.5,-0.000680272,-0.735781138,-0.538816722
2024-02-12 00:00:00,0.754,0.027247956,0,0.5,0.013623978,-0.728581713,-0.532533571
2024-02-13 00:00:00,0.738,-0.021220159,0,0.5,-0.01061008,-0.734341253,-0.537493427
2024-02-14 00:00:00,0.758,0.027100271,0,0.5,0.013550136,-0.727141829,-0.5312264
2024-02-15 00:00:00,0.772,0.018469657,0,0.5,0.009234828,-0.722102232,-0.526897356
2024-02-16 00:00:00,0.767,-0.006476684,1,1,-0.003238342,-0.723902088,-0.528429424
2024-02-17 00:00:00,0.768,0.001303781,1,1,0.001303781,-0.723542117,-0.5278146
2024-02-18 00:00:00,0.779,0.014322917,1,1,0.014322917,-0.719582433,-0.521051528
2024-02-19 00:00:00,0.792,0.016688062,1,1,0.016688062,-0.714902808,-0.513058806
2024-02-20 00:00:00,0.799,0.008838384,1,1,0.008838384,-0.712383009,-0.508755033
2024-02-21 00:00:00,0.765,-0.042553191,1,1,-0.042553191,-0.72462203,-0.529659074
2024-02-22 00:00:00,0.777,0.015686275,1,1,0.015686275,-0.720302376,-0.522281177
2024-02-23 00:00:00,0.801,0.030888031,1,1,0.030888031,-0.711663067,-0.507525383
2024-02-24 00:00:00,0.804,0.003745318,1,1,0.003745318,-0.710583153,-0.505680909
2024-02-25 00:00:00,0.8,-0.004975124,1,1,-0.004975124,-0.712023038,-0.508140208
2024-02-26 00:00:00,0.814,0.0175,1,1,0.0175,-0.706983441,-0.499532662
2024-02-27 00:00:00,0.835,0.025798526,1,1,0.025798526,-0.699424046,-0.486621342
2024-02-28 00:00:00,0.83,-0.005988024,1,1,-0.005988024,-0.701223902,-0.489695466
2024-02-29 00:00:00,0.863,0.039759036,1,1,0.039759036,-0.689344852,-0.469406249
2024-03-01 00:00:00,0.916,0.061413673,1,1,0.061413673,-0.670266379,-0.436820538
2024-03-02 00:00:00,1.115,0.217248908,1,1,0.217248908,-0.598632109,-0.314470415
2024-03-03 00:00:00,1.069,-0.041255605,1,1,-0.041255605,-0.615190785,-0.342752353
2024-03-04 00:00:00,1.107,0.03554724,1,1,0.03554724,-0.601511879,-0.319389013
2024-03-05 00:00:00,1.026,-0.073170732,1,1,-0.073170732,-0.630669546,-0.369189817
2024-03-06 00:00:00,1.069,0.041910331,1,1,0.041910331,-0.615190785,-0.342752353
2024-03-07 00:00:00,1.255,0.173994387,1,1,0.173994387,-0.548236141,-0.228394951
2024-03-08 00:00:00,1.197,-0.046215139,1,1,-0.046215139,-0.569114471,-0.264054786
2024-03-09 00:00:00,1.203,0.005012531,1,1,0.005012531,-0.566954644,-0.260365838
2024-03-10 00:00:00,1.146,-0.047381546,1,1,-0.047381546,-0.587473002,-0.295410848
2024-03-11 00:00:00,1.237,0.079406632,1,1,0.079406632,-0.554715623,-0.239461797
2024-03-12 00:00:00,1.187,-0.040420372,1,1,-0.040420372,-0.572714183,-0.270203034
2024-03-13 00:00:00,1.183,-0.00336984,1,1,-0.00336984,-0.574154068,-0.272662333
2024-03-14 00:00:00,1.14,-0.036348267,1,1,-0.036348267,-0.589632829,-0.299099796
2024-03-15 00:00:00,1.066,-0.064912281,1,1,-0.064912281,-0.616270698,-0.344596827
2024-03-16 00:00:00,0.987,-0.074108818,1,1,-0.074108818,-0.644708423,-0.393167982
2024-03-17 00:00:00,1.017,0.030395137,1,1,0.030395137,-0.633909287,-0.374723239
2024-03-18 00:00:00,0.986,-0.030481809,1,1,-0.030481809,-0.645068395,-0.393782806
2024-03-19 00:00:00,0.909,-0.078093306,1,1,-0.078093306,-0.672786177,-0.441124311
2024-03-20 00:00:00,1.002,0.102310231,1,1,0.102310231,-0.639308855,-0.383945611
2024-03-21 00:00:00,1.014,0.011976048,1,1,0.011976048,-0.634989201,-0.376567714
2024-03-22 00:00:00,0.979,-0.034516765,1,1,-0.034516765,-0.647588193,-0.39808658
2024-03-23 00:00:00,1.038,0.060265577,1,1,0.060265577,-0.626349892,-0.36181192
2024-03-24 00:00:00,1.052,0.013487476,1,1,0.013487476,-0.621310295,-0.353204374
2024-03-25 00:00:00,1.07,0.017110266,1,1,0.017110266,-0.614830814,-0.342137528
2024-03-26 00:00:00,1.091,0.019626168,1,1,0.019626168,-0.607271418,-0.329226209
2024-03-27 00:00:00,1.062,-0.026581118,1,1,-0.026581118,-0.617710583,-0.347056126
2024-03-28 00:00:00,1.099,0.034839925,1,1,0.034839925,-0.604391649,-0.324307611
2024-03-29 00:00:00,1.108,0.008189263,1,1,0.008189263,-0.601151908,-0.318774188
2024-03-30 00:00:00,1.075,-0.029783394,1,1,-0.029783394,-0.613030958,-0.339063405
2024-03-31 00:00:00,1.103,0.026046512,1,1,0.026046512,-0.602951764,-0.321848312
2024-04-01 00:00:00,1.04,-0.057116954,0,0.5,-0.057116954,-0.62562995,-0.36058227
2024-04-02 00:00:00,0.971,-0.066346154,0,0.5,-0.033173077,-0.650467963,-0.381793724
2024-04-03 00:00:00,0.955,-0.016477858,0,0.5,-0.008238929,-0.656227502,-0.386887082
2024-04-04 00:00:00,0.996,0.042931937,0,0.5,0.021465969,-0.641468683,-0.373726019
2024-04-05 00:00:00,0.992,-0.004016064,0,0.5,-0.002008032,-0.642908567,-0.374983597
2024-04-06 00:00:00,1.02,0.028225806,0,0.5,0.014112903,-0.632829374,-0.366162801
2024-04-07 00:00:00,1.032,0.011764706,0,0.5,0.005882353,-0.628509719,-0.362434347
2024-04-08 00:00:00,1.1,0.065891473,0,0.5,0.032945736,-0.604031677,-0.341429277
2024-04-09 00:00:00,1.069,-0.028181818,0,0.5,-0.014090909,-0.615190785,-0.350709137
2024-04-10 00:00:00,1.06,-0.008419083,0,0.5,-0.004209542,-0.618430526,-0.353442354
2024-04-11 00:00:00,1.12,0.056603774,0,0.5,0.028301887,-0.596832253,-0.335143553
2024-04-12 00:00:00,0.936,-0.164285714,0,0.5,-0.082142857,-0.663066955,-0.389756761
2024-04-13 00:00:00,0.731,-0.219017094,-1,0,-0.109508547,-0.736861051,-0.456583611
2024-04-14 00:00:00,0.773,0.05745554,-1,0,0,-0.721742261,-0.456583611
2024-04-15 00:00:00,0.754,-0.02457956,-1,0,0,-0.728581713,-0.456583611
2024-04-16 00:00:00,0.748,-0.00795756,-1,0,0,-0.730741541,-0.456583611
2024-04-17 00:00:00,0.731,-0.022727273,-1,0,0,-0.736861051,-0.456583611
2024-04-18 00:00:00,0.759,0.038303694,-1,0,0,-0.726781857,-0.456583611
2024-04-19 00:00:00,0.776,0.022397892,-1,0,0,-0.720662347,-0.456583611
2024-04-20 00:00:00,0.824,0.06185567,-1,0,0,-0.703383729,-0.456583611
2024-04-21 00:00:00,0.812,-0.014563107,-1,0,0,-0.707703384,-0.456583611
2024-04-22 00:00:00,0.847,0.043103448,0,0.5,0,-0.695104392,-0.456583611
2024-04-23 00:00:00,0.836,-0.012987013,-1,0,-0.006493506,-0.699064075,-0.460112289
2024-04-24 00:00:00,0.824,-0.014354067,-1,0,0,-0.703383729,-0.460112289
2024-04-25 00:00:00,0.842,0.02184466,-1,0,0,-0.696904248,-0.460112289
2024-04-26 00:00:00,0.831,-0.013064133,-1,0,0,-0.700863931,-0.460112289
2024-04-27 00:00:00,0.806,-0.030084236,-1,0,0,-0.709863211,-0.460112289
2024-04-28 00:00:00,0.789,-0.021091811,-1,0,0,-0.715982721,-0.460112289
2024-04-29 00:00:00,0.805,0.020278834,-1,0,0,-0.710223182,-0.460112289
2024-04-30 00:00:00,0.759,-0.057142857,-1,0,0,-0.726781857,-0.460112289
2024-05-01 00:00:00,0.781,0.028985507,-1,0,0,-0.718862491,-0.460112289
2024-05-02 00:00:00,0.815,0.043533931,0,0.5,0,-0.70662347,-0.460112289
2024-05-03 00:00:00,0.827,0.014723926,0,0.5,0.007361963,-0.702303816,-0.456137656
2024-05-04 00:00:00,0.815,-0.014510278,0,0.5,-0.007255139,-0.70662347,-0.460083453
2024-05-05 00:00:00,0.822,0.008588957,0,0.5,0.004294479,-0.704103672,-0.457764793
2024-05-06 00:00:00,0.817,-0.006082725,0,0.5,-0.003041363,-0.705903528,-0.459413927
2024-05-07 00:00:00,0.792,-0.030599755,0,0.5,-0.015299878,-0.714902808,-0.467684827
2024-05-08 00:00:00,0.796,0.005050505,0,0.5,0.002525253,-0.713462923,-0.466340597
2024-05-09 00:00:00,0.816,0.025125628,0,0.5,0.012562814,-0.706263499,-0.459636333
2024-05-10 00:00:00,0.789,-0.033088235,0,0.5,-0.016544118,-0.715982721,-0.468576173
2024-05-11 00:00:00,0.781,-0.010139417,0,0.5,-0.005069708,-0.718862491,-0.471270337
2024-05-12 00:00:00,0.776,-0.006402049,0,0.5,-0.003201024,-0.720662347,-0.472962814
2024-05-13 00:00:00,0.786,0.012886598,1,1,0.006443299,-0.717062635,-0.469566956
2024-05-14 00:00:00,0.756,-0.038167939,-1,0,-0.038167939,-0.727861771,-0.489812492
2024-05-15 00:00:00,0.801,0.05952381,1,1,0,-0.711663067,-0.489812492
2024-05-16 00:00:00,0.805,0.004993758,1,1,0.004993758,-0.710223182,-0.487264739
2024-05-17 00:00:00,0.82,0.01863354,1,1,0.01863354,-0.704823614,-0.477710666
2024-05-18 00:00:00,0.813,-0.008536585,1,1,-0.008536585,-0.707343413,-0.482169233
2024-05-19 00:00:00,0.784,-0.035670357,1,1,-0.035670357,-0.717782577,-0.500640441
2024-05-20 00:00:00,0.852,0.086734694,1,1,0.086734694,-0.693304536,-0.457328643
2024-05-21 00:00:00,0.87,0.021126761,1,1,0.021126761,-0.686825054,-0.445863755
2024-05-22 00:00:00,0.844,-0.029885057,0,0.5,-0.029885057,-0.696184305,-0.462424148
2024-05-23 00:00:00,0.823,-0.024881517,0,0.5,-0.012440758,-0.703743701,-0.469112
2024-05-24 00:00:00,0.842,0.02308627,1,1,0.011543135,-0.696904248,-0.462983888
2024-05-25 00:00:00,0.85,0.009501188,1,1,0.009501188,-0.694024478,-0.457881597
2024-05-26 00:00:00,0.831,-0.022352941,1,1,-0.022352941,-0.700863931,-0.469999538
2024-05-27 00:00:00,0.841,0.012033694,1,1,0.012033694,-0.697264219,-0.463621674
2024-05-28 00:00:00,0.808,-0.039239001,1,1,-0.039239001,-0.709143269,-0.484668624
2024-05-29 00:00:00,0.807,-0.001237624,1,1,-0.001237624,-0.70950324,-0.48530641
2024-05-30 00:00:00,0.81,0.003717472,1,1,0.003717472,-0.708423326,-0.483393051
2024-05-31 00:00:00,0.815,0.00617284,1,1,0.00617284,-0.70662347,-0.48020412
2024-06-01 00:00:00,0.809,-0.007361963,0,0.5,-0.007361963,-0.708783297,-0.484030838
2024-06-02 00:00:00,0.8,-0.011124845,0,0.5,-0.005562423,-0.712023038,-0.486900876
2024-06-03 00:00:00,0.801,0.00125,0,0.5,0.000625,-0.711663067,-0.486580189
2024-06-04 00:00:00,0.813,0.014981273,0,0.5,0.007490637,-0.707343413,-0.482734348
2024-06-05 00:00:00,0.808,-0.006150062,0,0.5,-0.003075031,-0.709143269,-0.484324956
2024-06-06 00:00:00,0.786,-0.027227723,0,0.5,-0.013613861,-0.717062635,-0.491345284
2024-06-07 00:00:00,0.728,-0.073791349,0,0.5,-0.036895674,-0.737940965,-0.510112443
2024-06-08 00:00:00,0.7,-0.038461538,-1,0,-0.019230769,-0.748020158,-0.519533358
2024-06-09 00:00:00,0.711,0.015714286,-1,0,0,-0.744060475,-0.519533358
2024-06-10 00:00:00,0.706,-0.007032349,-1,0,0,-0.745860331,-0.519533358
2024-06-11 00:00:00,0.682,-0.033994334,-1,0,0,-0.75449964,-0.519533358
2024-06-12 00:00:00,0.703,0.030791789,-1,0,0,-0.746940245,-0.519533358
2024-06-13 00:00:00,0.675,-0.039829303,-1,0,0,-0.757019438,-0.519533358
2024-06-14 00:00:00,0.647,-0.041481481,-1,0,0,-0.767098632,-0.519533358
2024-06-15 00:00:00,0.662,0.023183926,-1,0,0,-0.761699064,-0.519533358
2024-06-16 00:00:00,0.654,-0.012084592,-1,0,0,-0.764578834,-0.519533358
2024-06-17 00:00:00,0.615,-0.059633028,-1,0,0,-0.778617711,-0.519533358
2024-06-18 00:00:00,0.554,-0.099186992,-1,0,0,-0.800575954,-0.519533358
2024-06-19 00:00:00,0.569,0.027075812,-1,0,0,-0.795176386,-0.519533358
2024-06-20 00:00:00,0.572,0.005272408,-1,0,0,-0.794096472,-0.519533358
2024-06-21 00:00:00,0.567,-0.008741259,-1,0,0,-0.795896328,-0.519533358
2024-06-22 00:00:00,0.574,0.012345679,-1,0,0,-0.79337653,-0.519533358
2024-06-23 00:00:00,0.559,-0.026132404,-1,0,0,-0.798776098,-0.519533358
2024-06-24 00:00:00,0.57,0.019677996,-1,0,0,-0.794816415,-0.519533358
2024-06-25 00:00:00,0.577,0.012280702,-1,0,0,-0.792296616,-0.519533358
2024-06-26 00:00:00,0.575,-0.003466205,-1,0,0,-0.793016559,-0.519533358
2024-06-27 00:00:00,0.59,0.026086957,-1,0,0,-0.787616991,-0.519533358
2024-06-28 00:00:00,0.587,-0.005084746,-1,0,0,-0.788696904,-0.519533358
2024-06-29 00:00:00,0.566,-0.035775128,-1,0,0,-0.796256299,-0.519533358
2024-06-30 00:00:00,0.578,0.021201413,-1,0,0,-0.791936645,-0.519533358
2024-07-01 00:00:00,0.577,-0.001730104,-1,0,0,-0.792296616,-0.519533358
2024-07-02 00:00:00,0.584,0.012131716,-1,0,0,-0.789776818,-0.519533358
2024-07-03 00:00:00,0.56,-0.04109589,-1,0,0,-0.798416127,-0.519533358
2024-07-04 00:00:00,0.5,-0.107142857,-1,0,0,-0.820014399,-0.519533358
2024-07-05 00:00:00,0.479,-0.042,-1,0,0,-0.827573794,-0.519533358
2024-07-06 00:00:00,0.52,0.08559499,-1,0,0,-0.812814975,-0.519533358
2024-07-07 00:00:00,0.491,-0.055769231,-1,0,0,-0.82325414,-0.519533358
2024-07-08 00:00:00,0.512,0.042769857,-1,0,0,-0.815694744,-0.519533358
2024-07-09 00:00:00,0.522,0.01953125,-1,0,0,-0.812095032,-0.519533358
2024-07-10 00:00:00,0.523,0.001915709,-1,0,0,-0.811735061,-0.519533358
2024-07-11 00:00:00,0.519,-0.007648184,-1,0,0,-0.813174946,-0.519533358
2024-07-12 00:00:00,0.524,0.009633911,-1,0,0,-0.81137509,-0.519533358
2024-07-13 00:00:00,0.547,0.04389313,-1,0,0,-0.803095752,-0.519533358
2024-07-14 00:00:00,0.576,0.053016453,-1,0,0,-0.792656587,-0.519533358
2024-07-15 00:00:00,0.591,0.026041667,-1,0,0,-0.787257019,-0.519533358
2024-07-16 00:00:00,0.597,0.010152284,-1,0,0,-0.785097192,-0.519533358
2024-07-17 00:00:00,0.6,0.005025126,-1,0,0,-0.784017279,-0.519533358
2024-07-18 00:00:00,0.587,-0.021666667,0,0.5,0,-0.788696904,-0.519533358
2024-07-19 00:00:00,0.608,0.035775128,0,0.5,0.017887564,-0.781137509,-0.51093898
2024-07-20 00:00:00,0.608,0,0,0.5,0,-0.781137509,-0.51093898
2024-07-21 00:00:00,0.607,-0.001644737,0,0.5,-0.000822368,-0.78149748,-0.511341168
2024-07-22 00:00:00,0.582,-0.041186161,0,0.5,-0.020593081,-0.79049676,-0.521404159
2024-07-23 00:00:00,0.579,-0.005154639,0,0.5,-0.00257732,-0.791576674,-0.522637653
2024-07-24 00:00:00,0.588,0.015544041,0,0.5,0.007772021,-0.788336933,-0.518927583
2024-07-25 00:00:00,0.557,-0.052721088,-1,0,-0.026360544,-0.79949604,-0.531608914
2024-07-26 00:00:00,0.578,0.037701975,0,0.5,0,-0.791936645,-0.531608914
2024-07-27 00:00:00,0.58,0.003460208,-1,0,0.001730104,-0.791216703,-0.530798549
2024-07-28 00:00:00,0.565,-0.025862069,-1,0,0,-0.796616271,-0.530798549
2024-07-29 00:00:00,0.573,0.014159292,0,0.5,0,-0.793736501,-0.530798549
2024-07-30 00:00:00,0.57,-0.005235602,-1,0,-0.002617801,-0.794816415,-0.532026825
2024-07-31 00:00:00,0.583,0.022807018,0,0.5,0,-0.790136789,-0.532026825
2024-08-01 00:00:00,0.548,-0.060034305,-1,0,-0.030017153,-0.802735781,-0.546074047
2024-08-02 00:00:00,0.52,-0.051094891,-1,0,0,-0.812814975,-0.546074047
2024-08-03 00:00:00,0.496,-0.046153846,-1,0,0,-0.821454284,-0.546074047
2024-08-04 00:00:00,0.471,-0.050403226,-1,0,0,-0.830453564,-0.546074047
2024-08-05 00:00:00,0.445,-0.055201699,-1,0,0,-0.839812815,-0.546074047
2024-08-06 00:00:00,0.459,0.031460674,-1,0,0,-0.834773218,-0.546074047
2024-08-07 00:00:00,0.447,-0.026143791,-1,0,0,-0.839092873,-0.546074047
2024-08-08 00:00:00,0.488,0.091722595,-1,0,0,-0.824334053,-0.546074047
2024-08-09 00:00:00,0.477,-0.022540984,-1,0,0,-0.828293737,-0.546074047
2024-08-10 00:00:00,0.487,0.020964361,-1,0,0,-0.824694024,-0.546074047
2024-08-11 00:00:00,0.466,-0.04312115,-1,0,0,-0.83225342,-0.546074047
2024-08-12 00:00:00,0.5,0.072961373,-1,0,0,-0.820014399,-0.546074047
2024-08-13 00:00:00,0.506,0.012,-1,0,0,-0.817854572,-0.546074047
2024-08-14 00:00:00,0.507,0.001976285,-1,0,0,-0.8174946,-0.546074047
2024-08-15 00:00:00,0.489,-0.035502959,-1,0,0,-0.823974082,-0.546074047
2024-08-16 00:00:00,0.494,0.010224949,-1,0,0,-0.822174226,-0.546074047
2024-08-17 00:00:00,0.5,0.012145749,-1,0,0,-0.820014399,-0.546074047
2024-08-18 00:00:00,0.491,-0.018,-1,0,0,-0.82325414,-0.546074047
2024-08-19 00:00:00,0.489,-0.00407332,-1,0,0,-0.823974082,-0.546074047
2024-08-20 00:00:00,0.491,0.00408998,-1,0,0,-0.82325414,-0.546074047
2024-08-21 00:00:00,0.515,0.048879837,-1,0,0,-0.814614831,-0.546074047
2024-08-22 00:00:00,0.527,0.023300971,-1,0,0,-0.810295176,-0.546074047
2024-08-23 00:00:00,0.555,0.05313093,-1,0,0,-0.800215983,-0.546074047
2024-08-24 00:00:00,0.555,0,-1,0,0,-0.800215983,-0.546074047
2024-08-25 00:00:00,0.534,-0.037837838,-1,0,0,-0.807775378,-0.546074047
2024-08-26 00:00:00,0.518,-0.029962547,-1,0,0,-0.813534917,-0.546074047
2024-08-27 00:00:00,0.491,-0.052123552,-1,0,0,-0.82325414,-0.546074047
2024-08-28 00:00:00,0.494,0.00610998,-1,0,0,-0.822174226,-0.546074047
2024-08-29 00:00:00,0.484,-0.020242915,-1,0,0,-0.825773938,-0.546074047
2024-08-30 00:00:00,0.485,0.002066116,-1,0,0,-0.825413967,-0.546074047
2024-08-31 00:00:00,0.48,-0.010309278,-1,0,0,-0.827213823,-0.546074047
2024-09-01 00:00:00,0.454,-0.054166667,-1,0,0,-0.836573074,-0.546074047
2024-09-02 00:00:00,0.475,0.046255507,-1,0,0,-0.829013679,-0.546074047
2024-09-03 00:00:00,0.453,-0.046315789,-1,0,0,-0.836933045,-0.546074047
2024-09-04 00:00:00,0.464,0.024282561,0,0.5,0,-0.832973362,-0.546074047
2024-09-05 00:00:00,0.461,-0.006465517,0,0.5,-0.003232759,-0.834053276,-0.54754148
2024-09-06 00:00:00,0.455,-0.013015184,0,0.5,-0.006507592,-0.836213103,-0.550485896
2024-09-07 00:00:00,0.461,0.013186813,-1,0,0.006593407,-0.834053276,-0.547522067
2024-09-08 00:00:00,0.48,0.041214751,0,0.5,0,-0.827213823,-0.547522067
2024-09-09 00:00:00,0.493,0.027083333,0,0.5,0.013541667,-0.822534197,-0.541394761
2024-09-10 00:00:00,0.489,-0.00811359,0,0.5,-0.004056795,-0.823974082,-0.543255229
2024-09-11 00:00:00,0.491,0.00408998,-1,0,0.00204499,-0.82325414,-0.54232119
2024-09-12 00:00:00,0.502,0.022403259,-1,0,0,-0.819294456,-0.54232119
2024-09-13 00:00:00,0.505,0.005976096,-1,0,0,-0.818214543,-0.54232119
2024-09-14 00:00:00,0.498,-0.013861386,0,0.5,0,-0.820734341,-0.54232119
2024-09-15 00:00:00,0.481,-0.034136546,-1,0,-0.017068273,-0.826853852,-0.550132977
2024-09-16 00:00:00,0.471,-0.020790021,-1,0,0,-0.830453564,-0.550132977
2024-09-17 00:00:00,0.481,0.021231423,-1,0,0,-0.826853852,-0.550132977
2024-09-18 00:00:00,0.489,0.016632017,0,0.5,0,-0.823974082,-0.550132977
2024-09-19 00:00:00,0.508,0.038854806,0,0.5,0.019427403,-0.817134629,-0.541393229
2024-09-20 00:00:00,0.517,0.017716535,0,0.5,0.008858268,-0.813894888,-0.537330768
2024-09-21 00:00:00,0.528,0.021276596,0,0.5,0.010638298,-0.809935205,-0.532408755
2024-09-22 00:00:00,0.516,-0.022727273,-1,0,-0.011363636,-0.81425486,-0.537722292
2024-09-23 00:00:00,0.523,0.013565891,-1,0,0,-0.811735061,-0.537722292
2024-09-24 00:00:00,0.525,0.003824092,-1,0,0,-0.811015119,-0.537722292
2024-09-25 00:00:00,0.525,0,0,0.5,0,-0.811015119,-0.537722292
2024-09-26 00:00:00,0.538,0.024761905,0,0.5,0.012380952,-0.806335493,-0.531998853
2024-09-27 00:00:00,0.543,0.00929368,0,0.5,0.00464684,-0.804535637,-0.529824127
2024-09-28 00:00:00,0.534,-0.016574586,0,0.5,-0.008287293,-0.807775378,-0.533720612
2024-09-29 00:00:00,0.539,0.009363296,0,0.5,0.004681648,-0.805975522,-0.531537656
2024-09-30 00:00:00,0.514,-0.046382189,0,0.5,-0.023191095,-0.814974802,-0.54240181
2024-10-01 00:00:00,0.474,-0.077821012,0,0.5,-0.038910506,-0.82937365,-0.560207188
2024-10-02 00:00:00,0.466,-0.016877637,-1,0,-0.008438819,-0.83225342,-0.563918519
2024-10-03 00:00:00,0.466,0,0,0.5,0,-0.83225342,-0.563918519
2024-10-04 00:00:00,0.475,0.019313305,0,0.5,0.009656652,-0.829013679,-0.559707432
2024-10-05 00:00:00,0.472,-0.006315789,0,0.5,-0.003157895,-0.830093593,-0.56109783
2024-10-06 00:00:00,0.475,0.006355932,0,0.5,0.003177966,-0.829013679,-0.559703013
2024-10-07 00:00:00,0.47,-0.010526316,0,0.5,-0.005263158,-0.830813535,-0.562020366
2024-10-08 00:00:00,0.468,-0.004255319,-1,0,-0.00212766,-0.831533477,-0.562952237
2024-10-09 00:00:00,0.456,-0.025641026,-1,0,0,-0.835853132,-0.562952237
2024-10-10 00:00:00,0.463,0.015350877,-1,0,0,-0.833333333,-0.562952237
2024-10-11 00:00:00,0.475,0.025917927,-1,0,0,-0.829013679,-0.562952237
2024-10-12 00:00:00,0.476,0.002105263,-1,0,0,-0.828653708,-0.562952237
2024-10-13 00:00:00,0.472,-0.008403361,-1,0,0,-0.830093593,-0.562952237
2024-10-14 00:00:00,0.493,0.044491525,-1,0,0,-0.822534197,-0.562952237
2024-10-15 00:00:00,0.488,-0.010141988,0,0.5,0,-0.824334053,-0.562952237
2024-10-16 00:00:00,0.487,-0.00204918,0,0.5,-0.00102459,-0.824694024,-0.563400032
2024-10-17 00:00:00,0.478,-0.018480493,-1,0,-0.009240246,-0.827933765,-0.567434324
2024-10-18 00:00:00,0.483,0.010460251,-1,0,0,-0.826133909,-0.567434324
2024-10-19 00:00:00,0.491,0.016563147,-1,0,0,-0.82325414,-0.567434324
2024-10-20 00:00:00,0.503,0.024439919,-1,0,0,-0.818934485,-0.567434324
2024-10-21 00:00:00,0.489,-0.027833002,-1,0,0,-0.823974082,-0.567434324
2024-10-22 00:00:00,0.483,-0.012269939,-1,0,0,-0.826133909,-0.567434324
2024-10-23 00:00:00,0.469,-0.028985507,-1,0,0,-0.831173506,-0.567434324
2024-10-24 00:00:00,0.474,0.010660981,-1,0,0,-0.82937365,-0.567434324
2024-10-25 00:00:00,0.443,-0.065400844,-1,0,0,-0.840532757,-0.567434324
2024-10-26 00:00:00,0.445,0.004514673,-1,0,0,-0.839812815,-0.567434324
2024-10-27 00:00:00,0.452,0.015730337,-1,0,0,-0.837293017,-0.567434324
2024-10-28 00:00:00,0.456,0.008849558,-1,0,0,-0.835853132,-0.567434324
2024-10-29 00:00:00,0.468,0.026315789,-1,0,0,-0.831533477,-0.567434324
2024-10-30 00:00:00,0.461,-0.014957265,-1,0,0,-0.834053276,-0.567434324
2024-10-31 00:00:00,0.441,-0.043383948,-1,0,0,-0.8412527,-0.567434324
2024-11-01 00:00:00,0.435,-0.013605442,-1,0,0,-0.843412527,-0.567434324
2024-11-02 00:00:00,0.428,-0.016091954,-1,0,0,-0.845932325,-0.567434324
2024-11-03 00:00:00,0.415,-0.030373832,-1,0,0,-0.850611951,-0.567434324
2024-11-04 00:00:00,0.409,-0.014457831,-1,0,0,-0.852771778,-0.567434324
2024-11-05 00:00:00,0.423,0.034229829,-1,0,0,-0.847732181,-0.567434324
2024-11-06 00:00:00,0.455,0.075650118,-1,0,0,-0.836213103,-0.567434324
2024-11-07 00:00:00,0.467,0.026373626,-1,0,0,-0.831893449,-0.567434324
2024-11-08 00:00:00,0.475,0.017130621,0,0.5,0,-0.829013679,-0.567434324
2024-11-09 00:00:00,0.488,0.027368421,0,0.5,0.013684211,-0.824334053,-0.561515004
2024-11-10 00:00:00,0.579,0.18647541,1,1,0.093237705,-0.791576674,-0.520631669
2024-11-11 00:00:00,0.583,0.006908463,1,1,0.006908463,-0.790136789,-0.517319971
2024-11-12 00:00:00,0.575,-0.013722127,0,0.5,-0.013722127,-0.793016559,-0.523943367
2024-11-13 00:00:00,0.549,-0.045217391,0,0.5,-0.022608696,-0.80237581,-0.534706387
2024-11-14 00:00:00,0.549,0,0,0.5,0,-0.80237581,-0.534706387
2024-11-15 00:00:00,0.586,0.067395264,0,0.5,0.033697632,-0.789056875,-0.519027094
2024-11-16 00:00:00,0.674,0.150170648,1,1,0.075085324,-0.75737941,-0.482913087
2024-11-17 00:00:00,0.617,-0.084569733,1,1,-0.084569733,-0.777897768,-0.52664299
2024-11-18 00:00:00,0.68,0.102106969,1,1,0.102106969,-0.755219582,-0.47830994
2024-11-19 00:00:00,0.652,-0.041176471,1,1,-0.041176471,-0.765298776,-0.499791295
2024-11-20 00:00:00,0.624,-0.042944785,1,1,-0.042944785,-0.77537797,-0.521272651
2024-11-21 00:00:00,0.668,0.070512821,1,1,0.070512821,-0.759539237,-0.487516235
2024-11-22 00:00:00,0.745,0.115269461,1,1,0.115269461,-0.731821454,-0.428442508
2024-11-23 00:00:00,0.765,0.026845638,1,1,0.026845638,-0.72462203,-0.413098682
2024-11-24 00:00:00,0.851,0.112418301,1,1,0.112418301,-0.693664507,-0.347120234
2024-11-25 00:00:00,0.802,-0.057579318,1,1,-0.057579318,-0.711303096,-0.384712605
2024-11-26 00:00:00,0.797,-0.006234414,1,1,-0.006234414,-0.713102952,-0.388548562
2024-11-27 00:00:00,0.831,0.042659975,1,1,0.042659975,-0.700863931,-0.362464059
2024-11-28 00:00:00,0.816,-0.018050542,1,1,-0.018050542,-0.706263499,-0.373971928
2024-11-29 00:00:00,0.957,0.172794118,1,1,0.172794118,-0.655507559,-0.265797959
2024-11-30 00:00:00,0.94,-0.017763845,1,1,-0.017763845,-0.66162707,-0.278840211
2024-12-01 00:00:00,1.105,0.175531915,1,1,0.175531915,-0.602231821,-0.152253652
2024-12-02 00:00:00,1.115,0.009049774,1,1,0.009049774,-0.598632109,-0.14458174
2024-12-03 00:00:00,1.298,0.164125561,1,1,0.164125561,-0.532757379,-0.004185738
2024-12-04 00:00:00,1.33,0.024653313,1,1,0.024653313,-0.521238301,0.020364382
2024-12-05 00:00:00,1.355,0.018796992,1,1,0.018796992,-0.512239021,0.039544164
2024-12-06 00:00:00,1.369,0.010332103,1,1,0.010332103,-0.507199424,0.050284842
2024-12-07 00:00:00,1.346,-0.016800584,1,1,-0.016800584,-0.515478762,0.032639443
2024-12-08 00:00:00,1.32,-0.019316493,1,1,-0.019316493,-0.524838013,0.01269247
2024-12-09 00:00:00,1.056,-0.2,1,1,-0.2,-0.61987041,-0.189846024
2024-12-10 00:00:00,1.043,-0.012310606,1,1,-0.012310606,-0.624550036,-0.199819511
2024-12-11 00:00:00,1.09,0.04506232,1,1,0.04506232,-0.607631389,-0.163761521
2024-12-12 00:00:00,1.099,0.008256881,1,1,0.008256881,-0.604391649,-0.1568568
2024-12-13 00:00:00,1.109,0.009099181,1,1,0.009099181,-0.600791937,-0.149184887
2024-12-14 00:00:00,1.042,-0.060414788,1,1,-0.060414788,-0.624910007,-0.200586702
2024-12-15 00:00:00,1.081,0.037428023,1,1,0.037428023,-0.61087113,-0.170666243
2024-12-16 00:00:00,1.037,-0.040703053,1,1,-0.040703053,-0.626709863,-0.204422658
2024-12-17 00:00:00,1.03,-0.006750241,1,1,-0.006750241,-0.629229662,-0.209792997
2024-12-18 00:00:00,0.901,-0.125242718,1,1,-0.125242718,-0.675665947,-0.30876067
2024-12-19 00:00:00,0.818,-0.092119867,1,1,-0.092119867,-0.705543557,-0.372437545
2024-12-20 00:00:00,0.84,0.026894866,1,1,0.026894866,-0.69762419,-0.355559337
2024-12-21 00:00:00,0.79,-0.05952381,1,1,-0.05952381,-0.71562275,-0.393918901
2024-12-22 00:00:00,0.784,-0.007594937,1,1,-0.007594937,-0.717782577,-0.398522048
2024-12-23 00:00:00,0.845,0.077806122,1,1,0.077806122,-0.695824334,-0.351723381
2024-12-24 00:00:00,0.87,0.029585799,1,1,0.029585799,-0.686825054,-0.332543599
2024-12-25 00:00:00,0.844,-0.029885057,1,1,-0.029885057,-0.696184305,-0.352490572
2024-12-26 00:00:00,0.782,-0.073459716,0,0.5,-0.073459716,-0.71850252,-0.400056431
2024-12-27 00:00:00,0.784,0.002557545,0,0.5,0.001278772,-0.717782577,-0.39928924
2024-12-28 00:00:00,0.808,0.030612245,0,0.5,0.015306122,-0.709143269,-0.390094687
2024-12-29 00:00:00,0.775,-0.040841584,0,0.5,-0.020420792,-0.721022318,-0.402549437
2024-12-30 00:00:00,0.773,-0.002580645,0,0.5,-0.001290323,-0.721742261,-0.403320341
2024-12-31 00:00:00,0.775,0.002587322,0,0.5,0.001293661,-0.721022318,-0.402548439
2025-01-01 00:00:00,0.812,0.047741935,0,0.5,0.023870968,-0.707703384,-0.388286692
2025-01-02 00:00:00,0.82,0.009852217,0,0.5,0.004926108,-0.704823614,-0.385273326
2025-01-03 00:00:00,0.927,0.130487805,0,0.5,0.065243902,-0.666306695,-0.345166159
2025-01-04 00:00:00,0.9,-0.029126214,0,0.5,-0.014563107,-0.676025918,-0.354702574
2025-01-05 00:00:00,0.901,0.001111111,0,0.5,0.000555556,-0.675665947,-0.354344076
2025-01-06 00:00:00,0.917,0.017758047,0,0.5,0.008879023,-0.669906407,-0.348611282
2025-01-07 00:00:00,0.819,-0.106870229,0,0.5,-0.053435115,-0.705183585,-0.383418313
2025-01-08 00:00:00,0.793,-0.031746032,0,0.5,-0.015873016,-0.714542837,-0.393205323
2025-01-09 00:00:00,0.782,-0.013871375,0,0.5,-0.006935687,-0.71850252,-0.397413862
2025-01-10 00:00:00,0.798,0.020460358,0,0.5,0.010230179,-0.712742981,-0.391249298
2025-01-11 00:00:00,0.805,0.00877193,0,0.5,0.004385965,-0.710223182,-0.388579338
2025-01-12 00:00:00,0.788,-0.021118012,0,0.5,-0.010559006,-0.716342693,-0.395035333
2025-01-13 00:00:00,0.764,-0.030456853,0,0.5,-0.015228426,-0.724982001,-0.404247993
2025-01-14 00:00:00,0.793,0.037958115,0,0.5,0.018979058,-0.714542837,-0.392941181
2025-01-15 00:00:00,0.87,0.097099622,0,0.5,0.048549811,-0.686825054,-0.36346859
2025-01-16 00:00:00,0.868,-0.002298851,0,0.5,-0.001149425,-0.687544996,-0.364200236