date,close_price_ETHUSDT,return_ETHUSDT,signal_ETHUSDT,position_ETHUSDT,signal_return_ETHUSDT,cum_return_ETHUSDT,cum_signal_return_ETHUSDT
2020-01-01 00:00:00,130.62,,0,0.5,,,
2020-01-02 00:00:00,127.11,-0.026871842,0,0.5,-0.013435921,-0.026871842,-0.013435921
2020-01-03 00:00:00,134.29,0.056486508,0,0.5,0.028243254,0.028096769,0.014427859
2020-01-04 00:00:00,134.14,-0.001116986,0,0.5,-0.000558493,0.0269484,0.013861308
2020-01-05 00:00:00,135.33,0.008871328,0,0.5,0.004435664,0.036058797,0.018358456
2020-01-06 00:00:00,144.04,0.064361191,0,0.5,0.032180596,0.102740775,0.051129838
2020-01-07 00:00:00,142.86,-0.008192169,0,0.5,-0.004096084,0.093706936,0.046824322
2020-01-08 00:00:00,140.75,-0.014769705,0,0.5,-0.007384852,0.077553208,0.039093679
2020-01-09 00:00:00,137.73,-0.021456483,0,0.5,-0.010728242,0.054432706,0.027946031
2020-01-10 00:00:00,144.8,0.051332317,0,0.5,0.025666158,0.108559179,0.054329456
2020-01-11 00:00:00,142.4,-0.016574586,0,0.5,-0.008287293,0.09018527,0.045591919
2020-01-12 00:00:00,146.57,0.029283708,0,0.5,0.014641854,0.122109937,0.060901323
2020-01-13 00:00:00,143.58,-0.020399809,0,0.5,-0.010199904,0.099219109,0.050080231
2020-01-14 00:00:00,165.77,0.154547987,0,0.5,0.077273994,0.26910121,0.131224124
2020-01-15 00:00:00,166.6,0.005006937,0,0.5,0.002503469,0.27545552,0.134056108
2020-01-16 00:00:00,164.37,-0.013385354,0,0.5,-0.006692677,0.258383096,0.126466237
2020-01-17 00:00:00,170.06,0.034617023,0,0.5,0.017308511,0.301944572,0.145963691
2020-01-18 00:00:00,174.43,0.025696813,0,0.5,0.012848406,0.335400398,0.160687498
2020-01-19 00:00:00,167.04,-0.042366565,0,0.5,-0.021183283,0.27882407,0.136100327
2020-01-20 00:00:00,167.03,-5.98659E-05,0,0.5,-2.9933E-05,0.278747512,0.13606632
2020-01-21 00:00:00,169.52,0.014907502,0,0.5,0.007453751,0.297810443,0.144534275
2020-01-22 00:00:00,168.19,-0.007845682,0,0.5,-0.003922841,0.287628235,0.140044449
2020-01-23 00:00:00,162.97,-0.031036328,0,0.5,-0.015518164,0.247664982,0.122353052
2020-01-24 00:00:00,162.63,-0.002086274,0,0.5,-0.001043137,0.245062012,0.121182285
2020-01-25 00:00:00,160.52,-0.012974236,0,0.5,-0.006487118,0.228908284,0.113909043
2020-01-26 00:00:00,167.9,0.045975579,0,0.5,0.02298779,0.285408054,0.13951535
2020-01-27 00:00:00,170.21,0.013758189,0,0.5,0.006879095,0.303092941,0.147354184
2020-01-28 00:00:00,175.88,0.033311791,0,0.5,0.016655896,0.346501301,0.166464395
2020-01-29 00:00:00,173.8,-0.011826245,0,0.5,-0.005913123,0.330577247,0.159566948
2020-01-30 00:00:00,185.14,0.065247411,0,0.5,0.032623705,0.417393967,0.197396319
2020-01-31 00:00:00,180.14,-0.02700659,0,0.5,-0.013503295,0.37911499,0.181227523
2020-02-01 00:00:00,183.82,0.020428556,0,0.5,0.010214278,0.407288317,0.193292909
2020-02-02 00:00:00,188.59,0.025949298,0,0.5,0.012974649,0.443806461,0.208775466
2020-02-03 00:00:00,189.92,0.007052336,0,0.5,0.003526168,0.453988669,0.213037811
2020-02-04 00:00:00,189.01,-0.004791491,0,0.5,-0.002395746,0.447021896,0.210131681
2020-02-05 00:00:00,204.1,0.079837046,0,0.5,0.039918523,0.562547849,0.258438351
2020-02-06 00:00:00,213.27,0.044928956,0,0.5,0.022464478,0.632751493,0.286708511
2020-02-07 00:00:00,223.57,0.048295588,0,0.5,0.024147794,0.711606186,0.317779683
2020-02-08 00:00:00,223.57,0,0,0.5,0,0.711606186,0.317779683
2020-02-09 00:00:00,228.64,0.022677461,0,0.5,0.011338731,0.750421069,0.332721632
2020-02-10 00:00:00,223.03,-0.024536389,0,0.5,-0.012268195,0.707472056,0.316371544
2020-02-11 00:00:00,237.16,0.063354706,0,0.5,0.031677353,0.815648446,0.35807071
2020-02-12 00:00:00,266.24,0.122617642,0,0.5,0.061308821,1.038278977,0.441332424
2020-02-13 00:00:00,268.48,0.008413462,0,0.5,0.004206731,1.055427959,0.447395721
2020-02-14 00:00:00,285.4,0.063021454,0,0.5,0.031510727,1.184964018,0.493004213
2020-02-15 00:00:00,265.08,-0.071198318,0,0.5,-0.035599159,1.029398254,0.439854518
2020-02-16 00:00:00,258.87,-0.02342689,0,0.5,-0.011713445,0.981855765,0.422988862
2020-02-17 00:00:00,268,0.035268668,0,0.5,0.017634334,1.051753177,0.448082322
2020-02-18 00:00:00,282.96,0.055820896,0,0.5,0.027910448,1.166283877,0.488498948
2020-02-19 00:00:00,258.43,-0.086690698,0,0.5,-0.043345349,0.978487215,0.423979442
2020-02-20 00:00:00,257.11,-0.005107766,0,0.5,-0.002553883,0.968381565,0.420342765
2020-02-21 00:00:00,265.44,0.032398584,0,0.5,0.016199292,1.032154341,0.443351312
2020-02-22 00:00:00,261.83,-0.01360006,0,0.5,-0.00680003,1.004516919,0.43353648
2020-02-23 00:00:00,274.67,0.049039453,0,0.5,0.024519727,1.102817333,0.468686402
2020-02-24 00:00:00,265.7,-0.032657371,0,0.5,-0.016328685,1.034144848,0.444704684
2020-02-25 00:00:00,247.03,-0.070267219,0,0.5,-0.035133609,0.891211147,0.393946994
2020-02-26 00:00:00,224.1,-0.092822734,0,0.5,-0.046411367,0.715663757,0.329252008
2020-02-27 00:00:00,227.92,0.017045962,0,0.5,0.008522981,0.744908896,0.340581198
2020-02-28 00:00:00,227.09,-0.003641629,0,0.5,-0.001820814,0.738554586,0.338140248
2020-02-29 00:00:00,217.31,-0.043066626,0,0.5,-0.021533313,0.663680906,0.309325656
2020-03-01 00:00:00,218.01,0.003221205,0,0.5,0.001610602,0.669039963,0.311434459
2020-03-02 00:00:00,232.22,0.065180496,0,0.5,0.032590248,0.777828816,0.354174433
2020-03-03 00:00:00,224.1,-0.034966842,0,0.5,-0.017483421,0.715663757,0.330498832
2020-03-04 00:00:00,224.47,0.001651049,0,0.5,0.000825524,0.718496402,0.331597191
2020-03-05 00:00:00,228.64,0.018577093,0,0.5,0.009288546,0.750421069,0.343965793
2020-03-06 00:00:00,244.94,0.071291113,0,0.5,0.035645556,0.875210534,0.391872201
2020-03-07 00:00:00,237.34,-0.031028007,0,0.5,-0.015514003,0.817026489,0.370278691
2020-03-08 00:00:00,199.54,-0.159265189,0,0.5,-0.079632595,0.527637422,0.261159844
2020-03-09 00:00:00,203.02,0.017440112,0,0.5,0.008720056,0.55427959,0.272157229
2020-03-10 00:00:00,200.95,-0.01019604,0,0.5,-0.00509802,0.538432093,0.265671746
2020-03-11 00:00:00,194.81,-0.030554864,0,0.5,-0.015277432,0.491425509,0.246335531
2020-03-12 00:00:00,106.71,-0.452235512,0,0.5,-0.226117756,-0.183050069,-0.035483062
2020-03-13 00:00:00,134.13,0.256958111,0,0.5,0.128479055,0.026871842,0.088437163
2020-03-14 00:00:00,122.55,-0.086334153,0,0.5,-0.043167077,-0.061782269,0.041452513
2020-03-15 00:00:00,123.89,0.010934313,0,0.5,0.005467156,-0.051523503,0.047146296
2020-03-16 00:00:00,111.06,-0.103559609,0,0.5,-0.051779805,-0.149747359,-0.007074734
2020-03-17 00:00:00,115.68,0.041599136,0,0.5,0.020799568,-0.114377584,0.013577682
2020-03-18 00:00:00,118.16,0.021438451,0,0.5,0.010719225,-0.095391211,0.02444245
2020-03-19 00:00:00,136.42,0.154536222,0,0.5,0.077268111,0.044403614,0.103599183
2020-03-20 00:00:00,133.52,-0.02125788,0,0.5,-0.01062894,0.022201807,0.091869093
2020-03-21 00:00:00,132.67,-0.006366087,0,0.5,-0.003183044,0.015694381,0.088393626
2020-03-22 00:00:00,122.25,-0.07854074,0,0.5,-0.03927037,-0.064079008,0.045652006
2020-03-23 00:00:00,135.96,0.112147239,0,0.5,0.05607362,0.040881948,0.104285498
2020-03-24 00:00:00,138.38,0.017799353,0,0.5,0.008899676,0.059408973,0.114113282
2020-03-25 00:00:00,136.1,-0.016476369,0,0.5,-0.008238185,0.041953759,0.104935011
2020-03-26 00:00:00,138.41,0.016972814,0,0.5,0.008486407,0.059638646,0.114311939
2020-03-27 00:00:00,131.27,-0.051585868,0,0.5,-0.025792934,0.004976267,0.085570565
2020-03-28 00:00:00,130.95,-0.002437724,0,0.5,-0.001218862,0.002526412,0.084247404
2020-03-29 00:00:00,124.4,-0.050019091,0,0.5,-0.025009546,-0.047619048,0.057130869
2020-03-30 00:00:00,132.04,0.061414791,0,0.5,0.030707395,0.01087123,0.089592605
2020-03-31 00:00:00,132.61,0.004316874,0,0.5,0.002158437,0.015235033,0.091944422
2020-04-01 00:00:00,135.6,0.022547319,0,0.5,0.01127366,0.038125861,0.104254632
2020-04-02 00:00:00,141.3,0.042035398,0,0.5,0.021017699,0.081763895,0.127463523
2020-04-03 00:00:00,141.23,-0.0004954,0,0.5,-0.0002477,0.08122799,0.12718425
2020-04-04 00:00:00,144.02,0.01975501,0,0.5,0.009877505,0.102587659,0.138318018
2020-04-05 00:00:00,142.59,-0.009929177,0,0.5,-0.004964588,0.091639871,0.132666738
2020-04-06 00:00:00,171.15,0.200294551,0,0.5,0.100147275,0.310289389,0.246100226
2020-04-07 00:00:00,164.55,-0.038562664,0,0.5,-0.019281332,0.259761139,0.222073753
2020-04-08 00:00:00,173.19,0.052506837,0,0.5,0.026253418,0.325907212,0.254157367
2020-04-09 00:00:00,169.46,-0.02153704,0,0.5,-0.01076852,0.297351095,0.240651948
2020-04-10 00:00:00,157.69,-0.069455919,0,0.5,-0.034727959,0.207242382,0.197566638
2020-04-11 00:00:00,158.19,0.003170778,0,0.5,0.001585389,0.21107028,0.199465247
2020-04-12 00:00:00,158.72,0.003350401,0,0.5,0.001675201,0.215127852,0.201474592
2020-04-13 00:00:00,156.37,-0.014805948,0,0.5,-0.007402974,0.197136733,0.192580107
2020-04-14 00:00:00,158.43,0.013173882,0,0.5,0.006586941,0.212907671,0.200435562
2020-04-15 00:00:00,152.64,-0.036546109,0,0.5,-0.018273054,0.168580616,0.178499938
2020-04-16 00:00:00,172.27,0.128603249,0,0.5,0.064301625,0.31886388,0.254279398
2020-04-17 00:00:00,170.56,-0.009926279,0,0.5,-0.004963139,0.30577247,0.248054235
2020-04-18 00:00:00,187.48,0.099202627,0,0.5,0.049601313,0.435308529,0.309959364
2020-04-19 00:00:00,179.97,-0.040057606,0,0.5,-0.020028803,0.377813505,0.283722446
2020-04-20 00:00:00,170.19,-0.05434239,0,0.5,-0.027171195,0.302939825,0.248842173
2020-04-21 00:00:00,170.66,0.002761619,0,0.5,0.00138081,0.306538049,0.250566586
2020-04-22 00:00:00,182.63,0.070139459,0,0.5,0.035069729,0.398177921,0.294423618
2020-04-23 00:00:00,185.53,0.0158791,0,0.5,0.00793955,0.420379727,0.304700759
2020-04-24 00:00:00,187.65,0.011426723,0,0.5,0.005713362,0.436610014,0.312154986
2020-04-25 00:00:00,194.25,0.035171863,0,0.5,0.017585931,0.487138264,0.335230454
2020-04-26 00:00:00,197.46,0.016525097,0,0.5,0.008262548,0.511713367,0.34626286
2020-04-27 00:00:00,196.37,-0.005520105,0,0.5,-0.002760053,0.50336855,0.342547103
2020-04-28 00:00:00,196.31,-0.000305546,0,0.5,-0.000152773,0.502909202,0.342341999
2020-04-29 00:00:00,215.5,0.097753553,0,0.5,0.048876777,0.649823917,0.407951348
2020-04-30 00:00:00,206.22,-0.043062645,1,1,-0.021531323,0.578778135,0.377636294
2020-05-01 00:00:00,212.22,0.029095141,1,1,0.029095141,0.624712908,0.417718816
2020-05-02 00:00:00,213.99,0.008340401,1,1,0.008340401,0.638263666,0.42954316
2020-05-03 00:00:00,209.95,-0.018879387,1,1,-0.018879387,0.607334252,0.402554262
2020-05-04 00:00:00,206.73,-0.015336985,1,1,-0.015336985,0.582682591,0.381043308
2020-05-05 00:00:00,205.39,-0.006481885,1,1,-0.006481885,0.572423825,0.372091545
2020-05-06 00:00:00,199.06,-0.030819417,1,1,-0.030819417,0.52396264,0.329804484
2020-05-07 00:00:00,212.25,0.066261429,1,1,0.066261429,0.624942582,0.417919229
2020-05-08 00:00:00,211.47,-0.003674912,1,1,-0.003674912,0.618971061,0.412708501
2020-05-09 00:00:00,210.31,-0.005485412,1,1,-0.005485412,0.610090338,0.404959213
2020-05-10 00:00:00,187.52,-0.108363844,1,1,-0.108363844,0.43561476,0.252712433
2020-05-11 00:00:00,185.69,-0.009758959,1,1,-0.009758959,0.421604655,0.240487263
2020-05-12 00:00:00,189.64,0.021272012,1,1,0.021272012,0.451845047,0.266874924
2020-05-13 00:00:00,199.54,0.052204176,1,1,0.052204176,0.527637422,0.333011086
2020-05-14 00:00:00,203.13,0.01799138,1,1,0.01799138,0.555121727,0.356993795
2020-05-15 00:00:00,194.71,-0.041451287,1,1,-0.041451287,0.49065993,0.300744655
2020-05-16 00:00:00,200.39,0.029171589,1,1,0.029171589,0.534144848,0.338689443
2020-05-17 00:00:00,206.93,0.032636359,1,1,0.032636359,0.58421375,0.382379392
2020-05-18 00:00:00,214.83,0.038177161,1,1,0.038177161,0.644694534,0.435154714
2020-05-19 00:00:00,214.7,-0.00060513,1,1,-0.00060513,0.64369928,0.434286259
2020-05-20 00:00:00,209.96,-0.022077317,1,1,-0.022077317,0.60741081,0.402621066
2020-05-21 00:00:00,198.68,-0.053724519,1,1,-0.053724519,0.521053437,0.327265924
2020-05-22 00:00:00,207.28,0.043285686,1,1,0.043285686,0.586893278,0.38471754
2020-05-23 00:00:00,206.51,-0.003714782,1,1,-0.003714782,0.580998316,0.379573616
2020-05-24 00:00:00,199.7,-0.032976611,1,1,-0.032976611,0.528862349,0.334079953
2020-05-25 00:00:00,204.1,0.02203305,1,1,0.02203305,0.562547849,0.363473803
2020-05-26 00:00:00,200.91,-0.015629593,1,1,-0.015629593,0.538125861,0.342163262
2020-05-27 00:00:00,208.27,0.036633318,1,1,0.036633318,0.594472516,0.391331156
2020-05-28 00:00:00,220.32,0.057857589,1,1,0.057857589,0.686724851,0.471830221
2020-05-29 00:00:00,220.65,0.001497821,1,1,0.001497821,0.689251263,0.47403476
2020-05-30 00:00:00,243.74,0.104645366,1,1,0.104645366,0.86602358,0.628285667
2020-05-31 00:00:00,231.55,-0.050012308,1,1,-0.050012308,0.772699433,0.546851343
2020-06-01 00:00:00,248.9,0.074929821,1,1,0.074929821,0.905527484,0.662756636
2020-06-02 00:00:00,237.73,-0.044877461,1,1,-0.044877461,0.820012249,0.588136341
2020-06-03 00:00:00,244.52,0.028561814,1,1,0.028561814,0.8719951,0.633496395
2020-06-04 00:00:00,243.28,-0.00507116,1,1,-0.00507116,0.862501914,0.625212674
2020-06-05 00:00:00,240.13,-0.012948043,1,1,-0.012948043,0.838386158,0.60416935
2020-06-06 00:00:00,242.05,0.007995669,1,1,0.007995669,0.853085286,0.616995757
2020-06-07 00:00:00,244.66,0.010782896,1,1,0.010782896,0.873066912,0.634431654
2020-06-08 00:00:00,246.65,0.008133737,1,1,0.008133737,0.888301945,0.64772569
2020-06-09 00:00:00,243.98,-0.010825056,1,1,-0.010825056,0.867860971,0.629888968
2020-06-10 00:00:00,247.95,0.016271826,1,1,0.016271826,0.898254479,0.656410237
2020-06-11 00:00:00,230.48,-0.070457754,0,0.5,-0.070457754,0.764507732,0.539703293
2020-06-12 00:00:00,237.46,0.030284623,0,0.5,0.015142312,0.817945185,0.56301796
2020-06-13 00:00:00,238.17,0.002989977,0,0.5,0.001494989,0.823380799,0.565354654
2020-06-14 00:00:00,231.92,-0.02624176,0,0.5,-0.01312088,0.775532078,0.544815823
2020-06-15 00:00:00,230.86,-0.004570542,0,0.5,-0.002285271,0.767416935,0.541285501
2020-06-16 00:00:00,235.22,0.018885905,0,0.5,0.009442952,0.800796203,0.555839787
2020-06-17 00:00:00,233.75,-0.006249469,0,0.5,-0.003124734,0.789542183,0.550978201
2020-06-18 00:00:00,231.26,-0.010652406,0,0.5,-0.005326203,0.770479253,0.542717376
2020-06-19 00:00:00,228.97,-0.009902274,0,0.5,-0.004951137,0.752947481,0.53507917
2020-06-20 00:00:00,228.85,-0.000524086,0,0.5,-0.000262043,0.752028786,0.534676913
2020-06-21 00:00:00,228.08,-0.003364649,0,0.5,-0.001682325,0.746133823,0.532095088
2020-06-22 00:00:00,243.14,0.066029463,0,0.5,0.033014732,0.861430103,0.582676797
2020-06-23 00:00:00,243.12,-8.22571E-05,0,0.5,-4.11286E-05,0.861276987,0.582611703
2020-06-24 00:00:00,234.54,-0.035291214,0,0.5,-0.017645607,0.795590262,0.554685559
2020-06-25 00:00:00,232.5,-0.008697877,1,1,-0.004348938,0.779972439,0.547924327
2020-06-26 00:00:00,229.66,-0.012215054,1,1,-0.012215054,0.75822998,0.529016349
2020-06-27 00:00:00,220.94,-0.037969172,0,0.5,-0.037969172,0.691471444,0.470960864
2020-06-28 00:00:00,224.96,0.018194985,1,1,0.009097493,0.722247742,0.48434292
2020-06-29 00:00:00,227.95,0.013291252,0,0.5,0.013291252,0.74513857,0.504071695
2020-06-30 00:00:00,225.56,-0.010484755,-1,0,-0.005242378,0.726841219,0.496186783
2020-07-01 00:00:00,231.03,0.024250754,0,0.5,0,0.76871842,0.496186783
2020-07-02 00:00:00,226.54,-0.019434705,0,0.5,-0.009717353,0.734343898,0.481647808
2020-07-03 00:00:00,224.83,-0.007548336,-1,0,-0.003774168,0.721252488,0.476055821
2020-07-04 00:00:00,229.2,0.019436908,-1,0,0,0.754708314,0.476055821
2020-07-05 00:00:00,227.61,-0.006937173,-1,0,0,0.742535599,0.476055821
2020-07-06 00:00:00,241.63,0.061596591,0,0.5,0,0.849869851,0.476055821
2020-07-07 00:00:00,239.45,-0.009022059,0,0.5,-0.004511029,0.833180217,0.46939729
2020-07-08 00:00:00,247.14,0.032115264,1,1,0.016057632,0.892053284,0.492992331
2020-07-09 00:00:00,242.01,-0.020757465,0,0.5,-0.020757465,0.852779054,0.462001594
2020-07-10 00:00:00,241.37,-0.002644519,0,0.5,-0.001322259,0.847879345,0.460068449
2020-07-11 00:00:00,239.25,-0.008783196,1,1,-0.004391598,0.831649058,0.453656415
2020-07-12 00:00:00,242.82,0.01492163,1,1,0.01492163,0.858980248,0.475347338
2020-07-13 00:00:00,239.6,-0.013260852,1,1,-0.013260852,0.834328587,0.455782976
2020-07-14 00:00:00,240.56,0.004006678,1,1,0.004006678,0.84167815,0.46161583
2020-07-15 00:00:00,238.59,-0.008189225,1,1,-0.008189225,0.826596233,0.449646329
2020-07-16 00:00:00,233.74,-0.020327759,0,0.5,-0.020327759,0.789465625,0.420178267
2020-07-17 00:00:00,232.72,-0.004363823,0,0.5,-0.002181912,0.781656714,0.417079564
2020-07-18 00:00:00,235.69,0.012762118,1,1,0.006381059,0.804394427,0.426122032
2020-07-19 00:00:00,239.19,0.014850015,1,1,0.014850015,0.831189711,0.447299965
2020-07-20 00:00:00,236.03,-0.013211255,1,1,-0.013211255,0.806997397,0.428179317
2020-07-21 00:00:00,245.56,0.040376223,1,1,0.040376223,0.879957128,0.485843804
2020-07-22 00:00:00,264.27,0.076193191,1,1,0.076193191,1.02319706,0.599054985
2020-07-23 00:00:00,275.56,0.042721459,1,1,0.042721459,1.109630991,0.667368947
2020-07-24 00:00:00,279.45,0.014116708,1,1,0.014116708,1.139412035,0.690906707
2020-07-25 00:00:00,305.64,0.093719807,1,1,0.093719807,1.339917317,0.849378157
2020-07-26 00:00:00,311.41,0.018878419,1,1,0.018878419,1.384091257,0.884291493
2020-07-27 00:00:00,322.33,0.035066311,1,1,0.035066311,1.467692543,0.950366645
2020-07-28 00:00:00,317.21,-0.015884342,1,1,-0.015884342,1.428494871,0.919386354
2020-07-29 00:00:00,318.12,0.002868762,1,1,0.002868762,1.435461644,0.924892617
2020-07-30 00:00:00,335.3,0.054004778,1,1,0.054004778,1.56698821,1.028846015
2020-07-31 00:00:00,346.42,0.03316433,1,1,0.03316433,1.652120655,1.096131335
2020-08-01 00:00:00,387.24,0.117833843,1,1,0.117833843,1.964630225,1.343126546
2020-08-02 00:00:00,372.85,-0.037160417,1,1,-0.037160417,1.854463329,1.256054986
2020-08-03 00:00:00,386.2,0.035805284,1,1,0.035805284,1.956668198,1.336833675
2020-08-04 00:00:00,390.1,0.010098395,1,1,0.010098395,1.9865258,1.360431943
2020-08-05 00:00:00,400.95,0.027813381,1,1,0.027813381,2.069591181,1.426083537
2020-08-06 00:00:00,395.09,-0.014615289,1,1,-0.014615289,2.024728219,1.390625625
2020-08-07 00:00:00,379.63,-0.039130325,1,1,-0.039130325,1.906369622,1.297079668
2020-08-08 00:00:00,397.48,0.047019466,1,1,0.047019466,2.04302557,1.405087129
2020-08-09 00:00:00,390.54,-0.017459998,1,1,-0.017459998,1.98989435,1.363094312
2020-08-10 00:00:00,395.83,0.013545347,1,1,0.013545347,2.030393508,1.395103246
2020-08-11 00:00:00,379.3,-0.041760352,1,1,-0.041760352,1.903843209,1.295082892
2020-08-12 00:00:00,387.46,0.021513314,1,1,0.021513314,1.9663145,1.344457731
2020-08-13 00:00:00,425.34,0.097764931,1,1,0.097764931,2.256316031,1.573663478
2020-08-14 00:00:00,438.84,0.031739314,1,1,0.031739314,2.35966927,1.655349792
2020-08-15 00:00:00,432.75,-0.013877495,1,1,-0.013877495,2.313045475,1.618500188
2020-08-16 00:00:00,434.19,0.003327556,1,1,0.003327556,2.324069821,1.627213395
2020-08-17 00:00:00,431.33,-0.006586978,1,1,-0.006586978,2.302174246,1.609907998
2020-08-18 00:00:00,422.36,-0.020796142,1,1,-0.020796142,2.233501761,1.55563198
2020-08-19 00:00:00,407.65,-0.034828109,1,1,-0.034828109,2.12088501,1.466624152
2020-08-20 00:00:00,416.29,0.021194652,1,1,0.021194652,2.187031083,1.518903393
2020-08-21 00:00:00,388.25,-0.067356891,1,1,-0.067356891,1.972362578,1.349237893
2020-08-22 00:00:00,395.44,0.018518995,1,1,0.018518995,2.027407748,1.392743419
2020-08-23 00:00:00,391,-0.011227999,1,1,-0.011227999,1.993416016,1.365877698
2020-08-24 00:00:00,407.94,0.043324808,1,1,0.043324808,2.123105191,1.468378895
2020-08-25 00:00:00,383.11,-0.060866794,1,1,-0.060866794,1.93301179,1.318136585
2020-08-26 00:00:00,386.02,0.00759573,1,1,0.00759573,1.955290155,1.335744524
2020-08-27 00:00:00,383.6,-0.006269105,1,1,-0.006269105,1.93676313,1.321101496
2020-08-28 00:00:00,395.14,0.03008342,1,1,0.03008342,2.025111009,1.390928167
2020-08-29 00:00:00,398.66,0.008908235,1,1,0.008908235,2.052059409,1.412227117
2020-08-30 00:00:00,429.11,0.076380876,1,1,0.076380876,2.28517838,1.596475138
2020-08-31 00:00:00,434.03,0.011465592,1,1,0.011465592,2.322844894,1.626245261
2020-09-01 00:00:00,475.61,0.09579983,1,1,0.09579983,2.641172868,1.877839109
2020-09-02 00:00:00,439.75,-0.07539791,1,1,-0.07539791,2.366636043,1.660856055
2020-09-03 00:00:00,381.62,-0.132188744,0,0.5,-0.132188744,1.921604655,1.309120836
2020-09-04 00:00:00,385.2,0.00938106,0,0.5,0.00469053,1.949012402,1.319951836
2020-09-05 00:00:00,334.85,-0.130711319,0,0.5,-0.065355659,1.563543102,1.168329854
2020-09-06 00:00:00,352.69,0.053277587,0,0.5,0.026638793,1.700122493,1.226091546
2020-09-07 00:00:00,353.49,0.002268281,0,0.5,0.00113414,1.706247129,1.228616246
2020-09-08 00:00:00,337.32,-0.045743868,0,0.5,-0.022871934,1.582452917,1.177643482
2020-09-09 00:00:00,350.65,0.039517372,0,0.5,0.019758686,1.68450467,1.220670856
2020-09-10 00:00:00,367.69,0.048595466,0,0.5,0.024297733,1.814959424,1.274628123
2020-09-11 00:00:00,373.45,0.01566537,0,0.5,0.007832685,1.859056806,1.292444569
2020-09-12 00:00:00,387.65,0.038023832,0,0.5,0.019011916,1.967769101,1.336028332
2020-09-13 00:00:00,366.24,-0.055230233,0,0.5,-0.027615117,1.803858521,1.271518637
2020-09-14 00:00:00,377.13,0.0297346,0,0.5,0.0148673,1.887230133,1.305289987
2020-09-15 00:00:00,364.06,-0.034656485,0,0.5,-0.017328242,1.787168887,1.265343363
2020-09-16 00:00:00,364.95,0.002444652,0,0.5,0.001222326,1.793982545,1.268112351
2020-09-17 00:00:00,389.24,0.066557063,0,0.5,0.033278531,1.979941816,1.343591799
2020-09-18 00:00:00,384.44,-0.012331723,0,0.5,-0.006165862,1.943193998,1.329141536
2020-09-19 00:00:00,384.96,0.001352617,0,0.5,0.000676308,1.947175011,1.330716754
2020-09-20 00:00:00,370.85,-0.036653159,0,0.5,-0.018326579,1.839151738,1.288002689
2020-09-21 00:00:00,340.19,-0.082674936,0,0.5,-0.041337468,1.60442505,1.193422451
2020-09-22 00:00:00,344.06,0.011375996,0,0.5,0.005687998,1.634052978,1.205898633
2020-09-23 00:00:00,320.64,-0.068069523,0,0.5,-0.034034761,1.454754249,1.1308214
2020-09-24 00:00:00,348.77,0.087730788,0,0.5,0.043865394,1.670111775,1.22429072
2020-09-25 00:00:00,351.88,0.008917051,0,0.5,0.004458526,1.693921298,1.234207778
2020-09-26 00:00:00,353.88,0.005683756,0,0.5,0.002841878,1.709232889,1.240557123
2020-09-27 00:00:00,357.4,0.009946875,0,0.5,0.004973437,1.736181289,1.251700394
2020-09-28 00:00:00,353.85,-0.009932848,0,0.5,-0.004966424,1.709003215,1.240517494
2020-09-29 00:00:00,359.7,0.016532429,0,0.5,0.008266214,1.753789619,1.259038093
2020-09-30 00:00:00,359.71,2.78009E-05,0,0.5,1.39005E-05,1.753866177,1.259069494
2020-10-01 00:00:00,352.53,-0.019960524,0,0.5,-0.009980262,1.698897565,1.236523389
2020-10-02 00:00:00,345.41,-0.020196863,0,0.5,-0.010098431,1.644388302,1.213938011
2020-10-03 00:00:00,345.72,0.000897484,0,0.5,0.000448742,1.646761599,1.214931498
2020-10-04 00:00:00,352.23,0.018830267,0,0.5,0.009415134,1.696600827,1.235785374
2020-10-05 00:00:00,353.45,0.003463646,1,1,0.001731823,1.705940897,1.239657359
2020-10-06 00:00:00,340.65,-0.036214457,0,0.5,-0.036214457,1.607946716,1.158549383
2020-10-07 00:00:00,341.41,0.002231029,0,0.5,0.001115514,1.61376512,1.160957276
2020-10-08 00:00:00,351.08,0.028323716,1,1,0.014161858,1.687796662,1.191560446
2020-10-09 00:00:00,365.04,0.039763017,1,1,0.039763017,1.794671566,1.278703501
2020-10-10 00:00:00,370.68,0.015450362,1,1,0.015450362,1.837850253,1.313910295
2020-10-11 00:00:00,374.39,0.010008633,1,1,0.010008633,1.866253254,1.337069373
2020-10-12 00:00:00,386.73,0.032960282,0,0.5,0.032960282,1.960725769,1.414099839
2020-10-13 00:00:00,381.12,-0.014506245,1,1,-0.007253122,1.917776757,1.396590077
2020-10-14 00:00:00,378.75,-0.006218514,1,1,-0.006218514,1.899632522,1.381686849
2020-10-15 00:00:00,377.63,-0.002957096,1,1,-0.002957096,1.891058031,1.374643973
2020-10-16 00:00:00,365.41,-0.032359717,1,1,-0.032359717,1.797504211,1.297801165
2020-10-17 00:00:00,368.26,0.007799458,0,0.5,0.007799458,1.819323228,1.315722769
2020-10-18 00:00:00,378.29,0.027236192,0,0.5,0.013618096,1.896110856,1.347258504
2020-10-19 00:00:00,379.47,0.0031193,0,0.5,0.00155965,1.905144695,1.350919406
2020-10-20 00:00:00,368.74,-0.02827628,0,0.5,-0.01413814,1.822998009,1.317681778
2020-10-21 00:00:00,390.96,0.060259261,1,1,0.030129631,1.993109784,1.387512674
2020-10-22 00:00:00,414.39,0.059929405,1,1,0.059929405,2.172485071,1.530594887
2020-10-23 00:00:00,409.4,-0.012041796,1,1,-0.012041796,2.134282652,1.500121979
2020-10-24 00:00:00,412.34,0.007181241,1,1,0.007181241,2.156790691,1.518075957
2020-10-25 00:00:00,406.14,-0.015036135,1,1,-0.015036135,2.109324759,1.480213826
2020-10-26 00:00:00,392.43,-0.033756833,1,1,-0.033756833,2.004363803,1.396489663
2020-10-27 00:00:00,403.6,0.028463675,1,1,0.028463675,2.089879038,1.464702566
2020-10-28 00:00:00,388.17,-0.038230922,1,1,-0.038230922,1.971750115,1.370474715
2020-10-29 00:00:00,386.94,-0.003168715,1,1,-0.003168715,1.962333486,1.362963357
2020-10-30 00:00:00,382.4,-0.011733085,1,1,-0.011733085,1.927576175,1.335238507
2020-10-31 00:00:00,386.29,0.010172594,1,1,0.010172594,1.957357219,1.35899394
2020-11-01 00:00:00,396.82,0.027259313,1,1,0.027259313,2.037972745,1.423298494
2020-11-02 00:00:00,383.16,-0.034423668,1,1,-0.034423668,1.93339458,1.339879671
2020-11-03 00:00:00,388.11,0.012918885,1,1,0.012918885,1.971290767,1.370108307
2020-11-04 00:00:00,402.92,0.038159285,1,1,0.038159285,2.084673098,1.460549945
2020-11-05 00:00:00,417.14,0.035292366,1,1,0.035292366,2.193538509,1.547388574
2020-11-06 00:00:00,456.38,0.094069137,1,1,0.094069137,2.493951922,1.78701922
2020-11-07 00:00:00,435.58,-0.045576055,1,1,-0.045576055,2.334711377,1.659997878
2020-11-08 00:00:00,454.75,0.044010285,1,1,0.044010285,2.481472975,1.777065143
2020-11-09 00:00:00,444.72,-0.022056075,1,1,-0.022056075,2.404685347,1.715813987
2020-11-10 00:00:00,450.67,0.013379205,1,1,0.013379205,2.45023733,1.752149419
2020-11-11 00:00:00,463.35,0.028135887,1,1,0.028135887,2.547312816,1.829583583
2020-11-12 00:00:00,462.68,-0.001445991,1,1,-0.001445991,2.542183433,1.82549203
2020-11-13 00:00:00,476.8,0.030517853,1,1,0.030517853,2.650283264,1.911719979
2020-11-14 00:00:00,461,-0.033137584,1,1,-0.033137584,2.529321697,1.815232614
2020-11-15 00:00:00,448.16,-0.027852495,1,1,-0.027852495,2.431021283,1.736821363
2020-11-16 00:00:00,460.72,0.028025705,1,1,0.028025705,2.527178074,1.813522711
2020-11-17 00:00:00,482.49,0.047252127,1,1,0.047252127,2.69384474,1.946467644
2020-11-18 00:00:00,478.61,-0.008041617,1,1,-0.008041617,2.664140254,1.922773278
2020-11-19 00:00:00,471.38,-0.015106245,1,1,-0.015106245,2.608788853,1.878621149
2020-11-20 00:00:00,510.37,0.082714583,1,1,0.082714583,2.907288317,2.116725096
2020-11-21 00:00:00,554.1,0.085682936,1,1,0.085682936,3.242076252,2.383775252
2020-11-22 00:00:00,560.42,0.011405883,1,1,0.011405883,3.290460879,2.422370198
2020-11-23 00:00:00,609.12,0.086899111,1,1,0.086899111,3.663298117,2.719771127
2020-11-24 00:00:00,605.72,-0.005581823,1,1,-0.005581823,3.637268412,2.699008024
2020-11-25 00:00:00,569.79,-0.059317837,1,1,-0.059317837,3.362195682,2.47959087
2020-11-26 00:00:00,520.25,-0.086944313,1,1,-0.086944313,2.982927576,2.177060233
2020-11-27 00:00:00,518.92,-0.002556463,1,1,-0.002556463,2.972745368,2.168938195
2020-11-28 00:00:00,537.46,0.035728051,1,1,0.035728051,3.114683816,2.282158179
2020-11-29 00:00:00,576.38,0.072414691,1,1,0.072414691,3.412647374,2.519834651
2020-11-30 00:00:00,617.42,0.071203026,1,1,0.071203026,3.726841219,2.770457528
2020-12-01 00:00:00,585.98,-0.050921577,1,1,-0.050921577,3.48614301,2.578459885
2020-12-02 00:00:00,596.96,0.018737841,1,1,0.018737841,3.570203644,2.645512497
2020-12-03 00:00:00,616.2,0.032229965,1,1,0.032229965,3.717501148,2.763007238
2020-12-04 00:00:00,567.68,-0.078740669,1,1,-0.078740669,3.346041954,2.466705532
2020-12-05 00:00:00,596.97,0.05159597,1,1,0.05159597,3.570280202,2.645573565
2020-12-06 00:00:00,601.86,0.008191366,1,1,0.008191366,3.607717042,2.675435794
2020-12-07 00:00:00,591.84,-0.01664839,1,1,-0.01664839,3.531005972,2.614245705
2020-12-08 00:00:00,555.17,-0.061959313,1,1,-0.061959313,3.250267953,2.390309523
2020-12-09 00:00:00,573.27,0.032602626,1,1,0.032602626,3.38883785,2.500842517
2020-12-10 00:00:00,559.71,-0.023653776,1,1,-0.023653776,3.285025264,2.418034374
2020-12-11 00:00:00,544.74,-0.026745993,1,1,-0.026745993,3.170418006,2.326615649
2020-12-12 00:00:00,568.34,0.04332342,1,1,0.04332342,3.351094779,2.470736017
2020-12-13 00:00:00,590.91,0.039712144,1,1,0.039712144,3.523886082,2.608566386
2020-12-14 00:00:00,586.33,-0.007750757,1,1,-0.007750757,3.488822539,2.580597263
2020-12-15 00:00:00,588.8,0.004212645,1,1,0.004212645,3.507732353,2.595681048
2020-12-16 00:00:00,637.8,0.083220109,1,1,0.083220109,3.88286633,2.894914015
2020-12-17 00:00:00,643.12,0.008341173,1,1,0.008341173,3.923595162,2.927402166
2020-12-18 00:00:00,654.51,0.017710536,1,1,0.017710536,4.010794672,2.996958564
2020-12-19 00:00:00,658.81,0.0065698,1,1,0.0065698,4.043714592,3.023217784
2020-12-20 00:00:00,638.27,-0.031177426,1,1,-0.031177426,3.886464554,2.897784209
2020-12-21 00:00:00,608.18,-0.047143059,1,1,-0.047143059,3.656101669,2.71403074
2020-12-22 00:00:00,637.2,0.047716137,1,1,0.047716137,3.878272853,2.891249938
2020-12-23 00:00:00,585.34,-0.08138732,0,0.5,-0.08138732,3.481243301,2.574551536
2020-12-24 00:00:00,612.31,0.046075785,1,1,0.023037893,3.687720104,2.65690167
2020-12-25 00:00:00,627.18,0.024285084,1,1,0.024285084,3.801561782,2.745709836
2020-12-26 00:00:00,637.9,0.017092382,1,1,0.017092382,3.883631909,2.809732938
2020-12-27 00:00:00,685.97,0.075356639,1,1,0.075356639,4.251645996,3.096821608
2020-12-28 00:00:00,731.07,0.065746315,1,1,0.065746315,4.59692237,3.366172534
2020-12-29 00:00:00,733.45,0.003255502,1,1,0.003255502,4.615143163,3.380386618
2020-12-30 00:00:00,753.04,0.026709387,1,1,0.026709387,4.765120196,3.49738406
2020-12-31 00:00:00,737.19,-0.021048019,1,1,-0.021048019,4.643775838,3.402723036
2021-01-01 00:00:00,729.77,-0.010065248,1,1,-0.010065248,4.586969836,3.358408538
2021-01-02 00:00:00,775.02,0.062005837,1,1,0.062005837,4.93339458,3.628655309
2021-01-03 00:00:00,980.24,0.264793167,1,1,0.264793167,6.504516919,4.854291606
2021-01-04 00:00:00,1043.11,0.064137354,1,1,0.064137354,6.985836778,5.22977038
2021-01-05 00:00:00,1101.29,0.055775517,1,1,0.055775517,7.431250957,5.577239046
2021-01-06 00:00:00,1212.64,0.1011087,1,1,0.1011087,8.283723779,6.242255134
2021-01-07 00:00:00,1227.12,0.011940889,1,1,0.011940889,8.394579697,6.328734101
2021-01-08 00:00:00,1218.39,-0.007114219,1,1,-0.007114219,8.327744603,6.276595884
2021-01-09 00:00:00,1279.96,0.050533901,1,1,0.050533901,8.799111928,6.644310663
2021-01-10 00:00:00,1257.96,-0.017188037,1,1,-0.017188037,8.630684428,6.512919967
2021-01-11 00:00:00,1086.94,-0.135950269,1,1,-0.135950269,7.321390292,5.491536479
2021-01-12 00:00:00,1050.82,-0.033230905,1,1,-0.033230905,7.044862961,5.275816846
2021-01-13 00:00:00,1130.4,0.075731334,1,1,0.075731334,7.654111162,5.751092826
2021-01-14 00:00:00,1234.86,0.092409766,1,1,0.092409766,8.453835554,6.374959737
2021-01-15 00:00:00,1168.79,-0.053504041,1,1,-0.053504041,7.948017149,5.980369589
2021-01-16 00:00:00,1230.19,0.052532961,1,1,0.052532961,8.418082989,6.347069076
2021-01-17 00:00:00,1233.71,0.002861347,1,1,0.002861347,8.445031389,6.368091587
2021-01-18 00:00:00,1262.99,0.023733292,1,1,0.023733292,8.669193079,6.542960658
2021-01-19 00:00:00,1367.51,0.082756,1,1,0.082756,9.469376818,7.167185907
2021-01-20 00:00:00,1379.24,0.008577634,1,1,0.008577634,9.559179299,7.237241037
2021-01-21 00:00:00,1111.23,-0.19431716,1,1,-0.19431716,7.507349564,5.636603751
2021-01-22 00:00:00,1234.55,0.110976126,1,1,0.110976126,8.451462257,6.373108322
2021-01-23 00:00:00,1235.66,0.000899113,1,1,0.000899113,8.45996019,6.37973758
2021-01-24 00:00:00,1394.24,0.128336274,1,1,0.128336274,9.67401623,7.326825602
2021-01-25 00:00:00,1318.61,-0.054244606,1,1,-0.054244606,9.095008421,6.875140225
2021-01-26 00:00:00,1368.4,0.037759459,1,1,0.037759459,9.476190476,7.172501258
2021-01-27 00:00:00,1238.55,-0.094891844,1,1,-0.094891844,8.482085439,6.39699754
2021-01-28 00:00:00,1329.86,0.073723305,1,1,0.073723305,9.18113612,6.942328649
2021-01-29 00:00:00,1381.99,0.039199615,1,1,0.039199615,9.580232736,7.253664874
2021-01-30 00:00:00,1380.48,-0.001092627,1,1,-0.001092627,9.568672485,7.244646695
2021-01-31 00:00:00,1313.12,-0.048794622,1,1,-0.048794622,9.052978104,6.842352274
2021-02-01 00:00:00,1376.48,0.048251493,1,1,0.048251493,9.538049303,7.220757477
2021-02-02 00:00:00,1516.26,0.101548878,1,1,0.101548878,10.60817639,8.055566178
2021-02-03 00:00:00,1666,0.09875615,1,1,0.09875615,11.7545552,8.94985903
2021-02-04 00:00:00,1596,-0.042016807,1,1,-0.042016807,11.21864952,8.531797726
2021-02-05 00:00:00,1721.16,0.078421053,1,1,0.078421053,12.17684887,9.279291337
2021-02-06 00:00:00,1679.34,-0.024297567,1,1,-0.024297567,11.85668351,9.02952957
2021-02-07 00:00:00,1611.99,-0.040105041,1,1,-0.040105041,11.34106569,8.627294872
2021-02-08 00:00:00,1755.61,0.089094846,1,1,0.089094846,12.44059103,9.485037222
2021-02-09 00:00:00,1770.79,0.008646567,1,1,0.008646567,12.556806,9.575696802
2021-02-10 00:00:00,1743.31,-0.015518497,1,1,-0.015518497,12.34642474,9.411577878
2021-02-11 00:00:00,1789.32,0.026392323,1,1,0.026392323,12.69866789,9.686363601
2021-02-12 00:00:00,1843.08,0.030044933,1,1,0.030044933,13.11024345,10.00743468
2021-02-13 00:00:00,1818.02,-0.013596805,1,1,-0.013596805,12.91838922,9.857768736
2021-02-14 00:00:00,1803.59,-0.007937206,1,1,-0.007937206,12.80791609,9.771588384
2021-02-15 00:00:00,1781.34,-0.012336507,1,1,-0.012336507,12.63757464,9.638704612
2021-02-16 00:00:00,1784.31,0.001667284,1,1,0.001667284,12.66031236,9.656442356
2021-02-17 00:00:00,1849.86,0.03673689,1,1,0.03673689,13.16214975,10.04792691
2021-02-18 00:00:00,1941.26,0.049409144,1,1,0.049409144,13.86188945,10.59379552
2021-02-19 00:00:00,1958.58,0.00892204,1,1,0.00892204,13.99448783,10.69723583
2021-02-20 00:00:00,1914.58,-0.022465255,1,1,-0.022465255,13.65763283,10.43445444
2021-02-21 00:00:00,1934.75,0.010534948,1,1,0.010534948,13.81205022,10.55491582
2021-02-22 00:00:00,1778.3,-0.080863161,1,1,-0.080863161,12.61430103,9.620548807
2021-02-23 00:00:00,1579.75,-0.111651577,1,1,-0.111651577,11.09424284,8.434747781
2021-02-24 00:00:00,1623.98,0.027998101,1,1,0.027998101,11.43285867,8.698902801
2021-02-25 00:00:00,1482.09,-0.087371766,1,1,-0.087371766,10.34657786,7.851492539
2021-02-26 00:00:00,1445.28,-0.024836548,1,1,-0.024836548,10.06476803,7.631652016
2021-02-27 00:00:00,1458.65,0.009250803,1,1,0.009250803,10.16712601,7.711501725
2021-02-28 00:00:00,1419.77,-0.026654784,1,1,-0.026654784,9.869468688,7.479298532
2021-03-01 00:00:00,1571.2,0.106658121,1,1,0.106658121,11.02878579,8.383684578
2021-03-02 00:00:00,1486.28,-0.054047862,1,1,-0.054047862,10.37865564,7.876516494
2021-03-03 00:00:00,1568.63,0.055406787,1,1,0.055406787,11.0091104,8.368335756
2021-03-04 00:00:00,1540.69,-0.017811721,1,1,-0.017811721,10.79520747,8.201469573
2021-03-05 00:00:00,1529.88,-0.007016337,0,0.5,-0.007016337,10.71244832,8.136908963
2021-03-06 00:00:00,1651.73,0.07964677,1,1,0.039823385,11.645307,8.500771605
2021-03-07 00:00:00,1727.23,0.04570965,1,1,0.04570965,12.22331955,8.935048549
2021-03-08 00:00:00,1834.3,0.061989428,1,1,0.061989428,13.04302557,9.550916527
2021-03-09 00:00:00,1873.31,0.021266968,1,1,0.021266968,13.34167815,9.775302535
2021-03-10 00:00:00,1796.8,-0.040842146,1,1,-0.040842146,12.75593324,9.335216058
2021-03-11 00:00:00,1829,0.017920748,1,1,0.017920748,13.00244985,9.520430861
2021-03-12 00:00:00,1767.44,-0.033657736,1,1,-0.033657736,12.53115909,9.166336971
2021-03-13 00:00:00,1924.94,0.089111936,1,1,0.089111936,13.73694687,10.07227894
2021-03-14 00:00:00,1850.54,-0.038650555,1,1,-0.038650555,13.16735569,9.64432921
2021-03-15 00:00:00,1794.89,-0.030072303,0,0.5,-0.030072303,12.74131067,9.324229714
2021-03-16 00:00:00,1807.25,0.006886216,1,1,0.003443108,12.8359363,9.359777152
2021-03-17 00:00:00,1825.77,0.010247614,1,1,0.010247614,12.97772164,9.465940147
2021-03-18 00:00:00,1777.54,-0.026416252,0,0.5,-0.026416252,12.60848262,9.189469237
2021-03-19 00:00:00,1811.04,0.018846271,0,0.5,0.009423135,12.86495177,9.285485984
2021-03-20 00:00:00,1807.35,-0.002037503,0,0.5,-0.001018752,12.83670188,9.275007629
2021-03-21 00:00:00,1784.67,-0.012548759,0,0.5,-0.00627438,12.66306844,9.21053833
2021-03-22 00:00:00,1681.69,-0.057702544,0,0.5,-0.028851272,11.87467463,8.915951309
2021-03-23 00:00:00,1669.33,-0.007349749,0,0.5,-0.003674875,11.780049,8.879511431
2021-03-24 00:00:00,1582.11,-0.052248507,0,0.5,-0.026124253,11.11231052,8.62141657
2021-03-25 00:00:00,1587.5,0.003406843,1,1,0.001703421,11.15357526,8.637805897
2021-03-26 00:00:00,1699.13,0.07031811,1,1,0.07031811,12.0081917,9.315518195
2021-03-27 00:00:00,1714.34,0.00895164,1,1,0.00895164,12.12463635,9.407858999
2021-03-28 00:00:00,1688.3,-0.015189519,1,1,-0.015189519,11.92527944,9.249768627
2021-03-29 00:00:00,1818.44,0.077083457,1,1,0.077083457,12.92160465,10.03985622
2021-03-30 00:00:00,1843.43,0.013742549,1,1,0.013742549,13.11292298,10.19157198
2021-03-31 00:00:00,1923.07,0.043202074,1,1,0.043202074,13.72263053,10.67507111
2021-04-01 00:00:00,1969.74,0.024268487,1,1,0.024268487,14.0799265,10.95840743
2021-04-02 00:00:00,2138.01,0.085427518,1,1,0.085427518,15.3681672,11.9799845
2021-04-03 00:00:00,2012.63,-0.058643318,1,1,-0.058643318,14.40828357,11.21879514
2021-04-04 00:00:00,2077.73,0.032345737,1,1,0.032345737,14.90667585,11.61402107
2021-04-05 00:00:00,2110.35,0.015699826,1,1,0.015699826,15.1564079,11.81205901
2021-04-06 00:00:00,2114.47,0.001952283,1,1,0.001952283,15.18794978,11.83707177
2021-04-07 00:00:00,1965.4,-0.070499936,1,1,-0.070499936,14.04670035,10.93205903
2021-04-08 00:00:00,2082.08,0.05936705,1,1,0.05936705,14.93997856,11.64043017
2021-04-09 00:00:00,2068.02,-0.006752863,1,1,-0.006752863,14.83233808,11.55507109
2021-04-10 00:00:00,2135.96,0.03285268,1,1,0.03285268,15.35247282,11.96753882
2021-04-11 00:00:00,2155.05,0.008937433,1,1,0.008937433,15.49862196,12.08343534
2021-04-12 00:00:00,2139.25,-0.007331616,1,1,-0.007331616,15.37766039,11.98751261
2021-04-13 00:00:00,2303.15,0.076615636,1,1,0.076615636,16.63244526,12.98255915
2021-04-14 00:00:00,2437.08,0.058150793,1,1,0.058150793,17.65778594,13.79565606
2021-04-15 00:00:00,2519.85,0.033962775,1,1,0.033962775,18.29145613,14.2981576
2021-04-16 00:00:00,2427.29,-0.036732345,1,1,-0.036732345,17.58283571,13.73622039
2021-04-17 00:00:00,2319.8,-0.044283955,1,1,-0.044283955,16.75991426,13.08364228
2021-04-18 00:00:00,2235.32,-0.036416932,1,1,-0.036416932,16.11315266,12.57075923
2021-04-19 00:00:00,2162.75,-0.03246515,1,1,-0.03246515,15.55757158,12.13018249
2021-04-20 00:00:00,2329.96,0.077313605,1,1,0.077313605,16.83769714,13.14532424
2021-04-21 00:00:00,2358.9,0.012420814,1,1,0.012420814,17.05925586,13.32102068
2021-04-22 00:00:00,2398.94,0.016974013,1,1,0.016974013,17.36579391,13.56410588
2021-04-23 00:00:00,2368.67,-0.012618073,1,1,-0.012618073,17.13405298,13.38033493
2021-04-24 00:00:00,2215.54,-0.064648094,1,1,-0.064648094,15.96172102,12.45067369
2021-04-25 00:00:00,2320.71,0.04746924,1,1,0.04746924,16.76688103,13.08916694
2021-04-26 00:00:00,2534.25,0.092014944,1,1,0.092014944,18.40169959,14.38558085
2021-04-27 00:00:00,2668.39,0.052930847,1,1,0.052930847,19.42864799,15.19995268
2021-04-28 00:00:00,2748.33,0.02995814,1,1,0.02995814,20.04065227,15.68527312
2021-04-29 00:00:00,2759.14,0.003933298,1,1,0.003933298,20.12341142,15.75090127
2021-04-30 00:00:00,2773.15,0.005077669,1,1,0.005077669,20.23066912,15.8359568
2021-05-01 00:00:00,2947.01,0.062694048,1,1,0.062694048,21.56170571,16.89147109
2021-05-02 00:00:00,2950.98,0.001347128,1,1,0.001347128,21.59209922,16.91557319
2021-05-03 00:00:00,3433.36,0.163464341,1,1,0.163464341,25.28510182,19.84413055
2021-05-04 00:00:00,3243.67,-0.055249085,1,1,-0.055249085,23.83287399,18.6925114
2021-05-05 00:00:00,3528.49,0.087807946,1,1,0.087807946,26.01339764,20.42167038
2021-05-06 00:00:00,3493.16,-0.010012782,1,1,-0.010012782,25.74291839,20.20717987
2021-05-07 00:00:00,3480.98,-0.003486814,1,1,-0.003486814,25.6496708,20.13323438
2021-05-08 00:00:00,3914.47,0.124531023,1,1,0.124531023,28.96838156,22.76497767
2021-05-09 00:00:00,3928.01,0.003458961,1,1,0.003458961,29.07204104,22.84717981
2021-05-10 00:00:00,3950.33,0.005682267,1,1,0.005682267,29.24291839,22.98268584
2021-05-11 00:00:00,4175.91,0.05710409,1,1,0.05710409,30.96991272,24.35219529
2021-05-12 00:00:00,3828.99,-0.083076503,1,1,-0.083076503,28.31396417,22.24602356
2021-05-13 00:00:00,3719.45,-0.028608066,1,1,-0.028608066,27.47534834,21.58099978
2021-05-14 00:00:00,4079.99,0.096933686,1,1,0.096933686,30.23556883,23.76985933
2021-05-15 00:00:00,3648.98,-0.105639965,1,1,-0.105639965,26.93584443,21.15317226
2021-05-16 00:00:00,3581.39,-0.018522985,1,1,-0.018522985,26.41838922,20.74282939
2021-05-17 00:00:00,3283.58,-0.083154864,1,1,-0.083154864,24.13841678,18.93480736
2021-05-18 00:00:00,3376.35,0.0282527,1,1,0.0282527,24.84864492,19.49801949
2021-05-19 00:00:00,2442.98,-0.276443497,1,1,-0.276443497,17.70295514,13.83147531
2021-05-20 00:00:00,2768.42,0.133214353,1,1,0.133214353,20.1944572,15.80724069
2021-05-21 00:00:00,2431.01,-0.121878183,1,1,-0.121878183,17.61131527,13.75880473
2021-05-22 00:00:00,2295.15,-0.055886237,0,0.5,-0.055886237,16.5711989,12.93399068
2021-05-23 00:00:00,2096.63,-0.086495436,0,0.5,-0.043247718,15.05137039,12.33137738
2021-05-24 00:00:00,2649.27,0.263584896,1,1,0.131792448,19.28226918,14.08835224
2021-05-25 00:00:00,2706.83,0.02172674,1,1,0.02172674,19.72293676,14.41617294
2021-05-26 00:00:00,2884.27,0.065552694,1,1,0.065552694,21.08138111,15.42674462
2021-05-27 00:00:00,2742.77,-0.049059207,1,1,-0.049059207,19.99808605,14.62086155
2021-05-28 00:00:00,2411.66,-0.120721023,0,0.5,-0.120721023,17.46317562,12.73509516
2021-05-29 00:00:00,2277.99,-0.055426553,0,0.5,-0.027713276,16.43982545,12.35445067
2021-05-30 00:00:00,2386.11,0.047462895,0,0.5,0.023731447,17.26757005,12.67137112
2021-05-31 00:00:00,2706.33,0.134201692,0,0.5,0.067100846,19.71910887,13.58873169
2021-06-01 00:00:00,2634.63,-0.026493443,0,0.5,-0.013246722,19.17018833,13.39547882
2021-06-02 00:00:00,2707.22,0.027552256,0,0.5,0.013776128,19.72592252,13.59379278
2021-06-03 00:00:00,2858.34,0.055821101,0,0.5,0.02791055,20.88286633,14.00111357
2021-06-04 00:00:00,2689.21,-0.059170707,0,0.5,-0.029585354,19.58804165,13.55730032
2021-06-05 00:00:00,2627.45,-0.022965852,0,0.5,-0.011482926,19.11521972,13.39013991
2021-06-06 00:00:00,2711.4,0.031951131,0,0.5,0.015975566,19.75792375,13.62003054
2021-06-07 00:00:00,2592.96,-0.043682231,0,0.5,-0.021841115,18.85117134,13.30071276
2021-06-08 00:00:00,2506.19,-0.033463686,0,0.5,-0.016731843,18.18687797,13.06143548
2021-06-09 00:00:00,2610.2,0.041501243,0,0.5,0.020750621,18.98315725,13.35321901
2021-06-10 00:00:00,2471.11,-0.053287104,0,0.5,-0.026643552,17.91831266,12.97079827
2021-06-11 00:00:00,2354.25,-0.047290489,0,0.5,-0.023645244,17.02365641,12.64045533
2021-06-12 00:00:00,2370.59,0.006940639,0,0.5,0.00347032,17.14875211,12.68779207
2021-06-13 00:00:00,2508.71,0.058263976,0,0.5,0.029131988,18.20617057,13.08654466
2021-06-14 00:00:00,2579.82,0.028345245,0,0.5,0.014172623,18.75057418,13.28618794
2021-06-15 00:00:00,2544.17,-0.013818794,0,0.5,-0.006909397,18.47764508,13.187479
2021-06-16 00:00:00,2366.84,-0.069700531,0,0.5,-0.034850266,17.12004287,12.69304159
2021-06-17 00:00:00,2372.51,0.002395599,0,0.5,0.0011978,17.16345123,12.70944311
2021-06-18 00:00:00,2231.68,-0.059359075,0,0.5,-0.029679538,16.08528556,12.30255318
2021-06-19 00:00:00,2163.36,-0.030613708,0,0.5,-0.015306854,15.56224162,12.09893294
2021-06-20 00:00:00,2242.7,0.036674432,0,0.5,0.018337216,16.16965243,12.3391309
2021-06-21 00:00:00,1884.77,-0.159597806,-1,0,-0.079798903,13.42941357,11.27468289
2021-06-22 00:00:00,1878.46,-0.003347889,0,0.5,0,13.3811055,11.27468289
2021-06-23 00:00:00,1966.51,0.046873503,0,0.5,0.023436751,14.05519829,11.56236158
2021-06-24 00:00:00,1989.5,0.011690762,0,0.5,0.005845381,14.23120502,11.63579337
2021-06-25 00:00:00,1808,-0.091228952,0,0.5,-0.045614476,12.84167815,11.05941828
2021-06-26 00:00:00,1828.88,0.011548673,0,0.5,0.005774336,13.00153116,11.12905341
2021-06-27 00:00:00,1980.83,0.083083636,0,0.5,0.041541818,14.16482928,11.63291634
2021-06-28 00:00:00,2083.56,0.051862098,0,0.5,0.025931049,14.95130914,11.96050112
2021-06-29 00:00:00,2165.15,0.03915894,0,0.5,0.01957947,15.57594549,12.21426085
2021-06-30 00:00:00,2275,0.050735515,0,0.5,0.025367757,16.41693462,12.54947702
2021-07-01 00:00:00,2105.24,-0.07461978,0,0.5,-0.03730989,15.11728679,12.04394752
2021-07-02 00:00:00,2152.64,0.022515248,0,0.5,0.011257624,15.48017149,12.19079137
2021-07-03 00:00:00,2226.63,0.034371748,0,0.5,0.017185874,16.04662379,12.41748665
2021-07-04 00:00:00,2321.95,0.042809088,0,0.5,0.021404544,16.77637422,12.70468184
2021-07-05 00:00:00,2195.38,-0.054510218,0,0.5,-0.027255109,15.80738019,12.33115924
2021-07-06 00:00:00,2322.04,0.057693884,0,0.5,0.028846942,16.77706324,12.71572242
2021-07-07 00:00:00,2314.65,-0.003182546,0,0.5,-0.001591273,16.72048691,12.69389696
2021-07-08 00:00:00,2114.88,-0.086306785,0,0.5,-0.043153393,15.19108865,12.10295885
2021-07-09 00:00:00,2147.53,0.015438228,0,0.5,0.007719114,15.44105038,12.20410209
2021-07-10 00:00:00,2111.14,-0.016945048,0,0.5,-0.008472524,15.16245598,12.09223001
2021-07-11 00:00:00,2140.27,0.013798232,0,0.5,0.006899116,15.3854693,12.18255483
2021-07-12 00:00:00,2030.85,-0.051124391,0,0.5,-0.025562195,14.54777216,11.84557978
2021-07-13 00:00:00,1940.32,-0.044577394,0,0.5,-0.022288697,13.854693,11.55926855
2021-07-14 00:00:00,1993.82,0.027572772,0,0.5,0.013786386,14.26427806,11.73241547
2021-07-15 00:00:00,1919.35,-0.037350413,0,0.5,-0.018675206,13.69415097,11.49463498
2021-07-16 00:00:00,1876.1,-0.02253367,0,0.5,-0.011266835,13.36303782,11.35385999
2021-07-17 00:00:00,1898.55,0.011966313,0,0.5,0.005983157,13.53491043,11.42777507
2021-07-18 00:00:00,1890.66,-0.004155803,0,0.5,-0.002077902,13.4745062,11.40195138
2021-07-19 00:00:00,1818.4,-0.038219458,0,0.5,-0.019109729,12.92129842,11.16495345
2021-07-20 00:00:00,1785.04,-0.018345799,0,0.5,-0.009172899,12.66590109,11.05336556
2021-07-21 00:00:00,1995.49,0.117896518,1,1,0.058948259,14.27706324,11.76389047
2021-07-22 00:00:00,2023.55,0.014061709,1,1,0.014061709,14.49188486,11.94337258
2021-07-23 00:00:00,2124.33,0.049803563,1,1,0.049803563,15.26343592,12.58799866
2021-07-24 00:00:00,2183.53,0.02786761,1,1,0.02786761,15.71665901,12.9666637
2021-07-25 00:00:00,2188.11,0.002097521,1,1,0.002097521,15.75172255,12.99595907
2021-07-26 00:00:00,2227.41,0.017960706,1,1,0.017960706,16.05259531,13.24733638
2021-07-27 00:00:00,2298.04,0.031709474,1,1,0.031709474,16.59332415,13.69911192
2021-07-28 00:00:00,2300.08,0.000887713,1,1,0.000887713,16.60894197,13.71216052
2021-07-29 00:00:00,2382.45,0.035811798,1,1,0.035811798,17.23954984,14.23902944
2021-07-30 00:00:00,2461.72,0.033272472,1,1,0.033272472,17.84642474,14.74606961
2021-07-31 00:00:00,2530.49,0.027935752,1,1,0.027935752,18.3729138,15.18594791
2021-08-01 00:00:00,2554.71,0.009571269,1,1,0.009571269,18.55833716,15.34086797
2021-08-02 00:00:00,2607.09,0.020503306,1,1,0.020503306,18.95934773,15.67590978
2021-08-03 00:00:00,2506.87,-0.038441327,1,1,-0.038441327,18.19208391,15.03486567
2021-08-04 00:00:00,2725,0.087012889,1,1,0.087012889,19.86204257,16.43010565
2021-08-05 00:00:00,2826.8,0.037357798,1,1,0.037357798,20.64140254,17.08125602
2021-08-06 00:00:00,2892.3,0.023171077,1,1,0.023171077,21.14285714,17.50021819
2021-08-07 00:00:00,3163.26,0.093683228,1,1,0.093683228,23.21727147,19.23337835
2021-08-08 00:00:00,3014.06,-0.047166531,1,1,-0.047166531,22.0750268,18.27904009
2021-08-09 00:00:00,3163.43,0.049557739,1,1,0.049557739,23.21857296,19.23446573
2021-08-10 00:00:00,3143.98,-0.00614839,1,1,-0.00614839,23.06966774,19.11005636
2021-08-11 00:00:00,3161.52,0.005578916,1,1,0.005578916,23.20395039,19.22224867
2021-08-12 00:00:00,3046.74,-0.036305321,1,1,-0.036305321,22.32521819,18.48807343
2021-08-13 00:00:00,3324.12,0.091041572,1,1,0.091041572,24.44878273,20.26229828
2021-08-14 00:00:00,3266.31,-0.017391069,1,1,-0.017391069,24.00620119,19.89252418
2021-08-15 00:00:00,3312.31,0.01408317,1,1,0.01408317,24.35836778,20.18675716
2021-08-16 00:00:00,3146.83,-0.049959092,1,1,-0.049959092,23.09148676,19.12828601
2021-08-17 00:00:00,3014.64,-0.042007353,1,1,-0.042007353,22.07946716,18.28274998
2021-08-18 00:00:00,3014.25,-0.000129369,1,1,-0.000129369,22.0764814,18.2802554
2021-08-19 00:00:00,3186.8,0.057244754,1,1,0.057244754,23.3974889,19.38394888
2021-08-20 00:00:00,3286.62,0.031322957,1,1,0.031322957,24.1616904,20.02243444
2021-08-21 00:00:00,3226.4,-0.018322775,1,1,-0.018322775,23.7006584,19.63724509
2021-08-22 00:00:00,3241.29,0.004615051,1,1,0.004615051,23.81465319,19.73248703
2021-08-23 00:00:00,3323.01,0.025212184,1,1,0.025212184,24.4402848,20.25519831
2021-08-24 00:00:00,3173.98,-0.044847894,1,1,-0.044847894,23.2993416,19.30194743
2021-08-25 00:00:00,3227.9,0.016988135,1,1,0.016988135,23.71214209,19.64683965
2021-08-26 00:00:00,3093.77,-0.041553332,1,1,-0.041553332,22.68527025,18.78889467
2021-08-27 00:00:00,3273.91,0.058226694,1,1,0.058226694,24.06438524,19.94113659
2021-08-28 00:00:00,3247.29,-0.00813095,1,1,-0.00813095,23.86058797,19.77086524
2021-08-29 00:00:00,3225.47,-0.006719449,1,1,-0.006719449,23.69353851,19.63129647
2021-08-30 00:00:00,3230.43,0.00153776,1,1,0.00153776,23.73151125,19.66302246
2021-08-31 00:00:00,3430.49,0.061929836,0,0.5,0.061929836,25.26312969,20.94268005
2021-09-01 00:00:00,3831.44,0.116878347,1,1,0.058439173,28.33272087,22.22499214
2021-09-02 00:00:00,3788.95,-0.011089825,1,1,-0.011089825,28.00742612,21.96743103
2021-09-03 00:00:00,3942.79,0.040602278,1,1,0.040602278,29.18519369,22.89996104
2021-09-04 00:00:00,3889.71,-0.013462548,1,1,-0.013462548,28.77882407,22.57820667
2021-09-05 00:00:00,3952.56,0.016158017,1,1,0.016158017,29.25999081,22.95918373
2021-09-06 00:00:00,3929,-0.005960694,1,1,-0.005960694,29.07962027,22.81637037
2021-09-07 00:00:00,3435,-0.125731738,0,0.5,-0.125731738,25.29765733,19.82189672
2021-09-08 00:00:00,3497.99,0.0183377,0,0.5,0.00916885,25.77989588,20.01280957
2021-09-09 00:00:00,3426.42,-0.020460321,0,0.5,-0.010230161,25.2319706,19.79784515
2021-09-10 00:00:00,3209.84,-0.06320883,0,0.5,-0.031604415,23.57387843,19.14054142
2021-09-11 00:00:00,3267.23,0.017879396,0,0.5,0.008939698,24.01324453,19.32059178
2021-09-12 00:00:00,3405.21,0.042231493,0,0.5,0.021115746,25.06959118,19.74967624
2021-09-13 00:00:00,3284.41,-0.035475051,0,0.5,-0.017737526,24.14477109,19.38162832
2021-09-14 00:00:00,3435.42,0.045977816,1,1,0.022988908,25.30087276,19.85017971
2021-09-15 00:00:00,3614.72,0.052191581,1,1,0.052191581,26.67355688,20.93838354
2021-09-16 00:00:00,3570.46,-0.012244379,1,1,-0.012244379,26.33471138,20.66976167
2021-09-17 00:00:00,3400.99,-0.047464472,1,1,-0.047464472,25.03728372,19.64121787
2021-09-18 00:00:00,3435.35,0.010102941,1,1,0.010102941,25.30033685,19.84975486
2021-09-19 00:00:00,3328.72,-0.03103905,1,1,-0.03103905,24.48399939,19.20259828
2021-09-20 00:00:00,2978.34,-0.105259679,0,0.5,-0.105259679,21.80156178,17.07607927
2021-09-21 00:00:00,2765.48,-0.071469342,0,0.5,-0.035734671,20.17194917,16.43013652
2021-09-22 00:00:00,3076.62,0.112508498,0,0.5,0.056254249,22.55397336,17.41065576
2021-09-23 00:00:00,3150.7,0.024078372,0,0.5,0.012039186,23.12111468,17.63230506
2021-09-24 00:00:00,2926.37,-0.071200051,0,0.5,-0.035600025,21.40369009,16.96899453
2021-09-25 00:00:00,2921.08,-0.0018077,0,0.5,-0.00090385,21.36319094,16.95275325
2021-09-26 00:00:00,3057.63,0.046746409,0,0.5,0.023373204,22.4085898,17.37236662
2021-09-27 00:00:00,2923.6,-0.043834604,0,0.5,-0.021917302,21.38248354,16.96969392
2021-09-28 00:00:00,2803.5,-0.041079491,0,0.5,-0.020539746,20.46302251,16.60060098
2021-09-29 00:00:00,2848.38,0.016008561,0,0.5,0.00800428,20.80661461,16.74148112
2021-09-30 00:00:00,2999.45,0.053037165,0,0.5,0.026518582,21.96317562,17.21196005
2021-10-01 00:00:00,3308.58,0.103062228,0,0.5,0.051531114,24.32981167,18.15044264
2021-10-02 00:00:00,3387.25,0.023777572,0,0.5,0.011888786,24.93209309,18.37811816
2021-10-03 00:00:00,3418.25,0.009151967,0,0.5,0.004575983,25.16942275,18.46679211
2021-10-04 00:00:00,3386.12,-0.009399547,0,0.5,-0.004699773,24.92344205,18.3753026
2021-10-05 00:00:00,3517.64,0.038840915,0,0.5,0.019420458,25.93033226,18.75157984
2021-10-06 00:00:00,3576.85,0.016832308,0,0.5,0.008416154,26.38363191,18.91781218
2021-10-07 00:00:00,3589.85,0.003634483,1,1,0.001817241,26.48315725,18.95400765
2021-10-08 00:00:00,3563.81,-0.007253785,1,1,-0.007253785,26.28380034,18.80926557
2021-10-09 00:00:00,3577.8,0.003925574,1,1,0.003925574,26.39090492,18.88702831
2021-10-10 00:00:00,3415.01,-0.045500028,1,1,-0.045500028,25.14461798,17.98216797
2021-10-11 00:00:00,3543.1,0.037507943,1,1,0.037507943,26.12524881,18.69415004
2021-10-12 00:00:00,3492.91,-0.014165561,1,1,-0.014165561,25.74100444,18.41517135
2021-10-13 00:00:00,3610.05,0.033536507,1,1,0.033536507,26.63780432,19.06628838
2021-10-14 00:00:00,3794.19,0.051007604,1,1,0.051007604,28.04754249,20.08982166
2021-10-15 00:00:00,3872.71,0.020694799,1,1,0.020694799,28.64867555,20.52627129
2021-10-16 00:00:00,3833.3,-0.010176336,1,1,-0.010176336,28.34696065,20.30721271
2021-10-17 00:00:00,3851.01,0.00462004,1,1,0.00462004,28.48254479,20.40565288
2021-10-18 00:00:00,3748.31,-0.026668329,1,1,-0.026668329,27.6962946,19.8347999
2021-10-19 00:00:00,3881.48,0.035528011,1,1,0.035528011,28.71581687,20.57501891
2021-10-20 00:00:00,4164.14,0.072822738,1,1,0.072822738,30.87980401,22.14617085
2021-10-21 00:00:00,4057.26,-0.025666764,1,1,-0.025666764,30.0615526,21.55208354
2021-10-22 00:00:00,3975.56,-0.020136743,1,1,-0.020136743,29.43607411,21.09795804
2021-10-23 00:00:00,4170.5,0.049034601,1,1,0.049034601,30.92849487,22.1815226
2021-10-24 00:00:00,4084.61,-0.020594653,1,1,-0.020594653,30.2709386,21.70410719
2021-10-25 00:00:00,4224.14,0.034159932,1,1,0.034159932,31.33915174,22.47967795
2021-10-26 00:00:00,4133.39,-0.021483663,1,1,-0.021483663,30.6443883,21.97524846
2021-10-27 00:00:00,3923.57,-0.050762207,1,1,-0.050762207,29.0380493,20.80897414
2021-10-28 00:00:00,4288.96,0.093126923,1,1,0.093126923,31.8354004,22.83997678
2021-10-29 00:00:00,4421.53,0.030909591,1,1,0.030909591,32.8503292,23.57686072
2021-10-30 00:00:00,4324.82,-0.021872519,1,1,-0.021872519,32.10993722,23.03930286
2021-10-31 00:00:00,4288.86,-0.008314797,1,1,-0.008314797,31.83463482,22.83942094
2021-11-01 00:00:00,4322.72,0.007894872,1,1,0.007894872,32.09386005,23.02763011
2021-11-02 00:00:00,4593.88,0.062729022,1,1,0.062729022,34.16980554,24.53485986
2021-11-03 00:00:00,4606.59,0.002766724,1,1,0.002766724,34.2671107,24.60550778
2021-11-04 00:00:00,4535.37,-0.01546046,1,1,-0.01546046,33.72186495,24.20963485
2021-11-05 00:00:00,4477.29,-0.012806011,1,1,-0.012806011,33.27721635,23.88679998
2021-11-06 00:00:00,4521.4,0.009851942,1,1,0.009851942,33.61491349,24.13198329
2021-11-07 00:00:00,4616.5,0.021033308,1,1,0.021033308,34.34297964,24.66059204
2021-11-08 00:00:00,4814.3,0.042846312,1,1,0.042846312,35.85729597,25.76005377
2021-11-09 00:00:00,4734.98,-0.016475916,1,1,-0.016475916,35.25003828,25.31915739
2021-11-10 00:00:00,4632.21,-0.021704421,1,1,-0.021704421,34.46325218,24.74791531
2021-11-11 00:00:00,4721.19,0.019208974,1,1,0.019208974,35.14446486,25.24250634
2021-11-12 00:00:00,4665.99,-0.011691967,1,1,-0.011691967,34.72186495,24.93567981
2021-11-13 00:00:00,4644.42,-0.004622813,1,1,-0.004622813,34.55672944,24.81578401
2021-11-14 00:00:00,4629.44,-0.003225376,1,1,-0.003225376,34.44204563,24.7325184
2021-11-15 00:00:00,4567.01,-0.013485432,1,1,-0.013485432,33.96409432,24.38550427
2021-11-16 00:00:00,4209.42,-0.078298493,1,1,-0.078298493,31.22645843,22.39785754
2021-11-17 00:00:00,4287.99,0.018665279,1,1,0.018665279,31.82797428,22.83458509
2021-11-18 00:00:00,3997.72,-0.067693721,1,1,-0.067693721,29.60572653,21.22113333
2021-11-19 00:00:00,4293.44,0.073972164,1,1,0.073972164,31.86969836,22.86487865
2021-11-20 00:00:00,4412.55,0.027742323,1,1,0.027742323,32.78158016,23.52694582
2021-11-21 00:00:00,4259.23,-0.034746348,1,1,-0.034746348,31.6077936,22.67472402
2021-11-22 00:00:00,4086.57,-0.040537844,0,0.5,-0.040537844,30.28594396,21.71500175
2021-11-23 00:00:00,4341.36,0.062348131,1,1,0.031174065,32.23656408,22.4231207
2021-11-24 00:00:00,4271.29,-0.016140104,1,1,-0.016140104,31.70012249,22.04506911
2021-11-25 00:00:00,4527.86,0.060068504,1,1,0.060068504,33.66436993,23.42935193
2021-11-26 00:00:00,4040.66,-0.1076005,1,1,-0.1076005,29.93446639,20.80074145
2021-11-27 00:00:00,4095.33,0.013529968,0,0.5,0.013529968,30.35300873,21.09570478
2021-11-28 00:00:00,4296.6,0.049146223,0,0.5,0.024573111,31.89389068,21.63866499
2021-11-29 00:00:00,4445.1,0.034562212,1,1,0.017281106,33.0307763,22.02988616
2021-11-30 00:00:00,4631.51,0.041936064,1,1,0.041936064,34.45789313,22.99566895
2021-12-01 00:00:00,4586.66,-0.009683667,1,1,-0.009683667,34.1145307,22.76330289
2021-12-02 00:00:00,4514.32,-0.015771825,0,0.5,-0.015771825,33.56071046,22.38851223
2021-12-03 00:00:00,4213.66,-0.066601393,0,0.5,-0.033300696,31.258919,21.60965848
2021-12-04 00:00:00,4115.79,-0.023226838,0,0.5,-0.011613419,30.5096463,21.34708304
2021-12-05 00:00:00,4197.53,0.0198601,0,0.5,0.00993005,31.13543102,21.56899069
2021-12-06 00:00:00,4345.2,0.035180213,0,0.5,0.017590107,32.26596233,21.96598164
2021-12-07 00:00:00,4305.82,-0.009062874,0,0.5,-0.004531437,31.96447711,21.86191274
2021-12-08 00:00:00,4435.33,0.030077895,0,0.5,0.015038947,32.95597918,22.20573184
2021-12-09 00:00:00,4103.8,-0.074747539,0,0.5,-0.037373769,30.41785331,21.33844617
2021-12-10 00:00:00,3895.95,-0.05064818,0,0.5,-0.02532409,28.82659623,20.77274536
2021-12-11 00:00:00,4089.81,0.049759365,0,0.5,0.024879683,30.31074874,21.31444435
2021-12-12 00:00:00,4129,0.009582352,0,0.5,0.004791176,30.61077936,21.42135679
2021-12-13 00:00:00,3780.63,-0.084371519,0,0.5,-0.042185759,27.9437299,20.47549483
2021-12-14 00:00:00,3856.66,0.020110405,0,0.5,0.010055202,28.52580003,20.69143527
2021-12-15 00:00:00,4019.01,0.042096011,0,0.5,0.021048005,29.76871842,21.14799672
2021-12-16 00:00:00,3958.67,-0.015013648,0,0.5,-0.007506824,29.30676772,20.98173561
2021-12-17 00:00:00,3873.93,-0.021406179,0,0.5,-0.01070309,28.65801562,20.74646312
2021-12-18 00:00:00,3957.64,0.021608547,0,0.5,0.010804274,29.29888225,20.98141786
2021-12-19 00:00:00,3922.51,-0.008876502,0,0.5,-0.004438251,29.02993416,20.88385881
2021-12-20 00:00:00,3943.48,0.005346067,0,0.5,0.002673033,29.19047619,20.94235509
2021-12-21 00:00:00,4014.38,0.017979044,0,0.5,0.008989522,29.73327209,21.13960638
2021-12-22 00:00:00,3978.62,-0.008907976,0,0.5,-0.004453988,29.45950084,21.04099684
2021-12-23 00:00:00,4111.3,0.033348246,0,0.5,0.016674123,30.47527178,21.40851113
2021-12-24 00:00:00,4045,-0.016126286,0,0.5,-0.008063143,29.96769254,21.2278281
2021-12-25 00:00:00,4093.87,0.012081582,0,0.5,0.006040791,30.34183127,21.36210177
2021-12-26 00:00:00,4062.24,-0.007726186,1,1,-0.003863093,30.09967846,21.27571489
2021-12-27 00:00:00,4037.36,-0.0061247,0,0.5,-0.0061247,29.90920227,21.13928283
2021-12-28 00:00:00,3791.99,-0.060774863,0,0.5,-0.030387431,28.03069974,20.46652689
2021-12-29 00:00:00,3628.55,-0.043101379,0,0.5,-0.02155069,26.77943653,20.00390843
2021-12-30 00:00:00,3708.37,0.021997768,-1,0,0.010998884,27.39052213,20.23492798
2021-12-31 00:00:00,3676.02,-0.008723509,-1,0,0,27.14285714,20.23492798
2022-01-01 00:00:00,3763.06,0.023677782,-1,0,0,27.80921758,20.23492798
2022-01-02 00:00:00,3826.21,0.016781555,-1,0,0,28.29268106,20.23492798
2022-01-03 00:00:00,3764.07,-0.016240614,-1,0,0,27.81694993,20.23492798
2022-01-04 00:00:00,3785.6,0.005719872,-1,0,0,27.98177921,20.23492798
2022-01-05 00:00:00,3537.71,-0.065482354,0,0.5,0,26.08398408,20.23492798
2022-01-06 00:00:00,3404.6,-0.037626035,-1,0,-0.018813017,25.06492115,19.83543491
2022-01-07 00:00:00,3196.58,-0.061099689,-1,0,0,23.47236258,19.83543491
2022-01-08 00:00:00,3080.03,-0.036460843,-1,0,0,22.58007962,19.83543491
2022-01-09 00:00:00,3150,0.022717311,-1,0,0,23.11575563,19.83543491
2022-01-10 00:00:00,3081.31,-0.021806349,-1,0,0,22.58987904,19.83543491
2022-01-11 00:00:00,3236.86,0.050481776,-1,0,0,23.78073802,19.83543491
2022-01-12 00:00:00,3369.93,0.04111083,-1,0,0,24.79949472,19.83543491
2022-01-13 00:00:00,3240.36,-0.03844887,-1,0,0,23.8075333,19.83543491
2022-01-14 00:00:00,3305.6,0.020133565,-1,0,0,24.3069974,19.83543491
2022-01-15 00:00:00,3324.05,0.005581438,-1,0,0,24.44824682,19.83543491
2022-01-16 00:00:00,3345.49,0.006449963,-1,0,0,24.61238708,19.83543491
2022-01-17 00:00:00,3208.61,-0.040914784,-1,0,0,23.5644618,19.83543491
2022-01-18 00:00:00,3159.32,-0.015361792,0,0.5,0,23.18710764,19.83543491
2022-01-19 00:00:00,3082.81,-0.024217237,0,0.5,-0.012108618,22.60136273,19.58314658
2022-01-20 00:00:00,2999.92,-0.026887807,-1,0,-0.013443903,21.96677385,19.30642875
2022-01-21 00:00:00,2566.91,-0.144340516,-1,0,0,18.65173787,19.30642875
2022-01-22 00:00:00,2410.96,-0.06075398,-1,0,0,17.45781657,19.30642875
2022-01-23 00:00:00,2538.41,0.05286276,-1,0,0,18.4335477,19.30642875
2022-01-24 00:00:00,2438.13,-0.039505044,-1,0,0,17.66582453,19.30642875
2022-01-25 00:00:00,2457.37,0.007891294,-1,0,0,17.81312203,19.30642875
2022-01-26 00:00:00,2461.61,0.001725422,-1,0,0,17.84558261,19.30642875
2022-01-27 00:00:00,2422.61,-0.01584329,-1,0,0,17.54700658,19.30642875
2022-01-28 00:00:00,2543.34,0.049834682,-1,0,0,18.47129077,19.30642875
2022-01-29 00:00:00,2599.94,0.022254201,-1,0,0,18.90460879,19.30642875
2022-01-30 00:00:00,2600.45,0.000196158,-1,0,0,18.90851324,19.30642875
2022-01-31 00:00:00,2685.34,0.03264435,-1,0,0,19.55841372,19.30642875
2022-02-01 00:00:00,2786.38,0.03762652,-1,0,0,20.33195529,19.30642875
2022-02-02 00:00:00,2678,-0.038896346,-1,0,0,19.50222018,19.30642875
2022-02-03 00:00:00,2694.37,0.006112771,-1,0,0,19.62754555,19.30642875
2022-02-04 00:00:00,2993.65,0.111076059,-1,0,0,21.91877201,19.30642875
2022-02-05 00:00:00,3011.59,0.005992685,-1,0,0,22.05611698,19.30642875
2022-02-06 00:00:00,3054.26,0.014168595,-1,0,0,22.38278977,19.30642875
2022-02-07 00:00:00,3138.55,0.02759752,0,0.5,0,23.02809677,19.30642875
2022-02-08 00:00:00,3115.23,-0.007430183,-1,0,-0.003715091,22.84956362,19.23098851
2022-02-09 00:00:00,3241.82,0.040635844,0,0.5,0,23.81871076,19.23098851
2022-02-10 00:00:00,3070.9,-0.05272347,-1,0,-0.026361735,22.51018221,18.69766455
2022-02-11 00:00:00,2926.04,-0.047171839,-1,0,0,21.40116368,18.69766455
2022-02-12 00:00:00,2916.93,-0.003113423,-1,0,0,21.33141938,18.69766455
2022-02-13 00:00:00,2870.32,-0.015979129,-1,0,0,20.97458276,18.69766455
2022-02-14 00:00:00,2928.87,0.020398422,-1,0,0,21.42282958,18.69766455
2022-02-15 00:00:00,3183.73,0.087016494,-1,0,0,23.37398561,18.69766455
2022-02-16 00:00:00,3121.8,-0.019452026,-1,0,0,22.8998622,18.69766455
2022-02-17 00:00:00,2890.8,-0.073995772,-1,0,0,21.13137345,18.69766455
2022-02-18 00:00:00,2778.46,-0.038861215,-1,0,0,20.27132139,18.69766455
2022-02-19 00:00:00,2761.89,-0.005963735,-1,0,0,20.14446486,18.69766455
2022-02-20 00:00:00,2620.72,-0.051113549,0,0.5,0,19.06369622,18.69766455
2022-02-21 00:00:00,2566.88,-0.020543973,0,0.5,-0.010271986,18.65150819,18.49533041
2022-02-22 00:00:00,2635.57,0.026760113,0,0.5,0.013380057,19.17738478,18.75617903
2022-02-23 00:00:00,2578.02,-0.021835884,0,0.5,-0.010917942,18.73679375,18.54048222
2022-02-24 00:00:00,2595.47,0.006768761,0,0.5,0.00338438,18.87038738,18.60661464
2022-02-25 00:00:00,2766.36,0.065841639,0,0.5,0.03292082,20.17868627,19.25208047
2022-02-26 00:00:00,2778.15,0.004261918,0,0.5,0.002130959,20.26894809,19.29523682
2022-02-27 00:00:00,2615.99,-0.058369778,0,0.5,-0.029184889,19.02748431,18.70292258
2022-02-28 00:00:00,2920.1,0.116250444,0,0.5,0.058125222,21.35568826,19.84815934
2022-03-01 00:00:00,2975.61,0.019009623,0,0.5,0.009504811,21.78066146,20.04631716
2022-03-02 00:00:00,2947.47,-0.009456884,0,0.5,-0.004728442,21.56522738,19.94680087
2022-03-03 00:00:00,2832.97,-0.038846875,0,0.5,-0.019423438,20.6886388,19.53994198
2022-03-04 00:00:00,2620.25,-0.075087276,-1,0,-0.037543638,19.06009799,18.76879784
2022-03-05 00:00:00,2663.55,0.016525141,-1,0,0,19.39159394,18.76879784
2022-03-06 00:00:00,2549.37,-0.042867602,-1,0,0,18.51745521,18.76879784
2022-03-07 00:00:00,2489.9,-0.023327332,-1,0,0,18.06216506,18.76879784
2022-03-08 00:00:00,2575.49,0.034374874,-1,0,0,18.71742459,18.76879784
2022-03-09 00:00:00,2726.37,0.058583027,-1,0,0,19.87253101,18.76879784
2022-03-10 00:00:00,2605.44,-0.044355682,-1,0,0,18.94671566,18.76879784
2022-03-11 00:00:00,2555.89,-0.019017901,-1,0,0,18.567371,18.76879784
2022-03-12 00:00:00,2567.64,0.004597224,-1,0,0,18.6573266,18.76879784
2022-03-13 00:00:00,2514.07,-0.020863517,-1,0,0,18.24720563,18.76879784
2022-03-14 00:00:00,2588.96,0.029788351,-1,0,0,18.82054815,18.76879784
2022-03-15 00:00:00,2617.29,0.010942618,-1,0,0,19.03743684,18.76879784
2022-03-16 00:00:00,2772.78,0.059408778,-1,0,0,20.22783647,18.76879784
2022-03-17 00:00:00,2810.74,0.013690231,-1,0,0,20.51845047,18.76879784
2022-03-18 00:00:00,2938.02,0.045283448,-1,0,0,21.49288011,18.76879784
2022-03-19 00:00:00,2950,0.004077576,0,0.5,0,21.58459654,18.76879784
2022-03-20 00:00:00,2860.47,-0.030349153,0,0.5,-0.015174576,20.89917317,18.46881471
2022-03-21 00:00:00,2889.08,0.010001853,0,0.5,0.005000926,21.11820548,18.56617682
2022-03-22 00:00:00,2968.49,0.027486259,0,0.5,0.013743129,21.7261522,18.83507732
2022-03-23 00:00:00,3035.55,0.02259061,0,0.5,0.011295305,22.23954984,19.05912057
2022-03-24 00:00:00,3109.89,0.024489796,0,0.5,0.012244898,22.80868167,19.30474245
2022-03-25 00:00:00,3101.37,-0.002739647,0,0.5,-0.001369823,22.74345429,19.27692854
2022-03-26 00:00:00,3143.47,0.013574646,0,0.5,0.006787323,23.06576328,19.4145546
2022-03-27 00:00:00,3295.01,0.048207872,0,0.5,0.024103936,24.22592252,19.90662572
2022-03-28 00:00:00,3333.62,0.011717719,0,0.5,0.005858859,24.52151279,20.0291147
2022-03-29 00:00:00,3399,0.019612313,0,0.5,0.009806157,25.02204869,20.23532949
2022-03-30 00:00:00,3385.1,-0.004089438,0,0.5,-0.002044719,24.91563313,20.19190921
2022-03-31 00:00:00,3281.43,-0.030625388,0,0.5,-0.015312694,24.12195682,19.86740399
2022-04-01 00:00:00,3454.33,0.052690443,0,0.5,0.026345221,25.44564385,20.41716037
2022-04-02 00:00:00,3443.07,-0.003259677,0,0.5,-0.001629838,25.3594396,20.38225386
2022-04-03 00:00:00,3520.76,0.022564165,0,0.5,0.011282083,25.95421834,20.62349021
2022-04-04 00:00:00,3518.96,-0.000511253,0,0.5,-0.000255627,25.94043791,20.61796267
2022-04-05 00:00:00,3405.04,-0.032373201,0,0.5,-0.016186601,25.0682897,20.26804135
2022-04-06 00:00:00,3166.78,-0.069972746,0,0.5,-0.034986373,23.24421987,19.52394972
2022-04-07 00:00:00,3225.15,0.018431972,0,0.5,0.009215986,23.69108865,19.71309815
2022-04-08 00:00:00,3191.26,-0.010508038,0,0.5,-0.005254019,23.43163375,19.60427113
2022-04-09 00:00:00,3257.53,0.020766092,0,0.5,0.010383046,23.93898331,19.81820623
2022-04-10 00:00:00,3200.24,-0.017586945,0,0.5,-0.008793472,23.50038279,19.63514191
2022-04-11 00:00:00,2978.69,-0.069229183,0,0.5,-0.034614591,21.80424131,18.92086491
2022-04-12 00:00:00,3026.3,0.015983536,0,0.5,0.007991768,22.16873373,19.08006784
2022-04-13 00:00:00,3116.45,0.029788851,0,0.5,0.014894426,22.85890369,19.37914892
2022-04-14 00:00:00,3019.82,-0.031006434,0,0.5,-0.015503217,22.11912418,19.06320655
2022-04-15 00:00:00,3039.19,0.00641429,0,0.5,0.003207145,22.26741693,19.12755216
2022-04-16 00:00:00,3057.99,0.006185859,0,0.5,0.003092929,22.41134589,19.18980526
2022-04-17 00:00:00,2986.03,-0.023531797,0,0.5,-0.011765899,21.86043485,18.95225406
2022-04-18 00:00:00,3054.02,0.022769363,0,0.5,0.011384681,22.38095238,19.17940411
2022-04-19 00:00:00,3100.42,0.01519309,0,0.5,0.007596545,22.73618129,19.33269786
2022-04-20 00:00:00,3074.01,-0.008518201,0,0.5,-0.0042591,22.53399173,19.24609886
2022-04-21 00:00:00,2981.31,-0.03015605,0,0.5,-0.015078025,21.82429949,18.94082767
2022-04-22 00:00:00,2960.38,-0.007020404,-1,0,-0.003510202,21.6640637,18.87083134
2022-04-23 00:00:00,2930.28,-0.010167614,-1,0,0,21.43362425,18.87083134
2022-04-24 00:00:00,2918.97,-0.003859699,-1,0,0,21.34703721,18.87083134
2022-04-25 00:00:00,3006.11,0.029852996,-1,0,0,22.01416322,18.87083134
2022-04-26 00:00:00,2807.88,-0.065942364,-1,0,0,20.49655489,18.87083134
2022-04-27 00:00:00,2887.57,0.028380842,-1,0,0,21.10664523,18.87083134
2022-04-28 00:00:00,2935.39,0.016560637,-1,0,0,21.47274537,18.87083134
2022-04-29 00:00:00,2815.37,-0.040887242,-1,0,0,20.5538968,18.87083134
2022-04-30 00:00:00,2725.1,-0.032063281,-1,0,0,19.86280815,18.87083134
2022-05-01 00:00:00,2823.38,0.036064732,-1,0,0,20.61521972,18.87083134
2022-05-02 00:00:00,2855.16,0.011256012,-1,0,0,20.8585209,18.87083134
2022-05-03 00:00:00,2780.91,-0.026005548,-1,0,0,20.29007809,18.87083134
2022-05-04 00:00:00,2939.76,0.05712159,-1,0,0,21.50620119,18.87083134
2022-05-05 00:00:00,2746.37,-0.065784282,-1,0,0,20.02564691,18.87083134
2022-05-06 00:00:00,2691.59,-0.019946329,-1,0,0,19.60626244,18.87083134
2022-05-07 00:00:00,2634.82,-0.021091622,-1,0,0,19.17164293,18.87083134
2022-05-08 00:00:00,2518.9,-0.043995415,-1,0,0,18.28418313,18.87083134
2022-05-09 00:00:00,2227.48,-0.115693358,-1,0,0,16.05313122,18.87083134
2022-05-10 00:00:00,2340.86,0.050900569,-1,0,0,16.92114531,18.87083134
2022-05-11 00:00:00,2083.98,-0.109737447,-1,0,0,14.95452458,18.87083134
2022-05-12 00:00:00,1959.78,-0.059597501,-1,0,0,14.00367478,18.87083134
2022-05-13 00:00:00,2008.49,0.024854831,-1,0,0,14.37658858,18.87083134
2022-05-14 00:00:00,2055,0.0231567,-1,0,0,14.73265962,18.87083134
2022-05-15 00:00:00,2144.07,0.043343066,-1,0,0,15.41456132,18.87083134
2022-05-16 00:00:00,2022.89,-0.056518677,-1,0,0,14.48683203,18.87083134
2022-05-17 00:00:00,2090,0.033175309,-1,0,0,15.00061246,18.87083134
2022-05-18 00:00:00,1914.2,-0.084114833,-1,0,0,13.65472363,18.87083134
2022-05-19 00:00:00,2019.46,0.054989029,-1,0,0,14.46057265,18.87083134
2022-05-20 00:00:00,1958.69,-0.030092203,-1,0,0,13.99532996,18.87083134
2022-05-21 00:00:00,1973.94,0.007785816,-1,0,0,14.11208085,18.87083134
2022-05-22 00:00:00,2042.63,0.034798423,-1,0,0,14.63795743,18.87083134
2022-05-23 00:00:00,1972.45,-0.034357666,-1,0,0,14.10067371,18.87083134
2022-05-24 00:00:00,1978.56,0.00309767,-1,0,0,14.14745062,18.87083134
2022-05-25 00:00:00,1942,-0.018478085,-1,0,0,13.86755474,18.87083134
2022-05-26 00:00:00,1791.02,-0.077744593,-1,0,0,12.71168274,18.87083134
2022-05-27 00:00:00,1726.55,-0.035996248,-1,0,0,12.21811361,18.87083134
2022-05-28 00:00:00,1791.74,0.037757377,-1,0,0,12.71719492,18.87083134
2022-05-29 00:00:00,1812.45,0.011558597,-1,0,0,12.87574644,18.87083134
2022-05-30 00:00:00,1997.87,0.102303512,-1,0,0,14.29528403,18.87083134
2022-05-31 00:00:00,1941.68,-0.028124953,-1,0,0,13.86510488,18.87083134
2022-06-01 00:00:00,1817.1,-0.064160933,-1,0,0,12.91134589,18.87083134
2022-06-02 00:00:00,1833.37,0.008953828,-1,0,0,13.03590568,18.87083134
2022-06-03 00:00:00,1774.15,-0.032301172,-1,0,0,12.58252947,18.87083134
2022-06-04 00:00:00,1803.71,0.0166615,-1,0,0,12.80883479,18.87083134
2022-06-05 00:00:00,1805.39,0.000931414,-1,0,0,12.82169652,18.87083134
2022-06-06 00:00:00,1859.11,0.029755344,-1,0,0,13.23296586,18.87083134
2022-06-07 00:00:00,1812.61,-0.025011968,-1,0,0,12.87697137,18.87083134
2022-06-08 00:00:00,1791.02,-0.011911001,-1,0,0,12.71168274,18.87083134
2022-06-09 00:00:00,1788.03,-0.00166944,-1,0,0,12.68879192,18.87083134
2022-06-10 00:00:00,1661.95,-0.070513358,-1,0,0,11.72354923,18.87083134
2022-06-11 00:00:00,1532.19,-0.078076958,-1,0,0,10.73013321,18.87083134
2022-06-12 00:00:00,1434.35,-0.06385631,-1,0,0,9.981090185,18.87083134
2022-06-13 00:00:00,1209.04,-0.157081605,-1,0,0,8.256162915,18.87083134
2022-06-14 00:00:00,1208.32,-0.000595514,-1,0,0,8.250650743,18.87083134
2022-06-15 00:00:00,1236.49,0.023313361,-1,0,0,8.4663145,18.87083134
2022-06-16 00:00:00,1067.77,-0.13645076,-1,0,0,7.174628694,18.87083134
2022-06-17 00:00:00,1085.99,0.0170636,-1,0,0,7.314117287,18.87083134
2022-06-18 00:00:00,994.09,-0.084623247,-1,0,0,6.610549686,18.87083134
2022-06-19 00:00:00,1127.88,0.1345854,-1,0,0,7.634818558,18.87083134
2022-06-20 00:00:00,1127.83,-4.4331E-05,-1,0,0,7.634435768,18.87083134
2022-06-21 00:00:00,1125.47,-0.002092514,-1,0,0,7.616368091,18.87083134
2022-06-22 00:00:00,1049.4,-0.06758954,-1,0,0,7.033991732,18.87083134
2022-06-23 00:00:00,1143.71,0.089870402,-1,0,0,7.756009799,18.87083134
2022-06-24 00:00:00,1224.42,0.070568588,-1,0,0,8.373909049,18.87083134
2022-06-25 00:00:00,1241.6,0.014031133,-1,0,0,8.505435615,18.87083134
2022-06-26 00:00:00,1197.21,-0.035752255,-1,0,0,8.165594855,18.87083134
2022-06-27 00:00:00,1191.9,-0.004435312,-1,0,0,8.124942582,18.87083134
2022-06-28 00:00:00,1143.5,-0.040607434,-1,0,0,7.754402082,18.87083134
2022-06-29 00:00:00,1099.32,-0.038635767,-1,0,0,7.41616904,18.87083134
2022-06-30 00:00:00,1070.85,-0.025897828,-1,0,0,7.198208544,18.87083134
2022-07-01 00:00:00,1059.24,-0.010841855,-1,0,0,7.109324759,18.87083134
2022-07-02 00:00:00,1066.53,0.006882293,-1,0,0,7.165135508,18.87083134
2022-07-03 00:00:00,1073.9,0.00691026,-1,0,0,7.22155872,18.87083134
2022-07-04 00:00:00,1150.23,0.071077382,-1,0,0,7.805925586,18.87083134
2022-07-05 00:00:00,1131.8,-0.016022882,-1,0,0,7.664829276,18.87083134
2022-07-06 00:00:00,1186.37,0.048215232,-1,0,0,8.082606033,18.87083134
2022-07-07 00:00:00,1236.92,0.042608967,-1,0,0,8.469606492,18.87083134
2022-07-08 00:00:00,1213.53,-0.018909873,-1,0,0,8.290537437,18.87083134
2022-07-09 00:00:00,1216.48,0.002430925,-1,0,0,8.313122033,18.87083134
2022-07-10 00:00:00,1167.81,-0.040008878,-1,0,0,7.940514469,18.87083134
2022-07-11 00:00:00,1095.95,-0.061533982,-1,0,0,7.390369009,18.87083134
2022-07-12 00:00:00,1037.88,-0.052985994,-1,0,0,6.945796968,18.87083134
2022-07-13 00:00:00,1114.19,0.073524878,-1,0,0,7.530010718,18.87083134
2022-07-14 00:00:00,1193.01,0.070741974,-1,0,0,8.133440514,18.87083134
2022-07-15 00:00:00,1230.58,0.031491773,-1,0,0,8.421068749,18.87083134
2022-07-16 00:00:00,1355.37,0.101407466,0,0.5,0,9.376435462,18.87083134
2022-07-17 00:00:00,1338.27,-0.012616481,0,0.5,-0.006308241,9.24552136,18.74548136
2022-07-18 00:00:00,1580.12,0.18071839,0,0.5,0.090359195,11.09707549,20.52966716
2022-07-19 00:00:00,1541.39,-0.024510797,0,0.5,-0.012255398,10.80056653,20.26581251
2022-07-20 00:00:00,1521.34,-0.01300774,0,0.5,-0.00650387,10.64706783,20.12750243
2022-07-21 00:00:00,1575.39,0.03552789,0,0.5,0.017763945,11.06086357,20.50281022
2022-07-22 00:00:00,1534.53,-0.025936435,0,0.5,-0.012968217,10.74804777,20.22395711
2022-07-23 00:00:00,1548.01,0.008784449,0,0.5,0.004392224,10.85124789,20.31717749
2022-07-24 00:00:00,1597.77,0.032144495,0,0.5,0.016072248,11.23220028,20.65979244
2022-07-25 00:00:00,1440.4,-0.098493525,0,0.5,-0.049246763,10.02740775,19.59311778
2022-07-26 00:00:00,1448.27,0.00546376,0,0.5,0.00273188,10.08765886,19.64937571
2022-07-27 00:00:00,1635.45,0.129243856,0,0.5,0.064621928,11.52067065,20.98377819
2022-07-28 00:00:00,1723.82,0.054034058,0,0.5,0.027017029,12.19721329,21.57771456
2022-07-29 00:00:00,1721.85,-0.001142811,0,0.5,-0.000571405,12.18213137,21.56481353
2022-07-30 00:00:00,1696.68,-0.014617998,0,0.5,-0.007308999,11.989435,21.39988733
2022-07-31 00:00:00,1677.63,-0.01122781,0,0.5,-0.005613905,11.8435921,21.2741365
2022-08-01 00:00:00,1629.45,-0.028719086,0,0.5,-0.014359543,11.47473588,20.95429008
2022-08-02 00:00:00,1629.97,0.000319126,0,0.5,0.000159563,11.47871689,20.95779317
2022-08-03 00:00:00,1617.37,-0.007730204,0,0.5,-0.003865102,11.38225387,20.87292406
2022-08-04 00:00:00,1607.2,-0.006287986,0,0.5,-0.003143993,11.30439443,20.80415574
2022-08-05 00:00:00,1737.13,0.080842459,0,0.5,0.040421229,12.29911193,21.68550653
2022-08-06 00:00:00,1689.85,-0.027217307,0,0.5,-0.013608653,11.93714592,21.37678733
2022-08-07 00:00:00,1699.25,0.005562624,0,0.5,0.002781312,12.0091104,21.43902416
2022-08-08 00:00:00,1776.09,0.04521995,0,0.5,0.022609975,12.59738172,21.94636993
2022-08-09 00:00:00,1702.04,-0.041692707,0,0.5,-0.020846354,12.03047007,21.46802179
2022-08-10 00:00:00,1853.24,0.088834575,0,0.5,0.044417287,13.18802634,22.46599038
2022-08-11 00:00:00,1879.35,0.014088839,0,0.5,0.00704442,13.38791915,22.63129466
2022-08-12 00:00:00,1957.4,0.041530316,0,0.5,0.020765158,13.98545399,23.12200223
2022-08-13 00:00:00,1982.8,0.012976397,0,0.5,0.006488199,14.17991119,23.27851057
2022-08-14 00:00:00,1934.55,-0.024334275,0,0.5,-0.012167137,13.81051906,22.9831106
2022-08-15 00:00:00,1898.56,-0.01860381,0,0.5,-0.009301905,13.53498699,22.76002198
2022-08-16 00:00:00,1875.78,-0.011998567,0,0.5,-0.005999284,13.36058797,22.61747887
2022-08-17 00:00:00,1833.55,-0.022513301,0,0.5,-0.011256651,13.03728372,22.35162517
2022-08-18 00:00:00,1845.86,0.006713752,0,0.5,0.003356876,13.13152657,22.43001368
2022-08-19 00:00:00,1608.29,-0.128704235,0,0.5,-0.064352118,11.31273924,20.92224268
2022-08-20 00:00:00,1574.93,-0.020742528,-1,0,-0.010371264,11.05734191,20.69488131
2022-08-21 00:00:00,1617.17,0.02682024,0,0.5,0,11.38072271,20.69488131
2022-08-22 00:00:00,1624.02,0.004235795,0,0.5,0.002117897,11.43316491,20.74082884
2022-08-23 00:00:00,1664.19,0.024734917,0,0.5,0.012367459,11.74069821,21.00970764
2022-08-24 00:00:00,1655.71,-0.005095572,0,0.5,-0.002547786,11.67577706,20.95363162
2022-08-25 00:00:00,1694.16,0.023222666,0,0.5,0.011611333,11.9701424,21.20854254
2022-08-26 00:00:00,1507.23,-0.110337867,-1,0,-0.055168933,10.53904456,19.98332094
2022-08-27 00:00:00,1490,-0.011431567,-1,0,0,10.4071352,19.98332094
2022-08-28 00:00:00,1426.3,-0.042751678,-1,0,0,9.919461032,19.98332094
2022-08-29 00:00:00,1550.67,0.087197644,-1,0,0,10.87161231,19.98332094
2022-08-30 00:00:00,1523.48,-0.017534356,-1,0,0,10.66345123,19.98332094
2022-08-31 00:00:00,1553.04,0.019402946,-1,0,0,10.88975655,19.98332094
2022-09-01 00:00:00,1585.4,0.020836553,-1,0,0,11.13749809,19.98332094
2022-09-02 00:00:00,1574.49,-0.006881544,-1,0,0,11.05397336,19.98332094
2022-09-03 00:00:00,1556.41,-0.011483083,-1,0,0,10.91555658,19.98332094
2022-09-04 00:00:00,1578.14,0.013961617,-1,0,0,11.08191701,19.98332094
2022-09-05 00:00:00,1616.92,0.024573232,-1,0,0,11.37880876,19.98332094
2022-09-06 00:00:00,1558.23,-0.036297405,-1,0,0,10.92949012,19.98332094
2022-09-07 00:00:00,1629.35,0.045641529,-1,0,0,11.4739703,19.98332094
2022-09-08 00:00:00,1634.22,0.002988922,-1,0,0,11.51125402,19.98332094
2022-09-09 00:00:00,1717.48,0.050947853,-1,0,0,12.14867555,19.98332094
2022-09-10 00:00:00,1773.05,0.032355544,-1,0,0,12.5741081,19.98332094
2022-09-11 00:00:00,1765.01,-0.004534559,-1,0,0,12.5125555,19.98332094
2022-09-12 00:00:00,1715.14,-0.028254797,-1,0,0,12.13076099,19.98332094
2022-09-13 00:00:00,1571.9,-0.083515048,-1,0,0,11.03414485,19.98332094
2022-09-14 00:00:00,1635.39,0.04039061,-1,0,0,11.5202113,19.98332094
2022-09-15 00:00:00,1471.93,-0.099951693,-1,0,0,10.26879498,19.98332094
2022-09-16 00:00:00,1433.58,-0.026054228,-1,0,0,9.975195223,19.98332094
2022-09-17 00:00:00,1467.96,0.023981919,-1,0,0,10.23840147,19.98332094
2022-09-18 00:00:00,1333.67,-0.091480694,-1,0,0,9.210304701,19.98332094
2022-09-19 00:00:00,1375.05,0.031027166,-1,0,0,9.527101516,19.98332094
2022-09-20 00:00:00,1322.08,-0.038522236,-1,0,0,9.121574032,19.98332094
2022-09-21 00:00:00,1244.19,-0.05891474,-1,0,0,8.525264125,19.98332094
2022-09-22 00:00:00,1325.73,0.065536614,-1,0,0,9.149517685,19.98332094
2022-09-23 00:00:00,1326.62,0.000671328,-1,0,0,9.156331343,19.98332094
2022-09-24 00:00:00,1316.19,-0.007862086,-1,0,0,9.076481396,19.98332094
2022-09-25 00:00:00,1293.99,-0.016866866,-1,0,0,8.906522738,19.98332094
2022-09-26 00:00:00,1335.25,0.031885872,-1,0,0,9.222400857,19.98332094
2022-09-27 00:00:00,1327.19,-0.006036323,-1,0,0,9.160695146,19.98332094
2022-09-28 00:00:00,1336.43,0.006962078,-1,0,0,9.231434696,19.98332094
2022-09-29 00:00:00,1334.8,-0.001219667,-1,0,0,9.21895575,19.98332094
2022-09-30 00:00:00,1327.78,-0.005259215,-1,0,0,9.165212066,19.98332094
2022-10-01 00:00:00,1311.31,-0.012404163,-1,0,0,9.039121115,19.98332094
2022-10-02 00:00:00,1275.96,-0.026957775,-1,0,0,8.768488746,19.98332094
2022-10-03 00:00:00,1322.59,0.036545033,-1,0,0,9.125478487,19.98332094
2022-10-04 00:00:00,1360.73,0.028837357,-1,0,0,9.417470525,19.98332094
2022-10-05 00:00:00,1351.61,-0.006702285,-1,0,0,9.347649671,19.98332094
2022-10-06 00:00:00,1351.5,-8.13844E-05,-1,0,0,9.346807533,19.98332094
2022-10-07 00:00:00,1330.41,-0.015604883,-1,0,0,9.185346808,19.98332094
2022-10-08 00:00:00,1314.74,-0.011778324,-1,0,0,9.065380493,19.98332094
2022-10-09 00:00:00,1322.61,0.005985974,-1,0,0,9.125631603,19.98332094
2022-10-10 00:00:00,1289.56,-0.02498847,-1,0,0,8.872607564,19.98332094
2022-10-11 00:00:00,1279.68,-0.007661528,0,0.5,0,8.796968305,19.98332094
2022-10-12 00:00:00,1294.02,0.011205926,0,0.5,0.005602963,8.906752412,20.10088972
2022-10-13 00:00:00,1286.38,-0.005904082,0,0.5,-0.002952041,8.848262134,20.03859903
2022-10-14 00:00:00,1295.35,0.006973056,0,0.5,0.003486528,8.91693462,20.11195069
2022-10-15 00:00:00,1274.13,-0.016381673,0,0.5,-0.008190836,8.75447864,19.93902616
2022-10-16 00:00:00,1305.51,0.02462857,0,0.5,0.012314285,8.994717501,20.1968753
2022-10-17 00:00:00,1330.62,0.019233863,0,0.5,0.009616931,9.186954525,20.40072419
2022-10-18 00:00:00,1309.93,-0.015549143,0,0.5,-0.007774571,9.028556117,20.23434273
2022-10-19 00:00:00,1284.45,-0.019451421,0,0.5,-0.009725711,8.833486449,20.02782366
2022-10-20 00:00:00,1282.2,-0.001751723,0,0.5,-0.000875861,8.81626091,20.00940621
2022-10-21 00:00:00,1299.08,0.013164873,1,1,0.006582436,8.945490736,20.14769929
2022-10-22 00:00:00,1313.19,0.010861533,0,0.5,0.010861533,9.05351401,20.37739572
2022-10-23 00:00:00,1363.44,0.038265598,1,1,0.019132799,9.438217731,20.78640513
2022-10-24 00:00:00,1342.72,-0.015196855,1,1,-0.015196855,9.279589649,20.45532029
2022-10-25 00:00:00,1459.2,0.086749285,1,1,0.086749285,10.1713367,22.31655398
2022-10-26 00:00:00,1565.45,0.072813871,1,1,0.072813871,10.98476497,24.01432253
2022-10-27 00:00:00,1513.7,-0.033057587,1,1,-0.033057587,10.58857755,23.18740938
2022-10-28 00:00:00,1553.79,0.026484772,1,1,0.026484772,10.89549839,23.82800741
2022-10-29 00:00:00,1618.82,0.041852503,1,1,0.041852503,11.39335477,24.86712165
2022-10-30 00:00:00,1589.89,-0.017871042,1,1,-0.017871042,11.17187261,24.40484924
2022-10-31 00:00:00,1572.01,-0.011246061,1,1,-0.011246061,11.03498699,24.11914475
2022-11-01 00:00:00,1577.88,0.003734073,1,1,0.003734073,11.0799265,24.21294147
2022-11-02 00:00:00,1517.26,-0.038418638,1,1,-0.038418638,10.61583218,23.24429461
2022-11-03 00:00:00,1530.27,0.008574667,1,1,0.008574667,10.71543408,23.45218137
2022-11-04 00:00:00,1644.09,0.074379031,1,1,0.074379031,11.58681672,25.27091094
2022-11-05 00:00:00,1626.11,-0.010936141,1,1,-0.010936141,11.44916552,24.98360855
2022-11-06 00:00:00,1567.42,-0.036092269,1,1,-0.036092269,10.99984688,24.04580115
2022-11-07 00:00:00,1567.52,6.37991E-05,1,1,6.37991E-05,11.00061246,24.04739905
2022-11-08 00:00:00,1333.4,-0.149356946,1,1,-0.149356946,9.208237636,20.30639603
2022-11-09 00:00:00,1101.49,-0.173923804,0,0.5,-0.173923804,7.432782116,16.60070658
2022-11-10 00:00:00,1298.21,0.178594449,1,1,0.089297225,8.938830194,18.17240083
2022-11-11 00:00:00,1288.64,-0.007371689,0,0.5,-0.007371689,8.865564232,18.03106786
2022-11-12 00:00:00,1256.82,-0.024692699,0,0.5,-0.01234635,8.621956821,17.79610364
2022-11-13 00:00:00,1220.78,-0.028675546,-1,0,-0.014337773,8.346041954,17.52660937
2022-11-14 00:00:00,1242.89,0.018111371,-1,0,0,8.515311591,17.52660937
2022-11-15 00:00:00,1252.81,0.007981398,-1,0,0,8.591257082,17.52660937
2022-11-16 00:00:00,1215.78,-0.029557555,-1,0,0,8.307762977,17.52660937
2022-11-17 00:00:00,1199.7,-0.013226077,-1,0,0,8.184657786,17.52660937
2022-11-18 00:00:00,1212.04,0.010285905,-1,0,0,8.279130302,17.52660937
2022-11-19 00:00:00,1216.91,0.004018019,-1,0,0,8.316414025,17.52660937
2022-11-20 00:00:00,1141.57,-0.061910905,-1,0,0,7.739626397,17.52660937
2022-11-21 00:00:00,1106.95,-0.030326655,-1,0,0,7.474582759,17.52660937
2022-11-22 00:00:00,1139.11,0.029052803,-1,0,0,7.72079314,17.52660937
2022-11-23 00:00:00,1183.83,0.03925872,-1,0,0,8.063160312,17.52660937
2022-11-24 00:00:00,1202.92,0.016125626,-1,0,0,8.209309447,17.52660937
2022-11-25 00:00:00,1198.55,-0.003632827,-1,0,0,8.175853621,17.52660937
2022-11-26 00:00:00,1204.84,0.005248008,-1,0,0,8.224008574,17.52660937
2022-11-27 00:00:00,1193.26,-0.009611235,-1,0,0,8.135354463,17.52660937
2022-11-28 00:00:00,1167.21,-0.021830951,-1,0,0,7.935920992,17.52660937
2022-11-29 00:00:00,1215.74,0.041577779,-1,0,0,8.307456745,17.52660937
2022-11-30 00:00:00,1294.02,0.064388767,-1,0,0,8.906752412,17.52660937
2022-12-01 00:00:00,1275.7,-0.014157432,-1,0,0,8.766498239,17.52660937
2022-12-02 00:00:00,1295,0.015128949,-1,0,0,8.914255091,17.52660937
2022-12-03 00:00:00,1239.76,-0.042656371,-1,0,0,8.491348951,17.52660937
2022-12-04 00:00:00,1278.82,0.031506098,-1,0,0,8.790384321,17.52660937
2022-12-05 00:00:00,1258.66,-0.015764533,-1,0,0,8.636043485,17.52660937
2022-12-06 00:00:00,1270.72,0.009581619,-1,0,0,8.728372378,17.52660937
2022-12-07 00:00:00,1230.83,-0.031391652,-1,0,0,8.422982698,17.52660937
2022-12-08 00:00:00,1279.73,0.039729288,-1,0,0,8.797351095,17.52660937
2022-12-09 00:00:00,1262.31,-0.013612246,0,0.5,0,8.663987138,17.52660937
2022-12-10 00:00:00,1265.88,0.002828148,-1,0,0.001414074,8.691318328,17.55280738
2022-12-11 00:00:00,1262.43,-0.002725377,-1,0,0,8.664905834,17.55280738
2022-12-12 00:00:00,1274.88,0.009861933,0,0.5,0,8.760220487,17.55280738
2022-12-13 00:00:00,1321.06,0.036223017,0,0.5,0.018111509,9.11376512,17.8888267
2022-12-14 00:00:00,1307.76,-0.010067673,0,0.5,-0.005033836,9.011943041,17.79374344
2022-12-15 00:00:00,1266.26,-0.031733651,0,0.5,-0.015866826,8.69422753,17.49554639
2022-12-16 00:00:00,1166.2,-0.079020106,-1,0,-0.039510053,7.928188639,16.76478637
2022-12-17 00:00:00,1186.45,0.017364088,-1,0,0,8.083218496,16.76478637
2022-12-18 00:00:00,1182.45,-0.003371402,-1,0,0,8.052595315,16.76478637
2022-12-19 00:00:00,1167.21,-0.012888494,-1,0,0,7.935920992,16.76478637
2022-12-20 00:00:00,1216.21,0.041980449,0,0.5,0,8.311054969,16.76478637
2022-12-21 00:00:00,1213.21,-0.002466679,0,0.5,-0.00123334,8.288087582,16.74287635
2022-12-22 00:00:00,1217.39,0.003445405,0,0.5,0.001722703,8.320088807,16.77344205
2022-12-23 00:00:00,1219.5,0.001733216,0,0.5,0.000866608,8.336242536,16.78884466
2022-12-24 00:00:00,1219.96,0.000377204,0,0.5,0.000188602,8.339764202,16.79219967
2022-12-25 00:00:00,1217.96,-0.001639398,0,0.5,-0.000819699,8.324452611,16.77761542
2022-12-26 00:00:00,1227.57,0.007890243,0,0.5,0.003945121,8.398024805,16.84775027
2022-12-27 00:00:00,1211.29,-0.013261973,0,0.5,-0.006630986,8.273388455,16.72940208
2022-12-28 00:00:00,1189.93,-0.017634093,0,0.5,-0.008817046,8.109860665,16.57308112
2022-12-29 00:00:00,1200.35,0.008756818,-1,0,0.004378409,8.189634053,16.65002325
2022-12-30 00:00:00,1199.66,-0.000574832,-1,0,0,8.184351554,16.65002325
2022-12-31 00:00:00,1196.1,-0.002967507,-1,0,0,8.157096922,16.65002325
2023-01-01 00:00:00,1199.96,0.003227155,-1,0,0,8.186648293,16.65002325
2023-01-02 00:00:00,1213.23,0.011058702,-1,0,0,8.288240698,16.65002325
2023-01-03 00:00:00,1214.23,0.000824246,-1,0,0,8.295896494,16.65002325
2023-01-04 00:00:00,1256.39,0.034721593,-1,0,0,8.618664829,16.65002325
2023-01-05 00:00:00,1251.08,-0.004226395,-1,0,0,8.578012556,16.65002325
2023-01-06 00:00:00,1268.54,0.013955942,0,0.5,0,8.711682744,16.65002325
2023-01-07 00:00:00,1263.65,-0.003854825,-1,0,-0.001927413,8.674245904,16.61600438
2023-01-08 00:00:00,1289.65,0.020575318,0,0.5,0,8.873296586,16.61600438
2023-01-09 00:00:00,1320.32,0.023781646,0,0.5,0.011890823,9.108099832,16.82547317
2023-01-10 00:00:00,1335.3,0.011345734,0,0.5,0.005672867,9.222783647,16.92659471
2023-01-11 00:00:00,1389.26,0.040410395,0,0.5,0.020205197,9.635890369,17.28880509
2023-01-12 00:00:00,1415.84,0.019132488,0,0.5,0.009566244,9.839381412,17.46376026
2023-01-13 00:00:00,1450.94,0.024790937,0,0.5,0.012395468,10.10809983,17.69262722
2023-01-14 00:00:00,1550.27,0.068459068,1,1,0.034229534,10.86854999,18.33246714
2023-01-15 00:00:00,1553.47,0.002064157,1,1,0.002064157,10.89304854,18.37237238
2023-01-16 00:00:00,1577.11,0.015217545,1,1,0.015217545,11.07403154,18.66717233
2023-01-17 00:00:00,1565.84,-0.007145982,1,1,-0.007145982,10.98775073,18.52663107
2023-01-18 00:00:00,1511.66,-0.034601236,1,1,-0.034601236,10.57295973,17.85098549
2023-01-19 00:00:00,1551.11,0.026097138,1,1,0.026097138,10.87498086,18.34294226
2023-01-20 00:00:00,1659.01,0.069563087,1,1,0.069563087,11.70104119,19.68849704
2023-01-21 00:00:00,1627.63,-0.018914895,1,1,-0.018914895,11.46080233,19.29717629
2023-01-22 00:00:00,1628.14,0.000313339,1,1,0.000313339,11.46470678,19.30353619
2023-01-23 00:00:00,1626.9,-0.000761605,1,1,-0.000761605,11.4552136,19.28807291
2023-01-24 00:00:00,1555.99,-0.043585961,1,1,-0.043585961,10.91234114,18.40379775
2023-01-25 00:00:00,1611.41,0.035617195,1,1,0.035617195,11.33662533,19.09490661
2023-01-26 00:00:00,1600.69,-0.006652559,1,1,-0.006652559,11.2545552,18.96122406
2023-01-27 00:00:00,1597.08,-0.002255277,1,1,-0.002255277,11.22691778,18.91620596
2023-01-28 00:00:00,1571.52,-0.016004208,1,1,-0.016004208,11.03123565,18.59746287
2023-01-29 00:00:00,1645.67,0.047183618,1,1,0.047183618,11.59891288,19.52214208
2023-01-30 00:00:00,1565.92,-0.048460505,1,1,-0.048460505,10.98836319,18.5276287
2023-01-31 00:00:00,1585.02,0.012197303,1,1,0.012197303,11.13458888,18.76581309
2023-02-01 00:00:00,1641.8,0.035822892,1,1,0.035822892,11.56928495,19.47388168
2023-02-02 00:00:00,1643.81,0.001224266,1,1,0.001224266,11.5846731,19.49894716
2023-02-03 00:00:00,1663.68,0.012087772,1,1,0.012087772,11.73679375,19.74673375
2023-02-04 00:00:00,1666.44,0.001658973,1,1,0.001658973,11.75792375,19.78115202
2023-02-05 00:00:00,1628.98,-0.022479057,1,1,-0.022479057,11.47113765,19.31401131
2023-02-06 00:00:00,1613.9,-0.009257327,1,1,-0.009257327,11.35568826,19.12595788
2023-02-07 00:00:00,1670.51,0.035076523,1,1,0.035076523,11.78908284,19.83190649
2023-02-08 00:00:00,1650.26,-0.012122047,1,1,-0.012122047,11.63405298,19.57938115
2023-02-09 00:00:00,1544.68,-0.063977797,1,1,-0.063977797,10.8257541,18.26275767
2023-02-10 00:00:00,1512.26,-0.020988166,1,1,-0.020988166,10.57755321,17.85846772
2023-02-11 00:00:00,1537.65,0.016789441,1,1,0.016789441,10.77193385,18.17509085
2023-02-12 00:00:00,1514.49,-0.015061945,1,1,-0.015061945,10.59462563,17.88627669
2023-02-13 00:00:00,1504.85,-0.006365179,0,0.5,-0.006365179,10.52082376,17.76606215
2023-02-14 00:00:00,1554.94,0.03328571,1,1,0.016642855,10.90430256,18.078383
2023-02-15 00:00:00,1675,0.077211982,1,1,0.077211982,11.82345736,19.55146277
2023-02-16 00:00:00,1639,-0.021492537,1,1,-0.021492537,11.54784872,19.10975969
2023-02-17 00:00:00,1694.12,0.033630262,1,1,0.033630262,11.96983617,19.78605619
2023-02-18 00:00:00,1691.66,-0.001452081,1,1,-0.001452081,11.95100291,19.75587314
2023-02-19 00:00:00,1680.31,-0.006709386,1,1,-0.006709386,11.86410963,19.61661398
2023-02-20 00:00:00,1703.7,0.01392005,1,1,0.01392005,12.04317869,19.90359829
2023-02-21 00:00:00,1659.2,-0.026119622,1,1,-0.026119622,11.70249579,19.3576042
2023-02-22 00:00:00,1642.01,-0.010360415,1,1,-0.010360415,11.57089267,19.14669098
2023-02-23 00:00:00,1649.69,0.004677194,1,1,0.004677194,11.62968917,19.24092097
2023-02-24 00:00:00,1607.12,-0.025804848,0,0.5,-0.025804848,11.30378196,18.71860708
2023-02-25 00:00:00,1593.59,-0.008418786,0,0.5,-0.004209393,11.20019905,18.63560371
2023-02-26 00:00:00,1640.49,0.029430406,1,1,0.014715203,11.55925586,18.9245456
2023-02-27 00:00:00,1632.6,-0.004809539,1,1,-0.004809539,11.49885163,18.82871772
2023-02-28 00:00:00,1604.72,-0.017077055,0,0.5,-0.017077055,11.28540805,18.49010162
2023-03-01 00:00:00,1664.46,0.037227678,1,1,0.018613839,11.74276527,18.85288724
2023-03-02 00:00:00,1647.29,-0.010315658,1,1,-0.010315658,11.61131527,18.64809164
2023-03-03 00:00:00,1568.86,-0.047611532,0,0.5,-0.047611532,11.01087123,17.71261591
2023-03-04 00:00:00,1566.05,-0.001791109,-1,0,-0.000895555,10.98935844,17.69585774
2023-03-05 00:00:00,1564.06,-0.001270713,-1,0,0,10.97412341,17.69585774
2023-03-06 00:00:00,1565.17,0.000709691,-1,0,0,10.98262134,17.69585774
2023-03-07 00:00:00,1561.29,-0.002478964,-1,0,0,10.95291686,17.69585774
2023-03-08 00:00:00,1531.82,-0.018875417,0,0.5,0,10.72730057,17.69585774
2023-03-09 00:00:00,1436.42,-0.062278858,0,0.5,-0.031139429,9.996937682,17.1136794
2023-03-10 00:00:00,1425.79,-0.007400343,0,0.5,-0.003700171,9.915556576,17.04665569
2023-03-11 00:00:00,1471.03,0.031729778,0,0.5,0.015864889,10.26190476,17.33296387
2023-03-12 00:00:00,1579.26,0.073574298,1,1,0.036787149,11.0904915,18.00738135
2023-03-13 00:00:00,1673.9,0.059926801,1,1,0.059926801,11.81503598,19.14643291
2023-03-14 00:00:00,1699.93,0.015550511,1,1,0.015550511,12.01431634,19.45972024
2023-03-15 00:00:00,1649.81,-0.029483567,1,1,-0.029483567,11.63060787,18.8564947
2023-03-16 00:00:00,1672.56,0.013789467,1,1,0.013789467,11.80477722,19.13030518
2023-03-17 00:00:00,1789.21,0.069743387,1,1,0.069743387,12.69782575,20.53426085
2023-03-18 00:00:00,1758.52,-0.017152822,1,1,-0.017152822,12.46286939,20.16488751
2023-03-19 00:00:00,1779.99,0.01220913,1,1,0.01220913,12.62723932,20.42329238
2023-03-20 00:00:00,1731.71,-0.027123748,1,1,-0.027123748,12.25761752,19.8422124
2023-03-21 00:00:00,1800.14,0.039515854,1,1,0.039515854,12.7815036,20.66581023
2023-03-22 00:00:00,1733.61,-0.036958237,1,1,-0.036958237,12.27216353,19.86508009
2023-03-23 00:00:00,1813.27,0.045950358,1,1,0.045950358,12.88202419,20.82383799
2023-03-24 00:00:00,1748.77,-0.035571095,1,1,-0.035571095,12.38822539,20.04754017
2023-03-25 00:00:00,1741.02,-0.004431686,1,1,-0.004431686,12.32889297,19.95426407
2023-03-26 00:00:00,1772.63,0.018156023,1,1,0.018156023,12.57089267,20.33471018
2023-03-27 00:00:00,1714.35,-0.032877701,1,1,-0.032877701,12.12471291,19.63327395
2023-03-28 00:00:00,1772.09,0.033680404,1,1,0.033680404,12.56675854,20.32821095
2023-03-29 00:00:00,1791.89,0.011173247,1,1,0.011173247,12.71834329,20.56651632
2023-03-30 00:00:00,1792.77,0.000491102,1,1,0.000491102,12.72508039,20.57710767
2023-03-31 00:00:00,1820.81,0.015640601,1,1,0.015640601,12.93974889,20.9145866
2023-04-01 00:00:00,1819.82,-0.000543714,1,1,-0.000543714,12.93216965,20.90267133
2023-04-02 00:00:00,1793.56,-0.014429999,1,1,-0.014429999,12.73112846,20.58661582
2023-04-03 00:00:00,1809.68,0.008987712,1,1,0.008987712,12.85453989,20.78063009
2023-04-04 00:00:00,1869.11,0.03284006,1,1,0.03284006,13.30952381,21.4959073
2023-04-05 00:00:00,1907.48,0.020528487,1,1,0.020528487,13.60327668,21.95771423
2023-04-06 00:00:00,1871.33,-0.018951706,1,1,-0.018951706,13.32651968,21.52262638
2023-04-07 00:00:00,1862.87,-0.004520849,1,1,-0.004520849,13.26175165,21.420805
2023-04-08 00:00:00,1848.02,-0.007971571,1,1,-0.007971571,13.14806308,21.24207596
2023-04-09 00:00:00,1857.84,0.005313795,1,1,0.005313795,13.22324299,21.3602658
2023-04-10 00:00:00,1908.9,0.027483529,1,1,0.027483529,13.61414791,21.97480482
2023-04-11 00:00:00,1888.89,-0.010482477,1,1,-0.010482477,13.46095544,21.73397196
2023-04-12 00:00:00,1916.86,0.014807638,1,1,0.014807638,13.67508804,22.0706084
2023-04-13 00:00:00,2011.8,0.049528917,1,1,0.049528917,14.40192926,23.21327065
2023-04-14 00:00:00,2099.77,0.043727011,1,1,0.043727011,15.07540959,24.27204459
2023-04-15 00:00:00,2091.2,-0.004081399,1,1,-0.004081399,15.00979942,24.16889928
2023-04-16 00:00:00,2118.09,0.012858646,1,1,0.012858646,15.21566376,24.49253724
2023-04-17 00:00:00,2074.49,-0.020584583,1,1,-0.020584583,14.88187108,23.96778399
2023-04-18 00:00:00,2103.29,0.01388293,1,1,0.01388293,15.10235798,24.31440999
2023-04-19 00:00:00,1932.83,-0.081044459,1,1,-0.081044459,13.79735109,22.26281733
2023-04-20 00:00:00,1942.11,0.00480125,1,1,0.00480125,13.86839688,22.37450793
2023-04-21 00:00:00,1848,-0.048457605,1,1,-0.048457605,13.14790997,21.24183525
2023-04-22 00:00:00,1873.39,0.013739177,1,1,0.013739177,13.34229061,21.54741977
2023-04-23 00:00:00,1861.3,-0.006453541,1,1,-0.006453541,13.24973205,21.40190906
2023-04-24 00:00:00,1841.19,-0.010804277,1,1,-0.010804277,13.095774,21.15987264
2023-04-25 00:00:00,1865.4,0.013149105,1,1,0.013149105,13.28112081,21.45125513
2023-04-26 00:00:00,1865.02,-0.00020371,1,1,-0.00020371,13.27821161,21.44668159
2023-04-27 00:00:00,1907.67,0.022868387,1,1,0.022868387,13.60473128,21.960001
2023-04-28 00:00:00,1890.13,-0.009194462,1,1,-0.009194462,13.47044863,21.74889614
2023-04-29 00:00:00,1907.01,0.008930603,1,1,0.008930603,13.59967846,21.95205749
2023-04-30 00:00:00,1868.41,-0.02024111,1,1,-0.02024111,13.30416475,21.48748236
2023-05-01 00:00:00,1829.97,-0.020573643,1,1,-0.020573643,13.00987598,21.02483293
2023-05-02 00:00:00,1869.2,0.02143751,1,1,0.02143751,13.31021283,21.4969905
2023-05-03 00:00:00,1904.74,0.019013482,1,1,0.019013482,13.5822998,21.92473662
2023-05-04 00:00:00,1876.13,-0.015020423,1,1,-0.015020423,13.36326749,21.58039738
2023-05-05 00:00:00,1992.56,0.062058599,1,1,0.062058599,14.25463176,22.98170522
2023-05-06 00:00:00,1895.29,-0.048816598,1,1,-0.048816598,13.50995253,21.81099996
2023-05-07 00:00:00,1869.5,-0.013607416,1,1,-0.013607416,13.31250957,21.50060119
2023-05-08 00:00:00,1846.54,-0.012281359,0,0.5,-0.012281359,13.13673251,21.22426324
2023-05-09 00:00:00,1845.8,-0.00040075,0,0.5,-0.000200375,13.13106722,21.21981006
2023-05-10 00:00:00,1839.86,-0.003218117,0,0.5,-0.001609058,13.08559179,21.18405708
2023-05-11 00:00:00,1793.24,-0.025338884,0,0.5,-0.012669442,12.72867861,20.90299745
2023-05-12 00:00:00,1806.53,0.007411166,0,0.5,0.003705583,12.83042413,20.98416083
2023-05-13 00:00:00,1794.44,-0.006692388,0,0.5,-0.003346194,12.73786556,20.91059756
2023-05-14 00:00:00,1798.25,0.002123225,0,0.5,0.001061613,12.76703414,20.93385813
2023-05-15 00:00:00,1815.56,0.009626025,0,0.5,0.004813013,12.89955596,21.03942607
2023-05-16 00:00:00,1823.53,0.00438983,0,0.5,0.002194915,12.96057265,21.08780073
2023-05-17 00:00:00,1821.65,-0.001030967,0,0.5,-0.000515484,12.94617976,21.07641483
2023-05-18 00:00:00,1799.69,-0.012055005,0,0.5,-0.006027503,12.77805849,20.94334919
2023-05-19 00:00:00,1811.38,0.006495563,0,0.5,0.003247782,12.86755474,21.01461639
2023-05-20 00:00:00,1818.59,0.003980391,0,0.5,0.001990195,12.92275302,21.05842978
2023-05-21 00:00:00,1803.89,-0.008083185,0,0.5,-0.004041593,12.81021283,20.96927859
2023-05-22 00:00:00,1816.67,0.007084689,0,0.5,0.003542345,12.9080539,21.04710135
2023-05-23 00:00:00,1853.36,0.020196293,0,0.5,0.010098147,13.18894503,21.26973621
2023-05-24 00:00:00,1798.84,-0.029416843,0,0.5,-0.014708421,12.77155106,20.94218354
2023-05-25 00:00:00,1804.65,0.003229859,0,0.5,0.00161493,12.81603124,20.97761862
2023-05-26 00:00:00,1826.81,0.012279389,0,0.5,0.006139695,12.98568366,21.11255449
2023-05-27 00:00:00,1828.85,0.001116701,0,0.5,0.00055835,13.00130149,21.12490104
2023-05-28 00:00:00,1908.36,0.043475408,1,1,0.021737704,13.61001378,21.60584559
2023-05-29 00:00:00,1891.5,-0.008834811,0,0.5,-0.008834811,13.48093707,21.40612722
2023-05-30 00:00:00,1899.81,0.004393339,1,1,0.002196669,13.54455673,21.45534607
2023-05-31 00:00:00,1872.84,-0.014196156,1,1,-0.014196156,13.33807993,21.13656647
2023-06-01 00:00:00,1860.59,-0.006540868,0,0.5,-0.006540868,13.24429643,20.9917741
2023-06-02 00:00:00,1905.58,0.024180502,1,1,0.012090251,13.58873067,21.25766016
2023-06-03 00:00:00,1890.91,-0.007698444,1,1,-0.007698444,13.47642015,21.08631083
2023-06-04 00:00:00,1888.54,-0.001253365,0,0.5,-0.001253365,13.45827591,21.05862862
2023-06-05 00:00:00,1810.03,-0.041571796,0,0.5,-0.020785898,12.85721942,20.60012021
2023-06-06 00:00:00,1883.26,0.040457893,1,1,0.020228946,13.41785331,21.03706789
2023-06-07 00:00:00,1831.31,-0.027585145,0,0.5,-0.027585145,13.02013474,20.42917218
2023-06-08 00:00:00,1844.94,0.00744276,0,0.5,0.00372138,13.12448323,20.50891827
2023-06-09 00:00:00,1839.61,-0.002888983,0,0.5,-0.001444491,13.08367784,20.47784882
2023-06-10 00:00:00,1750.64,-0.048363512,0,0.5,-0.024181756,12.40254172,19.95847672
2023-06-11 00:00:00,1751.8,0.000662615,0,0.5,0.000331307,12.41142245,19.96542042
2023-06-12 00:00:00,1741.61,-0.005816874,0,0.5,-0.002908437,12.33340989,19.90444381
2023-06-13 00:00:00,1739.24,-0.00136081,0,0.5,-0.000680405,12.31526566,19.89022033
2023-06-14 00:00:00,1650.18,-0.051206274,0,0.5,-0.025603137,11.63344051,19.35536516
2023-06-15 00:00:00,1665.64,0.009368675,-1,0,0.004684337,11.75179911,19.45071656
2023-06-16 00:00:00,1717.31,0.031021109,0,0.5,0,12.14737406,19.45071656
2023-06-17 00:00:00,1727.2,0.005759007,0,0.5,0.002879503,12.22308988,19.50960446
2023-06-18 00:00:00,1719.99,-0.004174386,0,0.5,-0.002087193,12.16789159,19.46679696
2023-06-19 00:00:00,1736.21,0.009430287,0,0.5,0.004715144,12.2920686,19.56330085
2023-06-20 00:00:00,1791.37,0.03177035,0,0.5,0.015885175,12.71436227,19.88995248
2023-06-21 00:00:00,1888.31,0.054115007,1,1,0.027057503,13.45651508,20.45518244
2023-06-22 00:00:00,1871.36,-0.00897628,1,1,-0.00897628,13.32674935,20.26259471
2023-06-23 00:00:00,1892.2,0.011136286,1,1,0.011136286,13.48629613,20.49938104
2023-06-24 00:00:00,1874.48,-0.009364761,1,1,-0.009364761,13.35063543,20.29804449
2023-06-25 00:00:00,1898.27,0.01269152,1,1,0.01269152,13.5327668,20.56834904
2023-06-26 00:00:00,1858.14,-0.021140301,1,1,-0.021140301,13.22553973,20.11238764
2023-06-27 00:00:00,1889.05,0.016634914,0,0.5,0.016634914,13.46218037,20.4635904
2023-06-28 00:00:00,1827.26,-0.032709563,0,0.5,-0.016354782,12.98912877,20.11255807
2023-06-29 00:00:00,1851.19,0.013096111,0,0.5,0.006548056,13.17233196,20.25080428
2023-06-30 00:00:00,1933.41,0.044414674,1,1,0.022207337,13.80179146,20.72272805
2023-07-01 00:00:00,1924.08,-0.004825671,1,1,-0.004825671,13.73036288,20.61790131
2023-07-02 00:00:00,1937.69,0.00707351,1,1,0.00707351,13.83455826,20.77081576
2023-07-03 00:00:00,1955,0.008933318,1,1,0.008933318,13.96708008,20.96530137
2023-07-04 00:00:00,1935.72,-0.009861893,1,1,-0.009861893,13.81947634,20.74868193
2023-07-05 00:00:00,1909.88,-0.013349038,1,1,-0.013349038,13.62165059,20.45835795
2023-07-06 00:00:00,1844.82,-0.034064967,0,0.5,-0.034064967,13.12356454,19.72737968
2023-07-07 00:00:00,1870,0.013649028,1,1,0.006824514,13.31633747,19.86883398
2023-07-08 00:00:00,1864.45,-0.002967914,1,1,-0.002967914,13.2738478,19.80689706
2023-07-09 00:00:00,1861.81,-0.001415967,1,1,-0.001415967,13.2536365,19.77743518
2023-07-10 00:00:00,1879.34,0.009415569,1,1,0.009415569,13.3878426,19.97306655
2023-07-11 00:00:00,1877.66,-0.000893931,1,1,-0.000893931,13.37498086,19.95431808
2023-07-12 00:00:00,1870.81,-0.003648158,1,1,-0.003648158,13.32253866,19.87787342
2023-07-13 00:00:00,2004.78,0.071610693,1,1,0.071610693,14.34818558,21.3729524
2023-07-14 00:00:00,1936.74,-0.033938886,1,1,-0.033938886,13.82728525,20.61363931
2023-07-15 00:00:00,1930.4,-0.003273542,1,1,-0.003273542,13.77874751,20.54288615
2023-07-16 00:00:00,1920.97,-0.004884998,1,1,-0.004884998,13.70655336,20.4376492
2023-07-17 00:00:00,1910.37,-0.005518046,1,1,-0.005518046,13.62540193,20.31935528
2023-07-18 00:00:00,1896.46,-0.007281312,1,1,-0.007281312,13.51890981,20.1641224
2023-07-19 00:00:00,1887.55,-0.004698227,1,1,-0.004698227,13.45069668,20.06468854
2023-07-20 00:00:00,1890.56,0.00159466,1,1,0.00159466,13.47374062,20.09827955
2023-07-21 00:00:00,1890.84,0.000148104,1,1,0.000148104,13.47588424,20.1014043
2023-07-22 00:00:00,1865.6,-0.013348565,0,0.5,-0.013348565,13.28265197,19.81973084
2023-07-23 00:00:00,1887.86,0.011931818,0,0.5,0.005965909,13.45306997,19.94393946
2023-07-24 00:00:00,1849.04,-0.020562965,0,0.5,-0.010281483,13.155872,19.72860471
2023-07-25 00:00:00,1856.91,0.004256263,0,0.5,0.002128131,13.21612311,19.7727179
2023-07-26 00:00:00,1870.98,0.007577104,1,1,0.003788552,13.32384015,19.85141642
2023-07-27 00:00:00,1860.28,-0.005718928,0,0.5,-0.005718928,13.24192314,19.73216867
2023-07-28 00:00:00,1873.39,0.007047326,1,1,0.003523663,13.34229061,19.80522185
2023-07-29 00:00:00,1879.85,0.003448294,1,1,0.003448294,13.39174705,19.87696438
2023-07-30 00:00:00,1860.76,-0.010155066,0,0.5,-0.010155066,13.24559792,19.66495744
2023-07-31 00:00:00,1855.39,-0.002885918,0,0.5,-0.001442959,13.2044863,19.63513875
2023-08-01 00:00:00,1873.05,0.009518214,0,0.5,0.004759107,13.33968764,19.73334359
2023-08-02 00:00:00,1839.07,-0.018141534,-1,0,-0.009070767,13.07954371,19.54527626
2023-08-03 00:00:00,1834.69,-0.002381639,-1,0,0,13.04601133,19.54527626
2023-08-04 00:00:00,1829.4,-0.002883321,-1,0,0,13.00551217,19.54527626
2023-08-05 00:00:00,1835.5,0.003334427,-1,0,0,13.05221252,19.54527626
2023-08-06 00:00:00,1829.38,-0.003334241,-1,0,0,13.00535906,19.54527626
2023-08-07 00:00:00,1828.18,-0.00065596,-1,0,0,12.9961721,19.54527626
2023-08-08 00:00:00,1855.36,0.014867245,-1,0,0,13.20425662,19.54527626
2023-08-09 00:00:00,1854.7,-0.000355726,-1,0,0,13.1992038,19.54527626
2023-08-10 00:00:00,1851.42,-0.00176848,-1,0,0,13.17409279,19.54527626
2023-08-11 00:00:00,1848.04,-0.001825626,-1,0,0,13.1482162,19.54527626
2023-08-12 00:00:00,1849.14,0.000595225,-1,0,0,13.15663757,19.54527626
2023-08-13 00:00:00,1840.09,-0.004894167,-1,0,0,13.08735263,19.54527626
2023-08-14 00:00:00,1844.81,0.002565092,-1,0,0,13.12348798,19.54527626
2023-08-15 00:00:00,1828.28,-0.008960272,-1,0,0,12.99693768,19.54527626
2023-08-16 00:00:00,1807.19,-0.011535432,-1,0,0,12.83547696,19.54527626
2023-08-17 00:00:00,1681,-0.069826637,-1,0,0,11.86939213,19.54527626
2023-08-18 00:00:00,1660.76,-0.012040452,-1,0,0,11.71443883,19.54527626
2023-08-19 00:00:00,1668.69,0.004774922,-1,0,0,11.77514929,19.54527626
2023-08-20 00:00:00,1684.16,0.009270745,-1,0,0,11.89358444,19.54527626
2023-08-21 00:00:00,1666.79,-0.010313747,-1,0,0,11.76060328,19.54527626
2023-08-22 00:00:00,1634.5,-0.019372566,-1,0,0,11.51339764,19.54527626
2023-08-23 00:00:00,1678.8,0.02710309,-1,0,0,11.85254938,19.54527626
2023-08-24 00:00:00,1660.22,-0.011067429,-1,0,0,11.7103047,19.54527626
2023-08-25 00:00:00,1653.24,-0.004204262,-1,0,0,11.65686725,19.54527626
2023-08-26 00:00:00,1646.28,-0.004209915,-1,0,0,11.60358291,19.54527626
2023-08-27 00:00:00,1657.59,0.006870034,-1,0,0,11.69016996,19.54527626
2023-08-28 00:00:00,1652.51,-0.00306469,-1,0,0,11.65127852,19.54527626
2023-08-29 00:00:00,1728.51,0.045990645,-1,0,0,12.23311897,19.54527626
2023-08-30 00:00:00,1704.39,-0.013954215,-1,0,0,12.04846119,19.54527626
2023-08-31 00:00:00,1645.27,-0.034686897,-1,0,0,11.59585056,19.54527626
2023-09-01 00:00:00,1628.19,-0.010381275,-1,0,0,11.46508957,19.54527626
2023-09-02 00:00:00,1636.24,0.00494414,-1,0,0,11.52671873,19.54527626
2023-09-03 00:00:00,1635.02,-0.000745612,-1,0,0,11.51737866,19.54527626
2023-09-04 00:00:00,1630.09,-0.003015254,-1,0,0,11.47963558,19.54527626
2023-09-05 00:00:00,1633.63,0.002171659,-1,0,0,11.5067371,19.54527626
2023-09-06 00:00:00,1632.33,-0.000795774,-1,0,0,11.49678457,19.54527626
2023-09-07 00:00:00,1647.27,0.009152561,-1,0,0,11.61116215,19.54527626
2023-09-08 00:00:00,1635.78,-0.006975177,-1,0,0,11.52319706,19.54527626
2023-09-09 00:00:00,1634.8,-0.000599103,-1,0,0,11.51569438,19.54527626
2023-09-10 00:00:00,1616.47,-0.011212381,-1,0,0,11.37536365,19.54527626
2023-09-11 00:00:00,1551.03,-0.040483275,-1,0,0,10.8743684,19.54527626
2023-09-12 00:00:00,1592.29,0.026601678,-1,0,0,11.19024652,19.54527626
2023-09-13 00:00:00,1606.68,0.009037298,-1,0,0,11.30041341,19.54527626
2023-09-14 00:00:00,1625.65,0.011806956,-1,0,0,11.44564385,19.54527626
2023-09-15 00:00:00,1640.67,0.009239381,-1,0,0,11.5606339,19.54527626
2023-09-16 00:00:00,1633.68,-0.004260455,-1,0,0,11.50711989,19.54527626
2023-09-17 00:00:00,1621.62,-0.007382107,-1,0,0,11.414791,19.54527626
2023-09-18 00:00:00,1635.63,0.008639509,-1,0,0,11.52204869,19.54527626
2023-09-19 00:00:00,1642.49,0.004194103,-1,0,0,11.57456745,19.54527626
2023-09-20 00:00:00,1621.6,-0.012718494,-1,0,0,11.41463788,19.54527626
2023-09-21 00:00:00,1583,-0.023803651,-1,0,0,11.11912418,19.54527626
2023-09-22 00:00:00,1592.28,0.005862287,-1,0,0,11.19016996,19.54527626
2023-09-23 00:00:00,1592.97,0.000433341,-1,0,0,11.19545246,19.54527626
2023-09-24 00:00:00,1579.99,-0.008148302,-1,0,0,11.09608023,19.54527626
2023-09-25 00:00:00,1587.69,0.004873449,-1,0,0,11.15502986,19.54527626
2023-09-26 00:00:00,1593.3,0.003533435,-1,0,0,11.19797887,19.54527626
2023-09-27 00:00:00,1597.89,0.002880813,-1,0,0,11.23311897,19.54527626
2023-09-28 00:00:00,1652.13,0.033944765,-1,0,0,11.64836932,19.54527626
2023-09-29 00:00:00,1666.61,0.008764443,-1,0,0,11.75922523,19.54527626
2023-09-30 00:00:00,1670.18,0.002142073,0,0.5,0,11.78655642,19.54527626
2023-10-01 00:00:00,1733.39,0.03784622,0,0.5,0.01892311,12.27047925,19.93405679
2023-10-02 00:00:00,1661.49,-0.041479413,0,0.5,-0.020739707,11.72002756,19.49989059
2023-10-03 00:00:00,1656.18,-0.003195927,0,0.5,-0.001597963,11.67937529,19.46713252
2023-10-04 00:00:00,1645.75,-0.006297625,0,0.5,-0.003148812,11.59952534,19.40268536
2023-10-05 00:00:00,1611.23,-0.020975239,-1,0,-0.01048762,11.33524728,19.18870976
2023-10-06 00:00:00,1644.33,0.020543312,0,0.5,0,11.58865411,19.18870976
2023-10-07 00:00:00,1633.18,-0.006780877,-1,0,-0.003390439,11.50329199,19.12026118
2023-10-08 00:00:00,1632.02,-0.000710271,-1,0,0,11.49441127,19.12026118
2023-10-09 00:00:00,1579.4,-0.032242252,-1,0,0,11.09156331,19.12026118
2023-10-10 00:00:00,1566.89,-0.007920729,-1,0,0,10.99578931,19.12026118
2023-10-11 00:00:00,1566.07,-0.00052333,0,0.5,0,10.98951156,19.12026118
2023-10-12 00:00:00,1538.81,-0.017406629,-1,0,-0.008703315,10.78081458,18.94514821
2023-10-13 00:00:00,1551.55,0.008279125,-1,0,0,10.87834941,18.94514821
2023-10-14 00:00:00,1554.15,0.001675744,-1,0,0,10.89825448,18.94514821
2023-10-15 00:00:00,1557.25,0.001994659,-1,0,0,10.92198744,18.94514821
2023-10-16 00:00:00,1598.61,0.02655964,-1,0,0,11.23863114,18.94514821
2023-10-17 00:00:00,1563.99,-0.021656314,-1,0,0,10.97358751,18.94514821
2023-10-18 00:00:00,1562.65,-0.000856783,-1,0,0,10.96332874,18.94514821
2023-10-19 00:00:00,1565.89,0.002073401,-1,0,0,10.98813352,18.94514821
2023-10-20 00:00:00,1603.14,0.023788389,-1,0,0,11.2733119,18.94514821
2023-10-21 00:00:00,1628.29,0.015687962,0,0.5,0,11.46585515,18.94514821
2023-10-22 00:00:00,1662.83,0.021212438,0,0.5,0.010606219,11.73028633,19.15669082
2023-10-23 00:00:00,1766.35,0.062255312,0,0.5,0.031127656,12.52281427,19.78412135
2023-10-24 00:00:00,1784.31,0.01016786,0,0.5,0.00508393,12.66031236,19.88978637
2023-10-25 00:00:00,1786.71,0.001345058,0,0.5,0.000672529,12.67868627,19.90383536
2023-10-26 00:00:00,1803.3,0.009285223,0,0.5,0.004642611,12.80569591,20.00088374
2023-10-27 00:00:00,1780.02,-0.012909666,0,0.5,-0.006454833,12.62746899,19.86532655
2023-10-28 00:00:00,1776.76,-0.00183144,0,0.5,-0.00091572,12.6025111,19.84621975
2023-10-29 00:00:00,1795.49,0.01054166,0,0.5,0.00527083,12.74590415,19.95609663
2023-10-30 00:00:00,1809.81,0.007975539,0,0.5,0.003987769,12.85553514,20.03966471
2023-10-31 00:00:00,1815.67,0.003237909,0,0.5,0.001618954,12.9003981,20.07372697
2023-11-01 00:00:00,1848.2,0.017916251,0,0.5,0.008958126,13.14944113,20.26250806
2023-11-02 00:00:00,1800.68,-0.025711503,0,0.5,-0.012855752,12.78563773,19.98916254
2023-11-03 00:00:00,1832.49,0.017665549,0,0.5,0.008832774,13.02916858,20.17455508
2023-11-04 00:00:00,1856.08,0.012873194,0,0.5,0.006436597,13.20976879,20.31084716
2023-11-05 00:00:00,1892.49,0.019616611,1,1,0.009808306,13.48851631,20.51987046
2023-11-06 00:00:00,1901.71,0.004871888,1,1,0.004871888,13.55910274,20.62471287
2023-11-07 00:00:00,1885.79,-0.008371413,1,1,-0.008371413,13.43722248,20.44368347
2023-11-08 00:00:00,1888.42,0.001394641,1,1,0.001394641,13.45735722,20.4735897
2023-11-09 00:00:00,2122.92,0.124177884,1,1,0.124177884,15.25264125,23.14013464
2023-11-10 00:00:00,2079.1,-0.020641381,1,1,-0.020641381,14.91716429,22.64184893
2023-11-11 00:00:00,2054.52,-0.011822423,1,1,-0.011822423,14.72898484,22.36234499
2023-11-12 00:00:00,2046.08,-0.004108015,1,1,-0.004108015,14.66436993,22.26637211
2023-11-13 00:00:00,2055.18,0.004447529,1,1,0.004447529,14.73403767,22.36984997
2023-11-14 00:00:00,1980.11,-0.036527214,1,1,-0.036527214,14.1593171,21.51621446
2023-11-15 00:00:00,2059.29,0.039987677,1,1,0.039987677,14.76550299,22.41658558
2023-11-16 00:00:00,1962.13,-0.04718131,1,1,-0.04718131,14.0216659,21.3117604
2023-11-17 00:00:00,1961.21,-0.000468878,1,1,-0.000468878,14.01462257,21.3012989
2023-11-18 00:00:00,1963.19,0.001009581,1,1,0.001009581,14.02978104,21.32381386
2023-11-19 00:00:00,2012.46,0.025096909,1,1,0.025096909,14.40698209,21.88407258
2023-11-20 00:00:00,2022.41,0.004944198,1,1,0.004944198,14.48315725,21.99721596
2023-11-21 00:00:00,1933.44,-0.043992069,1,1,-0.043992069,13.80202113,20.98552085
2023-11-22 00:00:00,2063.91,0.06748076,1,1,0.06748076,14.80087276,22.4691205
2023-11-23 00:00:00,2062.68,-0.000595956,1,1,-0.000595956,14.79145613,22.45513393
2023-11-24 00:00:00,2081.16,0.008959218,1,1,0.008959218,14.93293523,22.66527359
2023-11-25 00:00:00,2082.87,0.000821657,1,1,0.000821657,14.94602664,22.68471833
2023-11-26 00:00:00,2061.97,-0.010034232,1,1,-0.010034232,14.78602052,22.44706038
2023-11-27 00:00:00,2027.57,-0.016683075,1,1,-0.016683075,14.52266115,22.05589132
2023-11-28 00:00:00,2048.2,0.010174741,1,1,0.010174741,14.68060021,22.29047904
2023-11-29 00:00:00,2028.41,-0.009662142,1,1,-0.009662142,14.52909202,22.06544312
2023-11-30 00:00:00,2051.76,0.011511479,1,1,0.011511479,14.70785485,22.33096049
2023-12-01 00:00:00,2086.99,0.017170624,1,1,0.017170624,14.97756852,22.73156765
2023-12-02 00:00:00,2165.28,0.037513357,1,1,0.037513357,15.57694074,23.62181841
2023-12-03 00:00:00,2193.24,0.01291288,1,1,0.01291288,15.79099678,23.93975698
2023-12-04 00:00:00,2243.66,0.02298882,1,1,0.02298882,16.17700199,24.51309257
2023-12-05 00:00:00,2293.97,0.022423184,1,1,0.022423184,16.56216506,25.08517733
2023-12-06 00:00:00,2233.29,-0.026451959,1,1,-0.026451959,16.09761139,24.39517329
2023-12-07 00:00:00,2357.04,0.055411523,1,1,0.055411523,17.04501608,25.80235852
2023-12-08 00:00:00,2360.82,0.001603706,1,1,0.001603706,17.07395498,25.84534163
2023-12-09 00:00:00,2342.4,-0.007802374,1,1,-0.007802374,16.93293523,25.63588424
2023-12-10 00:00:00,2353.97,0.004939378,1,1,0.004939378,17.02151279,25.76744896
2023-12-11 00:00:00,2225.56,-0.054550398,1,1,-0.054550398,16.03843209,24.30727397
2023-12-12 00:00:00,2204.7,-0.009372922,1,1,-0.009372922,15.8787322,24.07007086
2023-12-13 00:00:00,2261.44,0.025735928,1,1,0.025735928,16.31312203,24.7152724
2023-12-14 00:00:00,2316.54,0.024365006,1,1,0.024365006,16.73495636,25.34182517
2023-12-15 00:00:00,2221.71,-0.040936051,1,1,-0.040936051,16.00895728,24.26349487
2023-12-16 00:00:00,2229.64,0.003569323,1,1,0.003569323,16.06966774,24.35366844
2023-12-17 00:00:00,2197.93,-0.014222027,1,1,-0.014222027,15.82690247,23.99308788
2023-12-18 00:00:00,2220.48,0.010259653,1,1,0.010259653,15.99954065,24.2495083
2023-12-19 00:00:00,2179.02,-0.018671639,1,1,-0.018671639,15.68213137,23.77805861
2023-12-20 00:00:00,2203.95,0.011440923,1,1,0.011440923,15.87299035,24.06154247
2023-12-21 00:00:00,2241.35,0.016969532,1,1,0.016969532,16.1593171,24.48682512
2023-12-22 00:00:00,2326.53,0.038003882,1,1,0.038003882,16.81143776,25.4554234
2023-12-23 00:00:00,2309.86,-0.007165177,1,1,-0.007165177,16.68381565,25.2658656
2023-12-24 00:00:00,2265.43,-0.019234932,1,1,-0.019234932,16.34366866,24.76064346
2023-12-25 00:00:00,2273.07,0.003372428,1,1,0.003372428,16.40215893,24.84751938
2023-12-26 00:00:00,2232.44,-0.017874505,1,1,-0.017874505,16.09110397,24.38550778
2023-12-27 00:00:00,2380.31,0.066236943,1,1,0.066236943,17.22316644,26.0669662
2023-12-28 00:00:00,2345.96,-0.014430893,1,1,-0.014430893,16.96018986,25.67636569
2023-12-29 00:00:00,2300.6,-0.019335368,1,1,-0.019335368,16.61292298,25.16056835
2023-12-30 00:00:00,2293.26,-0.003190472,1,1,-0.003190472,16.55672944,25.07710378
2023-12-31 00:00:00,2283.85,-0.004103329,1,1,-0.004103329,16.48468841,24.97010085
2024-01-01 00:00:00,2354.62,0.030987149,1,1,0.030987149,17.02648905,25.77484023
2024-01-02 00:00:00,2356.93,0.00098105,1,1,0.00098105,17.04417394,25.80110769
2024-01-03 00:00:00,2210.39,-0.062174099,0,0.5,-0.062174099,15.92229368,24.13477296
2024-01-04 00:00:00,2267.85,0.025995413,0,0.5,0.012997706,16.36219568,24.46146735
2024-01-05 00:00:00,2268.93,0.000476222,1,1,0.000238111,16.37046394,24.46753001
2024-01-06 00:00:00,2240.36,-0.012591838,0,0.5,-0.012591838,16.15173787,24.14684699
2024-01-07 00:00:00,2220.87,-0.008699495,0,0.5,-0.004349747,16.00252641,24.03746455
2024-01-08 00:00:00,2331.11,0.049638205,0,0.5,0.024819102,16.8465013,24.65887195
2024-01-09 00:00:00,2344.44,0.005718306,0,0.5,0.002859153,16.94855305,24.73223459
2024-01-10 00:00:00,2585.82,0.102958489,1,1,0.051479245,18.79650896,26.05691059
2024-01-11 00:00:00,2618.59,0.012672963,1,1,0.012672963,19.04738937,26.3998018
2024-01-12 00:00:00,2523.3,-0.036389813,1,1,-0.036389813,18.31786863,25.40272814
2024-01-13 00:00:00,2578.5,0.021876115,1,1,0.021876115,18.74046853,25.98031725
2024-01-14 00:00:00,2474.36,-0.040387822,1,1,-0.040387822,17.943194,24.89064099
2024-01-15 00:00:00,2512.21,0.015296885,1,1,0.015296885,18.23296586,25.28668714
2024-01-16 00:00:00,2587.4,0.029929823,1,1,0.029929823,18.80860511,26.07344303
2024-01-17 00:00:00,2530.62,-0.021944809,1,1,-0.021944809,18.37390905,25.47932148
2024-01-18 00:00:00,2471.29,-0.023444848,1,1,-0.023444848,17.91969071,24.85851783
2024-01-19 00:00:00,2492.46,0.008566376,1,1,0.008566376,18.0817639,25.08003162
2024-01-20 00:00:00,2472.27,-0.008100431,1,1,-0.008100431,17.92719339,24.86877212
2024-01-21 00:00:00,2457.02,-0.00616842,1,1,-0.00616842,17.8104425,24.70920267
2024-01-22 00:00:00,2314.33,-0.058074415,1,1,-0.058074415,16.71803705,23.21615576
2024-01-23 00:00:00,2241.67,-0.031395696,0,0.5,-0.031395696,16.16176696,22.4558727
2024-01-24 00:00:00,2234.62,-0.003144977,0,0.5,-0.001572488,16.1077936,22.41898862
2024-01-25 00:00:00,2218.02,-0.007428556,0,0.5,-0.003714278,15.9807074,22.33200398
2024-01-26 00:00:00,2266.72,0.02195652,0,0.5,0.01097826,16.35354463,22.58814878
2024-01-27 00:00:00,2266.99,0.000119115,0,0.5,5.95574E-05,16.3556117,22.58955363
2024-01-28 00:00:00,2256,-0.004847838,0,0.5,-0.002423919,16.27147451,22.53237447
2024-01-29 00:00:00,2316.52,0.026826241,1,1,0.013413121,16.73480325,22.84801704
2024-01-30 00:00:00,2341.95,0.010977673,1,1,0.010977673,16.92949012,23.10981279
2024-01-31 00:00:00,2282,-0.025598326,0,0.5,-0.025598326,16.47052519,22.49264193
2024-02-01 00:00:00,2303.33,0.009347064,0,0.5,0.004673532,16.6338233,22.60243555
2024-02-02 00:00:00,2307.99,0.002023158,1,1,0.001011579,16.66949931,22.62631127
2024-02-03 00:00:00,2295.42,-0.005446297,1,1,-0.005446297,16.57326596,22.49763536
2024-02-04 00:00:00,2288.66,-0.002944995,1,1,-0.002944995,16.52151279,22.42843494
2024-02-05 00:00:00,2300.83,0.005317522,1,1,0.005317522,16.61468382,22.55301616
2024-02-06 00:00:00,2371.74,0.030819313,1,1,0.030819313,17.15755627,23.27890394
2024-02-07 00:00:00,2424.22,0.022127215,1,1,0.022127215,17.55933241,23.81612846
2024-02-08 00:00:00,2418.76,-0.002252271,1,1,-0.002252271,17.51753177,23.76023581
2024-02-09 00:00:00,2485.24,0.027485158,0,0.5,0.027485158,18.02648905,24.4407748
2024-02-10 00:00:00,2499.2,0.005617164,0,0.5,0.002808582,18.13336396,24.5122273
2024-02-11 00:00:00,2506.1,0.002760883,0,0.5,0.001380442,18.18618895,24.54744544
2024-02-12 00:00:00,2660.91,0.061773273,1,1,0.030886637,19.37138264,25.33652011
2024-02-13 00:00:00,2640.83,-0.007546291,1,1,-0.007546291,19.21765426,25.13777707
2024-02-14 00:00:00,2776.14,0.051237679,1,1,0.051237679,20.25355994,26.47701611
2024-02-15 00:00:00,2824.54,0.017434279,1,1,0.017434279,20.62410044,26.95605808
2024-02-16 00:00:00,2803.69,-0.007381733,1,1,-0.007381733,20.46447711,26.74969392
2024-02-17 00:00:00,2787.43,-0.0057995,1,1,-0.0057995,20.33999388,26.58875957
2024-02-18 00:00:00,2883.58,0.03449414,1,1,0.03449414,21.07609861,27.5404101
2024-02-19 00:00:00,2946.55,0.021837438,1,1,0.021837438,21.55818405,28.16365954
2024-02-20 00:00:00,3017.21,0.023980587,1,1,0.023980587,22.09914255,28.86302123
2024-02-21 00:00:00,2969.65,-0.015762907,1,1,-0.015762907,21.73503292,28.39229321
2024-02-22 00:00:00,2972.8,0.001060731,1,1,0.001060731,21.75914868,28.42347053
2024-02-23 00:00:00,2923.35,-0.01663415,1,1,-0.01663415,21.38056959,27.93403612
2024-02-24 00:00:00,2994.39,0.024300888,1,1,0.024300888,21.9244373,28.63715888
2024-02-25 00:00:00,3115.24,0.040358804,1,1,0.040358804,22.84964018,29.83327918
2024-02-26 00:00:00,3178.6,0.020338722,1,1,0.020338722,23.33471138,30.46038867
2024-02-27 00:00:00,3244.98,0.020883408,1,1,0.020883408,23.84290308,31.11738879
2024-02-28 00:00:00,3387.07,0.043787635,1,1,0.043787635,24.93071505,32.52373329
2024-02-29 00:00:00,3343.15,-0.01296696,1,1,-0.01296696,24.59447252,32.0890324
2024-03-01 00:00:00,3435.82,0.027719366,1,1,0.027719366,25.30393508,33.00623941
2024-03-02 00:00:00,3424.43,-0.003315075,1,1,-0.003315075,25.21673557,32.89350619
2024-03-03 00:00:00,3491.77,0.019664587,1,1,0.019664587,25.73227683,33.56000797
2024-03-04 00:00:00,3629.72,0.039507184,1,1,0.039507184,26.78839381,34.92537657
2024-03-05 00:00:00,3555.43,-0.020467143,1,1,-0.020467143,26.21964477,34.19008673
2024-03-06 00:00:00,3822.36,0.075076714,1,1,0.075076714,28.26320625,36.83204279
2024-03-07 00:00:00,3871.69,0.012905639,1,1,0.012905639,28.64086664,37.3202895
2024-03-08 00:00:00,3886.04,0.003706392,1,1,0.003706392,28.7507273,37.4623195
2024-03-09 00:00:00,3908.15,0.005689597,1,1,0.005689597,28.91999694,37.68115459
2024-03-10 00:00:00,3881.22,-0.006890728,1,1,-0.006890728,28.71382637,37.41461326
2024-03-11 00:00:00,4070.52,0.048773324,1,1,0.048773324,30.16306844,39.28822163
2024-03-12 00:00:00,3984.18,-0.021211049,1,1,-0.021211049,29.50206706,38.43366618
2024-03-13 00:00:00,4008.76,0.0061694,1,1,0.0061694,29.69024652,38.67694824
2024-03-14 00:00:00,3884.99,-0.030874884,1,1,-0.030874884,28.74268872,37.45192706
2024-03-15 00:00:00,3745,-0.036033555,1,1,-0.036033555,27.67095391,36.06636744
2024-03-16 00:00:00,3525.58,-0.05859012,1,1,-0.05859012,25.99111928,33.89464452
2024-03-17 00:00:00,3646.99,0.034436887,1,1,0.034436887,26.9206094,35.09630745
2024-03-18 00:00:00,3523.43,-0.033879994,1,1,-0.033879994,25.97465932,33.87336477
2024-03-19 00:00:00,3161,-0.102862835,1,1,-0.102862835,23.19996938,30.28619159
2024-03-20 00:00:00,3517.8,0.112875672,1,1,0.112875672,25.93155719,33.81764149
2024-03-21 00:00:00,3495.16,-0.006435841,1,1,-0.006435841,25.75822998,33.5935607
2024-03-22 00:00:00,3339,-0.044678927,1,1,-0.044678927,24.56270096,32.04795752
2024-03-23 00:00:00,3330.96,-0.002407907,1,1,-0.002407907,24.50114837,31.96838112
2024-03-24 00:00:00,3457.16,0.037886976,1,1,0.037886976,25.46730975,33.21745337
2024-03-25 00:00:00,3592.94,0.039275012,1,1,0.039275012,26.50681366,34.56134426
2024-03-26 00:00:00,3589.64,-0.000918468,1,1,-0.000918468,26.48154953,34.52868231
2024-03-27 00:00:00,3504.99,-0.023581752,1,1,-0.023581752,25.83348645,33.69085373
2024-03-28 00:00:00,3563.99,0.016833144,1,1,0.016833144,26.28517838,34.27480986
2024-03-29 00:00:00,3512.46,-0.014458514,1,1,-0.014458514,25.89067524,33.76478852
2024-03-30 00:00:00,3508.66,-0.001081863,1,1,-0.001081863,25.86158322,33.72717778
2024-03-31 00:00:00,3648.79,0.039938324,1,1,0.039938324,26.93438983,35.11412306
2024-04-01 00:00:00,3506.52,-0.038991008,1,1,-0.038991008,25.84519982,33.705997
2024-04-02 00:00:00,3280.76,-0.064382921,0,0.5,-0.064382921,24.11682744,31.47152354
2024-04-03 00:00:00,3313.29,0.009915385,0,0.5,0.004957693,24.36587046,31.63250738
2024-04-04 00:00:00,3329.65,0.00493769,0,0.5,0.002468845,24.49111928,31.71307198
2024-04-05 00:00:00,3319.66,-0.003000315,0,0.5,-0.001500158,24.41463788,31.66399722
2024-04-06 00:00:00,3353.15,0.010088383,0,0.5,0.005044191,24.67103047,31.82876067
2024-04-07 00:00:00,3455.99,0.030669669,0,0.5,0.015334834,25.45835247,32.33218428
2024-04-08 00:00:00,3697.6,0.069910503,0,0.5,0.034955252,27.30806921,33.49731916
2024-04-09 00:00:00,3508.45,-0.051154803,0,0.5,-0.025577402,25.8599755,32.61496738
2024-04-10 00:00:00,3547.64,0.011170175,0,0.5,0.005585087,26.16000612,32.80270991
2024-04-11 00:00:00,3504.43,-0.012179928,0,0.5,-0.006089964,25.8291992,32.59685262
2024-04-12 00:00:00,3238.3,-0.075941023,0,0.5,-0.037970512,23.79176236,31.32116294
2024-04-13 00:00:00,3005.46,-0.071901924,0,0.5,-0.035950962,22.00918695,30.15918604
2024-04-14 00:00:00,3153.16,0.049143891,0,0.5,0.024571946,23.13994794,30.92482787
2024-04-15 00:00:00,3100.75,-0.016621421,0,0.5,-0.008310711,22.7387077,30.65950987
2024-04-16 00:00:00,3082.85,-0.005772797,0,0.5,-0.002886398,22.60166896,30.56812791
2024-04-17 00:00:00,2983.25,-0.032307767,0,0.5,-0.016153884,21.83915174,30.05818005
2024-04-18 00:00:00,3062.85,0.02668231,0,0.5,0.013341155,22.44855305,30.47253203
2024-04-19 00:00:00,3054.91,-0.002592357,0,0.5,-0.001296178,22.38776604,30.43173802
2024-04-20 00:00:00,3154.31,0.032537783,0,0.5,0.016268892,23.14875211,30.94309756
2024-04-21 00:00:00,3145.73,-0.002720088,0,0.5,-0.001360044,23.08306538,30.89965354
2024-04-22 00:00:00,3198.66,0.016825983,0,0.5,0.008412992,23.48828663,31.16802506
2024-04-23 00:00:00,3218.04,0.006058787,0,0.5,0.003029394,23.63665595,31.26547467
2024-04-24 00:00:00,3138.84,-0.024611254,0,0.5,-0.012305627,23.03031695,30.86842777
2024-04-25 00:00:00,3154.44,0.004969989,0,0.5,0.002484994,23.14974736,30.94762064
2024-04-26 00:00:00,3129.98,-0.00775415,0,0.5,-0.003877075,22.9624866,30.82375732
2024-04-27 00:00:00,3253.97,0.039613672,0,0.5,0.019806836,23.91172868,31.45408526
2024-04-28 00:00:00,3262.28,0.002553804,0,0.5,0.001276902,23.97534834,31.49552594
2024-04-29 00:00:00,3215.27,-0.014410167,0,0.5,-0.007205084,23.6154494,31.26139296
2024-04-30 00:00:00,3012.58,-0.063039807,0,0.5,-0.031519903,22.06369622,30.24451697
2024-05-01 00:00:00,2970.61,-0.01393158,0,0.5,-0.00696579,21.74238248,30.02687422
2024-05-02 00:00:00,2984.8,0.004776797,0,0.5,0.002388398,21.85101822,30.10097875
2024-05-03 00:00:00,3100.83,0.038873626,0,0.5,0.019436813,22.73932017,30.70548267
2024-05-04 00:00:00,3115.46,0.004718092,0,0.5,0.002359046,22.85132445,30.78027735
2024-05-05 00:00:00,3135.24,0.006348982,0,0.5,0.003174491,23.00275609,30.88116356
2024-05-06 00:00:00,3061.5,-0.023519731,0,0.5,-0.011759865,22.43821773,30.50624537
2024-05-07 00:00:00,3004.55,-0.018601992,0,0.5,-0.009300996,22.00222018,30.2132059
2024-05-08 00:00:00,2972.93,-0.010524039,0,0.5,-0.005262019,21.76014393,30.04896141
2024-05-09 00:00:00,3034.75,0.020794301,0,0.5,0.01039715,22.2334252,30.37178213
2024-05-10 00:00:00,2908.85,-0.041486119,0,0.5,-0.02074306,21.26956056,29.72103538
2024-05-11 00:00:00,2911.27,0.000831944,0,0.5,0.000415972,21.28808758,29.73381447
2024-05-12 00:00:00,2927.73,0.00565389,0,0.5,0.002826945,21.41410198,29.82069727
2024-05-13 00:00:00,2949.71,0.007507523,0,0.5,0.003753761,21.58237636,29.93639082
2024-05-14 00:00:00,2880.87,-0.023337887,0,0.5,-0.011668944,21.0553514,29.57539582
2024-05-15 00:00:00,3030.66,0.05199471,0,0.5,0.025997355,22.202113,30.37027523
2024-05-16 00:00:00,2943.22,-0.028851801,0,0.5,-0.014425901,21.53269025,29.91773076
2024-05-17 00:00:00,3090.48,0.050033637,1,1,0.025016818,22.66008268,30.69119401
2024-05-18 00:00:00,3121.59,0.010066397,1,1,0.010066397,22.89825448,31.01021017
2024-05-19 00:00:00,3069.98,-0.016533241,1,1,-0.016533241,22.50313888,30.48097765
2024-05-20 00:00:00,3664.39,0.193620154,1,1,0.193620154,27.05382024,36.57632938
2024-05-21 00:00:00,3792.32,0.034911677,1,1,0.034911677,28.03322615,37.88818206
2024-05-22 00:00:00,3740.25,-0.013730381,1,1,-0.013730381,27.63458888,37.35423248
2024-05-23 00:00:00,3784.8,0.011910969,1,1,0.011910969,27.97565457,37.81106854
2024-05-24 00:00:00,3729.61,-0.014582012,1,1,-0.014582012,27.55313122,37.24512506
2024-05-25 00:00:00,3751.15,0.005775403,1,1,0.005775403,27.71803705,37.46600606
2024-05-26 00:00:00,3827.53,0.020361756,1,1,0.020361756,28.30278671,38.24924148
2024-05-27 00:00:00,3896.09,0.017912335,1,1,0.017912335,28.82766804,38.95228705
2024-05-28 00:00:00,3847,-0.012599812,1,1,-0.012599812,28.45184505,38.44889576
2024-05-29 00:00:00,3770,-0.020015597,1,1,-0.020015597,27.8623488,37.65930258
2024-05-30 00:00:00,3750.39,-0.005201592,1,1,-0.005201592,27.71221865,37.45821268
2024-05-31 00:00:00,3764.35,0.00372228,1,1,0.00372228,27.81909355,37.6013649
2024-06-01 00:00:00,3817.49,0.014116647,1,1,0.014116647,28.22592252,38.14628674
2024-06-02 00:00:00,3783.98,-0.008778019,1,1,-0.008778019,27.96937682,37.80265989
2024-06-03 00:00:00,3769.15,-0.003919154,1,1,-0.003919154,27.85584137,37.65058629
2024-06-04 00:00:00,3813.12,0.01166576,1,1,0.01166576,28.1924667,38.10147476
2024-06-05 00:00:00,3868.61,0.014552388,1,1,0.014552388,28.61728679,38.67049457
2024-06-06 00:00:00,3815.76,-0.013661237,1,1,-0.013661237,28.212678,38.12854653
2024-06-07 00:00:00,3679.82,-0.03562593,1,1,-0.03562593,27.17194917,36.73455565
2024-06-08 00:00:00,3682.11,0.000622313,1,1,0.000622313,27.18948094,36.75803836
2024-06-09 00:00:00,3707.67,0.006941672,1,1,0.006941672,27.38516307,37.02014228
2024-06-10 00:00:00,3669.66,-0.010251721,1,1,-0.010251721,27.09416628,36.63037037
2024-06-11 00:00:00,3498.16,-0.046734575,1,1,-0.046734575,25.78119737,34.87173101
2024-06-12 00:00:00,3560.45,0.017806504,1,1,0.017806504,26.25807686,35.51048113
2024-06-13 00:00:00,3469.18,-0.0256344,1,1,-0.0256344,25.55933241,34.57455685
2024-06-14 00:00:00,3480.51,0.003265901,1,1,0.003265901,25.64607258,34.69073984
2024-06-15 00:00:00,3567.87,0.02509977,1,1,0.02509977,26.31488287,35.5865692
2024-06-16 00:00:00,3622.96,0.015440585,1,1,0.015440585,26.73664064,36.15148723
2024-06-17 00:00:00,3509.56,-0.031300373,1,1,-0.031300373,25.86847343,34.98863182
2024-06-18 00:00:00,3482.34,-0.007755958,1,1,-0.007755958,25.66008268,34.7095055
2024-06-19 00:00:00,3558.85,0.021970859,0,0.5,0.021970859,26.24582759,35.494074
2024-06-20 00:00:00,3511.26,-0.013372297,0,0.5,-0.006686149,25.88148829,35.2500692
2024-06-21 00:00:00,3517.18,0.001686004,0,0.5,0.000843002,25.9268106,35.28062809
2024-06-22 00:00:00,3494.26,-0.006516584,0,0.5,-0.003258292,25.75133976,35.1624152
2024-06-23 00:00:00,3419.38,-0.02142943,0,0.5,-0.010714715,25.1780738,34.77494523
2024-06-24 00:00:00,3352,-0.019705327,0,0.5,-0.009852663,24.66222631,34.42246674
2024-06-25 00:00:00,3393.06,0.012249403,0,0.5,0.006124702,24.97657327,34.63941878
2024-06-26 00:00:00,3370.76,-0.006572239,0,0.5,-0.003286119,24.80584903,34.5223034
2024-06-27 00:00:00,3450.34,0.023608919,0,0.5,0.01180446,25.41509723,34.94162499
2024-06-28 00:00:00,3379.51,-0.020528412,0,0.5,-0.010264206,24.87283724,34.57271275
2024-06-29 00:00:00,3377.62,-0.000559253,-1,0,-0.000279626,24.85836778,34.56276568
2024-06-30 00:00:00,3436.73,0.017500489,0,0.5,0,25.31090185,34.56276568
2024-07-01 00:00:00,3440.46,0.001085334,-1,0,0.000542667,25.33945797,34.58206442
2024-07-02 00:00:00,3420.43,-0.005821896,-1,0,0,25.18611239,34.58206442
2024-07-03 00:00:00,3294.75,-0.036743918,-1,0,0,24.22393202,34.58206442
2024-07-04 00:00:00,3059.31,-0.07145914,-1,0,0,22.42145154,34.58206442
2024-07-05 00:00:00,2980.43,-0.025783592,-1,0,0,21.81756239,34.58206442
2024-07-06 00:00:00,3065.5,0.028542861,-1,0,0,22.46884091,34.58206442
2024-07-07 00:00:00,2930.24,-0.044123308,-1,0,0,21.43331802,34.58206442
2024-07-08 00:00:00,3017.51,0.029782543,-1,0,0,22.10143929,34.58206442
2024-07-09 00:00:00,3065.06,0.015758026,-1,0,0,22.46547236,34.58206442
2024-07-10 00:00:00,3099.12,0.011112344,-1,0,0,22.72622876,34.58206442
2024-07-11 00:00:00,3098.25,-0.000280725,-1,0,0,22.71956821,34.58206442
2024-07-12 00:00:00,3133.24,0.011293472,-1,0,0,22.9874445,34.58206442
2024-07-13 00:00:00,3174.01,0.01301209,-1,0,0,23.29957128,34.58206442
2024-07-14 00:00:00,3243.56,0.021912344,-1,0,0,23.83203185,34.58206442
2024-07-15 00:00:00,3481.62,0.073394665,-1,0,0,25.65457051,34.58206442
2024-07-16 00:00:00,3442.83,-0.011141365,-1,0,0,25.3576022,34.58206442
2024-07-17 00:00:00,3386,-0.016506769,0,0.5,0,24.92252335,34.58206442
2024-07-18 00:00:00,3424.99,0.011515062,-1,0,0.005757531,25.22102281,34.78692926
2024-07-19 00:00:00,3502.18,0.022537292,0,0.5,0,25.81197366,34.78692926
2024-07-20 00:00:00,3516.03,0.00395468,1,1,0.00197734,25.91800643,34.85769218
2024-07-21 00:00:00,3534.29,0.005193357,1,1,0.005193357,26.05780126,35.04391399
2024-07-22 00:00:00,3438.08,-0.027221875,-1,0,-0.027221875,25.32123718,34.06273107
2024-07-23 00:00:00,3481.01,0.01248662,0,0.5,0,25.64990047,34.06273107
2024-07-24 00:00:00,3334.24,-0.04216305,-1,0,-0.021081525,24.52625938,33.32355523
2024-07-25 00:00:00,3173.67,-0.048157901,-1,0,0,23.29696831,33.32355523
2024-07-26 00:00:00,3272.82,0.031241433,-1,0,0,24.05604042,33.32355523
2024-07-27 00:00:00,3248.17,-0.007531731,-1,0,0,23.86732507,33.32355523
2024-07-28 00:00:00,3268.03,0.006114212,-1,0,0,24.01936916,33.32355523
2024-07-29 00:00:00,3316.87,0.014944783,-1,0,0,24.39327821,33.32355523
2024-07-30 00:00:00,3278.17,-0.011667626,-1,0,0,24.09699893,33.32355523
2024-07-31 00:00:00,3231.48,-0.014242702,-1,0,0,23.73954984,33.32355523
2024-08-01 00:00:00,3201.67,-0.009224875,-1,0,0,23.51133058,33.32355523
2024-08-02 00:00:00,2988.11,-0.06670269,-1,0,0,21.8763589,33.32355523
2024-08-03 00:00:00,2901.94,-0.028837626,-1,0,0,21.21665901,33.32355523
2024-08-04 00:00:00,2687.6,-0.073860934,-1,0,0,19.57571582,33.32355523
2024-08-05 00:00:00,2418.6,-0.100089299,-1,0,0,17.51630684,33.32355523
2024-08-06 00:00:00,2459.87,0.017063591,-1,0,0,17.83226152,33.32355523
2024-08-07 00:00:00,2341.41,-0.048157016,-1,0,0,16.92535599,33.32355523
2024-08-08 00:00:00,2681.59,0.145288523,-1,0,0,19.52970449,33.32355523
2024-08-09 00:00:00,2597.9,-0.031209096,-1,0,0,18.88899097,33.32355523
2024-08-10 00:00:00,2608.76,0.004180299,-1,0,0,18.9721329,33.32355523
2024-08-11 00:00:00,2554.65,-0.020741655,-1,0,0,18.55787781,33.32355523
2024-08-12 00:00:00,2721.15,0.065175269,-1,0,0,19.83256775,33.32355523
2024-08-13 00:00:00,2701.01,-0.007401283,-1,0,0,19.67838003,33.32355523
2024-08-14 00:00:00,2659.82,-0.015249851,-1,0,0,19.36303782,33.32355523
2024-08-15 00:00:00,2568.73,-0.034246678,-1,0,0,18.66567141,33.32355523
2024-08-16 00:00:00,2591.52,0.008872089,-1,0,0,18.84014699,33.32355523
2024-08-17 00:00:00,2613.18,0.008358029,-1,0,0,19.00597152,33.32355523
2024-08-18 00:00:00,2610.67,-0.000960516,-1,0,0,18.98675547,33.32355523
2024-08-19 00:00:00,2635.15,0.009376903,-1,0,0,19.17416935,33.32355523
2024-08-20 00:00:00,2571.51,-0.024150428,-1,0,0,18.68695452,33.32355523
2024-08-21 00:00:00,2629.38,0.022504287,-1,0,0,19.12999541,33.32355523
2024-08-22 00:00:00,2622,-0.002806745,-1,0,0,19.07349564,33.32355523
2024-08-23 00:00:00,2761.58,0.053234172,-1,0,0,20.14209156,33.32355523
2024-08-24 00:00:00,2766.4,0.001745378,-1,0,0,20.1789925,33.32355523
2024-08-25 00:00:00,2744.47,-0.00792727,-1,0,0,20.0111009,33.32355523
2024-08-26 00:00:00,2679.25,-0.023764151,-1,0,0,19.51178992,33.32355523
2024-08-27 00:00:00,2455.98,-0.083333022,-1,0,0,17.80248048,33.32355523
2024-08-28 00:00:00,2527.31,0.029043396,-1,0,0,18.34856837,33.32355523
2024-08-29 00:00:00,2526.28,-0.000407548,-1,0,0,18.3406829,33.32355523
2024-08-30 00:00:00,2524.99,-0.000510632,-1,0,0,18.33080692,33.32355523
2024-08-31 00:00:00,2511.91,-0.005180219,-1,0,0,18.23066912,33.32355523
2024-09-01 00:00:00,2424.55,-0.034778316,-1,0,0,17.56185883,33.32355523
2024-09-02 00:00:00,2536.74,0.046272504,-1,0,0,18.42076252,33.32355523
2024-09-03 00:00:00,2424.05,-0.044423157,-1,0,0,17.55803093,33.32355523
2024-09-04 00:00:00,2449.67,0.010569089,0,0.5,0,17.75417241,33.32355523
2024-09-05 00:00:00,2367.37,-0.033596362,-1,0,-0.016798181,17.12410044,32.74698193
2024-09-06 00:00:00,2223.7,-0.060687598,-1,0,0,16.02419231,32.74698193
2024-09-07 00:00:00,2272.21,0.021814993,-1,0,0,16.39557495,32.74698193
2024-09-08 00:00:00,2295.89,0.010421572,-1,0,0,16.57686419,32.74698193
2024-09-09 00:00:00,2358.19,0.027135446,-1,0,0,17.05382024,32.74698193
2024-09-10 00:00:00,2387.63,0.012484151,-1,0,0,17.27920686,32.74698193
2024-09-11 00:00:00,2339.22,-0.020275336,-1,0,0,16.9085898,32.74698193
2024-09-12 00:00:00,2360.79,0.009221022,-1,0,0,17.07372531,32.74698193
2024-09-13 00:00:00,2438.15,0.032768692,-1,0,0,17.66597765,32.74698193
2024-09-14 00:00:00,2416.65,-0.008818161,-1,0,0,17.50137804,32.74698193
2024-09-15 00:00:00,2314.85,-0.042124428,-1,0,0,16.72201807,32.74698193
2024-09-16 00:00:00,2294.61,-0.008743547,-1,0,0,16.56706477,32.74698193
2024-09-17 00:00:00,2340.59,0.020038264,-1,0,0,16.91907824,32.74698193
2024-09-18 00:00:00,2373.93,0.014244272,-1,0,0,17.17432246,32.74698193
2024-09-19 00:00:00,2464.56,0.0381772,-1,0,0,17.8681672,32.74698193
2024-09-20 00:00:00,2560.29,0.038842633,-1,0,0,18.6010565,32.74698193
2024-09-21 00:00:00,2611.4,0.019962582,-1,0,0,18.9923442,32.74698193
2024-09-22 00:00:00,2579.94,-0.012047178,-1,0,0,18.75149288,32.74698193
2024-09-23 00:00:00,2645.84,0.02554323,-1,0,0,19.2560098,32.74698193
2024-09-24 00:00:00,2652,0.002328183,-1,0,0,19.3031695,32.74698193
2024-09-25 00:00:00,2578.9,-0.027564103,-1,0,0,18.74353085,32.74698193
2024-09-26 00:00:00,2631.11,0.020245066,0,0.5,0,19.14323993,32.74698193
2024-09-27 00:00:00,2693.53,0.023723828,0,0.5,0.011861914,19.62111468,33.14728572
2024-09-28 00:00:00,2673.9,-0.007287834,0,0.5,-0.003643917,19.47083142,33.02285585
2024-09-29 00:00:00,2656.3,-0.006582146,0,0.5,-0.003291073,19.33608942,32.91088415
2024-09-30 00:00:00,2601.49,-0.020633965,0,0.5,-0.010316982,18.91647527,32.56102615
2024-10-01 00:00:00,2446.85,-0.059442858,0,0.5,-0.029721429,17.73258307,31.5635445
2024-10-02 00:00:00,2363,-0.034268549,-1,0,-0.017134275,17.09064462,31.00559179
2024-10-03 00:00:00,2348.74,-0.006034702,-1,0,0,16.98147298,31.00559179
2024-10-04 00:00:00,2413.38,0.027521139,-1,0,0,17.47634359,31.00559179
2024-10-05 00:00:00,2413.42,1.65743E-05,0,0.5,0,17.47664982,31.00559179
2024-10-06 00:00:00,2438.77,0.010503766,0,0.5,0.005251883,17.67072424,31.17368142
2024-10-07 00:00:00,2421.75,-0.006978928,0,0.5,-0.003489464,17.5404226,31.06141252
2024-10-08 00:00:00,2439.84,0.007469805,0,0.5,0.003734902,17.67891594,31.18115876
2024-10-09 00:00:00,2369.6,-0.028788773,0,0.5,-0.014394387,17.14117287,30.71793073
2024-10-10 00:00:00,2385.24,0.00660027,-1,0,0.003300135,17.26090951,30.82260418
2024-10-11 00:00:00,2438.46,0.02231222,0,0.5,0,17.66835094,30.82260418
2024-10-12 00:00:00,2475.09,0.015021776,0,0.5,0.007510888,17.94878273,31.0616202
2024-10-13 00:00:00,2467.79,-0.002949388,0,0.5,-0.001474694,17.89289542,31.01433912
2024-10-14 00:00:00,2628.88,0.065277029,0,0.5,0.032638515,19.12616751,32.0592396
2024-10-15 00:00:00,2606.53,-0.008501719,0,0.5,-0.00425086,18.95506048,31.91870941
2024-10-16 00:00:00,2610.39,0.001480896,0,0.5,0.000740448,18.98461185,31.943084
2024-10-17 00:00:00,2605.01,-0.002060995,0,0.5,-0.001030497,18.94342367,31.90913624
2024-10-18 00:00:00,2641.11,0.013857912,0,0.5,0.006928956,19.21979789,32.1371622
2024-10-19 00:00:00,2647.45,0.002400506,0,0.5,0.001200253,19.26833563,32.17693518
2024-10-20 00:00:00,2746.98,0.037594667,0,0.5,0.018797333,20.03031695,32.80057309
2024-10-21 00:00:00,2666.63,-0.029250304,0,0.5,-0.014625152,19.41517379,32.30623457
2024-10-22 00:00:00,2621.78,-0.016818981,0,0.5,-0.008409491,19.07181136,32.0261461
2024-10-23 00:00:00,2523.84,-0.0373563,-1,0,-0.01867815,18.32200276,31.40927879
2024-10-24 00:00:00,2535.39,0.00457636,-1,0,0,18.41042719,31.40927879
2024-10-25 00:00:00,2440.1,-0.037583961,-1,0,0,17.68090645,31.40927879
2024-10-26 00:00:00,2482.04,0.01718782,-1,0,0,18.00199051,31.40927879
2024-10-27 00:00:00,2507.22,0.010144881,-1,0,0,18.19476344,31.40927879
2024-10-28 00:00:00,2566.49,0.023639728,-1,0,0,18.64852243,31.40927879
2024-10-29 00:00:00,2639.28,0.028361692,-1,0,0,19.20578778,31.40927879
2024-10-30 00:00:00,2659.36,0.007608136,0,0.5,0,19.35951615,31.40927879
2024-10-31 00:00:00,2518.37,-0.053016515,0,0.5,-0.026508258,18.28012556,30.55016528
2024-11-01 00:00:00,2511.57,-0.002700159,0,0.5,-0.00135008,18.22806615,30.50757005
2024-11-02 00:00:00,2493.61,-0.007150906,0,0.5,-0.003575453,18.09056806,30.39491622
2024-11-03 00:00:00,2457.29,-0.014565229,0,0.5,-0.007282614,17.81250957,30.16627915
2024-11-04 00:00:00,2397.37,-0.024384586,-1,0,-0.012192293,17.35377431,29.78629074
2024-11-05 00:00:00,2421.42,0.010031827,-1,0,0,17.53789619,29.78629074
2024-11-06 00:00:00,2722.49,0.124336133,0,0.5,0,19.84282652,29.78629074
2024-11-07 00:00:00,2895.76,0.063643944,0,0.5,0.031821972,21.1693462,30.76597121
2024-11-08 00:00:00,2962.12,0.022916264,0,0.5,0.011458132,21.67738478,31.1299499
2024-11-09 00:00:00,3127.03,0.055672964,0,0.5,0.027836482,22.93990201,32.02433467
2024-11-10 00:00:00,3185.19,0.018599118,1,1,0.009299559,23.38516307,32.33144642
2024-11-11 00:00:00,3375.02,0.059597701,1,1,0.059597701,24.83846272,34.31792398
2024-11-12 00:00:00,3245.98,-0.038233848,0,0.5,-0.038233848,23.85055887,32.96758387
2024-11-13 00:00:00,3188.9,-0.017584828,0,0.5,-0.008792414,23.41356607,32.66892681
2024-11-14 00:00:00,3061.03,-0.040098467,0,0.5,-0.020049233,22.43461951,31.99389064
2024-11-15 00:00:00,3091.75,0.010035838,0,0.5,0.005017919,22.66980554,32.1594513
2024-11-16 00:00:00,3134.72,0.013898278,0,0.5,0.006949139,22.99877507,32.38988093
2024-11-17 00:00:00,3078.09,-0.018065409,0,0.5,-0.009032705,22.56522738,32.08828
2024-11-18 00:00:00,3210.48,0.043010438,0,0.5,0.021505219,23.57877814,32.79985071
2024-11-19 00:00:00,3109.34,-0.031503077,0,0.5,-0.015751539,22.80447098,32.26745105
2024-11-20 00:00:00,3071.05,-0.01231451,0,0.5,-0.006157255,22.51133058,32.06261487
2024-11-21 00:00:00,3358.42,0.093573859,1,1,0.04678693,24.71137651,33.6095131
2024-11-22 00:00:00,3330.05,-0.008447425,1,1,-0.008447425,24.4941816,33.31715184
2024-11-23 00:00:00,3396.33,0.019903605,1,1,0.019903605,25.00160772,34.00018688
2024-11-24 00:00:00,3362.98,-0.009819423,1,1,-0.009819423,24.74628694,33.65650525
2024-11-25 00:00:00,3416.92,0.016039346,1,1,0.016039346,25.15924055,34.21237293
2024-11-26 00:00:00,3327.17,-0.026266345,1,1,-0.026266345,24.4721329,33.28747259
2024-11-27 00:00:00,3655.88,0.098795673,1,1,0.098795673,26.98866942,36.67492653
2024-11-28 00:00:00,3581.58,-0.020323424,1,1,-0.020323424,26.41984382,35.90924302
2024-11-29 00:00:00,3594.5,0.003607346,1,1,0.003607346,26.5187567,36.04238744
2024-11-30 00:00:00,3705.73,0.030944499,1,1,0.030944499,27.37031083,37.18864555
2024-12-01 00:00:00,3711.24,0.001486887,1,1,0.001486887,27.41249426,37.24542773
2024-12-02 00:00:00,3646.26,-0.017508973,1,1,-0.017508973,26.91502067,36.57578958
2024-12-03 00:00:00,3616.82,-0.008074027,1,1,-0.008074027,26.68963405,36.27240166
2024-12-04 00:00:00,3840.75,0.061913504,1,1,0.061913504,28.40399633,38.58006665
2024-12-05 00:00:00,3787.31,-0.013913949,1,1,-0.013913949,27.99487062,38.02935162
2024-12-06 00:00:00,4001.75,0.056620662,1,1,0.056620662,29.63657939,40.23921935
2024-12-07 00:00:00,3999.79,-0.000489786,1,1,-0.000489786,29.62157403,40.21902097
2024-12-08 00:00:00,4007.3,0.001877599,1,1,0.001877599,29.67906906,40.29641374
2024-12-09 00:00:00,3712.55,-0.073553265,1,1,-0.073553265,27.42252335,37.25892767
2024-12-10 00:00:00,3628.4,-0.022666361,1,1,-0.022666361,26.77828816,36.39173699
2024-12-11 00:00:00,3830.44,0.055682946,1,1,0.055682946,28.32506507,38.47381905
2024-12-12 00:00:00,3880.52,0.013074216,1,1,0.013074216,28.70846731,38.98990828
2024-12-13 00:00:00,3905.6,0.006463051,1,1,0.006463051,28.90047466,39.24836511
2024-12-14 00:00:00,3868.6,-0.009473576,1,1,-0.009473576,28.61721023,38.86706915
2024-12-15 00:00:00,3958.5,0.023238381,1,1,0.023238381,29.30546624,39.79351529
2024-12-16 00:00:00,3984.76,0.006633826,1,1,0.006633826,29.50650743,40.06413237
2024-12-17 00:00:00,3890.81,-0.02357733,1,1,-0.02357733,28.78724544,39.09594978
2024-12-18 00:00:00,3625.4,-0.068214588,1,1,-0.068214588,26.75532078,36.3608211
2024-12-19 00:00:00,3416.7,-0.057566062,1,1,-0.057566062,25.15755627,34.21010577
2024-12-20 00:00:00,3470.88,0.015857406,1,1,0.015857406,25.57234727,34.76844672
2024-12-21 00:00:00,3337.6,-0.038399484,0,0.5,-0.038399484,24.55198285,33.39495683
2024-12-22 00:00:00,3280.8,-0.017018217,0,0.5,-0.008509108,24.11713367,33.10228642
2024-12-23 00:00:00,3420.74,0.042654231,1,1,0.021327115,25.18848568,33.82958981
2024-12-24 00:00:00,3491.97,0.02082298,1,1,0.02082298,25.73380799,34.55484566
2024-12-25 00:00:00,3495.72,0.001073892,1,1,0.001073892,25.76251723,34.59302774
2024-12-26 00:00:00,3333.15,-0.046505441,1,1,-0.046505441,24.51791456,32.93775829
2024-12-27 00:00:00,3332.09,-0.000318017,0,0.5,-0.000318017,24.50979942,32.92696549
2024-12-28 00:00:00,3402.54,0.021142886,0,0.5,0.010571443,25.04915021,33.28562247
2024-12-29 00:00:00,3355.46,-0.013836722,0,0.5,-0.006918361,24.68871536,33.04842216
2024-12-30 00:00:00,3360.11,0.001385801,0,0.5,0.000692901,24.72431481,33.07201433
2024-12-31 00:00:00,3336.57,-0.007005723,0,0.5,-0.003502862,24.54409738,32.95266478
2025-01-01 00:00:00,3359.36,0.006830368,0,0.5,0.003415184,24.71857296,33.06861938
2025-01-02 00:00:00,3454.83,0.028419104,0,0.5,0.014209552,25.44947175,33.55271919
2025-01-03 00:00:00,3607.89,0.044303193,0,0.5,0.022151596,26.6212678,34.31811708
2025-01-04 00:00:00,3655.99,0.013331892,0,0.5,0.006665946,26.98951156,34.55354574
2025-01-05 00:00:00,3634.96,-0.005752204,0,0.5,-0.002876102,26.82851018,34.45129012
2025-01-06 00:00:00,3685.72,0.01396439,0,0.5,0.006982195,27.21711836,34.69881794
2025-01-07 00:00:00,3379.38,-0.083115375,0,0.5,-0.041557688,24.87184198,33.21525762
2025-01-08 00:00:00,3325.38,-0.015979262,0,0.5,-0.007989631,24.45842903,32.94189033
2025-01-09 00:00:00,3218.24,-0.032218874,0,0.5,-0.016109437,23.63818711,32.39510559
2025-01-10 00:00:00,3265.52,0.01469126,0,0.5,0.00734563,24.00015312,32.64041367
2025-01-11 00:00:00,3281.84,0.004997673,0,0.5,0.002498836,24.1250957,32.72447556
2025-01-12 00:00:00,3265.7,-0.004917973,0,0.5,-0.002458986,24.00153116,32.64154753
2025-01-13 00:00:00,3136.14,-0.039672964,0,0.5,-0.019836482,23.0096463,31.97421757
2025-01-14 00:00:00,3223.99,0.028012142,0,0.5,0.014006071,23.68220793,32.43605681
2025-01-15 00:00:00,3449.8,0.07004054,0,0.5,0.03502027,25.4109631,33.60699654
2025-01-16 00:00:00,3437.89,-0.003452374,0,0.5,-0.001726187,25.31978258,33.5472584