date,close_price_LINKUSDT,return_LINKUSDT,signal_LINKUSDT,position_LINKUSDT,signal_return_LINKUSDT,cum_return_LINKUSDT,cum_signal_return_LINKUSDT
2020-01-17 00:00:00,2.696,,0,0.5,,,
2020-01-18 00:00:00,2.774,0.028931751,0,0.5,0.014465875,0.028931751,0.014465875
2020-01-19 00:00:00,2.623,-0.05443403,0,0.5,-0.027217015,-0.027077151,-0.013144858
2020-01-20 00:00:00,2.695,0.027449485,0,0.5,0.013724743,-0.00037092,0.000399475
2020-01-21 00:00:00,2.673,-0.008163265,0,0.5,-0.004081633,-0.008531157,-0.003683788
2020-01-22 00:00:00,2.654,-0.007108118,0,0.5,-0.003554059,-0.015578635,-0.007224755
2020-01-23 00:00:00,2.471,-0.068952524,0,0.5,-0.034476262,-0.083456973,-0.041451934
2020-01-24 00:00:00,2.504,0.013354917,0,0.5,0.006677459,-0.071216617,-0.035051269
2020-01-25 00:00:00,2.448,-0.022364217,0,0.5,-0.011182109,-0.091988131,-0.045841431
2020-01-26 00:00:00,2.575,0.051879085,0,0.5,0.025939542,-0.044881306,-0.021090994
2020-01-27 00:00:00,2.608,0.012815534,0,0.5,0.006407767,-0.03264095,-0.014818373
2020-01-28 00:00:00,2.656,0.018404908,0,0.5,0.009202454,-0.014836795,-0.005752285
2020-01-29 00:00:00,2.781,0.047063253,0,0.5,0.023531627,0.03152819,0.017643981
2020-01-30 00:00:00,2.914,0.047824524,0,0.5,0.023912262,0.080860534,0.04197815
2020-01-31 00:00:00,2.825,-0.03054221,0,0.5,-0.015271105,0.047848665,0.026065993
2020-02-01 00:00:00,2.841,0.005663717,0,0.5,0.002831858,0.053783383,0.028971666
2020-02-02 00:00:00,2.832,-0.003167899,0,0.5,-0.001583949,0.050445104,0.027341827
2020-02-03 00:00:00,2.782,-0.017655367,0,0.5,-0.008827684,0.03189911,0.018272779
2020-02-04 00:00:00,2.741,-0.014737599,0,0.5,-0.007368799,0.016691395,0.010769331
2020-02-05 00:00:00,2.843,0.037212696,0,0.5,0.018606348,0.054525223,0.029576057
2020-02-06 00:00:00,2.902,0.020752726,0,0.5,0.010376363,0.076409496,0.040259312
2020-02-07 00:00:00,3.311,0.140937285,0,0.5,0.070468642,0.228115727,0.113564973
2020-02-08 00:00:00,3.42,0.032920568,0,0.5,0.016460284,0.268545994,0.131894568
2020-02-09 00:00:00,3.504,0.024561404,0,0.5,0.012280702,0.299703264,0.145795028
2020-02-10 00:00:00,3.388,-0.033105023,0,0.5,-0.016552511,0.256676558,0.126829243
2020-02-11 00:00:00,3.989,0.177390791,0,0.5,0.088695396,0.479599407,0.226773808
2020-02-12 00:00:00,3.988,-0.000250689,0,0.5,-0.000125345,0.479228487,0.226620039
2020-02-13 00:00:00,3.878,-0.027582748,0,0.5,-0.013791374,0.4384273,0.209703263
2020-02-14 00:00:00,4.43,0.142341413,0,0.5,0.071170707,0.643175074,0.295798699
2020-02-15 00:00:00,4.328,-0.023024831,0,0.5,-0.011512415,0.605341246,0.280880926
2020-02-16 00:00:00,4.454,0.029112754,0,0.5,0.014556377,0.652077151,0.299525912
2020-02-17 00:00:00,4.302,-0.034126628,0,0.5,-0.017063314,0.595697329,0.277351693
2020-02-18 00:00:00,4.564,0.060901906,0,0.5,0.030450953,0.692878338,0.31624827
2020-02-19 00:00:00,4.386,-0.039000876,0,0.5,-0.019500438,0.626854599,0.290580851
2020-02-20 00:00:00,4.267,-0.027131783,0,0.5,-0.013565891,0.582715134,0.273072972
2020-02-21 00:00:00,4.275,0.001874854,0,0.5,0.000937427,0.585682493,0.274266384
2020-02-22 00:00:00,4.105,-0.039766082,0,0.5,-0.019883041,0.522626113,0.248930094
2020-02-23 00:00:00,4.236,0.031912302,0,0.5,0.015956151,0.571216617,0.268858211
2020-02-24 00:00:00,3.923,-0.073890463,0,0.5,-0.036945231,0.455118694,0.221979951
2020-02-25 00:00:00,3.491,-0.110119806,0,0.5,-0.055059903,0.294881306,0.154697853
2020-02-26 00:00:00,3.564,0.020910914,0,0.5,0.010455457,0.321958457,0.166770747
2020-02-27 00:00:00,3.956,0.109988777,0,0.5,0.054994388,0.46735905,0.23093659
2020-02-28 00:00:00,4.161,0.05182002,0,0.5,0.02591001,0.543397626,0.26283017
2020-02-29 00:00:00,4.062,-0.023792358,0,0.5,-0.011896179,0.506676558,0.247807316
2020-03-01 00:00:00,3.858,-0.050221566,0,0.5,-0.025110783,0.431008902,0.216473898
2020-03-02 00:00:00,4.242,0.099533437,0,0.5,0.049766719,0.573442136,0.277013812
2020-03-03 00:00:00,4.591,0.082272513,0,0.5,0.041136256,0.702893175,0.329545379
2020-03-04 00:00:00,4.635,0.009583969,0,0.5,0.004791984,0.71921365,0.33591654
2020-03-05 00:00:00,4.707,0.015533981,0,0.5,0.00776699,0.745919881,0.346292591
2020-03-06 00:00:00,4.683,-0.005098789,0,0.5,-0.002549395,0.737017804,0.34286036
2020-03-07 00:00:00,4.342,-0.072816571,0,0.5,-0.036408285,0.610534125,0.293969117
2020-03-08 00:00:00,4.059,-0.065177338,0,0.5,-0.032588669,0.505563798,0.251800386
2020-03-09 00:00:00,4.12,0.015028332,0,0.5,0.007514166,0.528189911,0.261206622
2020-03-10 00:00:00,4.08,-0.009708738,0,0.5,-0.004854369,0.513353116,0.255084259
2020-03-11 00:00:00,3.815,-0.06495098,0,0.5,-0.03247549,0.415059347,0.214324783
2020-03-12 00:00:00,1.993,-0.477588467,0,0.5,-0.238794233,-0.260756677,-0.075648973
2020-03-13 00:00:00,2.426,0.217260411,0,0.5,0.108630206,-0.100148368,0.02476347
2020-03-14 00:00:00,2.129,-0.122423743,0,0.5,-0.061211871,-0.210311573,-0.03796422
2020-03-15 00:00:00,2.086,-0.020197276,0,0.5,-0.010098638,-0.226261128,-0.047679471
2020-03-16 00:00:00,1.785,-0.144295302,0,0.5,-0.072147651,-0.337908012,-0.11638716
2020-03-17 00:00:00,1.861,0.042577031,0,0.5,0.021288515,-0.309718101,-0.097576355
2020-03-18 00:00:00,1.948,0.04674906,0,0.5,0.02337453,-0.277448071,-0.076482626
2020-03-19 00:00:00,2.241,0.150410678,0,0.5,0.075205339,-0.168768546,-0.007029189
2020-03-20 00:00:00,2.26,0.008478358,0,0.5,0.004239179,-0.161721068,-0.002819808
2020-03-21 00:00:00,2.28,0.008849558,0,0.5,0.004424779,-0.154302671,0.001592493
2020-03-22 00:00:00,1.981,-0.131140351,0,0.5,-0.065570175,-0.265207715,-0.064082102
2020-03-23 00:00:00,2.245,0.133266027,0,0.5,0.066633014,-0.167284866,-0.001719072
2020-03-24 00:00:00,2.311,0.029398664,0,0.5,0.014699332,-0.142804154,0.012954991
2020-03-25 00:00:00,2.254,-0.024664647,0,0.5,-0.012332324,-0.163946588,0.000462902
2020-03-26 00:00:00,2.313,0.026175688,0,0.5,0.013087844,-0.142062315,0.013556804
2020-03-27 00:00:00,2.131,-0.07868569,0,0.5,-0.039342845,-0.209569733,-0.026319404
2020-03-28 00:00:00,2.131,0,0,0.5,0,-0.209569733,-0.026319404
2020-03-29 00:00:00,2.006,-0.058657907,0,0.5,-0.029328954,-0.255934718,-0.054876437
2020-03-30 00:00:00,2.134,0.063808574,0,0.5,0.031904287,-0.208456973,-0.024722943
2020-03-31 00:00:00,2.259,0.058575445,0,0.5,0.029287723,-0.162091988,0.0038407
2020-04-01 00:00:00,2.276,0.007525454,0,0.5,0.003762727,-0.15578635,0.007617879
2020-04-02 00:00:00,2.294,0.007908612,0,0.5,0.003954306,-0.149109792,0.011602308
2020-04-03 00:00:00,2.301,0.003051439,0,0.5,0.001525719,-0.146513353,0.013145729
2020-04-04 00:00:00,2.315,0.006084311,0,0.5,0.003042156,-0.141320475,0.016227876
2020-04-05 00:00:00,2.264,-0.022030238,0,0.5,-0.011015119,-0.160237389,0.005034005
2020-04-06 00:00:00,2.55,0.126325088,0,0.5,0.063162544,-0.054154303,0.06851451
2020-04-07 00:00:00,2.729,0.070196078,0,0.5,0.035098039,0.012240356,0.106017274
2020-04-08 00:00:00,3.171,0.161964089,0,0.5,0.080982045,0.176186944,0.195584815
2020-04-09 00:00:00,3.313,0.044780826,0,0.5,0.022390413,0.228857567,0.222354453
2020-04-10 00:00:00,3.22,-0.028071235,0,0.5,-0.014035617,0.194362018,0.205197953
2020-04-11 00:00:00,3.286,0.020496894,0,0.5,0.010248447,0.21884273,0.217549361
2020-04-12 00:00:00,3.414,0.038953135,0,0.5,0.019476567,0.266320475,0.241263043
2020-04-13 00:00:00,3.365,-0.014352665,0,0.5,-0.007176333,0.248145401,0.232355326
2020-04-14 00:00:00,3.249,-0.034472511,0,0.5,-0.017236256,0.205118694,0.211114135
2020-04-15 00:00:00,3.119,-0.040012311,0,0.5,-0.020006156,0.15689911,0.186884397
2020-04-16 00:00:00,3.486,0.117665919,0,0.5,0.058832959,0.293026706,0.256712318
2020-04-17 00:00:00,3.454,-0.009179575,0,0.5,-0.004589788,0.28115727,0.250944276
2020-04-18 00:00:00,3.782,0.094962362,0,0.5,0.047481181,0.402818991,0.310340587
2020-04-19 00:00:00,3.588,-0.051295611,0,0.5,-0.025647805,0.330860534,0.276733227
2020-04-20 00:00:00,3.431,-0.043756968,0,0.5,-0.021878484,0.272626113,0.24880024
2020-04-21 00:00:00,3.457,0.007577966,0,0.5,0.003788983,0.28227003,0.253531922
2020-04-22 00:00:00,3.676,0.063349725,0,0.5,0.031674863,0.363501484,0.293237374
2020-04-23 00:00:00,3.761,0.02312296,0,0.5,0.01156148,0.395029674,0.308189112
2020-04-24 00:00:00,3.78,0.005051848,0,0.5,0.002525924,0.402077151,0.311493498
2020-04-25 00:00:00,3.79,0.002645503,0,0.5,0.001322751,0.40578635,0.313228278
2020-04-26 00:00:00,3.723,-0.0176781,0,0.5,-0.00883905,0.380934718,0.301620587
2020-04-27 00:00:00,3.636,-0.023368251,0,0.5,-0.011684126,0.348664688,0.286412288
2020-04-28 00:00:00,3.648,0.00330033,0,0.5,0.001650165,0.353115727,0.288535081
2020-04-29 00:00:00,3.895,0.067708333,0,0.5,0.033854167,0.444732938,0.332157362
2020-04-30 00:00:00,3.709,-0.04775353,0,0.5,-0.023876765,0.37574184,0.300349754
2020-05-01 00:00:00,3.764,0.014828795,0,0.5,0.007414397,0.396142433,0.309991064
2020-05-02 00:00:00,3.819,0.014612115,0,0.5,0.007306057,0.416543027,0.319561934
2020-05-03 00:00:00,3.716,-0.026970411,0,0.5,-0.013485206,0.378338279,0.30176737
2020-05-04 00:00:00,3.753,0.009956943,0,0.5,0.004978471,0.392062315,0.308248182
2020-05-05 00:00:00,3.685,-0.018118838,0,0.5,-0.009059419,0.366839763,0.296396213
2020-05-06 00:00:00,3.595,-0.024423338,0,0.5,-0.012211669,0.333456973,0.280565052
2020-05-07 00:00:00,3.764,0.047009736,0,0.5,0.023504868,0.396142433,0.310664564
2020-05-08 00:00:00,3.801,0.009829968,0,0.5,0.004914984,0.409866469,0.317106459
2020-05-09 00:00:00,4.023,0.058405683,0,0.5,0.029202841,0.492210682,0.35556971
2020-05-10 00:00:00,3.761,-0.065125528,0,0.5,-0.032562764,0.395029674,0.311428614
2020-05-11 00:00:00,3.587,-0.046264291,0,0.5,-0.023132146,0.330489614,0.281092456
2020-05-12 00:00:00,3.698,0.030945079,0,0.5,0.01547254,0.371661721,0.30091421
2020-05-13 00:00:00,3.768,0.018929151,0,0.5,0.009464575,0.397626113,0.31322681
2020-05-14 00:00:00,3.81,0.011146497,0,0.5,0.005573248,0.413204748,0.32054575
2020-05-15 00:00:00,3.665,-0.038057743,0,0.5,-0.019028871,0.359421365,0.295417254
2020-05-16 00:00:00,3.763,0.026739427,1,1,0.013369714,0.395771513,0.312736612
2020-05-17 00:00:00,3.783,0.005314908,1,1,0.005314908,0.403189911,0.319713687
2020-05-18 00:00:00,3.891,0.028548771,1,1,0.028548771,0.443249258,0.35738989
2020-05-19 00:00:00,3.947,0.014392187,1,1,0.014392187,0.464020772,0.3769257
2020-05-20 00:00:00,4.086,0.03521662,1,1,0.03521662,0.515578635,0.425416369
2020-05-21 00:00:00,3.831,-0.062408223,1,1,-0.062408223,0.420994065,0.336458666
2020-05-22 00:00:00,4.061,0.060036544,1,1,0.060036544,0.506305638,0.416695026
2020-05-23 00:00:00,3.929,-0.032504309,1,1,-0.032504309,0.457344214,0.370646332
2020-05-24 00:00:00,3.79,-0.035377959,1,1,-0.035377959,0.40578635,0.322155663
2020-05-25 00:00:00,3.865,0.019788918,1,1,0.019788918,0.433605341,0.348319693
2020-05-26 00:00:00,3.846,-0.004915912,1,1,-0.004915912,0.426557864,0.341691472
2020-05-27 00:00:00,3.857,0.002860114,1,1,0.002860114,0.430637982,0.345528863
2020-05-28 00:00:00,4.044,0.048483277,1,1,0.048483277,0.5,0.410764512
2020-05-29 00:00:00,3.981,-0.015578635,1,1,-0.015578635,0.476632047,0.388786727
2020-05-30 00:00:00,4.183,0.05074102,1,1,0.05074102,0.551557864,0.459255182
2020-05-31 00:00:00,4.133,-0.011953144,1,1,-0.011953144,0.533011869,0.441812495
2020-06-01 00:00:00,4.393,0.062908299,1,1,0.062908299,0.629451039,0.532514466
2020-06-02 00:00:00,4.4,0.001593444,1,1,0.001593444,0.632047478,0.534956442
2020-06-03 00:00:00,4.494,0.021363636,1,1,0.021363636,0.666913947,0.567748694
2020-06-04 00:00:00,4.434,-0.013351135,1,1,-0.013351135,0.644658754,0.54681747
2020-06-05 00:00:00,4.363,-0.01601263,1,1,-0.01601263,0.618323442,0.522048854
2020-06-06 00:00:00,4.355,-0.001833601,1,1,-0.001833601,0.615356083,0.519258024
2020-06-07 00:00:00,4.353,-0.000459242,1,1,-0.000459242,0.614614243,0.518560317
2020-06-08 00:00:00,4.478,0.028715828,1,1,0.028715828,0.660979228,0.562167034
2020-06-09 00:00:00,4.442,-0.008039303,1,1,-0.008039303,0.647626113,0.549608299
2020-06-10 00:00:00,4.425,-0.003827105,1,1,-0.003827105,0.641320475,0.543677786
2020-06-11 00:00:00,3.962,-0.104632768,0,0.5,-0.104632768,0.46958457,0.382158506
2020-06-12 00:00:00,4.087,0.031549722,1,1,0.015774861,0.515949555,0.403961864
2020-06-13 00:00:00,4.112,0.006116956,0,0.5,0.006116956,0.525222552,0.412549837
2020-06-14 00:00:00,3.942,-0.041342412,0,0.5,-0.020671206,0.462166172,0.383350728
2020-06-15 00:00:00,3.929,-0.003297818,0,0.5,-0.001648909,0.457344214,0.381069709
2020-06-16 00:00:00,4.048,0.030287605,0,0.5,0.015143802,0.50148368,0.401984356
2020-06-17 00:00:00,4.163,0.028409091,0,0.5,0.014204545,0.544139466,0.421898906
2020-06-18 00:00:00,4.136,-0.006485707,0,0.5,-0.003242854,0.534124629,0.417287896
2020-06-19 00:00:00,4.096,-0.00967118,0,0.5,-0.00483559,0.519287834,0.410434473
2020-06-20 00:00:00,4.179,0.020263672,0,0.5,0.010131836,0.550074184,0.424724764
2020-06-21 00:00:00,4.184,0.001196458,1,1,0.000598229,0.551928783,0.425577076
2020-06-22 00:00:00,4.48,0.070745698,1,1,0.070745698,0.661721068,0.526430521
2020-06-23 00:00:00,4.805,0.072544643,1,1,0.072544643,0.78227003,0.637164878
2020-06-24 00:00:00,4.71,-0.019771072,1,1,-0.019771072,0.747032641,0.604796373
2020-06-25 00:00:00,4.804,0.019957537,1,1,0.019957537,0.78189911,0.636824157
2020-06-26 00:00:00,4.68,-0.025811823,1,1,-0.025811823,0.735905045,0.59457474
2020-06-27 00:00:00,4.408,-0.058119658,1,1,-0.058119658,0.635014837,0.501898602
2020-06-28 00:00:00,4.568,0.036297641,1,1,0.036297641,0.694362018,0.556413977
2020-06-29 00:00:00,4.618,0.010945709,1,1,0.010945709,0.712908012,0.573450032
2020-06-30 00:00:00,4.564,-0.011693374,1,1,-0.011693374,0.692878338,0.555051093
2020-07-01 00:00:00,4.705,0.030893953,1,1,0.030893953,0.745178042,0.603092768
2020-07-02 00:00:00,4.796,0.019341126,1,1,0.019341126,0.778931751,0.634098388
2020-07-03 00:00:00,4.731,-0.013552961,1,1,-0.013552961,0.754821958,0.611951516
2020-07-04 00:00:00,4.817,0.018177975,1,1,0.018177975,0.786721068,0.641253531
2020-07-05 00:00:00,4.749,-0.01411667,1,1,-0.01411667,0.761498516,0.618084496
2020-07-06 00:00:00,5.367,0.13013266,1,1,0.13013266,0.990727003,0.828650135
2020-07-07 00:00:00,5.734,0.068380846,1,1,0.068380846,1.126854599,0.953694778
2020-07-08 00:00:00,6.502,0.133937914,1,1,0.133937914,1.411721068,1.215368582
2020-07-09 00:00:00,6.09,-0.063365118,1,1,-0.063365118,1.258902077,1.074991489
2020-07-10 00:00:00,6.151,0.01001642,1,1,0.01001642,1.28152819,1.095775476
2020-07-11 00:00:00,6.109,-0.006828158,1,1,-0.006828158,1.265949555,1.08146519
2020-07-12 00:00:00,7.328,0.19954166,1,1,0.19954166,1.71810089,1.496804209
2020-07-13 00:00:00,7.157,-0.023335153,1,1,-0.023335153,1.654673591,1.438540901
2020-07-14 00:00:00,8.113,0.13357552,1,1,0.13357552,2.009272997,1.764270271
2020-07-15 00:00:00,8.64,0.064957476,1,1,0.064957476,2.204747774,1.94383029
2020-07-16 00:00:00,8.341,-0.034606481,1,1,-0.034606481,2.09384273,1.841954682
2020-07-17 00:00:00,8.264,-0.009231507,1,1,-0.009231507,2.065281899,1.815719157
2020-07-18 00:00:00,7.968,-0.035818006,1,1,-0.035818006,1.955489614,1.714865712
2020-07-19 00:00:00,8.082,0.014307229,1,1,0.014307229,1.997774481,1.753707917
2020-07-20 00:00:00,7.241,-0.104058401,1,1,-0.104058401,1.685830861,1.467161473
2020-07-21 00:00:00,7.306,0.008976661,1,1,0.008976661,1.709940653,1.489308345
2020-07-22 00:00:00,7.479,0.023679168,1,1,0.023679168,1.774109792,1.548253095
2020-07-23 00:00:00,7.887,0.054552748,1,1,0.054552748,1.925445104,1.687267303
2020-07-24 00:00:00,7.425,-0.058577406,1,1,-0.058577406,1.754080119,1.529854155
2020-07-25 00:00:00,7.678,0.034074074,1,1,0.034074074,1.847922849,1.616056593
2020-07-26 00:00:00,7.499,-0.023313363,1,1,-0.023313363,1.78152819,1.555067517
2020-07-27 00:00:00,7.091,-0.054407254,1,1,-0.054407254,1.630192878,1.416053309
2020-07-28 00:00:00,7.232,0.01988436,1,1,0.01988436,1.682492582,1.464094983
2020-07-29 00:00:00,7.083,-0.020602876,1,1,-0.020602876,1.627225519,1.41332754
2020-07-30 00:00:00,7.405,0.045460963,1,1,0.045460963,1.746661721,1.523039734
2020-07-31 00:00:00,7.793,0.052397029,1,1,0.052397029,1.890578635,1.65523952
2020-08-01 00:00:00,8.32,0.067624791,1,1,0.067624791,2.086053412,1.834799539
2020-08-02 00:00:00,8.276,-0.005288462,1,1,-0.005288462,2.069732938,1.81980781
2020-08-03 00:00:00,9.234,0.115756404,1,1,0.115756404,2.425074184,2.146218622
2020-08-04 00:00:00,9.839,0.065518735,1,1,0.065518735,2.649480712,2.352354887
2020-08-05 00:00:00,9.516,-0.032828539,1,1,-0.032828539,2.529673591,2.242301972
2020-08-06 00:00:00,10.217,0.073665406,1,1,0.073665406,2.789688427,2.481147462
2020-08-07 00:00:00,10.116,-0.009885485,1,1,-0.009885485,2.752225519,2.446734631
2020-08-08 00:00:00,12.713,0.256722025,1,1,0.256722025,3.715504451,3.331587324
2020-08-09 00:00:00,13.805,0.085896327,1,1,0.085896327,4.120548961,3.703654763
2020-08-10 00:00:00,13.493,-0.022600507,1,1,-0.022600507,4.004821958,3.59734978
2020-08-11 00:00:00,13.013,-0.035574001,1,1,-0.035574001,3.826780415,3.433803653
2020-08-12 00:00:00,16.463,0.265119496,1,1,0.265119496,5.106454006,4.609291443
2020-08-13 00:00:00,17.196,0.044524084,1,1,0.044524084,5.378338279,4.859040008
2020-08-14 00:00:00,16.965,-0.013433357,1,1,-0.013433357,5.292655786,4.780333434
2020-08-15 00:00:00,19.228,0.133392278,1,1,0.133392278,6.132047478,5.55138528
2020-08-16 00:00:00,18.848,-0.019762846,1,1,-0.019762846,5.991097923,5.421911262
2020-08-17 00:00:00,16.812,-0.108022071,1,1,-0.108022071,5.235905045,4.728203106
2020-08-18 00:00:00,16.202,-0.036283607,1,1,-0.036283607,5.009643917,4.520363236
2020-08-19 00:00:00,16.209,0.000432045,1,1,0.000432045,5.012240356,4.522748284
2020-08-20 00:00:00,16.091,-0.007279906,1,1,-0.007279906,4.96847181,4.482543194
2020-08-21 00:00:00,13.85,-0.1392704,1,1,-0.1392704,4.137240356,3.718987213
2020-08-22 00:00:00,15.823,0.142454874,1,1,0.142454874,4.869065282,4.39122994
2020-08-23 00:00:00,15.172,-0.04114264,1,1,-0.04114264,4.627596439,4.169420505
2020-08-24 00:00:00,15.165,-0.000461376,1,1,-0.000461376,4.625,4.167035457
2020-08-25 00:00:00,14.131,-0.068183317,1,1,-0.068183317,4.241468843,3.814729841
2020-08-26 00:00:00,15.228,0.077630741,1,1,0.077630741,4.648367953,4.188500886
2020-08-27 00:00:00,14.531,-0.045770948,1,1,-0.045770948,4.389836795,3.951018281
2020-08-28 00:00:00,15.135,0.041566307,1,1,0.041566307,4.613872404,4.156813824
2020-08-29 00:00:00,16.367,0.081400727,1,1,0.081400727,5.070845697,4.576582217
2020-08-30 00:00:00,16.498,0.00800391,1,1,0.00800391,5.119436202,4.621216681
2020-08-31 00:00:00,15.586,-0.055279428,1,1,-0.055279428,4.78115727,4.310479039
2020-09-01 00:00:00,16.058,0.030283588,1,1,0.030283588,4.956231454,4.471299398
2020-09-02 00:00:00,14.799,-0.078403288,1,1,-0.078403288,4.489243323,4.042331535
2020-09-03 00:00:00,11.861,-0.198526927,1,1,-0.198526927,3.399480712,3.041292948
2020-09-04 00:00:00,12.372,0.043082371,1,1,0.043082371,3.589020772,3.215401429
2020-09-05 00:00:00,10.6,-0.143226641,1,1,-0.143226641,2.931750742,2.611643643
2020-09-06 00:00:00,12.8,0.20754717,1,1,0.20754717,3.747774481,3.361230059
2020-09-07 00:00:00,12.462,-0.02640625,0,0.5,-0.02640625,3.622403561,3.246066328
2020-09-08 00:00:00,11.737,-0.058176858,0,0.5,-0.029088429,3.353486647,3.12255493
2020-09-09 00:00:00,12.343,0.051631592,0,0.5,0.025815796,3.578264095,3.228981968
2020-09-10 00:00:00,12.506,0.013205866,0,0.5,0.006602933,3.638724036,3.256905652
2020-09-11 00:00:00,12.435,-0.005677275,0,0.5,-0.002838637,3.612388724,3.24482184
2020-09-12 00:00:00,12.729,0.023642943,0,0.5,0.011821472,3.721439169,3.295001881
2020-09-13 00:00:00,12.064,-0.05224291,0,0.5,-0.026121455,3.474777448,3.182810183
2020-09-14 00:00:00,12.137,0.006051061,0,0.5,0.003025531,3.501854599,3.195465403
2020-09-15 00:00:00,10.921,-0.100189503,0,0.5,-0.050094752,3.050816024,2.985294605
2020-09-16 00:00:00,10.735,-0.017031407,0,0.5,-0.008515704,2.981824926,2.951357017
2020-09-17 00:00:00,11.016,0.02617606,0,0.5,0.01308803,3.086053412,3.003072496
2020-09-18 00:00:00,10.094,-0.083696442,0,0.5,-0.041848221,2.744065282,2.835551034
2020-09-19 00:00:00,10.124,0.002972063,0,0.5,0.001486031,2.755192878,2.841250783
2020-09-20 00:00:00,9.74,-0.037929672,0,0.5,-0.018964836,2.612759644,2.768402092
2020-09-21 00:00:00,8.706,-0.106160164,0,0.5,-0.053080082,2.229228487,2.568374999
2020-09-22 00:00:00,8.733,0.003101309,0,0.5,0.001550655,2.239243323,2.573908317
2020-09-23 00:00:00,7.64,-0.125157449,0,0.5,-0.062578724,1.833827893,2.350257693
2020-09-24 00:00:00,9.865,0.291230366,0,0.5,0.145615183,2.659124629,2.838106081
2020-09-25 00:00:00,10.714,0.086061835,0,0.5,0.043030917,2.974035608,3.003263307
2020-09-26 00:00:00,10.306,-0.038081015,0,0.5,-0.019040508,2.822700297,2.927039141
2020-09-27 00:00:00,10.788,0.046768873,0,0.5,0.023384436,3.00148368,3.018870737
2020-09-28 00:00:00,10.278,-0.04727475,0,0.5,-0.023637375,2.81231454,2.923875183
2020-09-29 00:00:00,10.129,-0.014496984,0,0.5,-0.007248492,2.757047478,2.895433006
2020-09-30 00:00:00,9.859,-0.026656136,0,0.5,-0.013328068,2.65689911,2.84351441
2020-10-01 00:00:00,9.632,-0.023024648,0,0.5,-0.011512324,2.572700297,2.799266628
2020-10-02 00:00:00,9.202,-0.044642857,0,0.5,-0.022321429,2.413204748,2.714461569
2020-10-03 00:00:00,9.26,0.006302978,0,0.5,0.003151489,2.434718101,2.726167653
2020-10-04 00:00:00,9.383,0.013282937,0,0.5,0.006641469,2.480341246,2.750914879
2020-10-05 00:00:00,9.605,0.02365981,0,0.5,0.011829905,2.56268546,2.795287846
2020-10-06 00:00:00,8.765,-0.087454451,0,0.5,-0.043727225,2.25111276,2.629330439
2020-10-07 00:00:00,8.963,0.022589846,0,0.5,0.011294923,2.324554896,2.670323447
2020-10-08 00:00:00,9.544,0.064822046,0,0.5,0.032411023,2.540059347,2.789282385
2020-10-09 00:00:00,10.386,0.088222967,0,0.5,0.044111484,2.852373887,2.956433253
2020-10-10 00:00:00,10.514,0.012324283,0,0.5,0.006162141,2.899851632,2.980813354
2020-10-11 00:00:00,10.834,0.03043561,0,0.5,0.015217805,3.018545994,3.041392594
2020-10-12 00:00:00,11.418,0.053904375,0,0.5,0.026952188,3.235163205,3.150316966
2020-10-13 00:00:00,10.998,-0.036784025,0,0.5,-0.018392013,3.079376855,3.073984284
2020-10-14 00:00:00,10.888,-0.010001819,0,0.5,-0.005000909,3.038575668,3.053610658
2020-10-15 00:00:00,10.752,-0.012490816,0,0.5,-0.006245408,2.988130564,3.028294206
2020-10-16 00:00:00,10.58,-0.015997024,0,0.5,-0.007998512,2.924332344,2.996073847
2020-10-17 00:00:00,10.616,0.003402647,0,0.5,0.001701323,2.93768546,3.002872461
2020-10-18 00:00:00,10.936,0.03014318,1,1,0.01507159,3.056379822,3.063202113
2020-10-19 00:00:00,10.92,-0.001463058,1,1,-0.001463058,3.050445104,3.057257414
2020-10-20 00:00:00,9.852,-0.097802198,1,1,-0.097802198,2.654302671,2.660448722
2020-10-21 00:00:00,10.78,0.094194072,1,1,0.094194072,2.99851632,3.005241293
2020-10-22 00:00:00,11.948,0.108348794,1,1,0.108348794,3.431750742,3.439204357
2020-10-23 00:00:00,12.156,0.017408771,1,1,0.017408771,3.508902077,3.516485451
2020-10-24 00:00:00,12.691,0.044011188,1,1,0.044011188,3.707344214,3.715261341
2020-10-25 00:00:00,12.148,-0.042786226,1,1,-0.042786226,3.505934718,3.513513101
2020-10-26 00:00:00,11.701,-0.03679618,1,1,-0.03679618,3.340133531,3.347433059
2020-10-27 00:00:00,11.912,0.018032647,1,1,0.018032647,3.418397626,3.425828783
2020-10-28 00:00:00,11.434,-0.040127602,1,1,-0.040127602,3.241097923,3.248230886
2020-10-29 00:00:00,11.269,-0.014430645,1,1,-0.014430645,3.179896142,3.186926172
2020-10-30 00:00:00,11.091,-0.015795545,1,1,-0.015795545,3.113872404,3.12079139
2020-10-31 00:00:00,11.222,0.011811379,1,1,0.011811379,3.162462908,3.169463617
2020-11-01 00:00:00,11.57,0.031010515,1,1,0.031010515,3.291543027,3.298760831
2020-11-02 00:00:00,10.779,-0.068366465,1,1,-0.068366465,2.998145401,3.004869749
2020-11-03 00:00:00,10.394,-0.035717599,1,1,-0.035717599,2.855341246,2.861825418
2020-11-04 00:00:00,10.469,0.007215701,1,1,0.007215701,2.883160237,2.889691197
2020-11-05 00:00:00,10.971,0.047951094,1,1,0.047951094,3.069362018,3.076206144
2020-11-06 00:00:00,12.171,0.109379273,1,1,0.109379273,3.514465875,3.522058607
2020-11-07 00:00:00,11.766,-0.03327582,1,1,-0.03327582,3.364243323,3.3715834
2020-11-08 00:00:00,12.71,0.080231175,1,1,0.080231175,3.714391691,3.722320671
2020-11-09 00:00:00,12.508,-0.015892998,1,1,-0.015892998,3.639465875,3.64726884
2020-11-10 00:00:00,13.018,0.040773905,1,1,0.040773905,3.828635015,3.836756137
2020-11-11 00:00:00,12.757,-0.020049163,1,1,-0.020049163,3.731824926,3.739783226
2020-11-12 00:00:00,12.405,-0.027592694,1,1,-0.027592694,3.601261128,3.608999837
2020-11-13 00:00:00,12.867,0.037243047,1,1,0.037243047,3.772626113,3.780653035
2020-11-14 00:00:00,12.565,-0.023470895,1,1,-0.023470895,3.660608309,3.668446832
2020-11-15 00:00:00,12.121,-0.035336251,1,1,-0.035336251,3.495919881,3.503481421
2020-11-16 00:00:00,12.628,0.041828232,1,1,0.041828232,3.683976261,3.691854086
2020-11-17 00:00:00,13.427,0.063272094,1,1,0.063272094,3.980341246,3.988717518
2020-11-18 00:00:00,13.573,0.010873613,1,1,0.010873613,4.034495549,4.042962901
2020-11-19 00:00:00,13.62,0.003462757,1,1,0.003462757,4.051928783,4.060425456
2020-11-20 00:00:00,14.106,0.035682819,1,1,0.035682819,4.232195846,4.240995703
2020-11-21 00:00:00,15.477,0.097192684,1,1,0.097192684,4.740727003,4.750382142
2020-11-22 00:00:00,14.528,-0.061316793,1,1,-0.061316793,4.388724036,4.397787153
2020-11-23 00:00:00,15.279,0.051693282,1,1,0.051693282,4.667284866,4.676816486
2020-11-24 00:00:00,15.694,0.027161463,1,1,0.027161463,4.821216617,4.831007129
2020-11-25 00:00:00,14.226,-0.093538932,1,1,-0.093538932,4.276706231,4.28558095
2020-11-26 00:00:00,12.6,-0.114297765,1,1,-0.114297765,3.673590504,3.681450862
2020-11-27 00:00:00,12.51,-0.007142857,1,1,-0.007142857,3.640207715,3.648011927
2020-11-28 00:00:00,13.09,0.04636291,1,1,0.04636291,3.855341246,3.863507285
2020-11-29 00:00:00,13.395,0.023300229,1,1,0.023300229,3.96847181,3.976828119
2020-11-30 00:00:00,14.284,0.066368048,1,1,0.066368048,4.298219585,4.307130485
2020-12-01 00:00:00,13.358,-0.064827779,1,1,-0.064827779,3.954747774,3.963081001
2020-12-02 00:00:00,13.995,0.047686779,1,1,0.047686779,4.191023739,4.19975435
2020-12-03 00:00:00,13.985,-0.000714541,1,1,-0.000714541,4.18731454,4.196038913
2020-12-04 00:00:00,12.689,-0.092670719,1,1,-0.092670719,3.706602374,3.714518253
2020-12-05 00:00:00,13.177,0.038458507,1,1,0.038458507,3.887611276,3.895831588
2020-12-06 00:00:00,13.519,0.025954314,1,1,0.025954314,4.014465875,4.02289954
2020-12-07 00:00:00,13.082,-0.032324876,0,0.5,-0.032324876,3.852373887,3.860534935
2020-12-08 00:00:00,12.135,-0.072389543,-1,0,-0.036194771,3.50111276,3.684608984
2020-12-09 00:00:00,12.617,0.039719819,0,0.5,0,3.679896142,3.684608984
2020-12-10 00:00:00,11.916,-0.055559959,-1,0,-0.027779979,3.419881306,3.554470643
2020-12-11 00:00:00,11.644,-0.022826452,-1,0,0,3.318991098,3.554470643
2020-12-12 00:00:00,12.228,0.050154586,-1,0,0,3.535608309,3.554470643
2020-12-13 00:00:00,12.941,0.058308799,0,0.5,0,3.800074184,3.554470643
2020-12-14 00:00:00,12.858,-0.006413724,0,0.5,-0.003206862,3.769287834,3.539865084
2020-12-15 00:00:00,12.692,-0.01291025,0,0.5,-0.006455125,3.707715134,3.510559687
2020-12-16 00:00:00,13.498,0.06350457,0,0.5,0.031752285,4.006676558,3.653780263
2020-12-17 00:00:00,13.457,-0.003037487,0,0.5,-0.001518744,3.991468843,3.646712364
2020-12-18 00:00:00,13.517,0.004458646,-1,0,0.002229323,4.013724036,3.657071387
2020-12-19 00:00:00,13.486,-0.002293408,-1,0,0,4.002225519,3.657071387
2020-12-20 00:00:00,13.064,-0.03129171,-1,0,0,3.845697329,3.657071387
2020-12-21 00:00:00,12.317,-0.057180037,-1,0,0,3.568620178,3.657071387
2020-12-22 00:00:00,12.788,0.038239831,-1,0,0,3.743323442,3.657071387
2020-12-23 00:00:00,10.972,-0.142008133,-1,0,0,3.069732938,3.657071387
2020-12-24 00:00:00,11.563,0.053864382,-1,0,0,3.288946588,3.657071387
2020-12-25 00:00:00,11.56,-0.000259448,-1,0,0,3.287833828,3.657071387
2020-12-26 00:00:00,10.98,-0.05017301,-1,0,0,3.072700297,3.657071387
2020-12-27 00:00:00,12.169,0.108287796,-1,0,0,3.513724036,3.657071387
2020-12-28 00:00:00,12.62,0.037061385,-1,0,0,3.681008902,3.657071387
2020-12-29 00:00:00,11.781,-0.066481775,-1,0,0,3.369807122,3.657071387
2020-12-30 00:00:00,11.248,-0.045242339,-1,0,0,3.172106825,3.657071387
2020-12-31 00:00:00,11.244,-0.000355619,-1,0,0,3.170623145,3.657071387
2021-01-01 00:00:00,11.869,0.055585201,0,0.5,0,3.402448071,3.657071387
2021-01-02 00:00:00,12.226,0.030078355,-1,0,0.015039178,3.534866469,3.727109911
2021-01-03 00:00:00,13.719,0.1221168,1,1,0,4.088649852,3.727109911
2021-01-04 00:00:00,13.611,-0.007872294,1,1,-0.007872294,4.048590504,3.689896713
2021-01-05 00:00:00,14.531,0.067592389,1,1,0.067592389,4.389836795,4.006898034
2021-01-06 00:00:00,17.29,0.189869933,1,1,0.189869933,5.413204748,4.957557429
2021-01-07 00:00:00,15.989,-0.075245807,1,1,-0.075245807,4.930637982,4.509276213
2021-01-08 00:00:00,15.251,-0.046156733,1,1,-0.046156733,4.65689911,4.254986024
2021-01-09 00:00:00,17.589,0.153301423,1,1,0.153301423,5.524109792,5.060582858
2021-01-10 00:00:00,16.228,-0.077377907,1,1,-0.077377907,5.019287834,4.591627644
2021-01-11 00:00:00,14.657,-0.096807986,1,1,-0.096807986,4.4365727,4.050313432
2021-01-12 00:00:00,13.982,-0.04605308,1,1,-0.04605308,4.18620178,3.817730941
2021-01-13 00:00:00,15.952,0.140895437,1,1,0.140895437,4.916913947,4.496527247
2021-01-14 00:00:00,18.023,0.129826981,1,1,0.129826981,5.685089021,5.210124786
2021-01-15 00:00:00,20.766,0.152194418,1,1,0.152194418,6.702522255,6.155271114
2021-01-16 00:00:00,20.13,-0.030626986,1,1,-0.030626986,6.466617211,5.936126723
2021-01-17 00:00:00,23.286,0.156780924,1,1,0.156780924,7.637240356,7.02357908
2021-01-18 00:00:00,22.069,-0.052263162,1,1,-0.052263162,7.185830861,6.604241463
2021-01-19 00:00:00,20.585,-0.067243645,1,1,-0.067243645,6.635385757,6.09290455
2021-01-20 00:00:00,21.867,0.062278358,1,1,0.062278358,7.110905045,6.534638999
2021-01-21 00:00:00,18.441,-0.156674441,1,1,-0.156674441,5.840133531,5.354153646
2021-01-22 00:00:00,21.578,0.170110081,1,1,0.170110081,7.003709199,6.435059237
2021-01-23 00:00:00,24.824,0.150430995,1,1,0.150430995,8.207715134,7.553522592
2021-01-24 00:00:00,24.831,0.000281985,1,1,0.000281985,8.210311573,7.555934559
2021-01-25 00:00:00,23.367,-0.05895856,1,1,-0.05895856,7.667284866,7.051488979
2021-01-26 00:00:00,23.132,-0.010056918,1,1,-0.010056918,7.580118694,6.970515815
2021-01-27 00:00:00,20.989,-0.092642227,1,1,-0.092642227,6.785237389,6.232109478
2021-01-28 00:00:00,23.02,0.096764972,1,1,0.096764972,7.538575668,6.93192435
2021-01-29 00:00:00,22.781,-0.010382276,1,1,-0.010382276,7.449925816,6.84957292
2021-01-30 00:00:00,23.699,0.040296739,1,1,0.040296739,7.790430267,7.165885107
2021-01-31 00:00:00,22.609,-0.045993502,1,1,-0.045993502,7.386127596,6.790307456
2021-02-01 00:00:00,22.928,0.014109425,1,1,0.014109425,7.504451039,6.900224218
2021-02-02 00:00:00,23.725,0.034760991,1,1,0.034760991,7.800074184,7.17484384
2021-02-03 00:00:00,25.131,0.059262381,1,1,0.059262381,8.321587537,7.659304554
2021-02-04 00:00:00,24.519,-0.024352393,1,1,-0.024352393,8.09458457,7.448429763
2021-02-05 00:00:00,26.352,0.074758351,1,1,0.074758351,8.774480712,8.080020438
2021-02-06 00:00:00,25.102,-0.04743473,1,1,-0.04743473,8.310830861,7.649312122
2021-02-07 00:00:00,24.777,-0.012947176,1,1,-0.012947176,8.190281899,7.537327959
2021-02-08 00:00:00,25.465,0.027767688,1,1,0.027767688,8.445474777,7.774389817
2021-02-09 00:00:00,27.667,0.086471628,1,1,0.086471628,9.262240356,8.533125586
2021-02-10 00:00:00,26.853,-0.029421332,1,1,-0.029421332,8.960311573,8.252648331
2021-02-11 00:00:00,27.895,0.038803858,1,1,0.038803858,9.346810089,8.611686783
2021-02-12 00:00:00,30.713,0.101021688,1,1,0.101021688,10.39206231,9.582675611
2021-02-13 00:00:00,34.316,0.117311887,1,1,0.117311887,11.72848665,10.82414926
2021-02-14 00:00:00,33.215,-0.032084159,1,1,-0.032084159,11.32010386,10.44478138
2021-02-15 00:00:00,32.683,-0.01601686,1,1,-0.01601686,11.12277448,10.26147192
2021-02-16 00:00:00,32.004,-0.020775327,1,1,-0.020775327,10.87091988,10.02751116
2021-02-17 00:00:00,32.289,0.008905137,1,1,0.008905137,10.97663205,10.12571266
2021-02-18 00:00:00,32.524,0.00727802,1,1,0.00727802,11.06379822,10.20668582
2021-02-19 00:00:00,34.766,0.06893371,1,1,0.06893371,11.89540059,10.97920426
2021-02-20 00:00:00,33.977,-0.022694587,1,1,-0.022694587,11.60274481,10.70734117
2021-02-21 00:00:00,34.13,0.004503046,1,1,0.004503046,11.65949555,10.76005986
2021-02-22 00:00:00,31.486,-0.077468503,1,1,-0.077468503,10.67878338,9.849025634
2021-02-23 00:00:00,25.986,-0.174680811,1,1,-0.174680811,8.638724036,7.953909043
2021-02-24 00:00:00,28.101,0.081389979,1,1,0.081389979,9.423219585,8.682667514
2021-02-25 00:00:00,24.721,-0.120280417,1,1,-0.120280417,8.169510386,7.518032227
2021-02-26 00:00:00,25.196,0.019214433,1,1,0.019214433,8.345697329,7.681701387
2021-02-27 00:00:00,26.193,0.039569773,1,1,0.039569773,8.715504451,8.02523434
2021-02-28 00:00:00,24.714,-0.056465468,1,1,-0.056465468,8.166913947,7.51562026
2021-03-01 00:00:00,27.735,0.122238407,1,1,0.122238407,9.287462908,8.556556119
2021-03-02 00:00:00,28.51,0.027943032,1,1,0.027943032,9.574925816,8.823595275
2021-03-03 00:00:00,29.854,0.047141354,1,1,0.047141354,10.07344214,9.286692856
2021-03-04 00:00:00,27.721,-0.071447712,1,1,-0.071447712,9.28227003,8.551732186
2021-03-05 00:00:00,27.862,0.005086397,1,1,0.005086397,9.334569733,8.600316084
2021-03-06 00:00:00,28.166,0.010910918,1,1,0.010910918,9.447329377,8.705064346
2021-03-07 00:00:00,28.603,0.01551516,1,1,0.01551516,9.609421365,8.855639973
2021-03-08 00:00:00,31.892,0.114987938,1,1,0.114987938,10.82937685,9.988919695
2021-03-09 00:00:00,31.539,-0.011068607,1,1,-0.011068607,10.69844214,9.867287666
2021-03-10 00:00:00,29.919,-0.051364977,1,1,-0.051364977,10.09755193,9.309089689
2021-03-11 00:00:00,30.175,0.008556436,1,1,0.008556436,10.19250742,9.397298752
2021-03-12 00:00:00,28.393,-0.05905551,1,1,-0.05905551,9.53152819,8.783280976
2021-03-13 00:00:00,29.8,0.049554468,1,1,0.049554468,10.05341246,9.268086257
2021-03-14 00:00:00,28.57,-0.041275168,0,0.5,-0.041275168,9.597181009,8.844269274
2021-03-15 00:00:00,27.525,-0.036576829,0,0.5,-0.018288414,9.209569733,8.664233198
2021-03-16 00:00:00,27.947,0.015331517,0,0.5,0.007665758,9.366097923,8.738316875
2021-03-17 00:00:00,31.095,0.112641786,0,0.5,0.056320893,10.53375371,9.286787578
2021-03-18 00:00:00,29.444,-0.053095353,0,0.5,-0.026547676,9.921364985,9.01369727
2021-03-19 00:00:00,29.806,0.012294525,0,0.5,0.006147263,10.05563798,9.075254096
2021-03-20 00:00:00,29.687,-0.003992485,0,0.5,-0.001996242,10.01149852,9.055141447
2021-03-21 00:00:00,29.25,-0.014720248,0,0.5,-0.007360124,9.849406528,8.98113436
2021-03-22 00:00:00,27.286,-0.067145299,0,0.5,-0.03357265,9.120919881,8.646041234
2021-03-23 00:00:00,26.802,-0.017738034,0,0.5,-0.008869017,8.941394659,8.560490329
2021-03-24 00:00:00,24.872,-0.072009552,0,0.5,-0.036004776,8.225519288,8.216267019
2021-03-25 00:00:00,25.561,0.027701833,0,0.5,0.013850917,8.481083086,8.343920765
2021-03-26 00:00:00,27.422,0.072806228,0,0.5,0.036403114,9.171364985,8.684068579
2021-03-27 00:00:00,26.913,-0.018561739,1,1,-0.009280869,8.982566766,8.594192004
2021-03-28 00:00:00,26.687,-0.008397429,1,1,-0.008397429,8.898738872,8.51362546
2021-03-29 00:00:00,28.06,0.051448271,1,1,0.051448271,9.408011869,9.003085038
2021-03-30 00:00:00,27.865,-0.006949394,1,1,-0.006949394,9.335682493,8.933569657
2021-03-31 00:00:00,29.479,0.057922125,1,1,0.057922125,9.934347181,9.508943116
2021-04-01 00:00:00,30.107,0.021303301,1,1,0.021303301,10.16728487,9.732818291
2021-04-02 00:00:00,32.552,0.08121035,1,1,0.08121035,11.07418398,10.60443422
2021-04-03 00:00:00,29.322,-0.099225854,1,1,-0.099225854,9.87611276,9.452974322
2021-04-04 00:00:00,30.791,0.050098902,1,1,0.050098902,10.42099407,9.976656857
2021-04-05 00:00:00,32.459,0.054171674,1,1,0.054171674,11.03968843,10.57128073
2021-04-06 00:00:00,34.775,0.071351551,1,1,0.071351551,11.89873887,11.39690956
2021-04-07 00:00:00,31.149,-0.104270309,0,0.5,-0.104270309,10.55378338,10.10427997
2021-04-08 00:00:00,32.821,0.053677486,1,1,0.026838743,11.17396142,10.40230488
2021-04-09 00:00:00,31.639,-0.036013528,1,1,-0.036013528,10.73553412,9.991667655
2021-04-10 00:00:00,31.95,0.009829641,1,1,0.009829641,10.85089021,10.0997118
2021-04-11 00:00:00,33.964,0.063035994,1,1,0.063035994,11.59792285,10.79939316
2021-04-12 00:00:00,33.168,-0.02343658,1,1,-0.02343658,11.30267062,10.52285574
2021-04-13 00:00:00,35.592,0.073082489,1,1,0.073082489,12.20178042,11.36497472
2021-04-14 00:00:00,41.434,0.164138009,1,1,0.164138009,14.36869436,13.39453705
2021-04-15 00:00:00,42.625,0.028744509,1,1,0.028744509,14.81045994,13.80830095
2021-04-16 00:00:00,41.993,-0.014826979,1,1,-0.014826979,14.57603858,13.58873858
2021-04-17 00:00:00,39.977,-0.048008001,1,1,-0.048008001,13.82826409,12.8883624
2021-04-18 00:00:00,39.103,-0.021862571,1,1,-0.021862571,13.50408012,12.58472709
2021-04-19 00:00:00,35.771,-0.085210853,1,1,-0.085210853,12.26817507,11.4271609
2021-04-20 00:00:00,39,0.090268653,1,1,0.090268653,13.46587537,12.54894398
2021-04-21 00:00:00,36.281,-0.069717949,1,1,-0.069717949,12.45734421,11.6043394
2021-04-22 00:00:00,35.162,-0.03084259,1,1,-0.03084259,12.04228487,11.21558893
2021-04-23 00:00:00,35.217,0.001564189,1,1,0.001564189,12.06268546,11.23469641
2021-04-24 00:00:00,31.254,-0.11253088,1,1,-0.11253088,10.59272997,9.857915259
2021-04-25 00:00:00,31.697,0.014174186,1,1,0.014174186,10.75704748,10.01181737
2021-04-26 00:00:00,35.151,0.108969303,1,1,0.108969303,12.03820475,11.21176743
2021-04-27 00:00:00,36.805,0.047054138,1,1,0.047054138,12.65170623,11.78638162
2021-04-28 00:00:00,36.275,-0.014400217,1,1,-0.014400217,12.45511869,11.60225494
2021-04-29 00:00:00,36.513,0.006560992,1,1,0.006560992,12.54339763,11.68493824
2021-04-30 00:00:00,38.142,0.044614247,1,1,0.044614247,13.14762611,12.25086721
2021-05-01 00:00:00,41.298,0.082743432,1,1,0.082743432,14.31824926,13.34728945
2021-05-02 00:00:00,39.502,-0.043488789,1,1,-0.043488789,13.65207715,12.72334321
2021-05-03 00:00:00,42.12,0.066275125,1,1,0.066275125,14.6231454,13.6328595
2021-05-04 00:00:00,45.544,0.081291548,1,1,0.081291548,15.89317507,14.8223873
2021-05-05 00:00:00,49.664,0.090461971,1,1,0.090461971,17.42136499,16.25371164
2021-05-06 00:00:00,47.184,-0.049935567,1,1,-0.049935567,16.50148368,15.39213776
2021-05-07 00:00:00,49.175,0.042196507,1,1,0.042196507,17.23998516,16.08382872
2021-05-08 00:00:00,48.666,-0.010350788,1,1,-0.010350788,17.05118694,15.90699763
2021-05-09 00:00:00,52.311,0.074898286,1,1,0.074898286,18.40318991,17.17330278
2021-05-10 00:00:00,46.341,-0.114125136,1,1,-0.114125136,16.18879822,15.09927213
2021-05-11 00:00:00,48.831,0.053732116,1,1,0.053732116,17.11238872,15.96432009
2021-05-12 00:00:00,41.609,-0.147897852,1,1,-0.147897852,14.43360534,13.45533359
2021-05-13 00:00:00,43.309,0.040856545,1,1,0.040856545,15.06416914,14.04592858
2021-05-14 00:00:00,46.619,0.076427532,1,1,0.076427532,16.29191395,15.19585178
2021-05-15 00:00:00,41.53,-0.109161501,0,0.5,-0.109161501,14.40430267,13.42788829
2021-05-16 00:00:00,40.696,-0.020081869,0,0.5,-0.010040934,14.09495549,13.28301882
2021-05-17 00:00:00,37.203,-0.085831531,0,0.5,-0.042915766,12.79933234,12.67005213
2021-05-18 00:00:00,42.6,0.145068946,1,1,0.072534473,14.80118694,13.66160215
2021-05-19 00:00:00,26.249,-0.383826291,0,0.5,-0.383826291,8.736275964,8.034093778
2021-05-20 00:00:00,30.631,0.166939693,0,0.5,0.083469846,10.36164688,8.788168199
2021-05-21 00:00:00,25.552,-0.165812412,0,0.5,-0.082906206,8.477744807,7.976668308
2021-05-22 00:00:00,23.3,-0.088134001,0,0.5,-0.044067001,7.642433234,7.58109346
2021-05-23 00:00:00,19.836,-0.148669528,-1,0,-0.074334764,6.357566766,6.943219904
2021-05-24 00:00:00,26.404,0.331115144,0,0.5,0,8.793768546,6.943219904
2021-05-25 00:00:00,27.517,0.042152704,0,0.5,0.021076352,9.206602374,7.110634003
2021-05-26 00:00:00,34.004,0.235745176,0,0.5,0.117872588,11.61275964,8.066655422
2021-05-27 00:00:00,31.722,-0.067109752,0,0.5,-0.033554876,10.76632047,7.762424924
2021-05-28 00:00:00,27.866,-0.121556018,0,0.5,-0.060778009,9.336053412,7.229862184
2021-05-29 00:00:00,25.361,-0.089894495,0,0.5,-0.044947248,8.40689911,6.859952531
2021-05-30 00:00:00,26.805,0.056937818,0,0.5,0.028468909,8.942507418,7.083716804
2021-05-31 00:00:00,32.098,0.19746316,0,0.5,0.09873158,10.90578635,7.881834936
2021-06-01 00:00:00,30.715,-0.043086797,0,0.5,-0.021543398,10.39280415,7.690490028
2021-06-02 00:00:00,30.67,-0.001465082,0,0.5,-0.000732541,10.37611276,7.684123887
2021-06-03 00:00:00,32.208,0.050146723,0,0.5,0.025073362,10.94658754,7.901864065
2021-06-04 00:00:00,28.83,-0.104880775,0,0.5,-0.052440387,9.693620178,7.435046864
2021-06-05 00:00:00,27.124,-0.059174471,0,0.5,-0.029587236,9.060830861,7.185477146
2021-06-06 00:00:00,27.537,0.015226368,0,0.5,0.007613184,9.214020772,7.247794689
2021-06-07 00:00:00,24.581,-0.107346479,-1,0,-0.05367324,8.117581602,6.805108828
2021-06-08 00:00:00,24.079,-0.020422277,-1,0,0,7.931379822,6.805108828
2021-06-09 00:00:00,25.587,0.062627186,-1,0,0,8.490727003,6.805108828
2021-06-10 00:00:00,23.119,-0.096455231,-1,0,0,7.575296736,6.805108828
2021-06-11 00:00:00,21.467,-0.071456378,-1,0,0,6.962537092,6.805108828
2021-06-12 00:00:00,21.65,0.008524712,-1,0,0,7.03041543,6.805108828
2021-06-13 00:00:00,23.304,0.076397229,-1,0,0,7.643916914,6.805108828
2021-06-14 00:00:00,24.954,0.070803296,-1,0,0,8.255934718,6.805108828
2021-06-15 00:00:00,24.49,-0.018594213,-1,0,0,8.083827893,6.805108828
2021-06-16 00:00:00,23.035,-0.059412005,-1,0,0,7.544139466,6.805108828
2021-06-17 00:00:00,23.4,0.015845453,-1,0,0,7.679525223,6.805108828
2021-06-18 00:00:00,21.232,-0.092649573,-1,0,0,6.87537092,6.805108828
2021-06-19 00:00:00,20.256,-0.04596835,-1,0,0,6.513353116,6.805108828
2021-06-20 00:00:00,21.644,0.068522907,-1,0,0,7.028189911,6.805108828
2021-06-21 00:00:00,17.352,-0.19829976,-1,0,0,5.43620178,6.805108828
2021-06-22 00:00:00,16.849,-0.028988013,-1,0,0,5.24962908,6.805108828
2021-06-23 00:00:00,18.379,0.090806576,-1,0,0,5.817136499,6.805108828
2021-06-24 00:00:00,19.055,0.036781109,-1,0,0,6.067878338,6.805108828
2021-06-25 00:00:00,16.859,-0.115245342,-1,0,0,5.253338279,6.805108828
2021-06-26 00:00:00,16.938,0.004685924,-1,0,0,5.28264095,6.805108828
2021-06-27 00:00:00,18.389,0.085665368,-1,0,0,5.820845697,6.805108828
2021-06-28 00:00:00,18.832,0.024090489,-1,0,0,5.985163205,6.805108828
2021-06-29 00:00:00,19.533,0.037223874,-1,0,0,6.245178042,6.805108828
2021-06-30 00:00:00,19.519,-0.000716736,-1,0,0,6.239985163,6.805108828
2021-07-01 00:00:00,18.169,-0.069163379,-1,0,0,5.739243323,6.805108828
2021-07-02 00:00:00,18.269,0.00550388,-1,0,0,5.776335312,6.805108828
2021-07-03 00:00:00,18.543,0.014998084,-1,0,0,5.877967359,6.805108828
2021-07-04 00:00:00,19.237,0.037426522,-1,0,0,6.135385757,6.805108828
2021-07-05 00:00:00,18.353,-0.045953111,-1,0,0,5.807492582,6.805108828
2021-07-06 00:00:00,20.067,0.093390726,-1,0,0,6.443249258,6.805108828
2021-07-07 00:00:00,19.783,-0.014152589,-1,0,0,6.337908012,6.805108828
2021-07-08 00:00:00,18.362,-0.071829348,-1,0,0,5.810830861,6.805108828
2021-07-09 00:00:00,18.648,0.015575645,-1,0,0,5.916913947,6.805108828
2021-07-10 00:00:00,18.2,-0.024024024,-1,0,0,5.75074184,6.805108828
2021-07-11 00:00:00,18.381,0.009945055,-1,0,0,5.817878338,6.805108828
2021-07-12 00:00:00,17.506,-0.047603504,-1,0,0,5.493323442,6.805108828
2021-07-13 00:00:00,16.869,-0.036387524,-1,0,0,5.257047478,6.805108828
2021-07-14 00:00:00,16.935,0.003912502,-1,0,0,5.28152819,6.805108828
2021-07-15 00:00:00,15.76,-0.069382935,-1,0,0,4.845697329,6.805108828
2021-07-16 00:00:00,15.234,-0.033375635,-1,0,0,4.650593472,6.805108828
2021-07-17 00:00:00,15.342,0.007089405,-1,0,0,4.690652819,6.805108828
2021-07-18 00:00:00,15.469,0.00827793,-1,0,0,4.737759644,6.805108828
2021-07-19 00:00:00,14.521,-0.061283858,-1,0,0,4.386127596,6.805108828
2021-07-20 00:00:00,13.73,-0.054472832,-1,0,0,4.09272997,6.805108828
2021-07-21 00:00:00,15.295,0.113983977,-1,0,0,4.673219585,6.805108828
2021-07-22 00:00:00,16.064,0.050277869,-1,0,0,4.958456973,6.805108828
2021-07-23 00:00:00,16.497,0.026954681,-1,0,0,5.119065282,6.805108828
2021-07-24 00:00:00,16.671,0.010547372,-1,0,0,5.183605341,6.805108828
2021-07-25 00:00:00,16.728,0.003419111,-1,0,0,5.204747774,6.805108828
2021-07-26 00:00:00,18.025,0.077534672,0,0.5,0,5.685830861,6.805108828
2021-07-27 00:00:00,19.477,0.080554785,0,0.5,0.040277393,6.224406528,7.11947826
2021-07-28 00:00:00,19.108,-0.018945423,0,0.5,-0.009472711,6.087537092,7.042564785
2021-07-29 00:00:00,19.364,0.01339753,-1,0,0.006698765,6.182492582,7.096440036
2021-07-30 00:00:00,22.262,0.149659161,0,0.5,0,7.257418398,7.096440036
2021-07-31 00:00:00,22.721,0.020618094,0,0.5,0.010309047,7.427670623,7.179906616
2021-08-01 00:00:00,22.067,-0.028783944,0,0.5,-0.014391972,7.185089021,7.062181627
2021-08-02 00:00:00,23.482,0.064122898,0,0.5,0.032061449,7.709940653,7.320666854
2021-08-03 00:00:00,23.945,0.01971723,0,0.5,0.009858615,7.881676558,7.402697106
2021-08-04 00:00:00,24.204,0.010816454,0,0.5,0.005408227,7.977744807,7.448140801
2021-08-05 00:00:00,24.064,-0.005784168,0,0.5,-0.002892084,7.925816024,7.423708068
2021-08-06 00:00:00,23.899,-0.006856715,0,0.5,-0.003428358,7.864614243,7.394828584
2021-08-07 00:00:00,24.708,0.033850789,0,0.5,0.016925394,8.164688427,7.536914368
2021-08-08 00:00:00,23.034,-0.067751336,0,0.5,-0.033875668,7.543768546,7.247720693
2021-08-09 00:00:00,24.205,0.050837892,0,0.5,0.025418946,7.978115727,7.457369059
2021-08-10 00:00:00,24.556,0.014501136,0,0.5,0.007250568,8.108308605,7.518689789
2021-08-11 00:00:00,25.92,0.055546506,0,0.5,0.027773253,8.614243323,7.755281516
2021-08-12 00:00:00,24.948,-0.0375,0,0.5,-0.01875,8.253709199,7.591119987
2021-08-13 00:00:00,27.769,0.113075196,0,0.5,0.056537598,9.300074184,8.076841277
2021-08-14 00:00:00,27.17,-0.021570816,0,0.5,-0.010785408,9.077893175,7.978943839
2021-08-15 00:00:00,27.94,0.028340081,0,0.5,0.01417004,9.363501484,8.106175837
2021-08-16 00:00:00,27.961,0.000751611,0,0.5,0.000375805,9.371290801,8.109597986
2021-08-17 00:00:00,26.156,-0.0645542,0,0.5,-0.0322771,8.701780415,7.815566579
2021-08-18 00:00:00,25.354,-0.030662181,0,0.5,-0.01533109,8.404302671,7.680414331
2021-08-19 00:00:00,27.12,0.069653704,0,0.5,0.034826852,9.059347181,7.982725834
2021-08-20 00:00:00,28.708,0.058554572,0,0.5,0.029277286,9.648367953,8.245715668
2021-08-21 00:00:00,27.867,-0.02929497,0,0.5,-0.014647485,9.336424332,8.110289187
2021-08-22 00:00:00,28.007,0.005023863,0,0.5,0.002511932,9.388353116,8.133173611
2021-08-23 00:00:00,28.6,0.021173278,0,0.5,0.010586639,9.608308605,8.229863223
2021-08-24 00:00:00,25.741,-0.099965035,0,0.5,-0.049982517,8.547848665,7.768531423
2021-08-25 00:00:00,26.63,0.034536343,0,0.5,0.017268171,8.877596439,7.919947927
2021-08-26 00:00:00,24.4,-0.083740143,0,0.5,-0.041870071,8.050445104,7.546469071
2021-08-27 00:00:00,26.068,0.068360656,0,0.5,0.034180328,8.669139466,7.838590185
2021-08-28 00:00:00,25.765,-0.011623446,0,0.5,-0.005811723,8.556750742,7.787222746
2021-08-29 00:00:00,25.791,0.001009121,0,0.5,0.00050456,8.566394659,7.791656431
2021-08-30 00:00:00,25.059,-0.028381994,0,0.5,-0.014190997,8.294881306,7.666894062
2021-08-31 00:00:00,26.719,0.066243665,0,0.5,0.033121832,8.910608309,7.953957475
2021-09-01 00:00:00,29.756,0.113664434,0,0.5,0.056832217,10.03709199,8.462830728
2021-09-02 00:00:00,29.984,0.00766232,0,0.5,0.00383116,10.12166172,8.499084347
2021-09-03 00:00:00,30.793,0.026981057,0,0.5,0.013490528,10.42173591,8.627232013
2021-09-04 00:00:00,29.914,-0.028545449,0,0.5,-0.014272724,10.09569733,8.489825185
2021-09-05 00:00:00,33.63,0.124222772,0,0.5,0.062111386,11.47403561,9.07925138
2021-09-06 00:00:00,34.842,0.036039251,0,0.5,0.018019625,11.9235905,9.260875713
2021-09-07 00:00:00,28.254,-0.189082142,0,0.5,-0.094541071,9.479970326,8.290801533
2021-09-08 00:00:00,27.175,-0.038189283,0,0.5,-0.019094641,9.079747774,8.113397008
2021-09-09 00:00:00,28.017,0.030984361,0,0.5,0.01549218,9.392062315,8.254583398
2021-09-10 00:00:00,26.399,-0.057750651,0,0.5,-0.028875326,8.791913947,7.987354288
2021-09-11 00:00:00,27.024,0.023675139,0,0.5,0.01183757,9.023738872,8.09374272
2021-09-12 00:00:00,29.446,0.089624038,0,0.5,0.044812019,9.922106825,8.501251691
2021-09-13 00:00:00,26.97,-0.084086124,-1,0,-0.042043062,9.003709199,8.101789979
2021-09-14 00:00:00,30.813,0.142491657,0,0.5,0,10.4291543,8.101789979
2021-09-15 00:00:00,30.692,-0.003926914,0,0.5,-0.001963457,10.384273,8.083919005
2021-09-16 00:00:00,29.824,-0.028280985,1,1,-0.014140493,10.06231454,7.955467916
2021-09-17 00:00:00,27.76,-0.069206009,0,0.5,-0.069206009,9.296735905,7.335695726
2021-09-18 00:00:00,28.415,0.023595101,1,1,0.01179755,9.539688427,7.434036517
2021-09-19 00:00:00,27.389,-0.03610769,0,0.5,-0.03610769,9.159124629,7.129502944
2021-09-20 00:00:00,23.572,-0.139362518,0,0.5,-0.069681259,7.743323442,6.563028945
2021-09-21 00:00:00,21.433,-0.090743255,-1,0,-0.045371627,6.949925816,6.219882014
2021-09-22 00:00:00,24.443,0.140437643,-1,0,0,8.066394659,6.219882014
2021-09-23 00:00:00,25.414,0.039725075,-1,0,0,8.426557864,6.219882014
2021-09-24 00:00:00,23.257,-0.084874479,-1,0,0,7.62648368,6.219882014
2021-09-25 00:00:00,24.485,0.052801307,0,0.5,0,8.081973294,6.219882014
2021-09-26 00:00:00,24.588,0.004206657,-1,0,0.002103329,8.120178042,6.235067798
2021-09-27 00:00:00,23.004,-0.064421669,-1,0,0,7.53264095,6.235067798
2021-09-28 00:00:00,22.076,-0.04034081,-1,0,0,7.1884273,6.235067798
2021-09-29 00:00:00,22.843,0.034743613,-1,0,0,7.472922849,6.235067798
2021-09-30 00:00:00,23.987,0.050080988,-1,0,0,7.897255193,6.235067798
2021-10-01 00:00:00,26.318,0.097177638,-1,0,0,8.761869436,6.235067798
2021-10-02 00:00:00,26.884,0.021506193,-1,0,0,8.971810089,6.235067798
2021-10-03 00:00:00,27.584,0.026037792,0,0.5,0,9.231454006,6.235067798
2021-10-04 00:00:00,26.626,-0.034730278,-1,0,-0.017365139,8.87611276,6.109429839
2021-10-05 00:00:00,27.265,0.023999099,0,0.5,0,9.113130564,6.109429839
2021-10-06 00:00:00,26.817,-0.016431322,0,0.5,-0.008215661,8.946958457,6.051021172
2021-10-07 00:00:00,26.865,0.001789909,0,0.5,0.000894955,8.964762611,6.057331517
2021-10-08 00:00:00,26.41,-0.016936535,0,0.5,-0.008468267,8.795994065,5.997568147
2021-10-09 00:00:00,27.474,0.04028777,0,0.5,0.020143885,9.190652819,6.138526355
2021-10-10 00:00:00,25.553,-0.069920652,0,0.5,-0.034960326,8.478115727,5.888961145
2021-10-11 00:00:00,25.227,-0.012757798,0,0.5,-0.006378899,8.357195846,5.84501716
2021-10-12 00:00:00,24.661,-0.022436279,-1,0,-0.011218139,8.147255193,5.768228804
2021-10-13 00:00:00,25.694,0.041888001,0,0.5,0,8.53041543,5.768228804
2021-10-14 00:00:00,26.75,0.041099089,0,0.5,0.020549545,8.922106825,5.907312824
2021-10-15 00:00:00,27.035,0.010654206,0,0.5,0.005327103,9.027818991,5.944108789
2021-10-16 00:00:00,27.246,0.007804698,0,0.5,0.003902349,9.106083086,5.971207124
2021-10-17 00:00:00,26.568,-0.024884387,0,0.5,-0.012442193,8.854599407,5.884470017
2021-10-18 00:00:00,25.732,-0.031466426,0,0.5,-0.015733213,8.544510386,5.776155184
2021-10-19 00:00:00,25.936,0.007927872,0,0.5,0.003963936,8.620178042,5.80301543
2021-10-20 00:00:00,27.514,0.060842073,1,1,0.030421036,9.205489614,6.00997021
2021-10-21 00:00:00,28.314,0.029076107,1,1,0.029076107,9.502225519,6.213792851
2021-10-22 00:00:00,28.69,0.01327965,1,1,0.01327965,9.641691395,6.309589493
2021-10-23 00:00:00,31.39,0.094109446,1,1,0.094109446,10.64317507,6.997490909
2021-10-24 00:00:00,29.716,-0.053329086,1,1,-0.053329086,10.02225519,6.570992031
2021-10-25 00:00:00,32.402,0.090389016,1,1,0.090389016,11.01854599,7.255326551
2021-10-26 00:00:00,32.552,0.004629344,1,1,0.004629344,11.07418398,7.293543297
2021-10-27 00:00:00,28.887,-0.112589088,1,1,-0.112589088,9.714762611,6.359780819
2021-10-28 00:00:00,30.2,0.045452972,1,1,0.045452972,10.20178042,6.69430473
2021-10-29 00:00:00,30.995,0.026324503,1,1,0.026324503,10.49666172,6.89685348
2021-10-30 00:00:00,29.823,-0.03781255,1,1,-0.03781255,10.06194362,6.59825331
2021-10-31 00:00:00,30.019,0.006572109,1,1,0.006572109,10.13464392,6.648189857
2021-11-01 00:00:00,31.706,0.056197741,1,1,0.056197741,10.76038576,7.078000853
2021-11-02 00:00:00,32.298,0.018671545,1,1,0.018671545,10.97997033,7.228829608
2021-11-03 00:00:00,31.983,-0.009752926,1,1,-0.009752926,10.86313056,7.148574443
2021-11-04 00:00:00,31.004,-0.030610012,1,1,-0.030610012,10.5,6.899146485
2021-11-05 00:00:00,32.89,0.060830861,1,1,0.060830861,11.1995549,7.379658363
2021-11-06 00:00:00,32.044,-0.025722104,1,1,-0.025722104,10.88575668,7.164115919
2021-11-07 00:00:00,32.37,0.010173511,1,1,0.010173511,11.00667656,7.247173646
2021-11-08 00:00:00,34.509,0.066079703,1,1,0.066079703,11.80007418,7.792144434
2021-11-09 00:00:00,33.855,-0.018951578,1,1,-0.018951578,11.55749258,7.625519424
2021-11-10 00:00:00,34.234,0.011194801,1,1,0.011194801,11.69807122,7.722080401
2021-11-11 00:00:00,34.69,0.013320091,1,1,0.013320091,11.86721068,7.838259307
2021-11-12 00:00:00,34.272,-0.012049582,1,1,-0.012049582,11.71216617,7.731761977
2021-11-13 00:00:00,34.01,-0.007644725,1,1,-0.007644725,11.61498516,7.665010061
2021-11-14 00:00:00,33.77,-0.007056748,1,1,-0.007056748,11.52596439,7.603863269
2021-11-15 00:00:00,32.09,-0.049748297,1,1,-0.049748297,10.90281899,7.175835721
2021-11-16 00:00:00,29.164,-0.091181053,1,1,-0.091181053,9.817507418,6.430354408
2021-11-17 00:00:00,29.215,0.001748731,1,1,0.001748731,9.836424332,6.443348102
2021-11-18 00:00:00,26.547,-0.091322951,1,1,-0.091322951,8.846810089,5.763599591
2021-11-19 00:00:00,28.278,0.065205108,1,1,0.065205108,9.488872404,6.204620833
2021-11-20 00:00:00,28.383,0.003713134,1,1,0.003713134,9.527818991,6.231372554
2021-11-21 00:00:00,29.004,0.021879294,1,1,0.021879294,9.758160237,6.38958988
2021-11-22 00:00:00,26.767,-0.077127293,0,0.5,-0.077127293,8.928412463,5.819650818
2021-11-23 00:00:00,26.963,0.007322449,0,0.5,0.003661225,9.00111276,5.844619091
2021-11-24 00:00:00,25.601,-0.050513667,0,0.5,-0.025256833,8.495919881,5.671745687
2021-11-25 00:00:00,26.439,0.032733096,0,0.5,0.016366548,8.806750742,5.780939134
2021-11-26 00:00:00,23.965,-0.093573887,0,0.5,-0.046786944,7.889094955,5.463679718
2021-11-27 00:00:00,24.103,0.005758398,0,0.5,0.002879199,7.940281899,5.482289937
2021-11-28 00:00:00,24.769,0.027631415,0,0.5,0.013815708,8.18731454,5.571847359
2021-11-29 00:00:00,25.004,0.009487666,0,0.5,0.004743833,8.274480712,5.603023106
2021-11-30 00:00:00,25.342,0.013517837,0,0.5,0.006758919,8.399851632,5.647652401
2021-12-01 00:00:00,25.347,0.000197301,0,0.5,9.86505E-05,8.401706231,5.648308195
2021-12-02 00:00:00,24.551,-0.031404111,0,0.5,-0.015702055,8.106454006,5.543916091
2021-12-03 00:00:00,23.302,-0.050873691,-1,0,-0.025436846,7.643175074,5.377459507
2021-12-04 00:00:00,20.637,-0.114367865,-1,0,0,6.654673591,5.377459507
2021-12-05 00:00:00,19.481,-0.056015894,-1,0,0,6.225890208,5.377459507
2021-12-06 00:00:00,19.782,0.015450952,-1,0,0,6.337537092,5.377459507
2021-12-07 00:00:00,21.08,0.065615206,-1,0,0,6.818991098,5.377459507
2021-12-08 00:00:00,22.909,0.086764706,-1,0,0,7.497403561,5.377459507
2021-12-09 00:00:00,20.257,-0.115762364,-1,0,0,6.513724036,5.377459507
2021-12-10 00:00:00,18.532,-0.085155749,-1,0,0,5.87388724,5.377459507
2021-12-11 00:00:00,19.967,0.077433628,-1,0,0,6.40615727,5.377459507
2021-12-12 00:00:00,20.402,0.021785947,-1,0,0,6.567507418,5.377459507
2021-12-13 00:00:00,17.764,-0.129301049,-1,0,0,5.589020772,5.377459507
2021-12-14 00:00:00,18.421,0.036984913,-1,0,0,5.832715134,5.377459507
2021-12-15 00:00:00,19.679,0.068291624,-1,0,0,6.299332344,5.377459507
2021-12-16 00:00:00,18.758,-0.046801159,-1,0,0,5.957715134,5.377459507
2021-12-17 00:00:00,18.25,-0.027081778,-1,0,0,5.769287834,5.377459507
2021-12-18 00:00:00,19.532,0.070246575,-1,0,0,6.244807122,5.377459507
2021-12-19 00:00:00,18.864,-0.034200287,-1,0,0,5.997032641,5.377459507
2021-12-20 00:00:00,18.779,-0.004505937,-1,0,0,5.965504451,5.377459507
2021-12-21 00:00:00,19.415,0.033867618,-1,0,0,6.201409496,5.377459507
2021-12-22 00:00:00,19.922,0.02611383,-1,0,0,6.389465875,5.377459507
2021-12-23 00:00:00,22.166,0.112639293,-1,0,0,7.221810089,5.377459507
2021-12-24 00:00:00,21.48,-0.030948299,-1,0,0,6.96735905,5.377459507
2021-12-25 00:00:00,22.117,0.029655493,-1,0,0,7.203635015,5.377459507
2021-12-26 00:00:00,22.986,0.039291043,-1,0,0,7.525964392,5.377459507
2021-12-27 00:00:00,23.016,0.001305142,-1,0,0,7.537091988,5.377459507
2021-12-28 00:00:00,20.379,-0.114572471,-1,0,0,6.558976261,5.377459507
2021-12-29 00:00:00,19.734,-0.031650228,-1,0,0,6.319732938,5.377459507
2021-12-30 00:00:00,19.93,0.009932097,-1,0,0,6.392433234,5.377459507
2021-12-31 00:00:00,19.514,-0.020873056,-1,0,0,6.238130564,5.377459507
2022-01-01 00:00:00,20.736,0.062621707,-1,0,0,6.691394659,5.377459507
2022-01-02 00:00:00,21.854,0.053915895,-1,0,0,7.106083086,5.377459507
2022-01-03 00:00:00,23.697,0.084332388,0,0.5,0,7.789688427,5.377459507
2022-01-04 00:00:00,23.426,-0.011436047,0,0.5,-0.005718023,7.689169139,5.340993044
2022-01-05 00:00:00,25.222,0.076666951,0,0.5,0.038333476,8.355341246,5.584065347
2022-01-06 00:00:00,25.379,0.006224724,0,0.5,0.003112362,8.413575668,5.604557343
2022-01-07 00:00:00,25.975,0.023483983,0,0.5,0.011741991,8.634643917,5.682107999
2022-01-08 00:00:00,25.306,-0.025755534,0,0.5,-0.012877767,8.386498516,5.596057368
2022-01-09 00:00:00,27.538,0.088200427,1,1,0.044100213,9.214391691,5.886944906
2022-01-10 00:00:00,27.974,0.015832668,0,0.5,0.015832668,9.37611276,5.995983615
2022-01-11 00:00:00,26.582,-0.049760492,0,0.5,-0.024880246,8.859792285,5.821921822
2022-01-12 00:00:00,26.751,0.006357686,0,0.5,0.003178843,8.922477745,5.843607639
2022-01-13 00:00:00,24.852,-0.070988,0,0.5,-0.035494,8.21810089,5.600700628
2022-01-14 00:00:00,25.706,0.034363432,0,0.5,0.017181716,8.534866469,5.71411199
2022-01-15 00:00:00,25.167,-0.020967867,0,0.5,-0.010483934,8.334940653,5.643721685
2022-01-16 00:00:00,25.498,0.013152144,0,0.5,0.006576072,8.457715134,5.687411276
2022-01-17 00:00:00,23.771,-0.067730802,0,0.5,-0.033865401,7.817136499,5.46093941
2022-01-18 00:00:00,22.951,-0.034495814,0,0.5,-0.017247907,7.512982196,5.349501727
2022-01-19 00:00:00,21.541,-0.061435232,1,1,-0.030717616,6.989985163,5.154460173
2022-01-20 00:00:00,20.164,-0.063924609,0,0.5,-0.063924609,6.479228487,4.761038714
2022-01-21 00:00:00,17.414,-0.13638167,-1,0,-0.068190835,5.459198813,4.368188672
2022-01-22 00:00:00,15.844,-0.090157345,-1,0,0,4.876854599,4.368188672
2022-01-23 00:00:00,16.622,0.049103762,-1,0,0,5.165430267,4.368188672
2022-01-24 00:00:00,15.568,-0.063409939,-1,0,0,4.774480712,4.368188672
2022-01-25 00:00:00,15.487,-0.00520298,-1,0,0,4.744436202,4.368188672
2022-01-26 00:00:00,15.224,-0.016981985,-1,0,0,4.646884273,4.368188672
2022-01-27 00:00:00,15.209,-0.000985286,-1,0,0,4.641320475,4.368188672
2022-01-28 00:00:00,16.133,0.060753501,-1,0,0,4.984050445,4.368188672
2022-01-29 00:00:00,16.217,0.005206719,-1,0,0,5.015207715,4.368188672
2022-01-30 00:00:00,17.754,0.094777086,-1,0,0,5.585311573,4.368188672
2022-01-31 00:00:00,17.143,-0.03441478,-1,0,0,5.358679525,4.368188672
2022-02-01 00:00:00,16.974,-0.009858251,-1,0,0,5.295994065,4.368188672
2022-02-02 00:00:00,15.772,-0.070814186,-1,0,0,4.850148368,4.368188672
2022-02-03 00:00:00,16.29,0.032843013,-1,0,0,5.042284866,4.368188672
2022-02-04 00:00:00,17.5,0.074278699,-1,0,0,5.491097923,4.368188672
2022-02-05 00:00:00,17.747,0.014114286,-1,0,0,5.582715134,4.368188672
2022-02-06 00:00:00,18.064,0.017862174,-1,0,0,5.700296736,4.368188672
2022-02-07 00:00:00,18.874,0.044840567,-1,0,0,6.00074184,4.368188672
2022-02-08 00:00:00,18.367,-0.02686235,-1,0,0,5.81268546,4.368188672
2022-02-09 00:00:00,18.664,0.016170305,-1,0,0,5.922848665,4.368188672
2022-02-10 00:00:00,17.486,-0.063116159,-1,0,0,5.485905045,4.368188672
2022-02-11 00:00:00,16.189,-0.074173625,-1,0,0,5.004821958,4.368188672
2022-02-12 00:00:00,15.949,-0.014824881,-1,0,0,4.915801187,4.368188672
2022-02-13 00:00:00,15.601,-0.02181955,-1,0,0,4.786721068,4.368188672
2022-02-14 00:00:00,15.896,0.018909044,-1,0,0,4.896142433,4.368188672
2022-02-15 00:00:00,17.339,0.090777554,-1,0,0,5.431379822,4.368188672
2022-02-16 00:00:00,17.11,-0.013207221,-1,0,0,5.346439169,4.368188672
2022-02-17 00:00:00,15.582,-0.0893045,-1,0,0,4.779673591,4.368188672
2022-02-18 00:00:00,15.174,-0.026184059,-1,0,0,4.628338279,4.368188672
2022-02-19 00:00:00,15.507,0.021945433,-1,0,0,4.751854599,4.368188672
2022-02-20 00:00:00,14.601,-0.058425227,-1,0,0,4.415801187,4.368188672
2022-02-21 00:00:00,13.492,-0.075953702,-1,0,0,4.004451039,4.368188672
2022-02-22 00:00:00,13.983,0.036391936,-1,0,0,4.1865727,4.368188672
2022-02-23 00:00:00,13.34,-0.04598441,-1,0,0,3.948071217,4.368188672
2022-02-24 00:00:00,13.261,-0.005922039,-1,0,0,3.918768546,4.368188672
2022-02-25 00:00:00,14.359,0.082799186,-1,0,0,4.326038576,4.368188672
2022-02-26 00:00:00,14.706,0.024166028,-1,0,0,4.454747774,4.368188672
2022-02-27 00:00:00,13.635,-0.072827417,-1,0,0,4.057492582,4.368188672
2022-02-28 00:00:00,15.117,0.108690869,-1,0,0,4.607195846,4.368188672
2022-03-01 00:00:00,15.343,0.014950056,-1,0,0,4.691023739,4.368188672
2022-03-02 00:00:00,15.276,-0.004366812,-1,0,0,4.666172107,4.368188672
2022-03-03 00:00:00,14.881,-0.025857554,-1,0,0,4.519658754,4.368188672
2022-03-04 00:00:00,13.727,-0.077548552,-1,0,0,4.091617211,4.368188672
2022-03-05 00:00:00,14.017,0.021126248,-1,0,0,4.199183976,4.368188672
2022-03-06 00:00:00,13.315,-0.050082043,-1,0,0,3.93879822,4.368188672
2022-03-07 00:00:00,12.664,-0.048892227,-1,0,0,3.697329377,4.368188672
2022-03-08 00:00:00,13.085,0.033243841,-1,0,0,3.853486647,4.368188672
2022-03-09 00:00:00,14,0.069927398,-1,0,0,4.192878338,4.368188672
2022-03-10 00:00:00,13.173,-0.059071429,-1,0,0,3.886127596,4.368188672
2022-03-11 00:00:00,13.038,-0.010248235,-1,0,0,3.836053412,4.368188672
2022-03-12 00:00:00,13.138,0.007669888,-1,0,0,3.873145401,4.368188672
2022-03-13 00:00:00,12.696,-0.033642868,-1,0,0,3.709198813,4.368188672
2022-03-14 00:00:00,13.398,0.055293006,-1,0,0,3.96958457,4.368188672
2022-03-15 00:00:00,13.694,0.02209285,-1,0,0,4.079376855,4.368188672
2022-03-16 00:00:00,14.661,0.070614868,-1,0,0,4.43805638,4.368188672
2022-03-17 00:00:00,14.404,-0.0175295,-1,0,0,4.34272997,4.368188672
2022-03-18 00:00:00,15.005,0.041724521,-1,0,0,4.565652819,4.368188672
2022-03-19 00:00:00,14.994,-0.000733089,-1,0,0,4.5615727,4.368188672
2022-03-20 00:00:00,14.546,-0.029878618,-1,0,0,4.395400593,4.368188672
2022-03-21 00:00:00,14.986,0.030248866,-1,0,0,4.558605341,4.368188672
2022-03-22 00:00:00,15.427,0.029427466,0,0.5,0,4.722181009,4.368188672
2022-03-23 00:00:00,15.828,0.025993388,0,0.5,0.012996694,4.870919881,4.437957378
2022-03-24 00:00:00,16.157,0.020785949,0,0.5,0.010392974,4.992952522,4.494473931
2022-03-25 00:00:00,15.585,-0.035402612,0,0.5,-0.017701306,4.78078635,4.397214567
2022-03-26 00:00:00,15.831,0.015784408,0,0.5,0.007892204,4.872032641,4.439810485
2022-03-27 00:00:00,16.855,0.064683216,0,0.5,0.032341608,5.251854599,4.615742705
2022-03-28 00:00:00,16.496,-0.021299318,0,0.5,-0.010649659,5.118694362,4.555936961
2022-03-29 00:00:00,16.971,0.028794859,0,0.5,0.01439743,5.294881306,4.635928173
2022-03-30 00:00:00,17.214,0.014318543,0,0.5,0.007159272,5.385014837,4.676277314
2022-03-31 00:00:00,16.92,-0.017079122,0,0.5,-0.008539561,5.275964392,4.627804398
2022-04-01 00:00:00,17.352,0.025531915,0,0.5,0.012765957,5.43620178,4.69964871
2022-04-02 00:00:00,17.407,0.003169663,0,0.5,0.001584832,5.456602374,4.708681694
2022-04-03 00:00:00,18.082,0.038777503,0,0.5,0.019388752,5.706973294,4.819365905
2022-04-04 00:00:00,17.506,-0.031854883,0,0.5,-0.015927442,5.493323442,4.726678294
2022-04-05 00:00:00,16.736,-0.043984919,0,0.5,-0.02199246,5.207715134,4.600734553
2022-04-06 00:00:00,15.399,-0.079887667,0,0.5,-0.039943834,4.711795252,4.377019743
2022-04-07 00:00:00,15.733,0.02168972,0,0.5,0.01084486,4.835682493,4.43533277
2022-04-08 00:00:00,15.115,-0.039280493,0,0.5,-0.019640247,4.606454006,4.328581494
2022-04-09 00:00:00,15.422,0.020310949,0,0.5,0.010155475,4.720326409,4.382695768
2022-04-10 00:00:00,15.226,-0.012709117,0,0.5,-0.006354558,4.647626113,4.348491114
2022-04-11 00:00:00,13.755,-0.09661106,0,0.5,-0.04830553,4.102002967,4.090129416
2022-04-12 00:00:00,13.97,0.01563068,0,0.5,0.00781534,4.181750742,4.129910507
2022-04-13 00:00:00,14.187,0.015533286,0,0.5,0.007766643,4.262240356,4.16975269
2022-04-14 00:00:00,13.636,-0.038838373,-1,0,-0.019419187,4.057863501,4.069360298
2022-04-15 00:00:00,14.099,0.033954239,-1,0,0,4.229599407,4.069360298
2022-04-16 00:00:00,14.146,0.00333357,-1,0,0,4.247032641,4.069360298
2022-04-17 00:00:00,13.714,-0.030538668,-1,0,0,4.086795252,4.069360298
2022-04-18 00:00:00,14.047,0.024281756,-1,0,0,4.210311573,4.069360298
2022-04-19 00:00:00,14.239,0.013668399,-1,0,0,4.28152819,4.069360298
2022-04-20 00:00:00,14.021,-0.015310064,-1,0,0,4.200667656,4.069360298
2022-04-21 00:00:00,13.568,-0.03230868,-1,0,0,4.03264095,4.069360298
2022-04-22 00:00:00,13.577,0.000663325,-1,0,0,4.035979228,4.069360298
2022-04-23 00:00:00,13.31,-0.019665611,-1,0,0,3.93694362,4.069360298
2022-04-24 00:00:00,13.257,-0.003981968,-1,0,0,3.917284866,4.069360298
2022-04-25 00:00:00,13.427,0.012823414,-1,0,0,3.980341246,4.069360298
2022-04-26 00:00:00,12.359,-0.079541223,-1,0,0,3.584198813,4.069360298
2022-04-27 00:00:00,12.731,0.030099523,-1,0,0,3.722181009,4.069360298
2022-04-28 00:00:00,12.652,-0.006205326,-1,0,0,3.692878338,4.069360298
2022-04-29 00:00:00,11.968,-0.054062599,-1,0,0,3.439169139,4.069360298
2022-04-30 00:00:00,10.951,-0.084976604,-1,0,0,3.06194362,4.069360298
2022-05-01 00:00:00,11.293,0.031230025,-1,0,0,3.18879822,4.069360298
2022-05-02 00:00:00,11.168,-0.011068804,-1,0,0,3.142433234,4.069360298
2022-05-03 00:00:00,11.117,-0.004566619,-1,0,0,3.12351632,4.069360298
2022-05-04 00:00:00,12.193,0.096788702,-1,0,0,3.522626113,4.069360298
2022-05-05 00:00:00,10.907,-0.105470352,-1,0,0,3.045623145,4.069360298
2022-05-06 00:00:00,10.781,-0.011552214,-1,0,0,2.99888724,4.069360298
2022-05-07 00:00:00,10.205,-0.053427326,-1,0,0,2.785237389,4.069360298
2022-05-08 00:00:00,9.99,-0.021068104,-1,0,0,2.705489614,4.069360298
2022-05-09 00:00:00,8.081,-0.191091091,-1,0,0,1.997403561,4.069360298
2022-05-10 00:00:00,8.577,0.061378542,-1,0,0,2.181379822,4.069360298
2022-05-11 00:00:00,6.936,-0.191325638,-1,0,0,1.572700297,4.069360298
2022-05-12 00:00:00,6.562,-0.053921569,-1,0,0,1.433976261,4.069360298
2022-05-13 00:00:00,7.146,0.088997257,-1,0,0,1.650593472,4.069360298
2022-05-14 00:00:00,7.246,0.013993843,-1,0,0,1.68768546,4.069360298
2022-05-15 00:00:00,7.96,0.098537124,-1,0,0,1.952522255,4.069360298
2022-05-16 00:00:00,7.418,-0.068090452,-1,0,0,1.75148368,4.069360298
2022-05-17 00:00:00,7.71,0.03936371,-1,0,0,1.859792285,4.069360298
2022-05-18 00:00:00,6.798,-0.118287938,-1,0,0,1.521513353,4.069360298
2022-05-19 00:00:00,7.218,0.061782877,-1,0,0,1.677299703,4.069360298
2022-05-20 00:00:00,6.864,-0.049044057,-1,0,0,1.545994065,4.069360298
2022-05-21 00:00:00,7.05,0.027097902,-1,0,0,1.614985163,4.069360298
2022-05-22 00:00:00,7.319,0.038156028,-1,0,0,1.714762611,4.069360298
2022-05-23 00:00:00,7.022,-0.040579314,-1,0,0,1.604599407,4.069360298
2022-05-24 00:00:00,7.23,0.029621191,-1,0,0,1.681750742,4.069360298
2022-05-25 00:00:00,6.951,-0.038589212,-1,0,0,1.578264095,4.069360298
2022-05-26 00:00:00,6.565,-0.055531578,-1,0,0,1.435089021,4.069360298
2022-05-27 00:00:00,6.283,-0.042955065,-1,0,0,1.330489614,4.069360298
2022-05-28 00:00:00,6.564,0.044723858,-1,0,0,1.434718101,4.069360298
2022-05-29 00:00:00,6.709,0.022090189,-1,0,0,1.488501484,4.069360298
2022-05-30 00:00:00,7.452,0.110746758,-1,0,0,1.764094955,4.069360298
2022-05-31 00:00:00,7.587,0.018115942,-1,0,0,1.814169139,4.069360298
2022-06-01 00:00:00,6.926,-0.08712271,-1,0,0,1.568991098,4.069360298
2022-06-02 00:00:00,7.192,0.038406006,-1,0,0,1.667655786,4.069360298
2022-06-03 00:00:00,6.85,-0.047552836,-1,0,0,1.540801187,4.069360298
2022-06-04 00:00:00,7.406,0.081167883,-1,0,0,1.747032641,4.069360298
2022-06-05 00:00:00,7.642,0.031866055,-1,0,0,1.834569733,4.069360298
2022-06-06 00:00:00,7.972,0.043182413,-1,0,0,1.956973294,4.069360298
2022-06-07 00:00:00,8.704,0.091821375,-1,0,0,2.228486647,4.069360298
2022-06-08 00:00:00,8.7,-0.000459559,0,0.5,0,2.227002967,4.069360298
2022-06-09 00:00:00,9.265,0.064942529,0,0.5,0.032471264,2.4365727,4.233968836
2022-06-10 00:00:00,8.033,-0.132973556,0,0.5,-0.066486778,1.979599407,3.885979111
2022-06-11 00:00:00,7.04,-0.123615088,0,0.5,-0.061807544,1.611275964,3.583988743
2022-06-12 00:00:00,6.264,-0.110227273,-1,0,-0.055113636,1.323442136,3.331348454
2022-06-13 00:00:00,5.922,-0.054597701,-1,0,0,1.196587537,3.331348454
2022-06-14 00:00:00,6.726,0.135764944,-1,0,0,1.494807122,3.331348454
2022-06-15 00:00:00,7.319,0.088165329,-1,0,0,1.714762611,3.331348454
2022-06-16 00:00:00,6.355,-0.131711983,-1,0,0,1.357195846,3.331348454
2022-06-17 00:00:00,6.357,0.000314713,-1,0,0,1.357937685,3.331348454
2022-06-18 00:00:00,5.921,-0.068585811,-1,0,0,1.196216617,3.331348454
2022-06-19 00:00:00,6.601,0.114845465,-1,0,0,1.448442136,3.331348454
2022-06-20 00:00:00,6.98,0.057415543,-1,0,0,1.589020772,3.331348454
2022-06-21 00:00:00,6.854,-0.018051576,-1,0,0,1.542284866,3.331348454
2022-06-22 00:00:00,6.62,-0.034140648,-1,0,0,1.455489614,3.331348454
2022-06-23 00:00:00,6.985,0.055135952,-1,0,0,1.590875371,3.331348454
2022-06-24 00:00:00,7.259,0.039226915,0,0.5,0,1.692507418,3.331348454
2022-06-25 00:00:00,7.259,0,0,0.5,0,1.692507418,3.331348454
2022-06-26 00:00:00,6.693,-0.077972172,0,0.5,-0.038986086,1.482566766,3.16248613
2022-06-27 00:00:00,6.553,-0.020917376,-1,0,-0.010458688,1.430637982,3.118951985
2022-06-28 00:00:00,6.314,-0.036471845,-1,0,0,1.341988131,3.118951985
2022-06-29 00:00:00,6.233,-0.012828635,-1,0,0,1.31194362,3.118951985
2022-06-30 00:00:00,6.27,0.005936146,-1,0,0,1.325667656,3.118951985
2022-07-01 00:00:00,6.075,-0.031100478,-1,0,0,1.253338279,3.118951985
2022-07-02 00:00:00,6.22,0.023868313,-1,0,0,1.307121662,3.118951985
2022-07-03 00:00:00,6.216,-0.000643087,-1,0,0,1.305637982,3.118951985
2022-07-04 00:00:00,6.429,0.034266409,-1,0,0,1.384643917,3.118951985
2022-07-05 00:00:00,6.305,-0.019287603,-1,0,0,1.338649852,3.118951985
2022-07-06 00:00:00,6.335,0.004758128,-1,0,0,1.349777448,3.118951985
2022-07-07 00:00:00,6.635,0.047355959,-1,0,0,1.461053412,3.118951985
2022-07-08 00:00:00,6.349,-0.043104748,-1,0,0,1.354970326,3.118951985
2022-07-09 00:00:00,6.481,0.020790676,-1,0,0,1.403931751,3.118951985
2022-07-10 00:00:00,6.19,-0.044900478,-1,0,0,1.295994065,3.118951985
2022-07-11 00:00:00,6.039,-0.024394184,-1,0,0,1.239985163,3.118951985
2022-07-12 00:00:00,5.945,-0.015565491,-1,0,0,1.205118694,3.118951985
2022-07-13 00:00:00,6.17,0.03784693,0,0.5,0,1.288575668,3.118951985
2022-07-14 00:00:00,6.271,0.01636953,-1,0,0.008184765,1.326038576,3.152664639
2022-07-15 00:00:00,6.321,0.00797321,-1,0,0,1.34458457,3.152664639
2022-07-16 00:00:00,6.594,0.043189369,0,0.5,0,1.445845697,3.152664639
2022-07-17 00:00:00,6.345,-0.037761601,-1,0,-0.018880801,1.353486647,3.074259006
2022-07-18 00:00:00,7.033,0.108431836,0,0.5,0,1.608679525,3.074259006
2022-07-19 00:00:00,7.249,0.030712356,0,0.5,0.015356178,1.68879822,3.136824052
2022-07-20 00:00:00,6.862,-0.053386674,-1,0,-0.026693337,1.545252226,3.026398414
2022-07-21 00:00:00,6.989,0.018507724,0,0.5,0,1.59235905,3.026398414
2022-07-22 00:00:00,6.78,-0.029904135,0,0.5,-0.014952068,1.514836795,2.966195433
2022-07-23 00:00:00,6.841,0.00899705,-1,0,0.004498525,1.537462908,2.984037462
2022-07-24 00:00:00,7.091,0.036544365,-1,0,0,1.630192878,2.984037462
2022-07-25 00:00:00,6.425,-0.093921873,-1,0,0,1.383160237,2.984037462
2022-07-26 00:00:00,6.337,-0.013696498,-1,0,0,1.350519288,2.984037462
2022-07-27 00:00:00,6.853,0.081426543,0,0.5,0,1.541913947,2.984037462
2022-07-28 00:00:00,7.216,0.052969502,0,0.5,0.026484751,1.676557864,3.089553703
2022-07-29 00:00:00,7.882,0.0922949,0,0.5,0.04614745,1.923590504,3.278276179
2022-07-30 00:00:00,7.819,-0.007992895,0,0.5,-0.003996448,1.900222552,3.261178272
2022-07-31 00:00:00,7.65,-0.021614017,0,0.5,-0.010807009,1.837537092,3.215127682
2022-08-01 00:00:00,7.567,-0.010849673,0,0.5,-0.005424837,1.806750742,3.192261303
2022-08-02 00:00:00,7.173,-0.052068191,0,0.5,-0.026034095,1.660608309,3.083119572
2022-08-03 00:00:00,7.277,0.014498815,0,0.5,0.007249408,1.699183976,3.11271977
2022-08-04 00:00:00,7.359,0.01126838,0,0.5,0.00563419,1.729599407,3.135891614
2022-08-05 00:00:00,7.874,0.069982335,0,0.5,0.034991167,1.920623145,3.280611289
2022-08-06 00:00:00,7.788,-0.010922022,0,0.5,-0.005461011,1.888724036,3.257234824
2022-08-07 00:00:00,8.341,0.071006677,0,0.5,0.035503338,2.09384273,3.408380873
2022-08-08 00:00:00,8.604,0.031530991,0,0.5,0.015765496,2.191394659,3.477881183
2022-08-09 00:00:00,8.738,0.015574152,0,0.5,0.007787076,2.241097923,3.512750783
2022-08-10 00:00:00,9.05,0.035706111,0,0.5,0.017853056,2.356824926,3.593317174
2022-08-11 00:00:00,8.957,-0.010276243,0,0.5,-0.005138122,2.322329377,3.569716152
2022-08-12 00:00:00,9.317,0.040192029,0,0.5,0.020096014,2.455860534,3.661549233
2022-08-13 00:00:00,9.141,-0.018890201,0,0.5,-0.0094451,2.390578635,3.617520433
2022-08-14 00:00:00,8.764,-0.041242752,0,0.5,-0.020621376,2.25074184,3.522300807
2022-08-15 00:00:00,8.641,-0.014034687,0,0.5,-0.007017344,2.205118694,3.490566268
2022-08-16 00:00:00,8.444,-0.022798287,0,0.5,-0.011399144,2.132047478,3.439377658
2022-08-17 00:00:00,8.057,-0.04583136,0,0.5,-0.02291568,1.988501484,3.337646301
2022-08-18 00:00:00,7.644,-0.051259774,0,0.5,-0.025629887,1.835311573,3.226472917
2022-08-19 00:00:00,6.894,-0.09811617,0,0.5,-0.049058085,1.557121662,3.01913025
2022-08-20 00:00:00,6.893,-0.000145054,-1,0,-7.25268E-05,1.556750742,3.018838755
2022-08-21 00:00:00,7.076,0.026548673,0,0.5,0,1.62462908,3.018838755
2022-08-22 00:00:00,7.036,-0.005652911,0,0.5,-0.002826456,1.609792285,3.007479686
2022-08-23 00:00:00,7.236,0.028425242,0,0.5,0.014212621,1.683976261,3.064436475
2022-08-24 00:00:00,7.119,-0.016169154,0,0.5,-0.008084577,1.640578635,3.031577225
2022-08-25 00:00:00,7.12,0.000140469,0,0.5,7.02346E-05,1.640949555,3.031860381
2022-08-26 00:00:00,6.497,-0.0875,-1,0,-0.04375,1.409866469,2.855466489
2022-08-27 00:00:00,6.526,0.004463599,-1,0,0,1.420623145,2.855466489
2022-08-28 00:00:00,6.25,-0.042292369,-1,0,0,1.318249258,2.855466489
2022-08-29 00:00:00,6.693,0.07088,-1,0,0,1.482566766,2.855466489
2022-08-30 00:00:00,6.555,-0.020618557,-1,0,0,1.431379822,2.855466489
2022-08-31 00:00:00,6.62,0.009916095,-1,0,0,1.455489614,2.855466489
2022-09-01 00:00:00,6.92,0.045317221,-1,0,0,1.566765579,2.855466489
2022-09-02 00:00:00,6.922,0.000289017,-1,0,0,1.567507418,2.855466489
2022-09-03 00:00:00,6.852,-0.010112684,-1,0,0,1.541543027,2.855466489
2022-09-04 00:00:00,7.149,0.043345009,-1,0,0,1.651706231,2.855466489
2022-09-05 00:00:00,7.371,0.031053294,-1,0,0,1.734050445,2.855466489
2022-09-06 00:00:00,6.652,-0.097544431,-1,0,0,1.46735905,2.855466489
2022-09-07 00:00:00,7.081,0.064491882,-1,0,0,1.62648368,2.855466489
2022-09-08 00:00:00,7.401,0.045191357,0,0.5,0,1.745178042,2.855466489
2022-09-09 00:00:00,7.736,0.045264153,0,0.5,0.022632077,1.869436202,2.942723703
2022-09-10 00:00:00,7.898,0.020941055,0,0.5,0.010470527,1.929525223,2.984006099
2022-09-11 00:00:00,8.022,0.015700177,0,0.5,0.007850089,1.975519288,3.0152809
2022-09-12 00:00:00,7.751,-0.033782099,-1,0,-0.01689105,1.875,2.947458591
2022-09-13 00:00:00,7.017,-0.094697458,-1,0,0,1.602744807,2.947458591
2022-09-14 00:00:00,7.451,0.061849793,-1,0,0,1.763724036,2.947458591
2022-09-15 00:00:00,7.56,0.014628909,0,0.5,0,1.804154303,2.947458591
2022-09-16 00:00:00,7.653,0.012301587,0,0.5,0.006150794,1.838649852,2.971738595
2022-09-17 00:00:00,8.085,0.056448452,1,1,0.028224226,1.99888724,3.083837842
2022-09-18 00:00:00,7.518,-0.07012987,1,1,-0.07012987,1.788575668,2.797438824
2022-09-19 00:00:00,7.296,-0.02952913,0,0.5,-0.02952913,1.706231454,2.685303759
2022-09-20 00:00:00,6.882,-0.056743421,-1,0,-0.028371711,1.552670623,2.580745388
2022-09-21 00:00:00,6.673,-0.030369079,-1,0,0,1.475148368,2.580745388
2022-09-22 00:00:00,7.118,0.066686648,0,0.5,0,1.640207715,2.580745388
2022-09-23 00:00:00,7.445,0.045939871,1,1,0.022969935,1.761498516,2.662994878
2022-09-24 00:00:00,7.625,0.0241773,1,1,0.0241773,1.828264095,2.751556205
2022-09-25 00:00:00,7.86,0.030819672,1,1,0.030819672,1.915430267,2.867177937
2022-09-26 00:00:00,7.936,0.009669211,1,1,0.009669211,1.943620178,2.904570497
2022-09-27 00:00:00,8.053,0.014742944,1,1,0.014742944,1.987017804,2.962135359
2022-09-28 00:00:00,7.787,-0.033031169,1,1,-0.033031169,1.888353116,2.831261399
2022-09-29 00:00:00,7.895,0.013869269,1,1,0.013869269,1.928412463,2.884398195
2022-09-30 00:00:00,7.581,-0.039772008,1,1,-0.039772008,1.81194362,2.72990788
2022-10-01 00:00:00,7.389,-0.025326474,1,1,-0.025326474,1.740727003,2.635442465
2022-10-02 00:00:00,7.106,-0.038300176,0,0.5,-0.038300176,1.635756677,2.496204379
2022-10-03 00:00:00,7.322,0.030396848,0,0.5,0.015198424,1.715875371,2.549341175
2022-10-04 00:00:00,7.716,0.053810434,0,0.5,0.026905217,1.862017804,2.64483697
2022-10-05 00:00:00,7.87,0.019958528,0,0.5,0.009979264,1.919139466,2.68120976
2022-10-06 00:00:00,7.627,-0.030876747,0,0.5,-0.015438374,1.829005935,2.624377868
2022-10-07 00:00:00,7.6,-0.003540055,0,0.5,-0.001770028,1.818991098,2.61796262
2022-10-08 00:00:00,7.452,-0.019473684,0,0.5,-0.009736842,1.764094955,2.582735089
2022-10-09 00:00:00,7.624,0.023081052,0,0.5,0.011540526,1.827893175,2.624081737
2022-10-10 00:00:00,7.328,-0.038824764,0,0.5,-0.019412382,1.71810089,2.553729678
2022-10-11 00:00:00,7.129,-0.027156114,0,0.5,-0.013578057,1.644287834,2.505476934
2022-10-12 00:00:00,7.142,0.001823538,0,0.5,0.000911769,1.649109792,2.508673119
2022-10-13 00:00:00,7.021,-0.016942033,0,0.5,-0.008471017,1.604228487,2.478951091
2022-10-14 00:00:00,6.883,-0.01965532,0,0.5,-0.00982766,1.553041543,2.444761143
2022-10-15 00:00:00,6.879,-0.000581142,0,0.5,-0.000290571,1.551557864,2.443760195
2022-10-16 00:00:00,7.164,0.04143044,0,0.5,0.02071522,1.65727003,2.515098446
2022-10-17 00:00:00,7.325,0.022473479,0,0.5,0.011236739,1.716988131,2.554596691
2022-10-18 00:00:00,7.123,-0.027576792,0,0.5,-0.013788396,1.642062315,2.505584505
2022-10-19 00:00:00,6.768,-0.049838551,-1,0,-0.024919276,1.510385757,2.418227878
2022-10-20 00:00:00,6.655,-0.016696217,0,0.5,0,1.46847181,2.418227878
2022-10-21 00:00:00,6.806,0.022689707,0,0.5,0.011344853,1.524480712,2.457007173
2022-10-22 00:00:00,6.866,0.008815751,-1,0,0.004407875,1.546735905,2.47224523
2022-10-23 00:00:00,7.064,0.028837751,-1,0,0,1.620178042,2.47224523
2022-10-24 00:00:00,6.902,-0.022933182,0,0.5,0,1.560089021,2.47224523
2022-10-25 00:00:00,7.057,0.022457259,0,0.5,0.011228629,1.617581602,2.511233784
2022-10-26 00:00:00,7.153,0.013603514,0,0.5,0.006801757,1.653189911,2.535116344
2022-10-27 00:00:00,6.888,-0.037047393,0,0.5,-0.018523696,1.554896142,2.469632922
2022-10-28 00:00:00,7.105,0.031504065,0,0.5,0.015752033,1.635385757,2.524286693
2022-10-29 00:00:00,7.633,0.074313863,0,0.5,0.037156932,1.831231454,2.655238373
2022-10-30 00:00:00,7.777,0.018865453,1,1,0.009432726,1.884643917,2.689717236
2022-10-31 00:00:00,7.848,0.009129484,1,1,0.009129484,1.910979228,2.723402452
2022-11-01 00:00:00,7.68,-0.021406728,1,1,-0.021406728,1.848664688,2.643696589
2022-11-02 00:00:00,7.428,-0.0328125,1,1,-0.0328125,1.755192878,2.524137795
2022-11-03 00:00:00,7.716,0.038772213,1,1,0.038772213,1.862017804,2.660776417
2022-11-04 00:00:00,8.712,0.129082426,1,1,0.129082426,2.231454006,3.133318318
2022-11-05 00:00:00,8.661,-0.005853994,1,1,-0.005853994,2.212537092,3.109121895
2022-11-06 00:00:00,8.096,-0.065234961,1,1,-0.065234961,2.002967359,2.841063488
2022-11-07 00:00:00,8.948,0.105237154,1,1,0.105237154,2.318991098,3.245286078
2022-11-08 00:00:00,7.702,-0.139248994,1,1,-0.139248994,1.856824926,2.654134261
2022-11-09 00:00:00,6.228,-0.191378863,0,0.5,-0.191378863,1.310089021,1.954810203
2022-11-10 00:00:00,7.204,0.156711625,1,1,0.078355812,1.672106825,2.186336757
2022-11-11 00:00:00,7.039,-0.022903942,0,0.5,-0.022903942,1.610905045,2.113357084
2022-11-12 00:00:00,6.278,-0.108111948,-1,0,-0.054055974,1.328635015,1.945061534
2022-11-13 00:00:00,6.073,-0.032653711,-1,0,0,1.252596439,1.945061534
2022-11-14 00:00:00,6.285,0.034908612,-1,0,0,1.331231454,1.945061534
2022-11-15 00:00:00,6.417,0.021002387,-1,0,0,1.380192878,1.945061534
2022-11-16 00:00:00,6.174,-0.037868163,-1,0,0,1.290059347,1.945061534
2022-11-17 00:00:00,6.223,0.007936508,-1,0,0,1.308234421,1.945061534
2022-11-18 00:00:00,6.178,-0.007231239,-1,0,0,1.291543027,1.945061534
2022-11-19 00:00:00,6.141,-0.005988993,-1,0,0,1.277818991,1.945061534
2022-11-20 00:00:00,5.76,-0.062042013,-1,0,0,1.136498516,1.945061534
2022-11-21 00:00:00,5.87,0.019097222,-1,0,0,1.177299703,1.945061534
2022-11-22 00:00:00,6.419,0.093526405,-1,0,0,1.380934718,1.945061534
2022-11-23 00:00:00,6.701,0.043932077,0,0.5,0,1.485534125,1.945061534
2022-11-24 00:00:00,6.825,0.018504701,-1,0,0.00925235,1.53152819,1.972310276
2022-11-25 00:00:00,6.843,0.002637363,-1,0,0,1.538204748,1.972310276
2022-11-26 00:00:00,7.152,0.045155633,0,0.5,0,1.652818991,1.972310276
2022-11-27 00:00:00,6.9,-0.035234899,-1,0,-0.01761745,1.559347181,1.919945749
2022-11-28 00:00:00,7.19,0.042028986,-1,0,0,1.666913947,1.919945749
2022-11-29 00:00:00,7.313,0.017107093,-1,0,0,1.712537092,1.919945749
2022-11-30 00:00:00,7.666,0.048270204,0,0.5,0,1.84347181,1.919945749
2022-12-01 00:00:00,7.678,0.001565354,0,0.5,0.000782677,1.847922849,1.922231123
2022-12-02 00:00:00,7.604,-0.009637927,1,1,-0.004818963,1.820474777,1.908148998
2022-12-03 00:00:00,7.233,-0.04879011,-1,0,-0.04879011,1.682863501,1.766260087
2022-12-04 00:00:00,7.439,0.028480575,-1,0,0,1.759272997,1.766260087
2022-12-05 00:00:00,7.27,-0.022718107,-1,0,0,1.696587537,1.766260087
2022-12-06 00:00:00,7.126,-0.019807428,-1,0,0,1.643175074,1.766260087
2022-12-07 00:00:00,6.877,-0.034942464,-1,0,0,1.550816024,1.766260087
2022-12-08 00:00:00,6.997,0.017449469,-1,0,0,1.595326409,1.766260087
2022-12-09 00:00:00,6.859,-0.019722738,0,0.5,0,1.544139466,1.766260087
2022-12-10 00:00:00,6.852,-0.001020557,-1,0,-0.000510278,1.541543027,1.764848524
2022-12-11 00:00:00,6.694,-0.023058961,-1,0,0,1.482937685,1.764848524
2022-12-12 00:00:00,6.696,0.000298775,0,0.5,0,1.483679525,1.764848524
2022-12-13 00:00:00,6.924,0.034050179,0,0.5,0.01702509,1.568249258,1.811920318
2022-12-14 00:00:00,6.716,-0.030040439,0,0.5,-0.01502022,1.491097923,1.769684658
2022-12-15 00:00:00,6.451,-0.039458011,0,0.5,-0.019729005,1.392804154,1.715041534
2022-12-16 00:00:00,5.889,-0.087118276,-1,0,-0.043559138,1.184347181,1.596776665
2022-12-17 00:00:00,6.025,0.023093904,-1,0,0,1.234792285,1.596776665
2022-12-18 00:00:00,5.948,-0.012780083,-1,0,0,1.206231454,1.596776665
2022-12-19 00:00:00,5.786,-0.027236046,-1,0,0,1.146142433,1.596776665
2022-12-20 00:00:00,6.01,0.038714138,0,0.5,0,1.229228487,1.596776665
2022-12-21 00:00:00,5.984,-0.004326123,0,0.5,-0.002163062,1.21958457,1.591159677
2022-12-22 00:00:00,6.003,0.003175134,-1,0,0.001587567,1.226632047,1.595273317
2022-12-23 00:00:00,5.936,-0.011161086,-1,0,0,1.201780415,1.595273317
2022-12-24 00:00:00,5.913,-0.003874663,-1,0,0,1.193249258,1.595273317
2022-12-25 00:00:00,5.984,0.012007441,-1,0,0,1.21958457,1.595273317
2022-12-26 00:00:00,6.045,0.01019385,-1,0,0,1.242210682,1.595273317
2022-12-27 00:00:00,5.9,-0.023986766,-1,0,0,1.1884273,1.595273317
2022-12-28 00:00:00,5.673,-0.038474576,-1,0,0,1.104228487,1.595273317
2022-12-29 00:00:00,5.597,-0.013396792,-1,0,0,1.076038576,1.595273317
2022-12-30 00:00:00,5.474,-0.021976059,-1,0,0,1.03041543,1.595273317
2022-12-31 00:00:00,5.573,0.018085495,-1,0,0,1.067136499,1.595273317
2023-01-01 00:00:00,5.626,0.009510138,-1,0,0,1.086795252,1.595273317
2023-01-02 00:00:00,5.689,0.011198009,-1,0,0,1.110163205,1.595273317
2023-01-03 00:00:00,5.618,-0.012480225,-1,0,0,1.083827893,1.595273317
2023-01-04 00:00:00,5.805,0.033285867,-1,0,0,1.153189911,1.595273317
2023-01-05 00:00:00,5.657,-0.025495263,-1,0,0,1.098293769,1.595273317
2023-01-06 00:00:00,5.71,0.009368923,-1,0,0,1.117952522,1.595273317
2023-01-07 00:00:00,5.827,0.020490368,-1,0,0,1.161350148,1.595273317
2023-01-08 00:00:00,5.962,0.023168011,-1,0,0,1.211424332,1.595273317
2023-01-09 00:00:00,6.063,0.016940624,-1,0,0,1.24888724,1.595273317
2023-01-10 00:00:00,6.165,0.016823355,-1,0,0,1.286721068,1.595273317
2023-01-11 00:00:00,6.281,0.018815896,-1,0,0,1.329747774,1.595273317
2023-01-12 00:00:00,6.384,0.016398663,-1,0,0,1.367952522,1.595273317
2023-01-13 00:00:00,6.606,0.034774436,-1,0,0,1.450296736,1.595273317
2023-01-14 00:00:00,6.86,0.038449894,0,0.5,0,1.544510386,1.595273317
2023-01-15 00:00:00,6.701,-0.023177843,0,0.5,-0.011588921,1.485534125,1.565196898
2023-01-16 00:00:00,6.672,-0.004327712,0,0.5,-0.002163856,1.474777448,1.559646181
2023-01-17 00:00:00,6.811,0.020833333,0,0.5,0.010416667,1.526335312,1.586309162
2023-01-18 00:00:00,6.331,-0.070474233,0,0.5,-0.035237116,1.348293769,1.495175085
2023-01-19 00:00:00,6.508,0.027957669,0,0.5,0.013978834,1.413946588,1.530054724
2023-01-20 00:00:00,6.947,0.067455439,0,0.5,0.03372772,1.576780415,1.615387701
2023-01-21 00:00:00,6.858,-0.012811285,0,0.5,-0.006405643,1.543768546,1.598634462
2023-01-22 00:00:00,6.986,0.018664334,0,0.5,0.009332167,1.591246291,1.622885352
2023-01-23 00:00:00,7.019,0.004723733,0,0.5,0.002361867,1.603486647,1.629080257
2023-01-24 00:00:00,6.658,-0.051431828,0,0.5,-0.025715914,1.46958457,1.561471056
2023-01-25 00:00:00,6.957,0.044908381,0,0.5,0.02245419,1.580489614,1.618986815
2023-01-26 00:00:00,7.173,0.031047865,0,0.5,0.015523933,1.660608309,1.65964379
2023-01-27 00:00:00,7.386,0.029694688,0,0.5,0.014847344,1.739614243,1.699132437
2023-01-28 00:00:00,7.213,-0.023422692,0,0.5,-0.011711346,1.675445104,1.667521963
2023-01-29 00:00:00,7.375,0.022459448,0,0.5,0.011229724,1.735534125,1.697477499
2023-01-30 00:00:00,6.916,-0.062237288,0,0.5,-0.031118644,1.565281899,1.613535657
2023-01-31 00:00:00,6.95,0.004916136,0,0.5,0.002458068,1.577893175,1.619959906
2023-02-01 00:00:00,7.221,0.038992806,0,0.5,0.019496403,1.678412463,1.6710397
2023-02-02 00:00:00,7.106,-0.015925772,0,0.5,-0.007962886,1.635756677,1.649770515
2023-02-03 00:00:00,7.298,0.02701942,0,0.5,0.01350971,1.706973294,1.685568147
2023-02-04 00:00:00,7.242,-0.007673335,0,0.5,-0.003836668,1.68620178,1.675264514
2023-02-05 00:00:00,6.984,-0.035625518,0,0.5,-0.017812759,1.590504451,1.627610672
2023-02-06 00:00:00,6.831,-0.021907216,0,0.5,-0.010953608,1.533753709,1.598828855
2023-02-07 00:00:00,7.199,0.053872054,0,0.5,0.026936027,1.670252226,1.668830979
2023-02-08 00:00:00,7.137,-0.008612307,1,1,-0.004306154,1.647255193,1.657338582
2023-02-09 00:00:00,6.982,-0.021717809,0,0.5,-0.021717809,1.589762611,1.599627012
2023-02-10 00:00:00,6.886,-0.013749642,0,0.5,-0.006874821,1.554154303,1.581755041
2023-02-11 00:00:00,6.997,0.016119663,1,1,0.008059832,1.595326409,1.602563552
2023-02-12 00:00:00,6.806,-0.027297413,0,0.5,-0.027297413,1.524480712,1.531520299
2023-02-13 00:00:00,6.665,-0.020717014,-1,0,-0.010358507,1.472181009,1.505297528
2023-02-14 00:00:00,6.805,0.021005251,0,0.5,0,1.524109792,1.505297528
2023-02-15 00:00:00,7.281,0.069948567,1,1,0.034974284,1.700667656,1.592918514
2023-02-16 00:00:00,7.013,-0.036808131,1,1,-0.036808131,1.601261128,1.497478031
2023-02-17 00:00:00,7.652,0.091116498,1,1,0.091116498,1.838278932,1.725039483
2023-02-18 00:00:00,7.995,0.044824882,1,1,0.044824882,1.965504451,1.847189057
2023-02-19 00:00:00,8.017,0.00275172,1,1,0.00275172,1.973664688,1.855023723
2023-02-20 00:00:00,8.018,0.000124735,1,1,0.000124735,1.974035608,1.855379845
2023-02-21 00:00:00,7.642,-0.046894487,1,1,-0.046894487,1.834569733,1.721478271
2023-02-22 00:00:00,7.716,0.009683329,1,1,0.009683329,1.862017804,1.74783124
2023-02-23 00:00:00,7.94,0.029030586,1,1,0.029030586,1.945103858,1.82760239
2023-02-24 00:00:00,7.462,-0.060201511,1,1,-0.060201511,1.767804154,1.657376453
2023-02-25 00:00:00,7.368,-0.012597159,1,1,-0.012597159,1.732937685,1.62390106
2023-02-26 00:00:00,7.489,0.016422367,0,0.5,0.016422367,1.777818991,1.666991726
2023-02-27 00:00:00,7.27,-0.02924289,0,0.5,-0.014621445,1.696587537,1.627996453
2023-02-28 00:00:00,7.192,-0.010729023,-1,0,-0.005364512,1.667655786,1.613898536
2023-03-01 00:00:00,7.533,0.047413793,0,0.5,0,1.794139466,1.613898536
2023-03-02 00:00:00,7.272,-0.034647551,0,0.5,-0.017323775,1.697329377,1.568615945
2023-03-03 00:00:00,6.954,-0.043729373,-1,0,-0.021864686,1.579376855,1.512453962
2023-03-04 00:00:00,6.855,-0.014236411,-1,0,0,1.542655786,1.512453962
2023-03-05 00:00:00,6.943,0.012837345,-1,0,0,1.575296736,1.512453962
2023-03-06 00:00:00,6.853,-0.012962696,-1,0,0,1.541913947,1.512453962
2023-03-07 00:00:00,6.881,0.004085802,-1,0,0,1.552299703,1.512453962
2023-03-08 00:00:00,6.574,-0.044615608,-1,0,0,1.4384273,1.512453962
2023-03-09 00:00:00,6.155,-0.063735929,-1,0,0,1.283011869,1.512453962
2023-03-10 00:00:00,6.209,0.008773355,-1,0,0,1.303041543,1.512453962
2023-03-11 00:00:00,6.158,-0.008213883,-1,0,0,1.284124629,1.512453962
2023-03-12 00:00:00,6.552,0.063981812,0,0.5,0,1.430267062,1.512453962
2023-03-13 00:00:00,6.76,0.031746032,0,0.5,0.015873016,1.507418398,1.552334184
2023-03-14 00:00:00,6.962,0.029881657,1,1,0.014940828,1.582344214,1.590468171
2023-03-15 00:00:00,6.543,-0.060183855,0,0.5,-0.060183855,1.426928783,1.43456381
2023-03-16 00:00:00,6.652,0.016659025,0,0.5,0.008329512,1.46735905,1.454842539
2023-03-17 00:00:00,7.206,0.083283223,0,0.5,0.041641612,1.672848665,1.557066139
2023-03-18 00:00:00,6.922,-0.039411601,0,0.5,-0.019705801,1.567507418,1.506677103
2023-03-19 00:00:00,7.081,0.02297024,0,0.5,0.01148512,1.62648368,1.53546659
2023-03-20 00:00:00,7.047,-0.004801582,0,0.5,-0.002400791,1.613872404,1.529379465
2023-03-21 00:00:00,7.373,0.04626082,0,0.5,0.02313041,1.734792285,1.587885049
2023-03-22 00:00:00,7.17,-0.02753289,0,0.5,-0.013766445,1.659495549,1.552259072
2023-03-23 00:00:00,7.603,0.060390516,0,0.5,0.030195258,1.820103858,1.629325193
2023-03-24 00:00:00,7.189,-0.05445219,0,0.5,-0.027226095,1.666543027,1.557738936
2023-03-25 00:00:00,7.072,-0.016274864,0,0.5,-0.008137432,1.623145401,1.536925509
2023-03-26 00:00:00,7.256,0.0260181,0,0.5,0.01300905,1.691394659,1.569928499
2023-03-27 00:00:00,6.864,-0.054024256,-1,0,-0.027012128,1.545994065,1.500509261
2023-03-28 00:00:00,6.945,0.011800699,-1,0,0,1.576038576,1.500509261
2023-03-29 00:00:00,7.381,0.062778978,1,1,0,1.737759644,1.500509261
2023-03-30 00:00:00,7.225,-0.021135348,0,0.5,-0.021135348,1.679896142,1.447660129
2023-03-31 00:00:00,7.584,0.049688581,0,0.5,0.024844291,1.81305638,1.508470509
2023-04-01 00:00:00,7.545,-0.005142405,0,0.5,-0.002571203,1.798590504,1.502020723
2023-04-02 00:00:00,7.248,-0.039363817,1,1,-0.019681909,1.6884273,1.45277618
2023-04-03 00:00:00,7.239,-0.001241722,0,0.5,-0.001241722,1.685089021,1.449730514
2023-04-04 00:00:00,7.367,0.017682,1,1,0.008841,1.732566766,1.471388582
2023-04-05 00:00:00,7.316,-0.006922764,1,1,-0.006922764,1.713649852,1.454279743
2023-04-06 00:00:00,7.195,-0.016539092,1,1,-0.016539092,1.668768546,1.413688184
2023-04-07 00:00:00,7.262,0.009312022,1,1,0.009312022,1.693620178,1.436164502
2023-04-08 00:00:00,7.124,-0.019003029,1,1,-0.019003029,1.642433234,1.389869996
2023-04-09 00:00:00,7.198,0.010387423,1,1,0.010387423,1.669881306,1.414694586
2023-04-10 00:00:00,7.34,0.019727702,1,1,0.019727702,1.722551929,1.462330961
2023-04-11 00:00:00,7.297,-0.005858311,1,1,-0.005858311,1.706602374,1.447905862
2023-04-12 00:00:00,7.229,-0.009318898,1,1,-0.009318898,1.681379822,1.425094076
2023-04-13 00:00:00,7.457,0.031539632,1,1,0.031539632,1.765949555,1.501580651
2023-04-14 00:00:00,7.745,0.03862143,1,1,0.03862143,1.872774481,1.598195272
2023-04-15 00:00:00,8.013,0.03460297,1,1,0.03460297,1.972181009,1.688100544
2023-04-16 00:00:00,8.142,0.016098839,1,1,0.016098839,2.020029674,1.731375843
2023-04-17 00:00:00,8.166,0.002947679,1,1,0.002947679,2.028931751,1.739427061
2023-04-18 00:00:00,8.584,0.051187852,1,1,0.051187852,2.183976261,1.879652449
2023-04-19 00:00:00,7.749,-0.097273998,1,1,-0.097273998,1.87425816,1.599537142
2023-04-20 00:00:00,7.51,-0.030842689,1,1,-0.030842689,1.785608309,1.519360425
2023-04-21 00:00:00,7.108,-0.053528628,0,0.5,-0.053528628,1.636498516,1.384502517
2023-04-22 00:00:00,7.169,0.00858188,0,0.5,0.00429094,1.659124629,1.394734274
2023-04-23 00:00:00,7.08,-0.012414563,0,0.5,-0.006207281,1.62611276,1.379869484
2023-04-24 00:00:00,7.065,-0.002118644,0,0.5,-0.001059322,1.620548961,1.377348436
2023-04-25 00:00:00,7.271,0.02915782,1,1,0.01457891,1.696958457,1.412007585
2023-04-26 00:00:00,6.998,-0.037546417,1,1,-0.037546417,1.595697329,1.321445342
2023-04-27 00:00:00,7.166,0.024006859,1,1,0.024006859,1.658011869,1.377175953
2023-04-28 00:00:00,7.036,-0.018141222,0,0.5,-0.018141222,1.609792285,1.334051075
2023-04-29 00:00:00,7.181,0.0206083,0,0.5,0.01030415,1.663575668,1.358101488
2023-04-30 00:00:00,7.019,-0.022559532,0,0.5,-0.011279766,1.603486647,1.331502655
2023-05-01 00:00:00,6.891,-0.018236216,0,0.5,-0.009118108,1.556008902,1.310243762
2023-05-02 00:00:00,6.983,0.013350747,0,0.5,0.006675374,1.590133531,1.325665502
2023-05-03 00:00:00,7.128,0.020764714,0,0.5,0.010382357,1.643916914,1.349811392
2023-05-04 00:00:00,6.993,-0.018939394,0,0.5,-0.009469697,1.59384273,1.32755939
2023-05-05 00:00:00,7.223,0.032890033,0,0.5,0.016445016,1.679154303,1.365836143
2023-05-06 00:00:00,6.916,-0.042503115,0,0.5,-0.021251558,1.565281899,1.31555844
2023-05-07 00:00:00,6.907,-0.00130133,0,0.5,-0.000650665,1.56194362,1.314051787
2023-05-08 00:00:00,6.579,-0.047488056,0,0.5,-0.023744028,1.440281899,1.259106877
2023-05-09 00:00:00,6.518,-0.009271926,0,0.5,-0.004635963,1.417655786,1.248633741
2023-05-10 00:00:00,6.584,0.010125805,0,0.5,0.005062903,1.442136499,1.260018355
2023-05-11 00:00:00,6.354,-0.034933171,0,0.5,-0.017466586,1.356824926,1.220543551
2023-05-12 00:00:00,6.62,0.041863393,0,0.5,0.020931697,1.455489614,1.267023295
2023-05-13 00:00:00,6.488,-0.019939577,-1,0,-0.009969789,1.40652819,1.244421552
2023-05-14 00:00:00,6.543,0.008477189,-1,0,0,1.426928783,1.244421552
2023-05-15 00:00:00,6.63,0.013296653,-1,0,0,1.459198813,1.244421552
2023-05-16 00:00:00,6.656,0.003921569,-1,0,0,1.46884273,1.244421552
2023-05-17 00:00:00,6.754,0.014723558,-1,0,0,1.505192878,1.244421552
2023-05-18 00:00:00,6.527,-0.033609713,0,0.5,0,1.420994065,1.244421552
2023-05-19 00:00:00,6.508,-0.002910985,0,0.5,-0.001455493,1.413946588,1.241154813
2023-05-20 00:00:00,6.499,-0.001382913,-1,0,-0.000691457,1.410608309,1.239605152
2023-05-21 00:00:00,6.425,-0.011386367,-1,0,0,1.383160237,1.239605152
2023-05-22 00:00:00,6.529,0.01618677,-1,0,0,1.421735905,1.239605152
2023-05-23 00:00:00,6.502,-0.004135396,-1,0,0,1.411721068,1.239605152
2023-05-24 00:00:00,6.317,-0.028452784,-1,0,0,1.34310089,1.239605152
2023-05-25 00:00:00,6.275,-0.006648726,-1,0,0,1.327522255,1.239605152
2023-05-26 00:00:00,6.342,0.010677291,-1,0,0,1.352373887,1.239605152
2023-05-27 00:00:00,6.436,0.014821823,-1,0,0,1.387240356,1.239605152
2023-05-28 00:00:00,6.634,0.03076445,-1,0,0,1.460682493,1.239605152
2023-05-29 00:00:00,6.637,0.000452216,-1,0,0,1.461795252,1.239605152
2023-05-30 00:00:00,6.612,-0.003766762,-1,0,0,1.452522255,1.239605152
2023-05-31 00:00:00,6.475,-0.020719903,-1,0,0,1.401706231,1.239605152
2023-06-01 00:00:00,6.342,-0.020540541,-1,0,0,1.352373887,1.239605152
2023-06-02 00:00:00,6.446,0.016398612,-1,0,0,1.390949555,1.239605152
2023-06-03 00:00:00,6.418,-0.004343779,-1,0,0,1.380563798,1.239605152
2023-06-04 00:00:00,6.446,0.00436273,-1,0,0,1.390949555,1.239605152
2023-06-05 00:00:00,6.05,-0.061433447,-1,0,0,1.244065282,1.239605152
2023-06-06 00:00:00,6.259,0.034545455,-1,0,0,1.321587537,1.239605152
2023-06-07 00:00:00,5.914,-0.055120626,-1,0,0,1.193620178,1.239605152
2023-06-08 00:00:00,5.991,0.013019953,-1,0,0,1.222181009,1.239605152
2023-06-09 00:00:00,5.989,-0.000333834,-1,0,0,1.221439169,1.239605152
2023-06-10 00:00:00,5.229,-0.126899315,-1,0,0,0.939540059,1.239605152
2023-06-11 00:00:00,5.171,-0.011091987,-1,0,0,0.918026706,1.239605152
2023-06-12 00:00:00,5.156,-0.002900793,-1,0,0,0.912462908,1.239605152
2023-06-13 00:00:00,5.295,0.026958883,-1,0,0,0.964020772,1.239605152
2023-06-14 00:00:00,5.247,-0.009065156,-1,0,0,0.946216617,1.239605152
2023-06-15 00:00:00,5.307,0.011435106,-1,0,0,0.96847181,1.239605152
2023-06-16 00:00:00,5.321,0.002638025,-1,0,0,0.973664688,1.239605152
2023-06-17 00:00:00,5.277,-0.008269122,-1,0,0,0.957344214,1.239605152
2023-06-18 00:00:00,5.152,-0.023687701,-1,0,0,0.910979228,1.239605152
2023-06-19 00:00:00,5.129,-0.004464286,-1,0,0,0.902448071,1.239605152
2023-06-20 00:00:00,5.265,0.02651589,-1,0,0,0.952893175,1.239605152
2023-06-21 00:00:00,5.552,0.054510921,-1,0,0,1.059347181,1.239605152
2023-06-22 00:00:00,5.554,0.000360231,-1,0,0,1.060089021,1.239605152
2023-06-23 00:00:00,6.068,0.092545913,-1,0,0,1.25074184,1.239605152
2023-06-24 00:00:00,6.129,0.010052736,-1,0,0,1.273367953,1.239605152
2023-06-25 00:00:00,6.153,0.00391581,-1,0,0,1.28227003,1.239605152
2023-06-26 00:00:00,6.054,-0.016089712,-1,0,0,1.245548961,1.239605152
2023-06-27 00:00:00,6.197,0.023620747,-1,0,0,1.298590504,1.239605152
2023-06-28 00:00:00,5.81,-0.062449572,-1,0,0,1.15504451,1.239605152
2023-06-29 00:00:00,5.888,0.013425129,-1,0,0,1.183976261,1.239605152
2023-06-30 00:00:00,6.311,0.071841033,-1,0,0,1.340875371,1.239605152
2023-07-01 00:00:00,6.502,0.030264617,0,0.5,0,1.411721068,1.239605152
2023-07-02 00:00:00,6.538,0.005536758,0,0.5,0.002768379,1.425074184,1.245805227
2023-07-03 00:00:00,6.626,0.013459774,0,0.5,0.006729887,1.457715134,1.260919242
2023-07-04 00:00:00,6.521,-0.015846665,0,0.5,-0.007923332,1.418768546,1.243005228
2023-07-05 00:00:00,6.297,-0.03435056,0,0.5,-0.01717528,1.335682493,1.204480985
2023-07-06 00:00:00,6.074,-0.035413689,-1,0,-0.017706845,1.252967359,1.165446583
2023-07-07 00:00:00,6.153,0.013006256,0,0.5,0,1.28227003,1.165446583
2023-07-08 00:00:00,6.194,0.006663416,0,0.5,0.003331708,1.297477745,1.172661219
2023-07-09 00:00:00,6.146,-0.007749435,0,0.5,-0.003874717,1.279673591,1.164242771
2023-07-10 00:00:00,6.164,0.002928734,0,0.5,0.001464367,1.286350148,1.167412017
2023-07-11 00:00:00,6.201,0.006002596,0,0.5,0.003001298,1.300074184,1.173917066
2023-07-12 00:00:00,6.248,0.007579423,0,0.5,0.003789711,1.317507418,1.182155584
2023-07-13 00:00:00,7.128,0.14084507,1,1,0.070422535,1.643916914,1.335828512
2023-07-14 00:00:00,6.954,-0.024410774,1,1,-0.024410774,1.579376855,1.278809129
2023-07-15 00:00:00,6.914,-0.005752085,0,0.5,-0.005752085,1.564540059,1.265701225
2023-07-16 00:00:00,6.603,-0.044981198,0,0.5,-0.022490599,1.449183976,1.214744248
2023-07-17 00:00:00,7.185,0.088141754,1,1,0.044070877,1.665059347,1.312349969
2023-07-18 00:00:00,6.911,-0.038135003,0,0.5,-0.038135003,1.5634273,1.224168495
2023-07-19 00:00:00,6.911,0,0,0.5,0,1.5634273,1.224168495
2023-07-20 00:00:00,8.355,0.208942266,1,1,0.104471133,2.099035608,1.456529898
2023-07-21 00:00:00,8.127,-0.027289048,1,1,-0.027289048,2.014465875,1.389493534
2023-07-22 00:00:00,7.878,-0.030638612,1,1,-0.030638612,1.922106825,1.316282769
2023-07-23 00:00:00,7.884,0.000761615,1,1,0.000761615,1.924332344,1.318046884
2023-07-24 00:00:00,7.581,-0.038432268,1,1,-0.038432268,1.81194362,1.228959085
2023-07-25 00:00:00,7.386,-0.0257222,1,1,-0.0257222,1.739614243,1.171625353
2023-07-26 00:00:00,7.737,0.04752234,1,1,0.04752234,1.869807122,1.27482607
2023-07-27 00:00:00,7.983,0.031795269,1,1,0.031795269,1.961053412,1.347154778
2023-07-28 00:00:00,7.767,-0.027057497,1,1,-0.027057497,1.880934718,1.283646644
2023-07-29 00:00:00,7.839,0.009269988,1,1,0.009269988,1.90764095,1.304816022
2023-07-30 00:00:00,7.55,-0.036866947,1,1,-0.036866947,1.800445104,1.219844492
2023-07-31 00:00:00,7.546,-0.000529801,1,1,-0.000529801,1.798961424,1.218668415
2023-08-01 00:00:00,7.638,0.01219189,1,1,0.01219189,1.833086053,1.245718176
2023-08-02 00:00:00,7.348,-0.037968054,0,0.5,-0.037968054,1.725519288,1.160452626
2023-08-03 00:00:00,7.121,-0.03089276,0,0.5,-0.01544638,1.641320475,1.127081454
2023-08-04 00:00:00,7.14,0.002668165,0,0.5,0.001334082,1.648367953,1.129919155
2023-08-05 00:00:00,7.226,0.012044818,0,0.5,0.006022409,1.680267062,1.142746399
2023-08-06 00:00:00,7.098,-0.017713811,0,0.5,-0.008856906,1.632789318,1.123768297
2023-08-07 00:00:00,7.326,0.032121724,1,1,0.016060862,1.71735905,1.157877847
2023-08-08 00:00:00,7.453,0.017335517,1,1,0.017335517,1.764465875,1.195285776
2023-08-09 00:00:00,7.677,0.030055011,1,1,0.030055011,1.847551929,1.261265115
2023-08-10 00:00:00,7.614,-0.008206331,1,1,-0.008206331,1.824183976,1.242708426
2023-08-11 00:00:00,7.488,-0.016548463,1,1,-0.016548463,1.777448071,1.205595047
2023-08-12 00:00:00,7.441,-0.006276709,0,0.5,-0.006276709,1.760014837,1.191751168
2023-08-13 00:00:00,7.363,-0.010482462,0,0.5,-0.005241231,1.731083086,1.180263694
2023-08-14 00:00:00,7.409,0.006247453,0,0.5,0.003123727,1.748145401,1.187074242
2023-08-15 00:00:00,7.037,-0.050209205,0,0.5,-0.025104603,1.610163205,1.132168612
2023-08-16 00:00:00,6.761,-0.039221259,-1,0,-0.01961063,1.507789318,1.090355444
2023-08-17 00:00:00,6.183,-0.085490312,-1,0,0,1.293397626,1.090355444
2023-08-18 00:00:00,6.172,-0.001779072,-1,0,0,1.289317507,1.090355444
2023-08-19 00:00:00,6.176,0.000648088,-1,0,0,1.290801187,1.090355444
2023-08-20 00:00:00,6.216,0.006476684,-1,0,0,1.305637982,1.090355444
2023-08-21 00:00:00,6.172,-0.007078507,-1,0,0,1.289317507,1.090355444
2023-08-22 00:00:00,6.111,-0.009883344,-1,0,0,1.266691395,1.090355444
2023-08-23 00:00:00,6.348,0.038782523,-1,0,0,1.354599407,1.090355444
2023-08-24 00:00:00,6.08,-0.042218021,-1,0,0,1.255192878,1.090355444
2023-08-25 00:00:00,6.01,-0.011513158,-1,0,0,1.229228487,1.090355444
2023-08-26 00:00:00,6.002,-0.001331115,-1,0,0,1.226261128,1.090355444
2023-08-27 00:00:00,6.025,0.003832056,-1,0,0,1.234792285,1.090355444
2023-08-28 00:00:00,5.98,-0.00746888,-1,0,0,1.21810089,1.090355444
2023-08-29 00:00:00,6.19,0.035117057,-1,0,0,1.295994065,1.090355444
2023-08-30 00:00:00,5.92,-0.04361874,-1,0,0,1.195845697,1.090355444
2023-08-31 00:00:00,5.873,-0.007939189,-1,0,0,1.178412463,1.090355444
2023-09-01 00:00:00,5.937,0.010897327,-1,0,0,1.202151335,1.090355444
2023-09-02 00:00:00,5.967,0.005053057,-1,0,0,1.213278932,1.090355444
2023-09-03 00:00:00,6.025,0.009720127,-1,0,0,1.234792285,1.090355444
2023-09-04 00:00:00,6.009,-0.002655602,-1,0,0,1.228857567,1.090355444
2023-09-05 00:00:00,6.133,0.020635713,-1,0,0,1.274851632,1.090355444
2023-09-06 00:00:00,6.297,0.026740584,-1,0,0,1.335682493,1.090355444
2023-09-07 00:00:00,6.382,0.013498491,-1,0,0,1.367210682,1.090355444
2023-09-08 00:00:00,6.275,-0.016765904,-1,0,0,1.327522255,1.090355444
2023-09-09 00:00:00,6.161,-0.018167331,-1,0,0,1.285237389,1.090355444
2023-09-10 00:00:00,6.012,-0.024184386,-1,0,0,1.229970326,1.090355444
2023-09-11 00:00:00,5.824,-0.031270792,-1,0,0,1.160237389,1.090355444
2023-09-12 00:00:00,5.954,0.022321429,-1,0,0,1.208456973,1.090355444
2023-09-13 00:00:00,6.014,0.010077259,-1,0,0,1.230712166,1.090355444
2023-09-14 00:00:00,6.149,0.022447622,-1,0,0,1.28078635,1.090355444
2023-09-15 00:00:00,6.36,0.034314523,-1,0,0,1.359050445,1.090355444
2023-09-16 00:00:00,6.275,-0.01336478,0,0.5,0,1.327522255,1.090355444
2023-09-17 00:00:00,6.142,-0.021195219,-1,0,-0.01059761,1.278189911,1.068202673
2023-09-18 00:00:00,6.56,0.068056008,1,1,0,1.433234421,1.068202673
2023-09-19 00:00:00,6.841,0.042835366,1,1,0.042835366,1.537462908,1.156794891
2023-09-20 00:00:00,6.902,0.008916825,1,1,0.008916825,1.560089021,1.176026654
2023-09-21 00:00:00,6.662,-0.03477253,1,1,-0.03477253,1.471068249,1.100360702
2023-09-22 00:00:00,6.953,0.043680576,1,1,0.043680576,1.579005935,1.192105668
2023-09-23 00:00:00,7.183,0.033079246,1,1,0.033079246,1.664317507,1.264618872
2023-09-24 00:00:00,6.969,-0.029792566,1,1,-0.029792566,1.584940653,1.197150065
2023-09-25 00:00:00,7.486,0.074185679,1,1,0.074185679,1.776706231,1.360147136
2023-09-26 00:00:00,7.353,-0.017766497,1,1,-0.017766497,1.727373887,1.318215587
2023-09-27 00:00:00,7.638,0.03875969,1,1,0.03875969,1.833086053,1.408068905
2023-09-28 00:00:00,7.805,0.021864362,1,1,0.021864362,1.895029674,1.460719796
2023-09-29 00:00:00,7.941,0.017424728,1,1,0.017424728,1.945474777,1.503597168
2023-09-30 00:00:00,8.185,0.030726609,1,1,0.030726609,2.035979228,1.580524219
2023-10-01 00:00:00,8.049,-0.016615761,1,1,-0.016615761,1.985534125,1.537646847
2023-10-02 00:00:00,7.464,-0.072679836,1,1,-0.072679836,1.768545994,1.35321109
2023-10-03 00:00:00,7.404,-0.008038585,1,1,-0.008038585,1.746290801,1.334294602
2023-10-04 00:00:00,7.667,0.03552134,1,1,0.03552134,1.84384273,1.417211874
2023-10-05 00:00:00,7.463,-0.026607539,1,1,-0.026607539,1.768175074,1.352895815
2023-10-06 00:00:00,7.635,0.023047032,1,1,0.023047032,1.831973294,1.40712308
2023-10-07 00:00:00,7.521,-0.014931238,1,1,-0.014931238,1.789688427,1.371181753
2023-10-08 00:00:00,7.669,0.019678234,1,1,0.019678234,1.84458457,1.417842424
2023-10-09 00:00:00,7.274,-0.051506063,1,1,-0.051506063,1.698071217,1.293308878
2023-10-10 00:00:00,7.257,-0.002337091,1,1,-0.002337091,1.691765579,1.287949207
2023-10-11 00:00:00,7.387,0.017913738,1,1,0.017913738,1.739985163,1.328934931
2023-10-12 00:00:00,7.194,-0.02612698,1,1,-0.02612698,1.668397626,1.268086895
2023-10-13 00:00:00,7.252,0.008062274,1,1,0.008062274,1.689910979,1.286372833
2023-10-14 00:00:00,7.325,0.010066189,1,1,0.010066189,1.716988131,1.309387893
2023-10-15 00:00:00,7.42,0.012969283,1,1,0.012969283,1.752225519,1.339338999
2023-10-16 00:00:00,7.519,0.013342318,1,1,0.013342318,1.788946588,1.370551204
2023-10-17 00:00:00,7.318,-0.026732278,1,1,-0.026732278,1.714391691,1.30718097
2023-10-18 00:00:00,7.354,0.004919377,1,1,0.004919377,1.727744807,1.318530862
2023-10-19 00:00:00,7.301,-0.007206962,1,1,-0.007206962,1.708086053,1.301821298
2023-10-20 00:00:00,7.567,0.036433365,1,1,0.036433365,1.806750742,1.385684394
2023-10-21 00:00:00,8.91,0.177481168,1,1,0.177481168,2.304896142,1.809098447
2023-10-22 00:00:00,10.182,0.142760943,1,1,0.142760943,2.776706231,2.21012799
2023-10-23 00:00:00,10.577,0.03879395,1,1,0.03879395,2.923219585,2.334661535
2023-10-24 00:00:00,10.372,-0.019381677,1,1,-0.019381677,2.847181009,2.270030202
2023-10-25 00:00:00,11.057,0.066043193,1,1,0.066043193,3.101261128,2.485993438
2023-10-26 00:00:00,10.93,-0.011485937,1,1,-0.011485937,3.054154303,2.445953539
2023-10-27 00:00:00,11.185,0.023330284,1,1,0.023330284,3.148738872,2.526348612
2023-10-28 00:00:00,10.922,-0.023513634,1,1,-0.023513634,3.051186944,2.44343134
2023-10-29 00:00:00,11.088,0.015198682,1,1,0.015198682,3.112759644,2.495766957
2023-10-30 00:00:00,11.223,0.012175325,1,1,0.012175325,3.162833828,2.538329055
2023-10-31 00:00:00,11.359,0.012117972,1,1,0.012117972,3.213278932,2.581206427
2023-11-01 00:00:00,11.652,0.025794524,1,1,0.025794524,3.321958457,2.673581943
2023-11-02 00:00:00,11.013,-0.054840371,1,1,-0.054840371,3.084940653,2.472121347
2023-11-03 00:00:00,11.472,0.041678017,1,1,0.041678017,3.255192878,2.616832479
2023-11-04 00:00:00,11.508,0.003138075,1,1,0.003138075,3.268545994,2.628182372
2023-11-05 00:00:00,12.238,0.063434133,1,1,0.063434133,3.539317507,2.858332974
2023-11-06 00:00:00,12.997,0.062019938,1,1,0.062019938,3.820845697,3.097626546
2023-11-07 00:00:00,13.053,0.004308687,1,1,0.004308687,3.841617211,3.115281934
2023-11-08 00:00:00,14.918,0.142879032,1,1,0.142879032,4.533382789,3.703269432
2023-11-09 00:00:00,14.609,-0.020713232,1,1,-0.020713232,4.418768546,3.60584952
2023-11-10 00:00:00,15.512,0.061811212,1,1,0.061811212,4.753709199,3.890542662
2023-11-11 00:00:00,16.484,0.062661166,1,1,0.062661166,5.114243323,4.196989765
2023-11-12 00:00:00,16.031,-0.027481194,1,1,-0.027481194,4.946216617,4.054170282
2023-11-13 00:00:00,14.37,-0.103611752,1,1,-0.103611752,4.330118694,3.530498843
2023-11-14 00:00:00,13.96,-0.028531663,1,1,-0.028531663,4.178041543,3.401236176
2023-11-15 00:00:00,15.034,0.076934097,1,1,0.076934097,4.576409496,3.739841309
2023-11-16 00:00:00,13.871,-0.077357989,1,1,-0.077357989,4.145029674,3.373176719
2023-11-17 00:00:00,13.704,-0.012039507,1,1,-0.012039507,4.083086053,3.320525828
2023-11-18 00:00:00,13.751,0.003429656,1,1,0.003429656,4.100519288,3.335343743
2023-11-19 00:00:00,14.911,0.084357501,1,1,0.084357501,4.53078635,3.701062508
2023-11-20 00:00:00,14.488,-0.028368319,1,1,-0.028368319,4.37388724,3.567701269
2023-11-21 00:00:00,13.361,-0.077788515,1,1,-0.077788515,3.955860534,3.212386572
2023-11-22 00:00:00,14.213,0.063767682,1,1,0.063767682,4.271884273,3.4810007
2023-11-23 00:00:00,14.402,0.013297685,1,1,0.013297685,4.341988131,3.540587636
2023-11-24 00:00:00,14.479,0.00534648,1,1,0.00534648,4.370548961,3.564863796
2023-11-25 00:00:00,14.766,0.019821811,1,1,0.019821811,4.477002967,3.655347663
2023-11-26 00:00:00,14.763,-0.000203169,1,1,-0.000203169,4.475890208,3.654401838
2023-11-27 00:00:00,14.181,-0.039422882,1,1,-0.039422882,4.260014837,3.470911906
2023-11-28 00:00:00,14.525,0.02425781,1,1,0.02425781,4.387611276,3.579366436
2023-11-29 00:00:00,14.513,-0.000826162,1,1,-0.000826162,4.383160237,3.575583139
2023-11-30 00:00:00,14.407,-0.007303797,1,1,-0.007303797,4.34384273,3.54216401
2023-12-01 00:00:00,14.991,0.040535851,1,1,0.040535851,4.560459941,3.726284492
2023-12-02 00:00:00,15.999,0.067240344,1,1,0.067240344,4.934347181,4.044081488
2023-12-03 00:00:00,15.721,-0.017376086,1,1,-0.017376086,4.831231454,3.956435095
2023-12-04 00:00:00,15.825,0.006615355,1,1,0.006615355,4.869807122,3.989223673
2023-12-05 00:00:00,15.73,-0.00600316,1,1,-0.00600316,4.834569733,3.959272568
2023-12-06 00:00:00,15.274,-0.028989193,1,1,-0.028989193,4.665430267,3.81550726
2023-12-07 00:00:00,15.71,0.02854524,1,1,0.02854524,4.827151335,3.952967072
2023-12-08 00:00:00,16.945,0.078612349,1,1,0.078612349,5.285237389,4.342331447
2023-12-09 00:00:00,16.209,-0.043434641,1,1,-0.043434641,5.012240356,4.110289196
2023-12-10 00:00:00,16.38,0.010549695,1,1,0.010549695,5.075667656,4.164201186
2023-12-11 00:00:00,14.769,-0.098351648,0,0.5,-0.098351648,4.478115727,3.656293487
2023-12-12 00:00:00,14.533,-0.015979416,0,0.5,-0.007989708,4.390578635,3.619091061
2023-12-13 00:00:00,14.775,0.016651758,1,1,0.008325879,4.480341246,3.657549054
2023-12-14 00:00:00,15.381,0.041015228,1,1,0.041015228,4.705118694,3.848579493
2023-12-15 00:00:00,14.288,-0.071061699,0,0.5,-0.071061699,4.299703264,3.504031194
2023-12-16 00:00:00,14.33,0.00293953,1,1,0.001469765,4.315281899,3.510651061
2023-12-17 00:00:00,14.031,-0.020865318,1,1,-0.020865318,4.204376855,3.416534894
2023-12-18 00:00:00,14.672,0.045684556,1,1,0.045684556,4.442136499,3.618302328
2023-12-19 00:00:00,14.104,-0.038713195,0,0.5,-0.038713195,4.231454006,3.439513088
2023-12-20 00:00:00,14.262,0.011202496,0,0.5,0.005601248,4.290059347,3.464379902
2023-12-21 00:00:00,15.318,0.074042911,1,1,0.037021456,4.681750742,3.629657744
2023-12-22 00:00:00,15.496,0.011620316,1,1,0.011620316,4.747774481,3.68345583
2023-12-23 00:00:00,15.695,0.012842024,1,1,0.012842024,4.821587537,3.743600881
2023-12-24 00:00:00,15.279,-0.026505256,1,1,-0.026505256,4.667284866,3.617870523
2023-12-25 00:00:00,15.601,0.021074678,1,1,0.021074678,4.786721068,3.715190656
2023-12-26 00:00:00,15.108,-0.031600538,1,1,-0.031600538,4.603857567,3.566188092
2023-12-27 00:00:00,16.728,0.107227959,1,1,0.107227959,5.204747774,4.05581112
2023-12-28 00:00:00,16.022,-0.042204687,1,1,-0.042204687,4.942878338,3.842432196
2023-12-29 00:00:00,15.552,-0.029334665,1,1,-0.029334665,4.768545994,3.70038107
2023-12-30 00:00:00,15.18,-0.023919753,1,1,-0.023919753,4.630563798,3.587949116
2023-12-31 00:00:00,14.952,-0.015019763,0,0.5,-0.015019763,4.545994065,3.519039208
2024-01-01 00:00:00,15.563,0.040864098,0,0.5,0.020432049,4.772626113,3.61137244
2024-01-02 00:00:00,15.18,-0.024609651,0,0.5,-0.012304826,4.630563798,3.554630306
2024-01-03 00:00:00,14.147,-0.068050066,0,0.5,-0.034025033,4.247403561,3.39965886
2024-01-04 00:00:00,14.526,0.026790132,0,0.5,0.013395066,4.387982196,3.458592581
2024-01-05 00:00:00,14.091,-0.029946303,0,0.5,-0.014973152,4.226632047,3.391833399
2024-01-06 00:00:00,13.432,-0.04676744,0,0.5,-0.02338372,3.982195846,3.289135996
2024-01-07 00:00:00,13.15,-0.02099464,0,0.5,-0.01049732,3.877596439,3.244111563
2024-01-08 00:00:00,14.14,0.075285171,0,0.5,0.037642586,4.244807122,3.403870896
2024-01-09 00:00:00,13.712,-0.030268741,0,0.5,-0.015134371,4.086053412,3.337221082
2024-01-10 00:00:00,15.077,0.099547841,1,1,0.049773921,4.59235905,3.55310158
2024-01-11 00:00:00,15.02,-0.003780593,1,1,-0.003780593,4.571216617,3.535888156
2024-01-12 00:00:00,14.157,-0.057456724,0,0.5,-0.057456724,4.25111276,3.275270881
2024-01-13 00:00:00,14.35,0.013632832,0,0.5,0.006816416,4.322700297,3.304412905
2024-01-14 00:00:00,14.765,0.028919861,1,1,0.01445993,4.476632047,3.366654416
2024-01-15 00:00:00,15.185,0.028445648,1,1,0.028445648,4.632418398,3.490866732
2024-01-16 00:00:00,15.269,0.005531775,1,1,0.005531775,4.663575668,3.515709196
2024-01-17 00:00:00,15.761,0.032222149,1,1,0.032222149,4.846068249,3.661215052
2024-01-18 00:00:00,14.653,-0.070300108,1,1,-0.070300108,4.435089021,3.333531131
2024-01-19 00:00:00,16.121,0.100184263,1,1,0.100184263,4.979599407,3.767682752
2024-01-20 00:00:00,15.782,-0.021028472,1,1,-0.021028472,4.853857567,3.667425668
2024-01-21 00:00:00,15.396,-0.024458244,0,0.5,-0.024458244,4.710682493,3.553268634
2024-01-22 00:00:00,14.593,-0.052156404,0,0.5,-0.026078202,4.412833828,3.434527574
2024-01-23 00:00:00,14.292,-0.020626328,0,0.5,-0.010313164,4.301186944,3.388793565
2024-01-24 00:00:00,14.237,-0.003848307,0,0.5,-0.001924153,4.28078635,3.380348853
2024-01-25 00:00:00,13.741,-0.0348388,0,0.5,-0.0174194,4.096810089,3.304045803
2024-01-26 00:00:00,14.184,0.032239284,0,0.5,0.016119642,4.261127596,3.373425481
2024-01-27 00:00:00,14.338,0.010857304,0,0.5,0.005428652,4.318249258,3.397167286
2024-01-28 00:00:00,14.475,0.009555029,0,0.5,0.004777514,4.369065282,3.418174815
2024-01-29 00:00:00,15.001,0.036338515,0,0.5,0.018169257,4.564169139,3.498449771
2024-01-30 00:00:00,15.476,0.031664556,1,1,0.015832278,4.740356083,3.569670477
2024-01-31 00:00:00,15.424,-0.003360041,0,0.5,-0.003360041,4.721068249,3.554316195
2024-02-01 00:00:00,17.191,0.114561722,1,1,0.057280861,5.37648368,3.815191348
2024-02-02 00:00:00,17.822,0.036705253,1,1,0.036705253,5.610534125,3.991934164
2024-02-03 00:00:00,17.66,-0.009089889,1,1,-0.009089889,5.550445104,3.946558037
2024-02-04 00:00:00,18.15,0.027746319,1,1,0.027746319,5.732195846,4.083806816
2024-02-05 00:00:00,19.156,0.055426997,1,1,0.055426997,6.105341246,4.365586962
2024-02-06 00:00:00,18.289,-0.045259971,1,1,-0.045259971,5.783753709,4.122740653
2024-02-07 00:00:00,18.809,0.028432391,1,1,0.028432391,5.976632047,4.268392419
2024-02-08 00:00:00,18.2,-0.032378117,1,1,-0.032378117,5.75074184,4.097811793
2024-02-09 00:00:00,18.469,0.01478022,1,1,0.01478022,5.850519288,4.173158572
2024-02-10 00:00:00,19.08,0.033082463,1,1,0.033082463,6.077151335,4.344299397
2024-02-11 00:00:00,20.153,0.056236897,1,1,0.056236897,6.475148368,4.644846213
2024-02-12 00:00:00,20.472,0.015828909,1,1,0.015828909,6.59347181,4.734197969
2024-02-13 00:00:00,19.879,-0.028966393,1,1,-0.028966393,6.37351632,4.568098936
2024-02-14 00:00:00,20.26,0.019165954,1,1,0.019165954,6.514836795,4.674816864
2024-02-15 00:00:00,19.952,-0.015202369,1,1,-0.015202369,6.400593472,4.588546203
2024-02-16 00:00:00,19.566,-0.019346431,1,1,-0.019346431,6.257418398,4.480427777
2024-02-17 00:00:00,20.046,0.024532352,1,1,0.024532352,6.435459941,4.614875561
2024-02-18 00:00:00,20.137,0.004539559,1,1,0.004539559,6.46921365,4.64036462
2024-02-19 00:00:00,19.848,-0.014351691,1,1,-0.014351691,6.362017804,4.55941585
2024-02-20 00:00:00,19.296,-0.027811366,1,1,-0.027811366,6.15727003,4.404800899
2024-02-21 00:00:00,18.598,-0.0361733,1,1,-0.0361733,5.898367953,4.209291414
2024-02-22 00:00:00,18.14,-0.024626304,1,1,-0.024626304,5.728486647,4.08100582
2024-02-23 00:00:00,17.954,-0.010253583,1,1,-0.010253583,5.659495549,4.028907304
2024-02-24 00:00:00,18.549,0.033140247,1,1,0.033140247,5.880192878,4.195566536
2024-02-25 00:00:00,18.741,0.010350962,1,1,0.010350962,5.951409496,4.249345649
2024-02-26 00:00:00,19.106,0.019476015,1,1,0.019476015,6.086795252,4.351581985
2024-02-27 00:00:00,19.047,-0.003088035,1,1,-0.003088035,6.064910979,4.335056111
2024-02-28 00:00:00,19.454,0.021368194,1,1,0.021368194,6.215875371,4.449056628
2024-02-29 00:00:00,19.297,-0.00807032,1,1,-0.00807032,6.15764095,4.405080999
2024-03-01 00:00:00,20.081,0.040628077,1,1,0.040628077,6.448442136,4.624679045
2024-03-02 00:00:00,21.427,0.067028534,1,1,0.067028534,6.947700297,5.001693038
2024-03-03 00:00:00,20.53,-0.04186307,1,1,-0.04186307,6.614985163,4.750443743
2024-03-04 00:00:00,20.44,-0.004383829,1,1,-0.004383829,6.581602374,4.725234783
2024-03-05 00:00:00,18.978,-0.071526419,1,1,-0.071526419,6.039317507,4.315729243
2024-03-06 00:00:00,20.107,0.059489936,1,1,0.059489936,6.458086053,4.631961633
2024-03-07 00:00:00,20.117,0.000497339,1,1,0.000497339,6.461795252,4.634762629
2024-03-08 00:00:00,19.721,-0.019684844,1,1,-0.019684844,6.314910979,4.523843208
2024-03-09 00:00:00,19.997,0.013995234,1,1,0.013995234,6.417284866,4.601150683
2024-03-10 00:00:00,21.703,0.085312797,1,1,0.085312797,7.050074184,5.079000514
2024-03-11 00:00:00,21.316,-0.017831636,1,1,-0.017831636,6.90652819,4.970601988
2024-03-12 00:00:00,20.724,-0.027772565,1,1,-0.027772565,6.68694362,4.804783055
2024-03-13 00:00:00,20.77,0.002219649,1,1,0.002219649,6.704005935,4.817667634
2024-03-14 00:00:00,20.909,0.006692345,1,1,0.006692345,6.755563798,4.856601472
2024-03-15 00:00:00,19.648,-0.060308958,0,0.5,-0.060308958,6.287833828,4.50339594
2024-03-16 00:00:00,18.13,-0.077259772,0,0.5,-0.038629886,5.724777448,4.290800383
2024-03-17 00:00:00,18.68,0.030336459,0,0.5,0.015168229,5.928783383,4.371052457
2024-03-18 00:00:00,18.319,-0.019325482,0,0.5,-0.009662741,5.794881306,4.319153369
2024-03-19 00:00:00,16.816,-0.082045963,0,0.5,-0.041022982,5.237388724,4.100945838
2024-03-20 00:00:00,18.425,0.095682683,0,0.5,0.047841342,5.834198813,4.34498193
2024-03-21 00:00:00,18.468,0.002333786,0,0.5,0.001166893,5.850148368,4.351218951
2024-03-22 00:00:00,18.38,-0.004764999,0,0.5,-0.002382499,5.817507418,4.338469675
2024-03-23 00:00:00,18.078,-0.016430903,0,0.5,-0.008215452,5.705489614,4.294611736
2024-03-24 00:00:00,18.538,0.025445293,1,1,0.012722646,5.87611276,4.361973208
2024-03-25 00:00:00,19.396,0.04628331,1,1,0.04628331,6.194362018,4.610143076
2024-03-26 00:00:00,20.023,0.032326253,1,1,0.032326253,6.426928783,4.79149798
2024-03-27 00:00:00,19.315,-0.035359337,1,1,-0.035359337,6.164317507,4.586714452
2024-03-28 00:00:00,19.172,-0.007403572,1,1,-0.007403572,6.111275964,4.545352808
2024-03-29 00:00:00,18.989,-0.00954517,0,0.5,-0.00954517,6.043397626,4.492421472
2024-03-30 00:00:00,18.953,-0.001895834,0,0.5,-0.000947917,6.03004451,4.487215111
2024-03-31 00:00:00,19.193,0.012662903,0,0.5,0.006331451,6.119065282,4.521957147
2024-04-01 00:00:00,18.377,-0.0425155,0,0.5,-0.02125775,5.816394659,4.404572762
2024-04-02 00:00:00,17.97,-0.022147249,0,0.5,-0.011073625,5.665430267,4.344724552
2024-04-03 00:00:00,17.699,-0.01508069,0,0.5,-0.007540345,5.564910979,4.304423484
2024-04-04 00:00:00,17.799,0.005650037,0,0.5,0.002825018,5.602002967,4.319408578
2024-04-05 00:00:00,17.34,-0.025787966,0,0.5,-0.012893983,5.431750742,4.250820215
2024-04-06 00:00:00,17.572,0.013379469,0,0.5,0.006689735,5.517804154,4.28594681
2024-04-07 00:00:00,17.922,0.019918051,0,0.5,0.009959026,5.647626113,4.33858969
2024-04-08 00:00:00,18.116,0.010824685,0,0.5,0.005412342,5.71958457,4.367483965
2024-04-09 00:00:00,17.372,-0.041068669,0,0.5,-0.020534334,5.443620178,4.257266255
2024-04-10 00:00:00,17.431,0.00339627,0,0.5,0.001698135,5.465504451,4.266193803
2024-04-11 00:00:00,17.566,0.007744822,0,0.5,0.003872411,5.515578635,4.286586671
2024-04-12 00:00:00,15.151,-0.137481498,-1,0,-0.068740749,4.619807122,3.923182742
2024-04-13 00:00:00,13.28,-0.123490199,-1,0,0,3.925816024,3.923182742
2024-04-14 00:00:00,14.084,0.060542169,-1,0,0,4.224035608,3.923182742
2024-04-15 00:00:00,13.573,-0.036282306,-1,0,0,4.034495549,3.923182742
2024-04-16 00:00:00,13.456,-0.008620055,-1,0,0,3.991097923,3.923182742
2024-04-17 00:00:00,13.124,-0.024673008,-1,0,0,3.867952522,3.923182742
2024-04-18 00:00:00,13.879,0.057528193,-1,0,0,4.147997033,3.923182742
2024-04-19 00:00:00,13.936,0.004106924,-1,0,0,4.169139466,3.923182742
2024-04-20 00:00:00,14.947,0.072545924,-1,0,0,4.544139466,3.923182742
2024-04-21 00:00:00,15.091,0.00963404,-1,0,0,4.597551929,3.923182742
2024-04-22 00:00:00,15.434,0.022728779,0,0.5,0,4.724777448,3.923182742
2024-04-23 00:00:00,15.169,-0.017169885,-1,0,-0.008584942,4.62648368,3.880917502
2024-04-24 00:00:00,14.526,-0.042389083,-1,0,0,4.387982196,3.880917502
2024-04-25 00:00:00,14.58,0.003717472,-1,0,0,4.408011869,3.880917502
2024-04-26 00:00:00,14.483,-0.006652949,-1,0,0,4.372032641,3.880917502
2024-04-27 00:00:00,14.258,-0.015535455,-1,0,0,4.288575668,3.880917502
2024-04-28 00:00:00,13.797,-0.032332725,-1,0,0,4.117581602,3.880917502
2024-04-29 00:00:00,14.066,0.019496992,-1,0,0,4.21735905,3.880917502
2024-04-30 00:00:00,13.123,-0.067041092,-1,0,0,3.867581602,3.880917502
2024-05-01 00:00:00,13.34,0.016535853,-1,0,0,3.948071217,3.880917502
2024-05-02 00:00:00,13.584,0.018290855,-1,0,0,4.038575668,3.880917502
2024-05-03 00:00:00,14.084,0.036808009,-1,0,0,4.224035608,3.880917502
2024-05-04 00:00:00,14.307,0.01583357,0,0.5,0,4.306750742,3.880917502
2024-05-05 00:00:00,14.362,0.003844272,0,0.5,0.001922136,4.327151335,3.89029929
2024-05-06 00:00:00,14.478,0.00807687,0,0.5,0.004038435,4.370178042,3.910048444
2024-05-07 00:00:00,13.992,-0.033568172,-1,0,-0.016784086,4.189910979,3.827637768
2024-05-08 00:00:00,13.892,-0.007146941,0,0.5,0,4.152818991,3.827637768
2024-05-09 00:00:00,14.226,0.024042614,-1,0,0.012021307,4.276706231,3.885672285
2024-05-10 00:00:00,13.552,-0.04737804,-1,0,0,4.026706231,3.885672285
2024-05-11 00:00:00,13.299,-0.018668831,-1,0,0,3.932863501,3.885672285
2024-05-12 00:00:00,13.551,0.018948793,-1,0,0,4.026335312,3.885672285
2024-05-13 00:00:00,13.383,-0.012397609,0,0.5,0,3.964020772,3.885672285
2024-05-14 00:00:00,12.975,-0.030486438,-1,0,-0.015243219,3.81268546,3.811198912
2024-05-15 00:00:00,13.861,0.068285164,0,0.5,0,4.141320475,3.811198912
2024-05-16 00:00:00,15.503,0.118461871,0,0.5,0.059230936,4.75037092,4.096170726
2024-05-17 00:00:00,16.222,0.04637812,1,1,0.02318906,5.017062315,4.214346135
2024-05-18 00:00:00,16.32,0.006041179,1,1,0.006041179,5.053412463,4.245846932
2024-05-19 00:00:00,16.551,0.014154412,1,1,0.014154412,5.139094955,4.320098809
2024-05-20 00:00:00,17.259,0.042776871,1,1,0.042776871,5.401706231,4.547675992
2024-05-21 00:00:00,16.748,-0.029607741,1,1,-0.029607741,5.212166172,4.383421839
2024-05-22 00:00:00,16.362,-0.023047528,1,1,-0.023047528,5.068991098,4.259347273
2024-05-23 00:00:00,16.606,0.014912602,1,1,0.014912602,5.159495549,4.337777828
2024-05-24 00:00:00,17.259,0.039323136,1,1,0.039323136,5.401706231,4.547675992
2024-05-25 00:00:00,17.445,0.010776986,1,1,0.010776986,5.470697329,4.607463218
2024-05-26 00:00:00,17.046,-0.022871883,1,1,-0.022871883,5.322700297,4.479209975
2024-05-27 00:00:00,18.801,0.102956705,1,1,0.102956705,5.973664688,5.043331383
2024-05-28 00:00:00,18.545,-0.013616297,1,1,-0.013616297,5.878709199,4.961043588
2024-05-29 00:00:00,18.464,-0.004367754,1,1,-0.004367754,5.848664688,4.935007215
2024-05-30 00:00:00,17.948,-0.027946274,1,1,-0.027946274,5.65727003,4.769145878
2024-05-31 00:00:00,18.422,0.026409628,1,1,0.026409628,5.833086053,4.921506874
2024-06-01 00:00:00,18.455,0.001791336,1,1,0.001791336,5.845326409,4.932114285
2024-06-02 00:00:00,18.153,-0.016364129,1,1,-0.016364129,5.733308605,4.835040401
2024-06-03 00:00:00,17.635,-0.028535228,0,0.5,-0.028535228,5.541172107,4.668536191
2024-06-04 00:00:00,17.73,0.005387014,0,0.5,0.002693507,5.576409496,4.683804434
2024-06-05 00:00:00,17.762,0.001804851,0,0.5,0.000902425,5.588278932,4.688933643
2024-06-06 00:00:00,17.267,-0.027868483,0,0.5,-0.013934242,5.404673591,4.609662667
2024-06-07 00:00:00,16.32,-0.054844501,0,0.5,-0.027422251,5.053412463,4.455833092
2024-06-08 00:00:00,15.926,-0.024142157,0,0.5,-0.012071078,4.90727003,4.389975303
2024-06-09 00:00:00,16.368,0.027753359,0,0.5,0.01387668,5.071216617,4.464770263
2024-06-10 00:00:00,15.907,-0.028164712,0,0.5,-0.014082356,4.900222552,4.387813424
2024-06-11 00:00:00,14.982,-0.0581505,0,0.5,-0.02907525,4.557121662,4.231161402
2024-06-12 00:00:00,16.009,0.068548925,0,0.5,0.034274463,4.93805638,4.410456649
2024-06-13 00:00:00,15.139,-0.054344431,0,0.5,-0.027172216,4.615356083,4.263442554
2024-06-14 00:00:00,14.736,-0.026619988,0,0.5,-0.013309994,4.465875371,4.193386165
2024-06-15 00:00:00,14.852,0.007871878,-1,0,0.003935939,4.508902077,4.213827017
2024-06-16 00:00:00,15.134,0.018987342,-1,0,0,4.613501484,4.213827017
2024-06-17 00:00:00,14.512,-0.041099511,-1,0,0,4.382789318,4.213827017
2024-06-18 00:00:00,13.972,-0.037210584,-1,0,0,4.182492582,4.213827017
2024-06-19 00:00:00,14.336,0.026052104,-1,0,0,4.317507418,4.213827017
2024-06-20 00:00:00,14.25,-0.005998884,-1,0,0,4.285608309,4.213827017
2024-06-21 00:00:00,13.841,-0.028701754,-1,0,0,4.133902077,4.213827017
2024-06-22 00:00:00,13.472,-0.026659923,-1,0,0,3.997032641,4.213827017
2024-06-23 00:00:00,13.187,-0.021154988,-1,0,0,3.891320475,4.213827017
2024-06-24 00:00:00,13.609,0.032001213,-1,0,0,4.047848665,4.213827017
2024-06-25 00:00:00,14.186,0.042398413,-1,0,0,4.261869436,4.213827017
2024-06-26 00:00:00,13.911,-0.019385309,-1,0,0,4.159866469,4.213827017
2024-06-27 00:00:00,14.426,0.037021062,-1,0,0,4.350890208,4.213827017
2024-06-28 00:00:00,13.771,-0.045404131,-1,0,0,4.107937685,4.213827017
2024-06-29 00:00:00,13.536,-0.017064846,-1,0,0,4.020771513,4.213827017
2024-06-30 00:00:00,14.278,0.054816785,-1,0,0,4.295994065,4.213827017
2024-07-01 00:00:00,14.332,0.003782042,-1,0,0,4.316023739,4.213827017
2024-07-02 00:00:00,14.412,0.005581915,-1,0,0,4.345697329,4.213827017
2024-07-03 00:00:00,13.584,-0.057452123,-1,0,0,4.038575668,4.213827017
2024-07-04 00:00:00,12.529,-0.0776649,-1,0,0,3.647255193,4.213827017
2024-07-05 00:00:00,12.303,-0.018038151,-1,0,0,3.5634273,4.213827017
2024-07-06 00:00:00,13.173,0.07071446,-1,0,0,3.886127596,4.213827017
2024-07-07 00:00:00,12.348,-0.062628103,-1,0,0,3.580118694,4.213827017
2024-07-08 00:00:00,13.111,0.061791383,-1,0,0,3.863130564,4.213827017
2024-07-09 00:00:00,12.831,-0.021356113,-1,0,0,3.759272997,4.213827017
2024-07-10 00:00:00,12.782,-0.003818876,-1,0,0,3.741097923,4.213827017
2024-07-11 00:00:00,12.336,-0.034892818,-1,0,0,3.575667656,4.213827017
2024-07-12 00:00:00,12.735,0.032344358,-1,0,0,3.723664688,4.213827017
2024-07-13 00:00:00,13.011,0.021672556,-1,0,0,3.826038576,4.213827017
2024-07-14 00:00:00,13.442,0.033125817,-1,0,0,3.985905045,4.213827017
2024-07-15 00:00:00,14.382,0.06993007,-1,0,0,4.334569733,4.213827017
2024-07-16 00:00:00,14.199,-0.012724239,-1,0,0,4.266691395,4.213827017
2024-07-17 00:00:00,13.73,-0.033030495,-1,0,0,4.09272997,4.213827017
2024-07-18 00:00:00,13.589,-0.010269483,-1,0,0,4.040430267,4.213827017
2024-07-19 00:00:00,14.071,0.035469865,-1,0,0,4.21921365,4.213827017
2024-07-20 00:00:00,14.24,0.012010518,-1,0,0,4.28189911,4.213827017
2024-07-21 00:00:00,14.81,0.04002809,0,0.5,0,4.493323442,4.213827017
2024-07-22 00:00:00,13.926,-0.059689399,0,0.5,-0.0298447,4.165430267,4.058221916
2024-07-23 00:00:00,13.899,-0.001938819,0,0.5,-0.00096941,4.15541543,4.053318427
2024-07-24 00:00:00,13.394,-0.036333549,-1,0,-0.018166775,3.96810089,3.96151593
2024-07-25 00:00:00,12.932,-0.034493057,-1,0,0,3.796735905,3.96151593
2024-07-26 00:00:00,13.52,0.045468605,-1,0,0,4.014836795,3.96151593
2024-07-27 00:00:00,13.541,0.001553254,-1,0,0,4.022626113,3.96151593
2024-07-28 00:00:00,13.3,-0.017797799,-1,0,0,3.933234421,3.96151593
2024-07-29 00:00:00,13.527,0.017067669,-1,0,0,4.017433234,3.96151593
2024-07-30 00:00:00,13.129,-0.029422636,-1,0,0,3.869807122,3.96151593
2024-07-31 00:00:00,12.824,-0.023231015,-1,0,0,3.756676558,3.96151593
2024-08-01 00:00:00,12.877,0.004132876,-1,0,0,3.776335312,3.96151593
2024-08-02 00:00:00,11.914,-0.074784499,-1,0,0,3.419139466,3.96151593
2024-08-03 00:00:00,11.681,-0.019556824,-1,0,0,3.332715134,3.96151593
2024-08-04 00:00:00,10.881,-0.068487287,-1,0,0,3.035979228,3.96151593
2024-08-05 00:00:00,9.477,-0.129032258,-1,0,0,2.515207715,3.96151593
2024-08-06 00:00:00,10.058,0.061306321,-1,0,0,2.730712166,3.96151593
2024-08-07 00:00:00,9.488,-0.056671306,-1,0,0,2.519287834,3.96151593
2024-08-08 00:00:00,10.745,0.132483137,-1,0,0,2.985534125,3.96151593
2024-08-09 00:00:00,10.528,-0.02019544,-1,0,0,2.90504451,3.96151593
2024-08-10 00:00:00,10.548,0.001899696,-1,0,0,2.912462908,3.96151593
2024-08-11 00:00:00,9.995,-0.052427,-1,0,0,2.707344214,3.96151593
2024-08-12 00:00:00,10.548,0.055327664,-1,0,0,2.912462908,3.96151593
2024-08-13 00:00:00,10.567,0.001801289,-1,0,0,2.919510386,3.96151593
2024-08-14 00:00:00,10.388,-0.016939529,-1,0,0,2.853115727,3.96151593
2024-08-15 00:00:00,10.166,-0.021370812,-1,0,0,2.770771513,3.96151593
2024-08-16 00:00:00,10.121,-0.00442652,-1,0,0,2.754080119,3.96151593
2024-08-17 00:00:00,10.152,0.003062938,-1,0,0,2.765578635,3.96151593
2024-08-18 00:00:00,10.078,-0.007289204,-1,0,0,2.738130564,3.96151593
2024-08-19 00:00:00,10.177,0.009823378,-1,0,0,2.774851632,3.96151593
2024-08-20 00:00:00,10.231,0.005306082,-1,0,0,2.794881306,3.96151593
2024-08-21 00:00:00,11.209,0.095591829,-1,0,0,3.15764095,3.96151593
2024-08-22 00:00:00,11.467,0.023017218,-1,0,0,3.253338279,3.96151593
2024-08-23 00:00:00,12.047,0.050579925,-1,0,0,3.46847181,3.96151593
2024-08-24 00:00:00,12.335,0.023906367,-1,0,0,3.575296736,3.96151593
2024-08-25 00:00:00,12.097,-0.01929469,-1,0,0,3.487017804,3.96151593
2024-08-26 00:00:00,11.833,-0.021823593,-1,0,0,3.389094955,3.96151593
2024-08-27 00:00:00,11.147,-0.057973464,-1,0,0,3.134643917,3.96151593
2024-08-28 00:00:00,11.17,0.002063335,-1,0,0,3.143175074,3.96151593
2024-08-29 00:00:00,10.937,-0.020859445,-1,0,0,3.056750742,3.96151593
2024-08-30 00:00:00,11.114,0.016183597,-1,0,0,3.122403561,3.96151593
2024-08-31 00:00:00,11.009,-0.009447544,-1,0,0,3.083456973,3.96151593
2024-09-01 00:00:00,10.359,-0.059042602,-1,0,0,2.84235905,3.96151593
2024-09-02 00:00:00,10.756,0.038324163,-1,0,0,2.989614243,3.96151593
2024-09-03 00:00:00,10.311,-0.041372257,-1,0,0,2.824554896,3.96151593
2024-09-04 00:00:00,10.331,0.001939676,0,0.5,0,2.831973294,3.96151593
2024-09-05 00:00:00,10.021,-0.030006776,-1,0,-0.015003388,2.716988131,3.887076382
2024-09-06 00:00:00,9.568,-0.045205069,0,0.5,0,2.548961424,3.887076382
2024-09-07 00:00:00,10.023,0.047554348,-1,0,0.023777174,2.71772997,4.003277247
2024-09-08 00:00:00,10.346,0.03222588,-1,0,0,2.837537092,4.003277247
2024-09-09 00:00:00,10.532,0.017977962,-1,0,0,2.90652819,4.003277247
2024-09-10 00:00:00,10.584,0.004937334,0,0.5,0,2.925816024,4.003277247
2024-09-11 00:00:00,10.393,-0.018046107,-1,0,-0.009023054,2.854970326,3.958132408
2024-09-12 00:00:00,10.78,0.037236602,0,0.5,0,2.99851632,3.958132408
2024-09-13 00:00:00,11.441,0.061317254,0,0.5,0.030658627,3.243694362,4.110141941
2024-09-14 00:00:00,11.29,-0.013198147,0,0.5,-0.006599074,3.18768546,4.076419738
2024-09-15 00:00:00,10.799,-0.043489814,0,0.5,-0.021744907,3.005563798,3.966033463
2024-09-16 00:00:00,10.537,-0.024261506,0,0.5,-0.012130753,2.908382789,3.905791739
2024-09-17 00:00:00,10.616,0.00749739,0,0.5,0.003748695,2.93768546,3.924182056
2024-09-18 00:00:00,10.891,0.025904295,0,0.5,0.012952148,3.039688427,3.987960789
2024-09-19 00:00:00,11.199,0.028280231,0,0.5,0.014140116,3.153931751,4.058491132
2024-09-20 00:00:00,11.43,0.020626842,0,0.5,0.010313421,3.239614243,4.11066148
2024-09-21 00:00:00,11.486,0.004899388,0,0.5,0.002449694,3.260385757,4.123181036
2024-09-22 00:00:00,11.122,-0.031690754,-1,0,-0.015845377,3.12537092,4.042002301
2024-09-23 00:00:00,11.389,0.024006474,-1,0,0,3.224406528,4.042002301
2024-09-24 00:00:00,12.149,0.066731056,0,0.5,0,3.506305638,4.042002301
2024-09-25 00:00:00,12.107,-0.003457075,0,0.5,-0.001728537,3.490727003,4.033287011
2024-09-26 00:00:00,12.557,0.03716858,0,0.5,0.01858429,3.65764095,4.126827077
2024-09-27 00:00:00,12.667,0.008760054,0,0.5,0.004380027,3.698442136,4.149282719
2024-09-28 00:00:00,12.942,0.021709955,0,0.5,0.010854978,3.800445104,4.205178067
2024-09-29 00:00:00,12.458,-0.03739762,0,0.5,-0.01869881,3.620919881,4.107847431
2024-09-30 00:00:00,11.843,-0.049365869,0,0.5,-0.024682935,3.392804154,3.981770766
2024-10-01 00:00:00,11.008,-0.070505784,0,0.5,-0.035252892,3.083086053,3.80614894
2024-10-02 00:00:00,10.647,-0.032794331,-1,0,-0.016397166,2.949183976,3.727341719
2024-10-03 00:00:00,10.651,0.000375693,0,0.5,0,2.950667656,3.727341719
2024-10-04 00:00:00,11.069,0.039245141,0,0.5,0.019622571,3.105712166,3.820104316
2024-10-05 00:00:00,11.26,0.017255398,0,0.5,0.008627699,3.176557864,3.861690725
2024-10-06 00:00:00,11.274,0.001243339,0,0.5,0.00062167,3.181750742,3.86471309
2024-10-07 00:00:00,11.152,-0.010821359,0,0.5,-0.005410679,3.136498516,3.838391687
2024-10-08 00:00:00,10.828,-0.029053085,0,0.5,-0.014526542,3.016320475,3.768106586
2024-10-09 00:00:00,10.53,-0.027521241,-1,0,-0.013760621,2.90578635,3.70249448
2024-10-10 00:00:00,10.553,0.002184236,-1,0,0,2.914317507,3.70249448
2024-10-11 00:00:00,10.901,0.032976405,0,0.5,0,3.043397626,3.70249448
2024-10-12 00:00:00,10.999,0.008990001,0,0.5,0.004495,3.079747774,3.723632195
2024-10-13 00:00:00,10.746,-0.023002091,-1,0,-0.011501046,2.985905045,3.669305486
2024-10-14 00:00:00,11.28,0.049692909,-1,0,0,3.183976261,3.669305486
2024-10-15 00:00:00,11.458,0.015780142,0,0.5,0,3.25,3.669305486
2024-10-16 00:00:00,11.242,-0.018851457,0,0.5,-0.009425729,3.169881306,3.625293879
2024-10-17 00:00:00,11.027,-0.019124711,0,0.5,-0.009562355,3.090133531,3.581065175
2024-10-18 00:00:00,11.482,0.041262356,0,0.5,0.020631178,3.258902077,3.675577946
2024-10-19 00:00:00,11.418,-0.005573942,0,0.5,-0.002786971,3.235163205,3.662547246
2024-10-20 00:00:00,11.977,0.048957786,0,0.5,0.024478893,3.442507418,3.776681241
2024-10-21 00:00:00,11.711,-0.022209234,0,0.5,-0.011104617,3.34384273,3.723638025
2024-10-22 00:00:00,11.976,0.022628298,0,0.5,0.011314149,3.442136499,3.777081969
2024-10-23 00:00:00,11.321,-0.054692719,-1,0,-0.027346359,3.199183976,3.646446169
2024-10-24 00:00:00,11.615,0.025969437,-1,0,0,3.308234421,3.646446169
2024-10-25 00:00:00,11.128,-0.041928541,-1,0,0,3.127596439,3.646446169
2024-10-26 00:00:00,11.002,-0.011322789,-1,0,0,3.080860534,3.646446169
2024-10-27 00:00:00,10.977,-0.002272314,-1,0,0,3.071587537,3.646446169
2024-10-28 00:00:00,11.179,0.018402114,-1,0,0,3.146513353,3.646446169
2024-10-29 00:00:00,11.798,0.055371679,-1,0,0,3.37611276,3.646446169
2024-10-30 00:00:00,12.396,0.050686557,0,0.5,0,3.597922849,3.646446169
2024-10-31 00:00:00,11.419,-0.078815747,0,0.5,-0.039407874,3.235534125,3.463339606
2024-11-01 00:00:00,11.248,-0.014975042,0,0.5,-0.007487521,3.172106825,3.429920258
2024-11-02 00:00:00,11.185,-0.005600996,0,0.5,-0.002800498,3.148738872,3.417514276
2024-11-03 00:00:00,10.752,-0.038712561,-1,0,-0.019356281,2.988130564,3.332007629
2024-11-04 00:00:00,10.248,-0.046875,-1,0,0,2.801186944,3.332007629
2024-11-05 00:00:00,10.829,0.056693989,-1,0,0,3.016691395,3.332007629
2024-11-06 00:00:00,12.175,0.124295872,0,0.5,0,3.515949555,3.332007629
2024-11-07 00:00:00,12.595,0.03449692,0,0.5,0.01724846,3.671735905,3.406728089
2024-11-08 00:00:00,13.696,0.087415641,1,1,0.043707821,4.080118694,3.59933657
2024-11-09 00:00:00,13.782,0.006279206,1,1,0.006279206,4.112017804,3.62821675
2024-11-10 00:00:00,14.271,0.035481062,1,1,0.035481062,4.293397626,3.792430797
2024-11-11 00:00:00,14.93,0.046177563,1,1,0.046177563,4.537833828,4.013733571
2024-11-12 00:00:00,13.96,-0.064969859,0,0.5,-0.064969859,4.178041543,3.687992006
2024-11-13 00:00:00,13.491,-0.033595989,0,0.5,-0.016797994,4.004080119,3.609243143
2024-11-14 00:00:00,13.005,-0.036024016,0,0.5,-0.018012008,3.823813056,3.526221419
2024-11-15 00:00:00,13.849,0.064898116,1,1,0.032449058,4.136869436,3.673093041
2024-11-16 00:00:00,14.539,0.049823092,1,1,0.049823092,4.392804154,3.905920985
2024-11-17 00:00:00,13.792,-0.051379049,0,0.5,-0.051379049,4.115727003,3.653859428
2024-11-18 00:00:00,15.281,0.107961137,1,1,0.053980568,4.668026706,3.905077405
2024-11-19 00:00:00,14.631,-0.042536483,1,1,-0.042536483,4.426928783,3.696432663
2024-11-20 00:00:00,14.241,-0.026655731,1,1,-0.026655731,4.28227003,3.571245817
2024-11-21 00:00:00,14.909,0.046906818,1,1,0.046906818,4.53004451,3.785668414
2024-11-22 00:00:00,16.582,0.112214099,1,1,0.112214099,5.150593472,4.322687883
2024-11-23 00:00:00,17.4,0.049330599,1,1,0.049330599,5.454005935,4.585259266
2024-11-24 00:00:00,17.921,0.029942529,1,1,0.029942529,5.647255193,4.752496053
2024-11-25 00:00:00,17.355,-0.031583059,1,1,-0.031583059,5.43731454,4.57081463
2024-11-26 00:00:00,17.349,-0.000345722,1,1,-0.000345722,5.435089021,4.568888679
2024-11-27 00:00:00,18.672,0.076257998,1,1,0.076257998,5.925816024,4.993560978
2024-11-28 00:00:00,17.948,-0.038774636,1,1,-0.038774636,5.65727003,4.761162834
2024-11-29 00:00:00,18.26,0.017383552,1,1,0.017383552,5.772997033,4.861312311
2024-11-30 00:00:00,19.016,0.041401972,1,1,0.041401972,6.053412463,5.103982196
2024-12-01 00:00:00,18.935,-0.004259571,1,1,-0.004259571,6.023367953,5.077981851
2024-12-02 00:00:00,25.241,0.333034064,1,1,0.333034064,8.362388724,7.102156847
2024-12-03 00:00:00,24.127,-0.044134543,1,1,-0.044134543,7.949183976,6.744571858
2024-12-04 00:00:00,24.092,-0.001450657,1,1,-0.001450657,7.93620178,6.733337141
2024-12-05 00:00:00,23.172,-0.03818695,1,1,-0.03818695,7.59495549,6.438024582
2024-12-06 00:00:00,25.893,0.117426204,1,1,0.117426204,8.604228487,7.311443574
2024-12-07 00:00:00,24.808,-0.041903217,1,1,-0.041903217,8.201780415,6.96316735
2024-12-08 00:00:00,26.12,0.052886166,1,1,0.052886166,8.6884273,7.384308738
2024-12-09 00:00:00,22.241,-0.148506891,1,1,-0.148506891,7.24962908,6.139181112
2024-12-10 00:00:00,22.115,-0.005665213,1,1,-0.005665213,7.202893175,6.098736131
2024-12-11 00:00:00,24.064,0.088130228,1,1,0.088130228,7.925816024,6.724349367
2024-12-12 00:00:00,29.128,0.21043883,1,1,0.21043883,9.804154303,8.349852409
2024-12-13 00:00:00,28.983,-0.004978028,1,1,-0.004978028,9.75037092,8.303308582
2024-12-14 00:00:00,29.117,0.0046234,1,1,0.0046234,9.800074184,8.346321498
2024-12-15 00:00:00,29.257,0.004808188,1,1,0.004808188,9.852002967,8.391260365
2024-12-16 00:00:00,28.73,-0.018012783,1,1,-0.018012783,9.65652819,8.222097628
2024-12-17 00:00:00,27.858,-0.030351549,1,1,-0.030351549,9.333086053,7.942192681
2024-12-18 00:00:00,24.855,-0.107796683,1,1,-0.107796683,8.21921365,6.978253969
2024-12-19 00:00:00,22.806,-0.082438141,1,1,-0.082438141,7.459198813,6.320541542
2024-12-20 00:00:00,23.38,0.025168815,1,1,0.025168815,7.672106825,6.504790899
2024-12-21 00:00:00,22.123,-0.053763901,1,1,-0.053763901,7.205860534,6.101304066
2024-12-22 00:00:00,22.084,-0.001762871,1,1,-0.001762871,7.191394659,6.088785382
2024-12-23 00:00:00,24.539,0.111166455,1,1,0.111166455,8.102002967,6.876820525
2024-12-24 00:00:00,25.418,0.035820531,1,1,0.035820531,8.428041543,7.158972416
2024-12-25 00:00:00,24.428,-0.038948776,1,1,-0.038948776,8.060830861,6.841190423
2024-12-26 00:00:00,22.665,-0.072171279,1,1,-0.072171279,7.40689911,6.275281682
2024-12-27 00:00:00,21.558,-0.048841827,1,1,-0.048841827,6.996290801,5.919943636
2024-12-28 00:00:00,21.974,0.019296781,1,1,0.019296781,7.150593472,6.053476271
2024-12-29 00:00:00,20.946,-0.046782561,1,1,-0.046782561,6.769287834,5.723496586
2024-12-30 00:00:00,20.569,-0.017998663,1,1,-0.017998663,6.629451039,5.602482635
2024-12-31 00:00:00,20.003,-0.027517137,1,1,-0.027517137,6.419510386,5.420801213
2025-01-01 00:00:00,21.721,0.085887117,0,0.5,0.085887117,7.056750742,5.972265318
2025-01-02 00:00:00,22.064,0.01579117,0,0.5,0.007895585,7.183976261,6.027315431
2025-01-03 00:00:00,23.48,0.06417694,0,0.5,0.03208847,7.709198813,6.25281123
2025-01-04 00:00:00,23.591,0.004727428,1,1,0.002363714,7.75037092,6.2699548
2025-01-05 00:00:00,23.574,-0.000720614,0,0.5,-0.000720614,7.744065282,6.264715971
2025-01-06 00:00:00,23.816,0.010265547,0,0.5,0.005132773,7.833827893,6.302004111
2025-01-07 00:00:00,21.377,-0.102410144,0,0.5,-0.051205072,6.929154303,5.928104463
2025-01-08 00:00:00,20.426,-0.044487066,0,0.5,-0.022243533,6.576409496,5.773998945
2025-01-09 00:00:00,19.635,-0.038725154,0,0.5,-0.019362577,6.283011869,5.642836868
2025-01-10 00:00:00,20.234,0.030506748,0,0.5,0.015253374,6.505192878,5.744162544
2025-01-11 00:00:00,20.204,-0.001482653,0,0.5,-0.000741326,6.494065282,5.739162917
2025-01-12 00:00:00,19.833,-0.0183627,0,0.5,-0.00918135,6.356454006,5.677288302
2025-01-13 00:00:00,19.349,-0.024403771,0,0.5,-0.012201886,6.176928783,5.595812793
2025-01-14 00:00:00,20.323,0.050338519,0,0.5,0.025169259,6.538204748,5.761824516
2025-01-15 00:00:00,22.075,0.086207745,0,0.5,0.043103872,7.18805638,6.053285338
2025-01-16 00:00:00,21.857,-0.009875425,0,0.5,-0.004937712,7.107195846,6.018458244