date,close_price_LTCUSDT,return_LTCUSDT,signal_LTCUSDT,position_LTCUSDT,signal_return_LTCUSDT,cum_return_LTCUSDT,cum_signal_return_LTCUSDT
2020-01-09 00:00:00,44.73,,0,0.5,,,
2020-01-10 00:00:00,49.04,0.096355913,0,0.5,0.048177957,0.096355913,0.048177957
2020-01-11 00:00:00,49.25,0.004282219,0,0.5,0.002141109,0.101050749,0.05042222
2020-01-12 00:00:00,51.33,0.042233503,0,0.5,0.021116751,0.147551979,0.072603725
2020-01-13 00:00:00,49.58,-0.034093123,0,0.5,-0.017046561,0.108428348,0.05431952
2020-01-14 00:00:00,58.55,0.180919726,0,0.5,0.090459863,0.308964901,0.149693119
2020-01-15 00:00:00,58.2,-0.005977797,0,0.5,-0.002988898,0.301140174,0.146256803
2020-01-16 00:00:00,57.6,-0.010309278,0,0.5,-0.005154639,0.287726358,0.140348263
2020-01-17 00:00:00,61.15,0.061631944,0,0.5,0.030815972,0.367091438,0.175489203
2020-01-18 00:00:00,59.33,-0.029762878,0,0.5,-0.014881439,0.326402862,0.157996232
2020-01-19 00:00:00,57.64,-0.028484746,0,0.5,-0.014242373,0.288620613,0.141503618
2020-01-20 00:00:00,57.23,-0.007113116,0,0.5,-0.003556558,0.279454505,0.137443794
2020-01-21 00:00:00,57.59,0.006290407,0,0.5,0.003145204,0.287502795,0.141021286
2020-01-22 00:00:00,58.36,0.013370377,0,0.5,0.006685188,0.304717192,0.148649228
2020-01-23 00:00:00,54.5,-0.066141193,0,0.5,-0.033070596,0.218421641,0.110662713
2020-01-24 00:00:00,54.4,-0.001834862,0,0.5,-0.000917431,0.216186005,0.109643757
2020-01-25 00:00:00,53.28,-0.020588235,0,0.5,-0.010294118,0.191146881,0.098220953
2020-01-26 00:00:00,56.27,0.056118619,0,0.5,0.028059309,0.257992399,0.129036275
2020-01-27 00:00:00,58.6,0.0414075,0,0.5,0.02070375,0.310082719,0.152411559
2020-01-28 00:00:00,60.57,0.033617747,0,0.5,0.016808874,0.354124748,0.1717823
2020-01-29 00:00:00,59.86,-0.011721975,0,0.5,-0.005860987,0.338251733,0.164914499
2020-01-30 00:00:00,68.03,0.136485132,0,0.5,0.068242566,0.520903197,0.244411253
2020-01-31 00:00:00,68.01,-0.000293988,0,0.5,-0.000146994,0.52045607,0.244228332
2020-02-01 00:00:00,70.73,0.039994119,0,0.5,0.019997059,0.58126537,0.26910924
2020-02-02 00:00:00,70.01,-0.010179556,0,0.5,-0.005089778,0.565168791,0.262649756
2020-02-03 00:00:00,69.69,-0.004570776,0,0.5,-0.002285388,0.558014755,0.259764111
2020-02-04 00:00:00,68.15,-0.022097862,0,0.5,-0.011048931,0.52358596,0.245845065
2020-02-05 00:00:00,72.7,0.06676449,0,0.5,0.033382245,0.6253074,0.28743417
2020-02-06 00:00:00,73.68,0.013480055,0,0.5,0.006740028,0.647216633,0.296111511
2020-02-07 00:00:00,74.4,0.009771987,0,0.5,0.004885993,0.663313213,0.302444304
2020-02-08 00:00:00,76.66,0.030376344,0,0.5,0.015188172,0.713838587,0.322226052
2020-02-09 00:00:00,77.09,0.005609183,0,0.5,0.002804592,0.723451822,0.325934356
2020-02-10 00:00:00,74.09,-0.038915553,0,0.5,-0.019457777,0.656382741,0.300134622
2020-02-11 00:00:00,76.6,0.033877716,0,0.5,0.016938858,0.712497205,0.322157418
2020-02-12 00:00:00,81.31,0.061488251,0,0.5,0.030744125,0.817795663,0.362805991
2020-02-13 00:00:00,80.68,-0.007748124,0,0.5,-0.003874062,0.803711156,0.357526396
2020-02-14 00:00:00,83.14,0.030490828,0,0.5,0.015245414,0.858707802,0.378222448
2020-02-15 00:00:00,76.8,-0.076256916,0,0.5,-0.038128458,0.716968478,0.325672951
2020-02-16 00:00:00,74.9,-0.024739583,0,0.5,-0.012369792,0.674491393,0.309274653
2020-02-17 00:00:00,73.6,-0.017356475,0,0.5,-0.008678238,0.645428124,0.297912456
2020-02-18 00:00:00,77.39,0.051494565,0,0.5,0.025747283,0.73015873,0.331330175
2020-02-19 00:00:00,70.56,-0.088254296,0,0.5,-0.044127148,0.577464789,0.272582371
2020-02-20 00:00:00,69.44,-0.015873016,0,0.5,-0.007936508,0.552425665,0.262482511
2020-02-21 00:00:00,73.33,0.056019585,0,0.5,0.028009793,0.639391907,0.297844384
2020-02-22 00:00:00,74.79,0.019909996,0,0.5,0.009954998,0.672032193,0.310764422
2020-02-23 00:00:00,79.66,0.065115657,0,0.5,0.032557829,0.780907668,0.353440066
2020-02-24 00:00:00,75.64,-0.050464474,0,0.5,-0.025232237,0.691035099,0.319289745
2020-02-25 00:00:00,71.03,-0.060946589,0,0.5,-0.030473295,0.587972278,0.27908664
2020-02-26 00:00:00,60.52,-0.147965648,0,0.5,-0.073982824,0.35300693,0.184456198
2020-02-27 00:00:00,61.78,0.020819564,0,0.5,0.010409782,0.381175945,0.196786129
2020-02-28 00:00:00,59.95,-0.029621237,0,0.5,-0.014810618,0.340263805,0.179060986
2020-02-29 00:00:00,58.12,-0.030525438,0,0.5,-0.015262719,0.299351666,0.16106531
2020-03-01 00:00:00,57.78,-0.005849966,0,0.5,-0.002924983,0.291750503,0.157669214
2020-03-02 00:00:00,61.52,0.06472828,0,0.5,0.03236414,0.375363291,0.195136182
2020-03-03 00:00:00,61.09,-0.006989597,0,0.5,-0.003494798,0.365750056,0.190959422
2020-03-04 00:00:00,60.4,-0.011294811,0,0.5,-0.005647405,0.350324167,0.184233591
2020-03-05 00:00:00,62.11,0.028311258,0,0.5,0.014155629,0.388553543,0.200997163
2020-03-06 00:00:00,63.31,0.01932056,0,0.5,0.00966028,0.415381176,0.212599132
2020-03-07 00:00:00,60.49,-0.044542726,0,0.5,-0.022271363,0.35233624,0.185592896
2020-03-08 00:00:00,50.99,-0.157050752,0,0.5,-0.078525376,0.139950816,0.092493768
2020-03-09 00:00:00,50.37,-0.012159247,0,0.5,-0.006079623,0.126089873,0.085851818
2020-03-10 00:00:00,50.28,-0.001786778,0,0.5,-0.000893389,0.1240778,0.08488173
2020-03-11 00:00:00,48.59,-0.033611774,0,0.5,-0.016805887,0.086295551,0.06664933
2020-03-12 00:00:00,29.67,-0.389380531,0,0.5,-0.194690265,-0.336686787,-0.141016911
2020-03-13 00:00:00,37.54,0.265251095,0,0.5,0.132625548,-0.160742231,-0.027093809
2020-03-14 00:00:00,34.42,-0.083111348,0,0.5,-0.041555674,-0.230494076,-0.067523581
2020-03-15 00:00:00,36.42,0.058105752,0,0.5,0.029052876,-0.185781355,-0.040432459
2020-03-16 00:00:00,33.19,-0.088687534,0,0.5,-0.044343767,-0.257992399,-0.082983299
2020-03-17 00:00:00,34.07,0.02651401,0,0.5,0.013257005,-0.238318802,-0.070826404
2020-03-18 00:00:00,34.7,0.018491341,0,0.5,0.009245671,-0.224234295,-0.062235571
2020-03-19 00:00:00,38.92,0.121613833,0,0.5,0.060806916,-0.129890454,-0.005213007
2020-03-20 00:00:00,38.12,-0.020554985,0,0.5,-0.010277492,-0.147775542,-0.015436923
2020-03-21 00:00:00,38.33,0.005508919,0,0.5,0.00275446,-0.143080706,-0.012724984
2020-03-22 00:00:00,35.42,-0.075919645,0,0.5,-0.037959823,-0.208137715,-0.050201768
2020-03-23 00:00:00,38.99,0.100790514,0,0.5,0.050395257,-0.128325509,-0.002336442
2020-03-24 00:00:00,40.59,0.041036163,0,0.5,0.020518082,-0.092555332,0.0181337
2020-03-25 00:00:00,39.19,-0.034491254,0,0.5,-0.017245627,-0.123854237,0.000575346
2020-03-26 00:00:00,40.44,0.031895892,0,0.5,0.015947946,-0.095908786,0.016532467
2020-03-27 00:00:00,38.02,-0.059841741,0,0.5,-0.02992087,-0.150011178,-0.013883069
2020-03-28 00:00:00,38.88,0.022619674,0,0.5,0.011309837,-0.130784708,-0.002730247
2020-03-29 00:00:00,37.12,-0.04526749,0,0.5,-0.022633745,-0.170131903,-0.025302196
2020-03-30 00:00:00,38.96,0.049568966,0,0.5,0.024784483,-0.128996199,-0.001144816
2020-03-31 00:00:00,39.09,0.003336756,0,0.5,0.001668378,-0.126089873,0.000521652
2020-04-01 00:00:00,39.24,0.003837299,0,0.5,0.001918649,-0.122736419,0.002441302
2020-04-02 00:00:00,39.92,0.017329256,0,0.5,0.008664628,-0.107534093,0.011127083
2020-04-03 00:00:00,40.51,0.014779559,0,0.5,0.00738978,-0.094343841,0.01859909
2020-04-04 00:00:00,40.75,0.005924463,0,0.5,0.002962232,-0.088978314,0.021616416
2020-04-05 00:00:00,40.37,-0.009325153,0,0.5,-0.004662577,-0.097473731,0.016853051
2020-04-06 00:00:00,45.08,0.116670795,0,0.5,0.058335398,0.007824726,0.076171578
2020-04-07 00:00:00,44.83,-0.005545697,0,0.5,-0.002772848,0.002235636,0.073187518
2020-04-08 00:00:00,46.59,0.039259424,0,0.5,0.019629712,0.04158283,0.09425388
2020-04-09 00:00:00,46.28,-0.006653788,0,0.5,-0.003326894,0.034652359,0.090613413
2020-04-10 00:00:00,42.3,-0.085998271,0,0.5,-0.042999136,-0.054325956,0.043717979
2020-04-11 00:00:00,42.55,0.005910165,0,0.5,0.002955083,-0.048736866,0.046802252
2020-04-12 00:00:00,41.98,-0.013396005,0,0.5,-0.006698002,-0.061479991,0.039790768
2020-04-13 00:00:00,41.2,-0.018580276,0,0.5,-0.009290138,-0.078917952,0.030130968
2020-04-14 00:00:00,41.2,0,0,0.5,0,-0.078917952,0.030130968
2020-04-15 00:00:00,39.21,-0.048300971,0,0.5,-0.024150485,-0.123407109,0.005252805
2020-04-16 00:00:00,42.54,0.084927314,0,0.5,0.042463657,-0.048960429,0.047939516
2020-04-17 00:00:00,42.19,-0.008227551,0,0.5,-0.004113775,-0.056785155,0.043628528
2020-04-18 00:00:00,44.12,0.045745437,0,0.5,0.022872719,-0.01363738,0.06749915
2020-04-19 00:00:00,42.23,-0.042837715,0,0.5,-0.021418858,-0.055890901,0.044634537
2020-04-20 00:00:00,40.19,-0.048306891,0,0.5,-0.024153445,-0.101497876,0.019403014
2020-04-21 00:00:00,40.59,0.009952725,0,0.5,0.004976362,-0.092555332,0.024475933
2020-04-22 00:00:00,41.83,0.030549396,0,0.5,0.015274698,-0.064833445,0.040124493
2020-04-23 00:00:00,43,0.027970356,0,0.5,0.013985178,-0.038676503,0.05467082
2020-04-24 00:00:00,44.59,0.036976744,0,0.5,0.018488372,-0.00312989,0.074169966
2020-04-25 00:00:00,44.41,-0.00403678,0,0.5,-0.00201839,-0.007154035,0.072001873
2020-04-26 00:00:00,44.56,0.003377618,0,0.5,0.001688809,-0.003800581,0.073812279
2020-04-27 00:00:00,44.53,-0.00067325,0,0.5,-0.000336625,-0.004471272,0.073450807
2020-04-28 00:00:00,45.75,0.02739726,0,0.5,0.01369863,0.022803488,0.088155612
2020-04-29 00:00:00,48.85,0.067759563,0,0.5,0.033879781,0.092108205,0.125022087
2020-04-30 00:00:00,46.39,-0.05035824,0,0.5,-0.02517912,0.037111558,0.096695021
2020-05-01 00:00:00,47.11,0.015520586,0,0.5,0.007760293,0.053208138,0.105205696
2020-05-02 00:00:00,49.22,0.044788792,0,0.5,0.022394396,0.100380058,0.12995611
2020-05-03 00:00:00,48.11,-0.022551808,0,0.5,-0.011275904,0.075564498,0.117214833
2020-05-04 00:00:00,47,-0.023072126,0,0.5,-0.011536063,0.050748938,0.104326572
2020-05-05 00:00:00,46.58,-0.00893617,0,0.5,-0.004468085,0.041359267,0.099392347
2020-05-06 00:00:00,44.95,-0.034993559,0,0.5,-0.01749678,0.004918399,0.080156521
2020-05-07 00:00:00,47.39,0.054282536,0,0.5,0.027141268,0.059467919,0.109473339
2020-05-08 00:00:00,47.75,0.007596539,1,1,0.00379827,0.067516208,0.113687418
2020-05-09 00:00:00,47,-0.015706806,0,0.5,-0.015706806,0.050748938,0.096194946
2020-05-10 00:00:00,42.04,-0.105531915,-1,0,-0.052765957,-0.060138609,0.03835317
2020-05-11 00:00:00,41.51,-0.012607041,-1,0,0,-0.07198748,0.03835317
2020-05-12 00:00:00,42.2,0.016622501,0,0.5,0,-0.056561592,0.03835317
2020-05-13 00:00:00,43.19,0.023459716,0,0.5,0.011729858,-0.034428795,0.050532905
2020-05-14 00:00:00,43.98,0.018291271,0,0.5,0.009145636,-0.01676727,0.060140696
2020-05-15 00:00:00,42.72,-0.028649386,0,0.5,-0.014324693,-0.044936284,0.044954506
2020-05-16 00:00:00,43.26,0.012640449,0,0.5,0.006320225,-0.03286385,0.051558853
2020-05-17 00:00:00,43.68,0.009708738,0,0.5,0.004854369,-0.023474178,0.056663508
2020-05-18 00:00:00,45.35,0.038232601,0,0.5,0.0191163,0.013860943,0.076863005
2020-05-19 00:00:00,45.75,0.008820287,0,0.5,0.004410143,0.022803488,0.081612125
2020-05-20 00:00:00,44.26,-0.032568306,0,0.5,-0.016284153,-0.010507489,0.063998988
2020-05-21 00:00:00,42.72,-0.034794397,0,0.5,-0.017397198,-0.044936284,0.045488386
2020-05-22 00:00:00,44.23,0.035346442,0,0.5,0.017673221,-0.01117818,0.063965533
2020-05-23 00:00:00,43.84,-0.008817545,0,0.5,-0.004408772,-0.019897161,0.059274752
2020-05-24 00:00:00,42.04,-0.041058394,-1,0,-0.020529197,-0.060138609,0.037528691
2020-05-25 00:00:00,42.97,0.022121789,-1,0,0,-0.039347194,0.037528691
2020-05-26 00:00:00,42.25,-0.016755876,-1,0,0,-0.055443774,0.037528691
2020-05-27 00:00:00,43.86,0.038106509,-1,0,0,-0.019450034,0.037528691
2020-05-28 00:00:00,44.77,0.020747834,-1,0,0,0.000894254,0.037528691
2020-05-29 00:00:00,44.53,-0.005360733,-1,0,0,-0.004471272,0.037528691
2020-05-30 00:00:00,47.77,0.072759937,0,0.5,0,0.067963336,0.037528691
2020-05-31 00:00:00,45.65,-0.044379318,-1,0,-0.022189659,0.020567852,0.014506284
2020-06-01 00:00:00,48.38,0.059802848,-1,0,0,0.081600715,0.014506284
2020-06-02 00:00:00,46,-0.049193882,-1,0,0,0.028392578,0.014506284
2020-06-03 00:00:00,47.18,0.025652174,0,0.5,0,0.054773083,0.014506284
2020-06-04 00:00:00,47.49,0.006570581,0,0.5,0.00328529,0.061703555,0.017839232
2020-06-05 00:00:00,46.84,-0.013687092,0,0.5,-0.006843546,0.04717192,0.010873602
2020-06-06 00:00:00,46.8,-0.000853971,-1,0,-0.000426985,0.046277666,0.010441974
2020-06-07 00:00:00,46.63,-0.003632479,-1,0,0,0.042477085,0.010441974
2020-06-08 00:00:00,46.48,-0.003216813,-1,0,0,0.039123631,0.010441974
2020-06-09 00:00:00,45.9,-0.012478485,0,0.5,0,0.026156942,0.010441974
2020-06-10 00:00:00,46.7,0.017429194,0,0.5,0.008714597,0.04404203,0.019247568
2020-06-11 00:00:00,43.23,-0.074304069,0,0.5,-0.037152034,-0.033534541,-0.018619552
2020-06-12 00:00:00,44.76,0.035392089,0,0.5,0.017696044,0.000670691,-0.001253
2020-06-13 00:00:00,45.11,0.007819482,0,0.5,0.003909741,0.008495417,0.002651841
2020-06-14 00:00:00,44.03,-0.023941476,0,0.5,-0.011970738,-0.015649452,-0.009350641
2020-06-15 00:00:00,43.74,-0.006586418,0,0.5,-0.003293209,-0.022132797,-0.012613057
2020-06-16 00:00:00,43.87,0.002972108,0,0.5,0.001486054,-0.01922647,-0.011145747
2020-06-17 00:00:00,44.06,0.004330978,-1,0,0.002165489,-0.014978761,-0.009004394
2020-06-18 00:00:00,43.44,-0.01407172,-1,0,0,-0.028839705,-0.009004394
2020-06-19 00:00:00,42.89,-0.012661142,-1,0,0,-0.041135703,-0.009004394
2020-06-20 00:00:00,43.58,0.016087666,0,0.5,0,-0.025709814,-0.009004394
2020-06-21 00:00:00,43.04,-0.012391005,-1,0,-0.006195503,-0.037782249,-0.015144109
2020-06-22 00:00:00,44.34,0.030204461,0,0.5,0,-0.008718981,-0.015144109
2020-06-23 00:00:00,44.23,-0.00248083,0,0.5,-0.001240415,-0.01117818,-0.016365739
2020-06-24 00:00:00,42.65,-0.03572236,-1,0,-0.01786118,-0.04650123,-0.033934608
2020-06-25 00:00:00,42.35,-0.007033998,0,0.5,0,-0.053208138,-0.033934608
2020-06-26 00:00:00,43.12,0.018181818,-1,0,0.009090909,-0.03599374,-0.025152195
2020-06-27 00:00:00,41.06,-0.047773655,-1,0,0,-0.082047843,-0.025152195
2020-06-28 00:00:00,41.37,0.007549927,-1,0,0,-0.075117371,-0.025152195
2020-06-29 00:00:00,41.88,0.012327774,-1,0,0,-0.063715627,-0.025152195
2020-06-30 00:00:00,41.19,-0.016475645,-1,0,0,-0.079141516,-0.025152195
2020-07-01 00:00:00,41.76,0.01383831,-1,0,0,-0.06639839,-0.025152195
2020-07-02 00:00:00,41.04,-0.017241379,-1,0,0,-0.08249497,-0.025152195
2020-07-03 00:00:00,41.16,0.002923977,-1,0,0,-0.079812207,-0.025152195
2020-07-04 00:00:00,42.14,0.023809524,-1,0,0,-0.057902973,-0.025152195
2020-07-05 00:00:00,41.6,-0.012814428,-1,0,0,-0.069975408,-0.025152195
2020-07-06 00:00:00,44.09,0.059855769,-1,0,0,-0.014308071,-0.025152195
2020-07-07 00:00:00,43.42,-0.01519619,-1,0,0,-0.029286832,-0.025152195
2020-07-08 00:00:00,45.39,0.045370797,-1,0,0,0.014755198,-0.025152195
2020-07-09 00:00:00,44.37,-0.02247191,-1,0,0,-0.00804829,-0.025152195
2020-07-10 00:00:00,44.36,-0.000225378,0,0.5,0,-0.008271853,-0.025152195
2020-07-11 00:00:00,44.73,0.008340848,1,1,0.004170424,2.22045E-16,-0.021086667
2020-07-12 00:00:00,44.78,0.001117818,1,1,0.001117818,0.001117818,-0.01999242
2020-07-13 00:00:00,43.95,-0.01853506,0,0.5,-0.01853506,-0.017437961,-0.03815692
2020-07-14 00:00:00,43.93,-0.000455063,0,0.5,-0.000227531,-0.017885088,-0.038375769
2020-07-15 00:00:00,43.37,-0.012747553,0,0.5,-0.006373776,-0.03040465,-0.044504947
2020-07-16 00:00:00,42.12,-0.028821766,0,0.5,-0.014410883,-0.058350101,-0.058274474
2020-07-17 00:00:00,41.93,-0.004510921,0,0.5,-0.002255461,-0.062597809,-0.060398499
2020-07-18 00:00:00,42.49,0.013355593,0,0.5,0.006677796,-0.050078247,-0.054124032
2020-07-19 00:00:00,42.69,0.00470699,0,0.5,0.002353495,-0.045606975,-0.051897917
2020-07-20 00:00:00,41.95,-0.01733427,0,0.5,-0.008667135,-0.062150682,-0.060115246
2020-07-21 00:00:00,43.79,0.04386174,1,1,0.02193087,-0.021014979,-0.039502756
2020-07-22 00:00:00,45.03,0.028316967,1,1,0.028316967,0.006706908,-0.012304387
2020-07-23 00:00:00,45,-0.000666223,1,1,-0.000666223,0.006036217,-0.012962412
2020-07-24 00:00:00,44.18,-0.018222222,1,1,-0.018222222,-0.012295998,-0.03094843
2020-07-25 00:00:00,49.22,0.114078769,1,1,0.114078769,0.100380058,0.07959978
2020-07-26 00:00:00,48.13,-0.022145469,1,1,-0.022145469,0.076011625,0.055691536
2020-07-27 00:00:00,53.41,0.109702888,1,1,0.109702888,0.194053208,0.171503946
2020-07-28 00:00:00,55.79,0.044560944,1,1,0.044560944,0.247261346,0.223707268
2020-07-29 00:00:00,55.19,-0.010754616,1,1,-0.010754616,0.23384753,0.210546766
2020-07-30 00:00:00,56.82,0.029534336,1,1,0.029534336,0.270288397,0.246299461
2020-07-31 00:00:00,58.22,0.024639212,1,1,0.024639212,0.301587302,0.277007297
2020-08-01 00:00:00,61.68,0.059429749,1,1,0.059429749,0.378940309,0.352899521
2020-08-02 00:00:00,56.84,-0.07846952,1,1,-0.07846952,0.270735524,0.246738145
2020-08-03 00:00:00,58.57,0.030436312,1,1,0.030436312,0.309412028,0.284684256
2020-08-04 00:00:00,57.69,-0.015024757,1,1,-0.015024757,0.289738431,0.265382188
2020-08-05 00:00:00,58.91,0.021147513,1,1,0.021147513,0.31701319,0.292141874
2020-08-06 00:00:00,59.13,0.00373451,1,1,0.00373451,0.32193159,0.296967391
2020-08-07 00:00:00,57.2,-0.032639946,1,1,-0.032639946,0.278783814,0.254634445
2020-08-08 00:00:00,58.53,0.023251748,1,1,0.023251748,0.308517773,0.28380689
2020-08-09 00:00:00,57.04,-0.025457031,1,1,-0.025457031,0.275206796,0.251124978
2020-08-10 00:00:00,58.36,0.023141655,1,1,0.023141655,0.304717192,0.280078081
2020-08-11 00:00:00,54.14,-0.072309801,1,1,-0.072309801,0.210373351,0.187515889
2020-08-12 00:00:00,54.57,0.007942372,1,1,0.007942372,0.219986586,0.196947582
2020-08-13 00:00:00,57.2,0.048194979,1,1,0.048194979,0.278783814,0.254634445
2020-08-14 00:00:00,56.86,-0.005944056,1,1,-0.005944056,0.271182651,0.247176828
2020-08-15 00:00:00,59.89,0.053288779,1,1,0.053288779,0.338922423,0.313637359
2020-08-16 00:00:00,64.02,0.06895976,1,1,0.06895976,0.431254192,0.404225475
2020-08-17 00:00:00,67.32,0.051546392,1,1,0.051546392,0.505030181,0.476608232
2020-08-18 00:00:00,65.51,-0.026886512,1,1,-0.026886512,0.464565169,0.436907387
2020-08-19 00:00:00,62.13,-0.051595176,1,1,-0.051595176,0.389000671,0.362769897
2020-08-20 00:00:00,62.87,0.01191051,1,1,0.01191051,0.405544377,0.379001181
2020-08-21 00:00:00,59.23,-0.057897248,1,1,-0.057897248,0.324167226,0.299160808
2020-08-22 00:00:00,60.28,0.017727503,1,1,0.017727503,0.347641404,0.322191685
2020-08-23 00:00:00,60.62,0.005640345,1,1,0.005640345,0.355242567,0.329649302
2020-08-24 00:00:00,62.11,0.024579347,1,1,0.024579347,0.388553543,0.362331213
2020-08-25 00:00:00,58.36,-0.060376751,1,1,-0.060376751,0.304717192,0.280078081
2020-08-26 00:00:00,58.2,-0.002741604,1,1,-0.002741604,0.301140174,0.276568614
2020-08-27 00:00:00,56.16,-0.035051546,1,1,-0.035051546,0.255533199,0.23182291
2020-08-28 00:00:00,57.4,0.022079772,1,1,0.022079772,0.283255086,0.259021279
2020-08-29 00:00:00,57.01,-0.006794425,1,1,-0.006794425,0.274536106,0.250466953
2020-08-30 00:00:00,62.99,0.104893878,1,1,0.104893878,0.408227141,0.381633282
2020-08-31 00:00:00,61.01,-0.031433561,0,0.5,-0.031433561,0.363961547,0.338203628
2020-09-01 00:00:00,62.76,0.028683822,1,1,0.014341911,0.403085178,0.357396025
2020-09-02 00:00:00,58.09,-0.074410453,0,0.5,-0.074410453,0.298680975,0.256391573
2020-09-03 00:00:00,47.28,-0.186090549,0,0.5,-0.093045275,0.057008719,0.139490274
2020-09-04 00:00:00,50.3,0.063874788,0,0.5,0.031937394,0.124524927,0.175882624
2020-09-05 00:00:00,47.83,-0.049105368,0,0.5,-0.024552684,0.069304717,0.14701155
2020-09-06 00:00:00,47.91,0.00167259,0,0.5,0.000836295,0.071093226,0.14797079
2020-09-07 00:00:00,48.88,0.020246295,0,0.5,0.010123148,0.092778896,0.159591868
2020-09-08 00:00:00,47.46,-0.029050736,0,0.5,-0.014525368,0.061032864,0.142748369
2020-09-09 00:00:00,47.84,0.008006743,0,0.5,0.004003371,0.069528281,0.147323215
2020-09-10 00:00:00,48.68,0.017558528,0,0.5,0.008779264,0.088307624,0.157395868
2020-09-11 00:00:00,48.96,0.005751849,0,0.5,0.002875924,0.094567404,0.160724451
2020-09-12 00:00:00,50.87,0.039011438,0,0.5,0.019505719,0.137268053,0.183365216
2020-09-13 00:00:00,48.19,-0.05268331,0,0.5,-0.026341655,0.077353007,0.152193418
2020-09-14 00:00:00,49.12,0.01929861,0,0.5,0.009649305,0.098144422,0.163311283
2020-09-15 00:00:00,48.33,-0.016083062,0,0.5,-0.008041531,0.080482897,0.15395648
2020-09-16 00:00:00,47.74,-0.012207738,0,0.5,-0.006103869,0.067292645,0.14691288
2020-09-17 00:00:00,48.88,0.023879346,0,0.5,0.011939673,0.092778896,0.160606645
2020-09-18 00:00:00,48.59,-0.005932897,0,0.5,-0.002966448,0.086295551,0.157163766
2020-09-19 00:00:00,48.56,-0.000617411,0,0.5,-0.000308705,0.08562486,0.156806543
2020-09-20 00:00:00,47.1,-0.030065898,0,0.5,-0.015032949,0.052984574,0.139416329
2020-09-21 00:00:00,43.15,-0.083864119,0,0.5,-0.041932059,-0.035323049,0.091638256
2020-09-22 00:00:00,44.47,0.030590962,0,0.5,0.015295481,-0.005812654,0.108335388
2020-09-23 00:00:00,43,-0.033055993,0,0.5,-0.016527996,-0.038676503,0.090016825
2020-09-24 00:00:00,44.94,0.045116279,0,0.5,0.02255814,0.004694836,0.114605576
2020-09-25 00:00:00,46.04,0.024477081,0,0.5,0.01223854,0.029286832,0.128246721
2020-09-26 00:00:00,46.02,-0.000434405,0,0.5,-0.000217202,0.028839705,0.128001663
2020-09-27 00:00:00,46.04,0.000434594,-1,0,0.000217297,0.029286832,0.128246775
2020-09-28 00:00:00,45.23,-0.017593397,-1,0,0,0.01117818,0.128246775
2020-09-29 00:00:00,45.69,0.010170241,-1,0,0,0.021462106,0.128246775
2020-09-30 00:00:00,46.29,0.013131976,0,0.5,0,0.034875922,0.128246775
2020-10-01 00:00:00,46.27,-0.000432059,-1,0,-0.000216029,0.034428795,0.12800304
2020-10-02 00:00:00,44.91,-0.029392695,-1,0,0,0.004024145,0.12800304
2020-10-03 00:00:00,45.5,0.013137386,-1,0,0,0.017214397,0.12800304
2020-10-04 00:00:00,46.7,0.026373626,-1,0,0,0.04404203,0.12800304
2020-10-05 00:00:00,46.32,-0.008137045,-1,0,0,0.035546613,0.12800304
2020-10-06 00:00:00,46.02,-0.006476684,-1,0,0,0.028839705,0.12800304
2020-10-07 00:00:00,46.58,0.012168622,0,0.5,0,0.041359267,0.12800304
2020-10-08 00:00:00,47.24,0.014169171,0,0.5,0.007084586,0.056114465,0.135994474
2020-10-09 00:00:00,47.8,0.011854361,0,0.5,0.00592718,0.068634026,0.142727719
2020-10-10 00:00:00,48.93,0.023640167,1,1,0.011820084,0.093896714,0.156234856
2020-10-11 00:00:00,50.51,0.032291028,1,1,0.032291028,0.129219763,0.193570868
2020-10-12 00:00:00,50.64,0.002573748,0,0.5,0.002573748,0.13212609,0.196642818
2020-10-13 00:00:00,49.93,-0.014020537,1,1,-0.007010269,0.116253074,0.188254031
2020-10-14 00:00:00,49.84,-0.001802524,1,1,-0.001802524,0.114241002,0.186112175
2020-10-15 00:00:00,49.57,-0.005417335,1,1,-0.005417335,0.108204784,0.179686607
2020-10-16 00:00:00,47.58,-0.040145249,0,0.5,-0.040145249,0.063715627,0.132327795
2020-10-17 00:00:00,46.92,-0.013871375,0,0.5,-0.006935687,0.048960429,0.124474323
2020-10-18 00:00:00,47.52,0.012787724,0,0.5,0.006393862,0.062374245,0.131664057
2020-10-19 00:00:00,48.01,0.010311448,0,0.5,0.005155724,0.073328862,0.137498604
2020-10-20 00:00:00,46.91,-0.022911893,0,0.5,-0.011455947,0.048736866,0.124467481
2020-10-21 00:00:00,53.04,0.130675762,1,1,0.065337881,0.185781355,0.197937803
2020-10-22 00:00:00,54.4,0.025641026,1,1,0.025641026,0.216186005,0.228654157
2020-10-23 00:00:00,55.5,0.020220588,1,1,0.020220588,0.240778001,0.253498267
2020-10-24 00:00:00,59.25,0.067567568,1,1,0.067567568,0.324614353,0.338194096
2020-10-25 00:00:00,58.86,-0.006582278,1,1,-0.006582278,0.315895372,0.32938573
2020-10-26 00:00:00,56.84,-0.034318722,1,1,-0.034318722,0.270735524,0.28376291
2020-10-27 00:00:00,57.95,0.019528501,1,1,0.019528501,0.295551084,0.308832875
2020-10-28 00:00:00,55.78,-0.037446074,1,1,-0.037446074,0.247037782,0.259822222
2020-10-29 00:00:00,54.91,-0.015596988,1,1,-0.015596988,0.227587749,0.24017279
2020-10-30 00:00:00,54.01,-0.016390457,1,1,-0.016390457,0.207467024,0.219845791
2020-10-31 00:00:00,55.71,0.031475653,1,1,0.031475653,0.245472837,0.258241233
2020-11-01 00:00:00,55.6,-0.001974511,1,1,-0.001974511,0.243013637,0.255756822
2020-11-02 00:00:00,53.8,-0.032374101,1,1,-0.032374101,0.202772189,0.215102824
2020-11-03 00:00:00,53.97,0.003159851,1,1,0.003159851,0.20657277,0.218942369
2020-11-04 00:00:00,54.69,0.013340745,1,1,0.013340745,0.222669349,0.235203968
2020-11-05 00:00:00,58.99,0.078624977,1,1,0.078624977,0.318801699,0.332321852
2020-11-06 00:00:00,63.28,0.072724191,1,1,0.072724191,0.414710485,0.42921388
2020-11-07 00:00:00,58.98,-0.06795196,1,1,-0.06795196,0.318578135,0.332095996
2020-11-08 00:00:00,61.05,0.035096643,1,1,0.035096643,0.364855801,0.378848094
2020-11-09 00:00:00,59.28,-0.028992629,1,1,-0.028992629,0.325285044,0.338871662
2020-11-10 00:00:00,58.01,-0.021423752,1,1,-0.021423752,0.296892466,0.310188008
2020-11-11 00:00:00,59.35,0.023099466,1,1,0.023099466,0.326849989,0.340452651
2020-11-12 00:00:00,60.82,0.024768324,1,1,0.024768324,0.359713839,0.373653416
2020-11-13 00:00:00,66.02,0.085498191,1,1,0.085498191,0.475966913,0.491098299
2020-11-14 00:00:00,63.86,-0.032717358,1,1,-0.032717358,0.427677174,0.442313501
2020-11-15 00:00:00,62.34,-0.023802067,1,1,-0.023802067,0.393695506,0.407983459
2020-11-16 00:00:00,73.86,0.18479307,1,1,0.18479307,0.651240778,0.668169045
2020-11-17 00:00:00,76.48,0.035472516,1,1,0.035472516,0.709814442,0.727343197
2020-11-18 00:00:00,73.44,-0.039748954,1,1,-0.039748954,0.641851107,0.658683112
2020-11-19 00:00:00,81.58,0.11083878,1,1,0.11083878,0.82383188,0.842529525
2020-11-20 00:00:00,82.64,0.012993381,1,1,0.012993381,0.847529622,0.866470212
2020-11-21 00:00:00,87.32,0.056631171,1,1,0.056631171,0.952157389,0.972170607
2020-11-22 00:00:00,82.95,-0.050045809,1,1,-0.050045809,0.854460094,0.873471734
2020-11-23 00:00:00,89.21,0.075467149,1,1,0.075467149,0.99441091,1.014857304
2020-11-24 00:00:00,89.47,0.002914471,1,1,0.002914471,1.000223564,1.020729548
2020-11-25 00:00:00,81.83,-0.085391751,1,1,-0.085391751,0.82942097,0.848175913
2020-11-26 00:00:00,71.06,-0.131614322,1,1,-0.131614322,0.588642969,0.604929493
2020-11-27 00:00:00,69.22,-0.025893611,1,1,-0.025893611,0.547507266,0.563372073
2020-11-28 00:00:00,72.64,0.049407686,1,1,0.049407686,0.623966018,0.640614669
2020-11-29 00:00:00,78.95,0.08686674,1,1,0.08686674,0.765034652,0.783129517
2020-11-30 00:00:00,87.75,0.111462951,1,1,0.111462951,0.961770624,0.981882395
2020-12-01 00:00:00,85.16,-0.02951567,1,1,-0.02951567,0.90386765,0.923385809
2020-12-02 00:00:00,88.98,0.04485674,1,1,0.04485674,0.989268947,1.009662627
2020-12-03 00:00:00,89.05,0.000786694,1,1,0.000786694,0.990833892,1.011243616
2020-12-04 00:00:00,79.54,-0.106793936,1,1,-0.106793936,0.778224905,0.796454994
2020-12-05 00:00:00,83.21,0.046140307,1,1,0.046140307,0.860272748,0.879343978
2020-12-06 00:00:00,83.64,0.005167648,1,1,0.005167648,0.869885983,0.889055767
2020-12-07 00:00:00,83.43,-0.00251076,1,1,-0.00251076,0.865191147,0.8843128
2020-12-08 00:00:00,76.74,-0.080186983,1,1,-0.080186983,0.715627096,0.733215441
2020-12-09 00:00:00,77.41,0.008730779,1,1,0.008730779,0.730605857,0.748347763
2020-12-10 00:00:00,74.73,-0.03462085,1,1,-0.03462085,0.670690812,0.687818477
2020-12-11 00:00:00,72.22,-0.033587582,1,1,-0.033587582,0.614576347,0.631128736
2020-12-12 00:00:00,76.63,0.061063417,1,1,0.061063417,0.713167896,0.73073103
2020-12-13 00:00:00,82.3,0.073991909,1,1,0.073991909,0.83992846,0.858791124
2020-12-14 00:00:00,82.38,0.000972053,1,1,0.000972053,0.841716968,0.860597968
2020-12-15 00:00:00,81.35,-0.012503035,1,1,-0.012503035,0.818689917,0.837334847
2020-12-16 00:00:00,93.05,0.143822987,1,1,0.143822987,1.080259334,1.101585833
2020-12-17 00:00:00,101.09,0.086405159,1,1,0.086405159,1.260004471,1.28317369
2020-12-18 00:00:00,109.43,0.082500742,1,1,0.082500742,1.446456517,1.471537213
2020-12-19 00:00:00,119.91,0.095768985,1,1,0.095768985,1.680751174,1.708233823
2020-12-20 00:00:00,114.68,-0.043616045,1,1,-0.043616045,1.563827409,1.590111374
2020-12-21 00:00:00,104.57,-0.088158354,1,1,-0.088158354,1.337804605,1.361771419
2020-12-22 00:00:00,114.37,0.093717127,1,1,0.093717127,1.556896937,1.583109852
2020-12-23 00:00:00,102.5,-0.103785958,1,1,-0.103785958,1.291526939,1.315019322
2020-12-24 00:00:00,111.25,0.085365854,1,1,0.085365854,1.487145093,1.512642922
2020-12-25 00:00:00,127.96,0.150202247,1,1,0.150202247,1.860719875,1.890047536
2020-12-26 00:00:00,129.79,0.014301344,1,1,0.014301344,1.901632014,1.9313791
2020-12-27 00:00:00,127.99,-0.013868557,1,1,-0.013868557,1.861390566,1.890725102
2020-12-28 00:00:00,130.04,0.016016876,1,1,0.016016876,1.907221104,1.937025489
2020-12-29 00:00:00,129.05,-0.007613042,1,1,-0.007613042,1.885088308,1.91466579
2020-12-30 00:00:00,130.21,0.008988764,1,1,0.008988764,1.911021686,1.940865033
2020-12-31 00:00:00,124.36,-0.044927425,1,1,-0.044927425,1.780236977,1.80873954
2021-01-01 00:00:00,126.31,0.015680283,1,1,0.015680283,1.82383188,1.852781371
2021-01-02 00:00:00,137.08,0.085266408,1,1,0.085266408,2.064609882,2.096027791
2021-01-03 00:00:00,161.97,0.181572804,1,1,0.181572804,2.621059691,2.658182239
2021-01-04 00:00:00,155.58,-0.03945175,1,1,-0.03945175,2.478202549,2.513860547
2021-01-05 00:00:00,158.6,0.019411235,1,1,0.019411235,2.545718757,2.582068921
2021-01-06 00:00:00,169.18,0.066708701,1,1,0.066708701,2.78224905,2.821024086
2021-01-07 00:00:00,169.65,0.002778106,1,1,0.002778106,2.792756539,2.831639297
2021-01-08 00:00:00,172.47,0.016622458,1,1,0.016622458,2.855801476,2.89533056
2021-01-09 00:00:00,177.56,0.029512379,1,1,0.029512379,2.96959535,3.010291032
2021-01-10 00:00:00,170.36,-0.040549673,1,1,-0.040549673,2.808629555,2.847675041
2021-01-11 00:00:00,139.06,-0.183728575,1,1,-0.183728575,2.108875475,2.140747189
2021-01-12 00:00:00,133.48,-0.040126564,1,1,-0.040126564,1.984126984,2.014719796
2021-01-13 00:00:00,147.63,0.106008391,1,1,0.106008391,2.300469484,2.33430539
2021-01-14 00:00:00,152.64,0.033936192,1,1,0.033936192,2.412474849,2.447459017
2021-01-15 00:00:00,143.54,-0.0596174,1,1,-0.0596174,2.20903197,2.241930473
2021-01-16 00:00:00,143.65,0.000766337,1,1,0.000766337,2.211491169,2.244414884
2021-01-17 00:00:00,142.91,-0.00515141,1,1,-0.00515141,2.194947463,2.227701573
2021-01-18 00:00:00,152.09,0.064236233,1,1,0.064236233,2.400178851,2.435036962
2021-01-19 00:00:00,151.85,-0.001578013,1,1,-0.001578013,2.394813324,2.429616429
2021-01-20 00:00:00,149.81,-0.01343431,1,1,-0.01343431,2.349206349,2.383541898
2021-01-21 00:00:00,129.83,-0.133368934,1,1,-0.133368934,1.902526269,1.932282522
2021-01-22 00:00:00,137.72,0.060771778,1,1,0.060771778,2.078917952,2.110482546
2021-01-23 00:00:00,137.78,0.000435667,1,1,0.000435667,2.080259334,2.11183768
2021-01-24 00:00:00,141.18,0.024677021,1,1,0.024677021,2.156270959,2.188628564
2021-01-25 00:00:00,137.14,-0.028615951,1,1,-0.028615951,2.065951263,2.097382925
2021-01-26 00:00:00,134.77,-0.01728161,1,1,-0.01728161,2.012966689,2.043855161
2021-01-27 00:00:00,122.39,-0.091860206,0,0.5,-0.091860206,1.736194947,1.764245998
2021-01-28 00:00:00,133.43,0.090203448,1,1,0.045101724,1.983009166,1.888918258
2021-01-29 00:00:00,134.84,0.010567339,1,1,0.010567339,2.014531634,1.919446436
2021-01-30 00:00:00,133.54,-0.009641056,1,1,-0.009641056,1.985468366,1.891299889
2021-01-31 00:00:00,129.53,-0.030028456,1,1,-0.030028456,1.895819361,1.804478618
2021-02-01 00:00:00,132.23,0.020844592,0,0.5,0.020844592,1.956181534,1.86293683
2021-02-02 00:00:00,142.26,0.075852681,0,0.5,0.03792634,2.180415828,1.971517547
2021-02-03 00:00:00,156.29,0.098622241,1,1,0.04931112,2.494075564,2.118046407
2021-02-04 00:00:00,145.28,-0.070445966,0,0.5,-0.070445966,2.247932037,1.898392616
2021-02-05 00:00:00,155.28,0.068832599,0,0.5,0.0344163,2.471495641,1.998144565
2021-02-06 00:00:00,155.76,0.00309119,0,0.5,0.001545595,2.482226693,2.002778482
2021-02-07 00:00:00,150.91,-0.031137648,0,0.5,-0.015568824,2.373798346,1.956028753
2021-02-08 00:00:00,167.71,0.111324631,0,0.5,0.055662315,2.7493852,2.120568157
2021-02-09 00:00:00,182.06,0.085564367,1,1,0.042782184,3.070198972,2.254072877
2021-02-10 00:00:00,181.82,-0.001318247,1,1,-0.001318247,3.064833445,2.249783206
2021-02-11 00:00:00,184.12,0.012649874,1,1,0.012649874,3.116253074,2.290892553
2021-02-12 00:00:00,197.04,0.070171627,1,1,0.070171627,3.40509725,2.521819838
2021-02-13 00:00:00,226.27,0.148345514,1,1,0.148345514,4.058573664,3.044266011
2021-02-14 00:00:00,213.79,-0.055155345,1,1,-0.055155345,3.779566287,2.821203122
2021-02-15 00:00:00,208.18,-0.026240703,1,1,-0.026240703,3.654147105,2.720932064
2021-02-16 00:00:00,210.56,0.011432414,1,1,0.011432414,3.707355243,2.763471301
2021-02-17 00:00:00,237.59,0.12837196,1,1,0.12837196,4.311647664,3.24659549
2021-02-18 00:00:00,226.8,-0.045414369,1,1,-0.045414369,4.070422535,3.053739034
2021-02-19 00:00:00,236.78,0.044003527,1,1,0.044003527,4.293539012,3.23211785
2021-02-20 00:00:00,227.07,-0.041008531,1,1,-0.041008531,4.076458753,3.058564914
2021-02-21 00:00:00,227.49,0.00184965,1,1,0.00184965,4.085848424,3.066071838
2021-02-22 00:00:00,208.18,-0.084882852,1,1,-0.084882852,3.654147105,2.720932064
2021-02-23 00:00:00,177.61,-0.146844077,1,1,-0.146844077,2.970713168,2.174535229
2021-02-24 00:00:00,181.45,0.021620404,1,1,0.021620404,3.056561592,2.243169963
2021-02-25 00:00:00,179.5,-0.010746762,1,1,-0.010746762,3.012966689,2.208316387
2021-02-26 00:00:00,170.3,-0.051253482,1,1,-0.051253482,2.807288173,2.043879001
2021-02-27 00:00:00,171.9,0.009395185,1,1,0.009395185,2.84305835,2.072476808
2021-02-28 00:00:00,165.36,-0.038045375,1,1,-0.038045375,2.696847753,1.955583275
2021-03-01 00:00:00,176.05,0.064646831,1,1,0.064646831,2.935837246,2.146652367
2021-03-02 00:00:00,179.27,0.018290258,1,1,0.018290258,3.007824726,2.204205453
2021-03-03 00:00:00,187.72,0.047135606,1,1,0.047135606,3.196735971,2.355237617
2021-03-04 00:00:00,180.82,-0.036756872,1,1,-0.036756872,3.042477085,2.231909577
2021-03-05 00:00:00,180.36,-0.002543966,1,1,-0.002543966,3.032193159,2.223687708
2021-03-06 00:00:00,182.99,0.014581947,1,1,0.014581947,3.090990387,2.270695352
2021-03-07 00:00:00,190.96,0.043554293,1,1,0.043554293,3.269170579,2.413148174
2021-03-08 00:00:00,192.07,0.005812736,1,1,0.005812736,3.293986139,2.432987902
2021-03-09 00:00:00,203.98,0.062008643,1,1,0.062008643,3.560250391,2.645862823
2021-03-10 00:00:00,200.52,-0.016962447,1,1,-0.016962447,3.482897384,2.584020067
2021-03-11 00:00:00,201.57,0.005236385,1,1,0.005236385,3.506371563,2.602787377
2021-03-12 00:00:00,221.13,0.09703825,1,1,0.09703825,3.943661972,2.952395558
2021-03-13 00:00:00,226.34,0.023560801,1,1,0.023560801,4.060138609,3.045517165
2021-03-14 00:00:00,214.08,-0.054166298,1,1,-0.054166298,3.786049631,2.826386474
2021-03-15 00:00:00,200.74,-0.062313154,0,0.5,-0.062313154,3.487815784,2.587952265
2021-03-16 00:00:00,201.83,0.005429909,0,0.5,0.002714955,3.512184216,2.597693393
2021-03-17 00:00:00,206.13,0.021305059,0,0.5,0.010652529,3.608316566,2.636017927
2021-03-18 00:00:00,199.98,-0.029835541,0,0.5,-0.01491777,3.47082495,2.581776647
2021-03-19 00:00:00,200.15,0.000850085,0,0.5,0.000425043,3.474625531,2.583299054
2021-03-20 00:00:00,200.34,0.000949288,0,0.5,0.000474644,3.478873239,2.584999846
2021-03-21 00:00:00,195.52,-0.0240591,0,0.5,-0.01202955,3.371115582,2.541873912
2021-03-22 00:00:00,185.71,-0.050173895,0,0.5,-0.025086948,3.151799687,2.453019106
2021-03-23 00:00:00,185.99,0.001507727,0,0.5,0.000753864,3.158059468,2.455622211
2021-03-24 00:00:00,176.15,-0.05290607,0,0.5,-0.026453035,2.938072882,2.364210516
2021-03-25 00:00:00,171.66,-0.02548964,0,0.5,-0.01274482,2.837692824,2.321334259
2021-03-26 00:00:00,183.63,0.069730863,1,1,0.034865432,3.105298457,2.437134012
2021-03-27 00:00:00,184.3,0.003648641,1,1,0.003648641,3.120277219,2.449674881
2021-03-28 00:00:00,184.4,0.000542594,1,1,0.000542594,3.122512855,2.451546652
2021-03-29 00:00:00,193.95,0.051789588,1,1,0.051789588,3.336016097,2.630300831
2021-03-30 00:00:00,195.95,0.010311936,1,1,0.010311936,3.380728817,2.667736261
2021-03-31 00:00:00,197.01,0.005409543,1,1,0.005409543,3.404426559,2.687577039
2021-04-01 00:00:00,203.15,0.031165931,1,1,0.031165931,3.541694612,2.802503809
2021-04-02 00:00:00,211.96,0.04336697,1,1,0.04336697,3.738654147,2.967406879
2021-04-03 00:00:00,195.52,-0.077561804,1,1,-0.077561804,3.371115582,2.659687644
2021-04-04 00:00:00,202.66,0.036518003,1,1,0.036518003,3.530739996,2.793332129
2021-04-05 00:00:00,221.84,0.094641271,1,1,0.094641271,3.959534988,3.152337903
2021-04-06 00:00:00,237.52,0.070681572,1,1,0.070681572,4.310082719,3.445831675
2021-04-07 00:00:00,219.36,-0.076456719,1,1,-0.076456719,3.904091214,3.10591797
2021-04-08 00:00:00,226.45,0.032321298,1,1,0.032321298,4.062597809,3.23862657
2021-04-09 00:00:00,221.35,-0.022521528,1,1,-0.022521528,3.948580371,3.143166223
2021-04-10 00:00:00,257.13,0.161644454,1,1,0.161644454,4.748490946,3.812886067
2021-04-11 00:00:00,252.85,-0.016645277,1,1,-0.016645277,4.652805723,3.732774246
2021-04-12 00:00:00,244.92,-0.031362468,1,1,-0.031362468,4.475519785,3.584342766
2021-04-13 00:00:00,267.99,0.094194023,1,1,0.094194023,4.991281019,4.016160452
2021-04-14 00:00:00,279.54,0.043098623,1,1,0.043098623,5.249496982,4.232350061
2021-04-15 00:00:00,286.11,0.023502898,1,1,0.023502898,5.39637827,4.355325448
2021-04-16 00:00:00,308.74,0.079095453,1,1,0.079095453,5.902302705,4.77890734
2021-04-17 00:00:00,301.49,-0.023482542,1,1,-0.023482542,5.740219092,4.643203906
2021-04-18 00:00:00,273.71,-0.09214236,1,1,-0.09214236,5.119159401,4.123225782
2021-04-19 00:00:00,261.61,-0.044207373,1,1,-0.044207373,4.84864744,3.89674143
2021-04-20 00:00:00,260.88,-0.002790413,1,1,-0.002790413,4.832327297,3.883077498
2021-04-21 00:00:00,257.99,-0.01107789,1,1,-0.01107789,4.767717416,3.828983302
2021-04-22 00:00:00,252.64,-0.020737238,1,1,-0.020737238,4.648110888,3.728843526
2021-04-23 00:00:00,241.38,-0.044569348,1,1,-0.044569348,4.39637827,3.518082055
2021-04-24 00:00:00,225.02,-0.067776949,1,1,-0.067776949,4.030628214,3.211860237
2021-04-25 00:00:00,223.96,-0.004710692,1,1,-0.004710692,4.006930472,3.192019459
2021-04-26 00:00:00,247.64,0.105733167,1,1,0.105733167,4.536329086,3.635254951
2021-04-27 00:00:00,259.92,0.049588112,1,1,0.049588112,4.810865191,3.865108492
2021-04-28 00:00:00,258.69,-0.004732225,1,1,-0.004732225,4.783366868,3.842085702
2021-04-29 00:00:00,255.43,-0.012601956,1,1,-0.012601956,4.710485133,3.781065951
2021-04-30 00:00:00,271.43,0.062639471,1,1,0.062639471,5.068186899,4.080549392
2021-05-01 00:00:00,277.1,0.020889364,1,1,0.020889364,5.194947463,4.186678836
2021-05-02 00:00:00,269.11,-0.028834356,1,1,-0.028834356,5.016320143,4.037124293
2021-05-03 00:00:00,294.95,0.096020215,1,1,0.096020215,5.594008495,4.520790049
2021-05-04 00:00:00,305.52,0.035836582,1,1,0.035836582,5.830315225,4.718636297
2021-05-05 00:00:00,356.76,0.167714061,1,1,0.167714061,6.975855131,5.677732016
2021-05-06 00:00:00,354.94,-0.005101469,1,1,-0.005101469,6.935166555,5.643665774
2021-05-07 00:00:00,344.91,-0.028258297,1,1,-0.028258297,6.71093226,5.455927092
2021-05-08 00:00:00,347.76,0.008263025,1,1,0.008263025,6.774647887,5.50927258
2021-05-09 00:00:00,388.49,0.117121003,1,1,0.117121003,7.685222446,6.271645114
2021-05-10 00:00:00,359.39,-0.074905403,1,1,-0.074905403,7.034652359,5.726959606
2021-05-11 00:00:00,378.15,0.05219956,1,1,0.05219956,7.454057679,6.07810394
2021-05-12 00:00:00,311.54,-0.176147032,1,1,-0.176147032,5.964900514,4.831316942
2021-05-13 00:00:00,318.04,0.020864094,1,1,0.020864094,6.110216857,4.95298209
2021-05-14 00:00:00,326.53,0.026694755,1,1,0.026694755,6.300022356,5.11189549
2021-05-15 00:00:00,300.42,-0.079962025,1,1,-0.079962025,5.716297787,4.623175951
2021-05-16 00:00:00,295.87,-0.015145463,0,0.5,-0.015145463,5.614576347,4.538010347
2021-05-17 00:00:00,281.63,-0.048129246,0,0.5,-0.024064623,5.296221775,4.404740216
2021-05-18 00:00:00,294.27,0.044881582,1,1,0.022440791,5.57880617,4.526026862
2021-05-19 00:00:00,185.96,-0.368063343,0,0.5,-0.368063343,3.157388777,2.492098941
2021-05-20 00:00:00,210.78,0.133469563,0,0.5,0.066734782,3.712273642,2.725143401
2021-05-21 00:00:00,179.83,-0.146835563,0,0.5,-0.073417782,3.020344288,2.451651637
2021-05-22 00:00:00,169.34,-0.05833287,0,0.5,-0.029166435,2.785826068,2.350979264
2021-05-23 00:00:00,142.4,-0.159088225,0,0.5,-0.079544112,2.183545719,2.084428592
2021-05-24 00:00:00,185.22,0.300702247,0,0.5,0.150351124,3.14084507,2.548175897
2021-05-25 00:00:00,183.75,-0.007936508,0,0.5,-0.003968254,3.107981221,2.534095834
2021-05-26 00:00:00,198.86,0.082231293,0,0.5,0.041115646,3.445785826,2.679402468
2021-05-27 00:00:00,194.3,-0.022930705,0,0.5,-0.011465353,3.343840823,2.637216822
2021-05-28 00:00:00,177.36,-0.087184766,0,0.5,-0.043592383,2.965124078,2.478661873
2021-05-29 00:00:00,163.83,-0.076285521,0,0.5,-0.03814276,2.662642522,2.345976107
2021-05-30 00:00:00,170.51,0.040773973,0,0.5,0.020386987,2.811983009,2.414190476
2021-05-31 00:00:00,187.95,0.102281391,0,0.5,0.051140696,3.201877934,2.588794552
2021-06-01 00:00:00,182.97,-0.026496409,0,0.5,-0.013248204,3.09054326,2.541249469
2021-06-02 00:00:00,187.19,0.02306389,0,0.5,0.011531945,3.1848871,2.582086963
2021-06-03 00:00:00,193.55,0.033976174,0,0.5,0.016988087,3.327073552,2.642939768
2021-06-04 00:00:00,178.48,-0.077861018,0,0.5,-0.038930509,2.990163201,2.501118269
2021-06-05 00:00:00,172.87,-0.031432093,0,0.5,-0.015716047,2.86474402,2.446094531
2021-06-06 00:00:00,176.35,0.020130734,0,0.5,0.010065367,2.942544154,2.480780737
2021-06-07 00:00:00,161.9,-0.081939325,0,0.5,-0.040969663,2.619494746,2.338174325
2021-06-08 00:00:00,160.6,-0.008029648,-1,0,-0.004014824,2.590431478,2.324772143
2021-06-09 00:00:00,172.47,0.073910336,-1,0,0,2.855801476,2.324772143
2021-06-10 00:00:00,168.08,-0.025453702,-1,0,0,2.757657053,2.324772143
2021-06-11 00:00:00,162.79,-0.031473108,-1,0,0,2.639391907,2.324772143
2021-06-12 00:00:00,161.75,-0.006388599,-1,0,0,2.616141292,2.324772143
2021-06-13 00:00:00,170.83,0.056136012,-1,0,0,2.819137044,2.324772143
2021-06-14 00:00:00,179.81,0.052566879,-1,0,0,3.019897161,2.324772143
2021-06-15 00:00:00,175.13,-0.026027473,-1,0,0,2.915269394,2.324772143
2021-06-16 00:00:00,166.5,-0.049277679,-1,0,0,2.722334004,2.324772143
2021-06-17 00:00:00,167.07,0.003423423,-1,0,0,2.735077129,2.324772143
2021-06-18 00:00:00,156.21,-0.065002693,-1,0,0,2.492287056,2.324772143
2021-06-19 00:00:00,152.43,-0.024198195,-1,0,0,2.407780013,2.324772143
2021-06-20 00:00:00,154.87,0.016007348,-1,0,0,2.462329533,2.324772143
2021-06-21 00:00:00,124.34,-0.197133079,-1,0,0,1.77978985,2.324772143
2021-06-22 00:00:00,119.57,-0.038362554,-1,0,0,1.673150011,2.324772143
2021-06-23 00:00:00,129,0.078865936,-1,0,0,1.88397049,2.324772143
2021-06-24 00:00:00,134.49,0.04255814,-1,0,0,2.006706908,2.324772143
2021-06-25 00:00:00,124.91,-0.071232062,-1,0,0,1.792532976,2.324772143
2021-06-26 00:00:00,126.65,0.01393003,-1,0,0,1.831433043,2.324772143
2021-06-27 00:00:00,132.52,0.046348204,-1,0,0,1.962664878,2.324772143
2021-06-28 00:00:00,137.65,0.038711138,-1,0,0,2.077353007,2.324772143
2021-06-29 00:00:00,144.2,0.047584453,-1,0,0,2.223787167,2.324772143
2021-06-30 00:00:00,144.18,-0.000138696,-1,0,0,2.22334004,2.324772143
2021-07-01 00:00:00,136.95,-0.050145651,-1,0,0,2.061703555,2.324772143
2021-07-02 00:00:00,136.7,-0.001825484,-1,0,0,2.056114465,2.324772143
2021-07-03 00:00:00,140.15,0.025237747,-1,0,0,2.133243908,2.324772143
2021-07-04 00:00:00,144.97,0.034391723,-1,0,0,2.241001565,2.324772143
2021-07-05 00:00:00,137.66,-0.050424226,-1,0,0,2.077576571,2.324772143
2021-07-06 00:00:00,138.81,0.008353915,-1,0,0,2.103286385,2.324772143
2021-07-07 00:00:00,137.33,-0.010662056,-1,0,0,2.070198972,2.324772143
2021-07-08 00:00:00,132.07,-0.038301901,-1,0,0,1.952604516,2.324772143
2021-07-09 00:00:00,134.47,0.018172181,-1,0,0,2.006259781,2.324772143
2021-07-10 00:00:00,133.94,-0.0039414,-1,0,0,1.99441091,2.324772143
2021-07-11 00:00:00,134.21,0.002015828,-1,0,0,2.000447127,2.324772143
2021-07-12 00:00:00,133.27,-0.007003949,-1,0,0,1.979432148,2.324772143
2021-07-13 00:00:00,131.33,-0.014556915,-1,0,0,1.936060809,2.324772143
2021-07-14 00:00:00,131.02,-0.002360466,-1,0,0,1.929130338,2.324772143
2021-07-15 00:00:00,125.81,-0.039764921,-1,0,0,1.8126537,2.324772143
2021-07-16 00:00:00,120.58,-0.041570622,-1,0,0,1.695729935,2.324772143
2021-07-17 00:00:00,119.9,-0.00563941,-1,0,0,1.68052761,2.324772143
2021-07-18 00:00:00,119.1,-0.006672227,-1,0,0,1.662642522,2.324772143
2021-07-19 00:00:00,113.06,-0.050713686,-1,0,0,1.527610105,2.324772143
2021-07-20 00:00:00,107.23,-0.05156554,-1,0,0,1.397272524,2.324772143
2021-07-21 00:00:00,117.69,0.097547328,-1,0,0,1.631120054,2.324772143
2021-07-22 00:00:00,120.59,0.024641006,0,0.5,0,1.695953499,2.324772143
2021-07-23 00:00:00,124.2,0.029936147,-1,0,0.014968074,1.77665996,2.374537577
2021-07-24 00:00:00,125.93,0.013929147,-1,0,0,1.815336463,2.374537577
2021-07-25 00:00:00,127.62,0.013420154,0,0.5,0,1.853118712,2.374537577
2021-07-26 00:00:00,131.05,0.026876665,0,0.5,0.013438333,1.929801028,2.419885735
2021-07-27 00:00:00,134.69,0.027775658,0,0.5,0.013887829,2.01117818,2.467380524
2021-07-28 00:00:00,140.48,0.042987601,0,0.5,0.021493801,2.140621507,2.541907709
2021-07-29 00:00:00,141.39,0.00647779,-1,0,0.003238895,2.160965795,2.553379577
2021-07-30 00:00:00,145.49,0.028997807,0,0.5,0,2.252626872,2.553379577
2021-07-31 00:00:00,144.36,-0.007766857,0,0.5,-0.003883428,2.227364185,2.539580282
2021-08-01 00:00:00,140.25,-0.02847049,0,0.5,-0.014235245,2.135479544,2.489193488
2021-08-02 00:00:00,141.35,0.007843137,0,0.5,0.003921569,2.16007154,2.5028766
2021-08-03 00:00:00,138.48,-0.020304209,-1,0,-0.010152105,2.095908786,2.46731503
2021-08-04 00:00:00,142.61,0.029823801,0,0.5,0,2.188240554,2.46731503
2021-08-05 00:00:00,143.62,0.007082252,0,0.5,0.003541126,2.210820478,2.47959323
2021-08-06 00:00:00,148.05,0.030845286,0,0.5,0.015422643,2.309859155,2.533257755
2021-08-07 00:00:00,156.03,0.053900709,0,0.5,0.026950355,2.488262911,2.628480304
2021-08-08 00:00:00,149.76,-0.04018458,0,0.5,-0.02009229,2.348088531,2.555575826
2021-08-09 00:00:00,166.41,0.111177885,0,0.5,0.055588942,2.720321932,2.753226525
2021-08-10 00:00:00,165.45,-0.005768884,0,0.5,-0.002884442,2.698859826,2.742400561
2021-08-11 00:00:00,170.67,0.031550317,0,0.5,0.015775159,2.815560027,2.801437523
2021-08-12 00:00:00,165.41,-0.030819711,0,0.5,-0.015409855,2.697965571,2.742857921
2021-08-13 00:00:00,183.39,0.108699595,0,0.5,0.054349797,3.099932931,2.946281491
2021-08-14 00:00:00,182.9,-0.002671901,0,0.5,-0.001335951,3.088978314,2.941009454
2021-08-15 00:00:00,184.8,0.01038819,0,0.5,0.005194095,3.131455399,2.961479432
2021-08-16 00:00:00,177.98,-0.036904762,0,0.5,-0.018452381,2.978985021,2.888380704
2021-08-17 00:00:00,168.69,-0.052196876,0,0.5,-0.026098438,2.771294433,2.786900041
2021-08-18 00:00:00,166.68,-0.011915348,0,0.5,-0.005957674,2.726358149,2.764338926
2021-08-19 00:00:00,175.7,0.054115671,0,0.5,0.027057835,2.92801252,2.866193789
2021-08-20 00:00:00,183.7,0.045532157,0,0.5,0.022766079,3.106863403,2.95421186
2021-08-21 00:00:00,179.79,-0.021284703,0,0.5,-0.010642352,3.019450034,2.912129747
2021-08-22 00:00:00,186.05,0.034818399,0,0.5,0.0174092,3.15940085,2.980236795
2021-08-23 00:00:00,187.19,0.006127385,0,0.5,0.003063693,3.1848871,2.992431017
2021-08-24 00:00:00,173.51,-0.073080827,0,0.5,-0.036540413,2.87905209,2.846545937
2021-08-25 00:00:00,177.86,0.025070601,0,0.5,0.012535301,2.976302258,2.894763546
2021-08-26 00:00:00,167.72,-0.057011132,0,0.5,-0.028505566,2.749608764,2.783741106
2021-08-27 00:00:00,176.35,0.051454806,0,0.5,0.025727403,2.942544154,2.881086938
2021-08-28 00:00:00,175.79,-0.003175503,0,0.5,-0.001587752,2.930024592,2.874924736
2021-08-29 00:00:00,174.46,-0.007565846,0,0.5,-0.003782923,2.900290633,2.860266194
2021-08-30 00:00:00,167.46,-0.040123811,0,0.5,-0.020061905,2.74379611,2.7828219
2021-08-31 00:00:00,171.68,0.025200048,0,0.5,0.012600024,2.838139951,2.830485546
2021-09-01 00:00:00,181.11,0.054927773,0,0.5,0.027463886,3.048960429,2.935685565
2021-09-02 00:00:00,183.58,0.01363812,0,0.5,0.00681906,3.104180639,2.962523242
2021-09-03 00:00:00,213.23,0.161509968,0,0.5,0.080754984,3.767046725,3.282516744
2021-09-04 00:00:00,212.23,-0.004689772,0,0.5,-0.002344886,3.744690364,3.272474731
2021-09-05 00:00:00,232.51,0.095556707,0,0.5,0.047778354,4.198077353,3.47660654
2021-09-06 00:00:00,219.57,-0.05565352,0,0.5,-0.02782676,3.90878605,3.352037084
2021-09-07 00:00:00,178.26,-0.188140456,0,0.5,-0.094070228,2.985244802,2.942639962
2021-09-08 00:00:00,179.66,0.007853697,0,0.5,0.003926848,3.016543707,2.958122112
2021-09-09 00:00:00,180.42,0.004230213,0,0.5,0.002115106,3.033534541,2.966493961
2021-09-10 00:00:00,174.16,-0.034696819,0,0.5,-0.017348409,2.893583725,2.8976816
2021-09-11 00:00:00,178.59,0.02543638,0,0.5,0.01271819,2.992622401,2.947253056
2021-09-12 00:00:00,183.14,0.02547735,-1,0,0.012738675,3.094343841,2.997535831
2021-09-13 00:00:00,179.43,-0.020257726,-1,0,0,3.011401744,2.997535831
2021-09-14 00:00:00,183.13,0.020620855,-1,0,0,3.094120277,2.997535831
2021-09-15 00:00:00,189.18,0.033036641,0,0.5,0,3.229376258,2.997535831
2021-09-16 00:00:00,185.33,-0.020350988,0,0.5,-0.010175494,3.14330427,2.956858928
2021-09-17 00:00:00,180.08,-0.028327848,0,0.5,-0.014163924,3.025933378,2.900814279
2021-09-18 00:00:00,181.35,0.007052421,1,1,0.003526211,3.054325956,2.914569372
2021-09-19 00:00:00,175.69,-0.031210367,0,0.5,-0.031210367,2.927788956,2.792394226
2021-09-20 00:00:00,157.22,-0.105128351,0,0.5,-0.052564176,2.51486698,2.593050151
2021-09-21 00:00:00,148.41,-0.056036128,-1,0,-0.028018064,2.317907445,2.492379842
2021-09-22 00:00:00,161.46,0.08793208,-1,0,0,2.609657948,2.492379842
2021-09-23 00:00:00,163.77,0.014306949,-1,0,0,2.66130114,2.492379842
2021-09-24 00:00:00,151.97,-0.072052268,-1,0,0,2.397496088,2.492379842
2021-09-25 00:00:00,150.86,-0.007304073,-1,0,0,2.372680528,2.492379842
2021-09-26 00:00:00,150.61,-0.001657166,-1,0,0,2.367091438,2.492379842
2021-09-27 00:00:00,144.89,-0.037978886,-1,0,0,2.239213056,2.492379842
2021-09-28 00:00:00,140.37,-0.03119608,-1,0,0,2.138162307,2.492379842
2021-09-29 00:00:00,144.65,0.030490846,-1,0,0,2.23384753,2.492379842
2021-09-30 00:00:00,153.17,0.058900795,-1,0,0,2.42432372,2.492379842
2021-10-01 00:00:00,166.12,0.084546582,-1,0,0,2.713838587,2.492379842
2021-10-02 00:00:00,168.83,0.016313508,-1,0,0,2.774424324,2.492379842
2021-10-03 00:00:00,170.54,0.010128532,-1,0,0,2.8126537,2.492379842
2021-10-04 00:00:00,167.59,-0.017297995,-1,0,0,2.746702437,2.492379842
2021-10-05 00:00:00,173.88,0.037532072,0,0.5,0,2.887323944,2.492379842
2021-10-06 00:00:00,178.69,0.027662756,0,0.5,0.013831378,2.994858037,2.540684268
2021-10-07 00:00:00,178.7,5.59628E-05,1,1,2.79814E-05,2.995081601,2.540783341
2021-10-08 00:00:00,176.06,-0.014773363,0,0.5,-0.014773363,2.936060809,2.488474063
2021-10-09 00:00:00,180.07,0.022776326,0,0.5,0.011388163,3.025709814,2.528201374
2021-10-10 00:00:00,174.77,-0.029432998,1,1,-0.014716499,2.907221104,2.476278602
2021-10-11 00:00:00,179.15,0.025061509,1,1,0.025061509,3.005141963,2.563399391
2021-10-12 00:00:00,172.68,-0.036114987,-1,0,-0.036114987,2.860496311,2.434707267
2021-10-13 00:00:00,177.77,0.029476488,0,0.5,0,2.974290186,2.434707267
2021-10-14 00:00:00,181.53,0.021150925,0,0.5,0.010575463,3.058350101,2.471030885
2021-10-15 00:00:00,189.86,0.045887732,1,1,0.022943866,3.244578583,2.550669753
2021-10-16 00:00:00,186.14,-0.019593385,1,1,-0.019593385,3.161412922,2.481100115
2021-10-17 00:00:00,183.93,-0.011872784,1,1,-0.011872784,3.112005366,2.439769765
2021-10-18 00:00:00,185.72,0.009731963,1,1,0.009731963,3.152023251,2.473245478
2021-10-19 00:00:00,188.88,0.017014861,1,1,0.017014861,3.222669349,2.532342267
2021-10-20 00:00:00,207.51,0.098634053,1,1,0.098634053,3.639168343,2.880751503
2021-10-21 00:00:00,196.92,-0.051033685,1,1,-0.051033685,3.402414487,2.682702453
2021-10-22 00:00:00,191.14,-0.029352021,1,1,-0.029352021,3.273194724,2.574607693
2021-10-23 00:00:00,196.42,0.027623731,1,1,0.027623731,3.391236307,2.673351695
2021-10-24 00:00:00,190.47,-0.030292231,1,1,-0.030292231,3.258215962,2.562077677
2021-10-25 00:00:00,195.62,0.027038379,1,1,0.027038379,3.373351218,2.658390483
2021-10-26 00:00:00,197.68,0.010530621,1,1,0.010530621,3.419405321,2.696915605
2021-10-27 00:00:00,179.21,-0.093433832,1,1,-0.093433832,3.006483345,2.351498612
2021-10-28 00:00:00,189.99,0.060152893,1,1,0.060152893,3.247484909,2.55310095
2021-10-29 00:00:00,196.84,0.036054529,1,1,0.036054529,3.400625978,2.681206332
2021-10-30 00:00:00,190.45,-0.032462914,1,1,-0.032462914,3.257768835,2.561703647
2021-10-31 00:00:00,192.03,0.008296141,1,1,0.008296141,3.293091885,2.591252042
2021-11-01 00:00:00,197.75,0.029787012,1,1,0.029787012,3.420970266,2.698224711
2021-11-02 00:00:00,201.12,0.017041719,1,1,0.017041719,3.496311201,2.761248818
2021-11-03 00:00:00,207.48,0.031622912,1,1,0.031622912,3.638497653,2.880190458
2021-11-04 00:00:00,202.83,-0.022411799,1,1,-0.022411799,3.534540577,2.79322841
2021-11-05 00:00:00,198.99,-0.018932111,1,1,-0.018932111,3.448692153,2.72141459
2021-11-06 00:00:00,197.74,-0.006281723,1,1,-0.006281723,3.420746702,2.698037696
2021-11-07 00:00:00,202.29,0.023010013,1,1,0.023010013,3.522468142,2.783129592
2021-11-08 00:00:00,229.3,0.133521182,1,1,0.133521182,4.126313436,3.288257528
2021-11-09 00:00:00,262.4,0.144352377,1,1,0.144352377,4.866308965,3.907277695
2021-11-10 00:00:00,260.3,-0.008003049,1,1,-0.008003049,4.819360608,3.868004512
2021-11-11 00:00:00,262.41,0.008106032,1,1,0.008106032,4.866532529,3.90746471
2021-11-12 00:00:00,251.27,-0.04245265,1,1,-0.04245265,4.617482674,3.699129826
2021-11-13 00:00:00,257.79,0.025948183,1,1,0.025948183,4.763246144,3.821063708
2021-11-14 00:00:00,279.6,0.084603747,1,1,0.084603747,5.250838364,4.228943763
2021-11-15 00:00:00,263.04,-0.059227468,1,1,-0.059227468,4.880617036,3.919246665
2021-11-16 00:00:00,230.25,-0.124657847,1,1,-0.124657847,4.147551979,3.306023968
2021-11-17 00:00:00,229.75,-0.002171553,1,1,-0.002171553,4.136373798,3.29667321
2021-11-18 00:00:00,204.24,-0.111033732,1,1,-0.111033732,3.566063045,2.819597547
2021-11-19 00:00:00,217.94,0.067077948,1,1,0.067077948,3.872345182,3.075808311
2021-11-20 00:00:00,226.66,0.040011012,1,1,0.040011012,4.067292645,3.238885527
2021-11-21 00:00:00,221.37,-0.023338922,1,1,-0.023338922,3.949027498,3.139954509
2021-11-22 00:00:00,209.07,-0.055563084,1,1,-0.055563084,3.674044266,2.909925867
2021-11-23 00:00:00,216.33,0.034725212,1,1,0.034725212,3.836351442,3.045698871
2021-11-24 00:00:00,212.36,-0.018351592,1,1,-0.018351592,3.747596691,2.971453854
2021-11-25 00:00:00,223.19,0.050998305,1,1,0.050998305,3.989716074,3.173991268
2021-11-26 00:00:00,195.67,-0.123303015,1,1,-0.123303015,3.374469036,2.659325558
2021-11-27 00:00:00,195.09,-0.002964174,1,1,-0.002964174,3.361502347,2.648478679
2021-11-28 00:00:00,199.55,0.022861244,1,1,0.022861244,3.461211715,2.731887439
2021-11-29 00:00:00,205.55,0.030067652,1,1,0.030067652,3.595349877,2.844096533
2021-11-30 00:00:00,207.96,0.011724641,1,1,0.011724641,3.649228706,2.889167185
2021-12-01 00:00:00,208.78,0.003943066,1,1,0.003943066,3.667560921,2.904502428
2021-12-02 00:00:00,203.51,-0.025241881,1,1,-0.025241881,3.549742902,2.805945441
2021-12-03 00:00:00,187.94,-0.076507297,0,0.5,-0.076507297,3.201654371,2.514762843
2021-12-04 00:00:00,162.74,-0.134085346,0,0.5,-0.067042673,2.638274089,2.279123746
2021-12-05 00:00:00,156.25,-0.039879562,0,0.5,-0.019939781,2.49318131,2.213738736
2021-12-06 00:00:00,161.26,0.032064,0,0.5,0.016032,2.605186676,2.265261395
2021-12-07 00:00:00,161.76,0.003100583,-1,0,0.001550291,2.616364856,2.270323502
2021-12-08 00:00:00,165.03,0.020215134,-1,0,0,2.689470154,2.270323502
2021-12-09 00:00:00,151.16,-0.084045325,-1,0,0,2.379387436,2.270323502
2021-12-10 00:00:00,148.2,-0.0195819,-1,0,0,2.313212609,2.270323502
2021-12-11 00:00:00,157.98,0.065991903,-1,0,0,2.531857814,2.270323502
2021-12-12 00:00:00,158.84,0.005443727,-1,0,0,2.551084283,2.270323502
2021-12-13 00:00:00,144.5,-0.090279527,-1,0,0,2.230494076,2.270323502
2021-12-14 00:00:00,150.21,0.039515571,-1,0,0,2.358148893,2.270323502
2021-12-15 00:00:00,153.54,0.022168963,-1,0,0,2.432595573,2.270323502
2021-12-16 00:00:00,148.8,-0.030871434,-1,0,0,2.326626425,2.270323502
2021-12-17 00:00:00,143.9,-0.032930108,-1,0,0,2.217080259,2.270323502
2021-12-18 00:00:00,148.56,0.0323836,-1,0,0,2.321260899,2.270323502
2021-12-19 00:00:00,153.25,0.031569736,-1,0,0,2.426112229,2.270323502
2021-12-20 00:00:00,152.6,-0.004241436,-1,0,0,2.411580595,2.270323502
2021-12-21 00:00:00,154.72,0.013892529,-1,0,0,2.458976079,2.270323502
2021-12-22 00:00:00,155.31,0.00381334,-1,0,0,2.472166331,2.270323502
2021-12-23 00:00:00,163.66,0.053763441,-1,0,0,2.658841941,2.270323502
2021-12-24 00:00:00,161.25,-0.014725651,-1,0,0,2.604963112,2.270323502
2021-12-25 00:00:00,157.86,-0.021023256,-1,0,0,2.52917505,2.270323502
2021-12-26 00:00:00,155.77,-0.013239579,-1,0,0,2.482450257,2.270323502
2021-12-27 00:00:00,155.89,0.000770367,-1,0,0,2.48513302,2.270323502
2021-12-28 00:00:00,145.57,-0.066200526,-1,0,0,2.254415381,2.270323502
2021-12-29 00:00:00,145.51,-0.000412173,-1,0,0,2.253074,2.270323502
2021-12-30 00:00:00,147.88,0.01628754,-1,0,0,2.306058574,2.270323502
2021-12-31 00:00:00,146.17,-0.01156343,-1,0,0,2.267829197,2.270323502
2022-01-01 00:00:00,150.74,0.031264965,-1,0,0,2.369997764,2.270323502
2022-01-02 00:00:00,151.13,0.002587236,-1,0,0,2.378716745,2.270323502
2022-01-03 00:00:00,148.43,-0.017865414,-1,0,0,2.318354572,2.270323502
2022-01-04 00:00:00,146.45,-0.013339621,-1,0,0,2.274088978,2.270323502
2022-01-05 00:00:00,135.21,-0.076749744,-1,0,0,2.022803488,2.270323502
2022-01-06 00:00:00,135.88,0.004955255,-1,0,0,2.037782249,2.270323502
2022-01-07 00:00:00,131.36,-0.033264645,-1,0,0,1.9367315,2.270323502
2022-01-08 00:00:00,129.4,-0.014920828,-1,0,0,1.892913034,2.270323502
2022-01-09 00:00:00,130.86,0.011282844,-1,0,0,1.92555332,2.270323502
2022-01-10 00:00:00,126.41,-0.034005808,-1,0,0,1.826067516,2.270323502
2022-01-11 00:00:00,131.52,0.040424017,-1,0,0,1.940308518,2.270323502
2022-01-12 00:00:00,141.89,0.078847324,-1,0,0,2.172143975,2.270323502
2022-01-13 00:00:00,136.69,-0.036648108,-1,0,0,2.055890901,2.270323502
2022-01-14 00:00:00,144.7,0.058599751,-1,0,0,2.234965348,2.270323502
2022-01-15 00:00:00,147.56,0.019765031,-1,0,0,2.298904538,2.270323502
2022-01-16 00:00:00,146.34,-0.008267823,0,0.5,0,2.271629779,2.270323502
2022-01-17 00:00:00,151.09,0.032458658,0,0.5,0.016229329,2.37782249,2.323398658
2022-01-18 00:00:00,141.34,-0.064531074,-1,0,-0.032265537,2.159847977,2.216167415
2022-01-19 00:00:00,136.2,-0.036366209,-1,0,0,2.044936284,2.216167415
2022-01-20 00:00:00,129.57,-0.048678414,-1,0,0,1.896713615,2.216167415
2022-01-21 00:00:00,114.47,-0.116539322,-1,0,0,1.559132573,2.216167415
2022-01-22 00:00:00,108.35,-0.05346379,-1,0,0,1.422311648,2.216167415
2022-01-23 00:00:00,112.18,0.035348408,-1,0,0,1.507936508,2.216167415
2022-01-24 00:00:00,109.48,-0.024068461,-1,0,0,1.447574335,2.216167415
2022-01-25 00:00:00,107.77,-0.015619291,-1,0,0,1.409344959,2.216167415
2022-01-26 00:00:00,106.92,-0.007887167,-1,0,0,1.390342052,2.216167415
2022-01-27 00:00:00,106.84,-0.000748223,-1,0,0,1.388553543,2.216167415
2022-01-28 00:00:00,109.34,0.023399476,-1,0,0,1.444444444,2.216167415
2022-01-29 00:00:00,110.75,0.012895555,-1,0,0,1.475966913,2.216167415
2022-01-30 00:00:00,108.4,-0.021218962,-1,0,0,1.423429466,2.216167415
2022-01-31 00:00:00,109.42,0.009409594,-1,0,0,1.446232953,2.216167415
2022-02-01 00:00:00,115.03,0.051270334,-1,0,0,1.571652135,2.216167415
2022-02-02 00:00:00,108.18,-0.059549683,-1,0,0,1.418511066,2.216167415
2022-02-03 00:00:00,110.89,0.025050841,-1,0,0,1.479096803,2.216167415
2022-02-04 00:00:00,121.21,0.0930652,-1,0,0,1.709814442,2.216167415
2022-02-05 00:00:00,121.69,0.003960069,-1,0,0,1.720545495,2.216167415
2022-02-06 00:00:00,127.52,0.04790862,-1,0,0,1.850883076,2.216167415
2022-02-07 00:00:00,137.26,0.076380176,0,0.5,0,2.068634026,2.216167415
2022-02-08 00:00:00,133.6,-0.026664724,0,0.5,-0.013332362,1.986809747,2.173288307
2022-02-09 00:00:00,139.96,0.04760479,0,0.5,0.023802395,2.128996199,2.24882017
2022-02-10 00:00:00,134.47,-0.039225493,0,0.5,-0.019612746,2.006259781,2.185101883
2022-02-11 00:00:00,125.53,-0.06648323,-1,0,-0.033241615,1.806393919,2.079223952
2022-02-12 00:00:00,126.65,0.00892217,-1,0,0,1.831433043,2.079223952
2022-02-13 00:00:00,125.58,-0.00844848,-1,0,0,1.807511737,2.079223952
2022-02-14 00:00:00,124.5,-0.008600096,-1,0,0,1.783366868,2.079223952
2022-02-15 00:00:00,131.57,0.056787149,-1,0,0,1.941426336,2.079223952
2022-02-16 00:00:00,127.63,-0.029946036,-1,0,0,1.853342276,2.079223952
2022-02-17 00:00:00,116.25,-0.08916399,-1,0,0,1.598926895,2.079223952
2022-02-18 00:00:00,114.72,-0.01316129,-1,0,0,1.564721663,2.079223952
2022-02-19 00:00:00,115.5,0.006799163,-1,0,0,1.582159624,2.079223952
2022-02-20 00:00:00,110.53,-0.043030303,-1,0,0,1.471048513,2.079223952
2022-02-21 00:00:00,102.67,-0.071111915,-1,0,0,1.295327521,2.079223952
2022-02-22 00:00:00,107.41,0.046167332,-1,0,0,1.401296669,2.079223952
2022-02-23 00:00:00,105.29,-0.019737455,-1,0,0,1.353901185,2.079223952
2022-02-24 00:00:00,104.1,-0.011302118,-1,0,0,1.327297116,2.079223952
2022-02-25 00:00:00,109.17,0.04870317,0,0.5,0,1.440643863,2.079223952
2022-02-26 00:00:00,108.17,-0.009160026,0,0.5,-0.004580013,1.418287503,2.065121067
2022-02-27 00:00:00,102.89,-0.048812055,-1,0,-0.024406028,1.30024592,1.990313638
2022-02-28 00:00:00,113.62,0.104286131,0,0.5,0,1.540129667,1.990313638
2022-03-01 00:00:00,112.57,-0.009241331,0,0.5,-0.004620665,1.516655488,1.976496399
2022-03-02 00:00:00,110.26,-0.020520565,0,0.5,-0.010260282,1.465012296,1.945956705
2022-03-03 00:00:00,111.6,0.012153093,-1,0,0.006076546,1.494969819,1.963857948
2022-03-04 00:00:00,100.91,-0.09578853,-1,0,0,1.255980326,1.963857948
2022-03-05 00:00:00,104.79,0.038450104,-1,0,0,1.342723005,1.963857948
2022-03-06 00:00:00,101.02,-0.035976715,-1,0,0,1.258439526,1.963857948
2022-03-07 00:00:00,98.25,-0.027420313,-1,0,0,1.196512408,1.963857948
2022-03-08 00:00:00,100.61,0.024020356,-1,0,0,1.249273418,1.963857948
2022-03-09 00:00:00,106.83,0.06182288,-1,0,0,1.38832998,1.963857948
2022-03-10 00:00:00,102.46,-0.040906113,-1,0,0,1.290632685,1.963857948
2022-03-11 00:00:00,104.39,0.018836619,-1,0,0,1.333780461,1.963857948
2022-03-12 00:00:00,105.47,0.010345819,-1,0,0,1.35792533,1.963857948
2022-03-13 00:00:00,101.6,-0.036692898,-1,0,0,1.271406215,1.963857948
2022-03-14 00:00:00,105.5,0.038385827,-1,0,0,1.358596021,1.963857948
2022-03-15 00:00:00,106.81,0.012417062,-1,0,0,1.387882853,1.963857948
2022-03-16 00:00:00,111.2,0.041101021,-1,0,0,1.486027275,1.963857948
2022-03-17 00:00:00,110.17,-0.00926259,-1,0,0,1.463000224,1.963857948
2022-03-18 00:00:00,111.87,0.015430698,-1,0,0,1.501006036,1.963857948
2022-03-19 00:00:00,116.61,0.042370609,0,0.5,0,1.606975184,1.963857948
2022-03-20 00:00:00,114.78,-0.015693337,0,0.5,-0.007846668,1.566063045,1.940601537
2022-03-21 00:00:00,116,0.010629029,0,0.5,0.005314515,1.593337805,1.956229407
2022-03-22 00:00:00,122.69,0.057672414,0,0.5,0.028836207,1.742901856,2.04147585
2022-03-23 00:00:00,122.37,-0.0026082,0,0.5,-0.0013041,1.73574782,2.037509462
2022-03-24 00:00:00,126.45,0.033341505,0,0.5,0.016670753,1.826961771,2.088147031
2022-03-25 00:00:00,123.85,-0.020561487,0,0.5,-0.010280743,1.768835234,2.056398584
2022-03-26 00:00:00,124.72,0.007024627,0,0.5,0.003512313,1.788285267,2.067133613
2022-03-27 00:00:00,129.56,0.038806928,0,0.5,0.019403464,1.896490051,2.126646629
2022-03-28 00:00:00,127.42,-0.016517444,0,0.5,-0.008258722,1.84864744,2.100824524
2022-03-29 00:00:00,130,0.020247999,0,0.5,0.010123999,1.90632685,2.13221727
2022-03-30 00:00:00,131.07,0.008230769,0,0.5,0.004115385,1.930248156,2.145107549
2022-03-31 00:00:00,123.87,-0.054932479,0,0.5,-0.027466239,1.769282361,2.058723272
2022-04-01 00:00:00,124.85,0.00791152,0,0.5,0.00395576,1.791191594,2.070822847
2022-04-02 00:00:00,124.83,-0.000160192,0,0.5,-8.00961E-05,1.790744467,2.070576886
2022-04-03 00:00:00,128.77,0.031562926,0,0.5,0.015781463,1.878828527,2.119035081
2022-04-04 00:00:00,124.7,-0.031606741,0,0.5,-0.01580337,1.78783814,2.069743815
2022-04-05 00:00:00,122.69,-0.016118685,0,0.5,-0.008059342,1.742901856,2.045003698
2022-04-06 00:00:00,111.59,-0.090471921,0,0.5,-0.045235961,1.494746255,1.907260031
2022-04-07 00:00:00,113.99,0.021507304,0,0.5,0.010753652,1.54840152,1.938523693
2022-04-08 00:00:00,110.6,-0.029739451,0,0.5,-0.014869725,1.472613459,1.894828652
2022-04-09 00:00:00,112.62,0.018264014,0,0.5,0.009132007,1.517773307,1.921264249
2022-04-10 00:00:00,110.23,-0.021221808,0,0.5,-0.010610904,1.464341605,1.890266994
2022-04-11 00:00:00,102.42,-0.070851855,-1,0,-0.035425928,1.289738431,1.787876605
2022-04-12 00:00:00,104.78,0.023042375,0,0.5,0,1.342499441,1.787876605
2022-04-13 00:00:00,110.47,0.054304257,0,0.5,0.027152128,1.469707132,1.863573388
2022-04-14 00:00:00,107.32,-0.028514529,0,0.5,-0.014257264,1.399284596,1.822746665
2022-04-15 00:00:00,110.85,0.032892285,-1,0,0.016446142,1.478202549,1.869169959
2022-04-16 00:00:00,114.31,0.031213351,0,0.5,0,1.555555556,1.869169959
2022-04-17 00:00:00,108.69,-0.049164553,-1,0,-0.024582276,1.42991281,1.79863923
2022-04-18 00:00:00,111.19,0.023001196,-1,0,0,1.485803711,1.79863923
2022-04-19 00:00:00,113.77,0.023203525,-1,0,0,1.543483121,1.79863923
2022-04-20 00:00:00,111.81,-0.01722774,-1,0,0,1.499664655,1.79863923
2022-04-21 00:00:00,106.61,-0.046507468,-1,0,0,1.383411581,1.79863923
2022-04-22 00:00:00,105.3,-0.012287778,-1,0,0,1.354124748,1.79863923
2022-04-23 00:00:00,105.12,-0.001709402,-1,0,0,1.350100604,1.79863923
2022-04-24 00:00:00,104.43,-0.006563927,-1,0,0,1.334674715,1.79863923
2022-04-25 00:00:00,104.49,0.000574548,-1,0,0,1.336016097,1.79863923
2022-04-26 00:00:00,98.51,-0.057230357,-1,0,0,1.202325061,1.79863923
2022-04-27 00:00:00,100.54,0.020607045,-1,0,0,1.247708473,1.79863923
2022-04-28 00:00:00,103.25,0.026954446,-1,0,0,1.30829421,1.79863923
2022-04-29 00:00:00,100.32,-0.028377724,-1,0,0,1.242790074,1.79863923
2022-04-30 00:00:00,95.72,-0.04585327,-1,0,0,1.139950816,1.79863923
2022-05-01 00:00:00,99.18,0.036147096,-1,0,0,1.217303823,1.79863923
2022-05-02 00:00:00,100.62,0.014519056,-1,0,0,1.249496982,1.79863923
2022-05-03 00:00:00,99.3,-0.013118664,-1,0,0,1.219986586,1.79863923
2022-05-04 00:00:00,106.22,0.069687815,-1,0,0,1.3746926,1.79863923
2022-05-05 00:00:00,96.81,-0.088589719,-1,0,0,1.164319249,1.79863923
2022-05-06 00:00:00,96.65,-0.001652722,-1,0,0,1.160742231,1.79863923
2022-05-07 00:00:00,94.23,-0.0250388,-1,0,0,1.106639839,1.79863923
2022-05-08 00:00:00,93.84,-0.004138809,-1,0,0,1.097920858,1.79863923
2022-05-09 00:00:00,76.05,-0.189578005,-1,0,0,0.700201207,1.79863923
2022-05-10 00:00:00,80.13,0.053648915,-1,0,0,0.791415158,1.79863923
2022-05-11 00:00:00,66.57,-0.169225009,-1,0,0,0.488262911,1.79863923
2022-05-12 00:00:00,64.38,-0.032897702,-1,0,0,0.439302482,1.79863923
2022-05-13 00:00:00,67.84,0.053743399,-1,0,0,0.516655488,1.79863923
2022-05-14 00:00:00,68.83,0.01459316,-1,0,0,0.538788285,1.79863923
2022-05-15 00:00:00,71.49,0.038645939,-1,0,0,0.598256204,1.79863923
2022-05-16 00:00:00,67.16,-0.060567912,-1,0,0,0.501453163,1.79863923
2022-05-17 00:00:00,73.06,0.087849911,-1,0,0,0.63335569,1.79863923
2022-05-18 00:00:00,65.93,-0.097591021,-1,0,0,0.47395484,1.79863923
2022-05-19 00:00:00,72.1,0.093584104,-1,0,0,0.611893584,1.79863923
2022-05-20 00:00:00,68.53,-0.049514563,-1,0,0,0.532081377,1.79863923
2022-05-21 00:00:00,69.8,0.01853203,-1,0,0,0.560473955,1.79863923
2022-05-22 00:00:00,71.64,0.026361032,-1,0,0,0.601609658,1.79863923
2022-05-23 00:00:00,69.01,-0.036711334,-1,0,0,0.54281243,1.79863923
2022-05-24 00:00:00,70.23,0.017678597,-1,0,0,0.57008719,1.79863923
2022-05-25 00:00:00,68.18,-0.029189805,-1,0,0,0.524256651,1.79863923
2022-05-26 00:00:00,63.35,-0.070841889,-1,0,0,0.41627543,1.79863923
2022-05-27 00:00:00,61.55,-0.028413575,-1,0,0,0.376033982,1.79863923
2022-05-28 00:00:00,63,0.023558083,-1,0,0,0.408450704,1.79863923
2022-05-29 00:00:00,63.61,0.00968254,-1,0,0,0.422088084,1.79863923
2022-05-30 00:00:00,69.09,0.086149976,-1,0,0,0.544600939,1.79863923
2022-05-31 00:00:00,68.36,-0.010565928,-1,0,0,0.528280796,1.79863923
2022-06-01 00:00:00,62.66,-0.083382095,-1,0,0,0.400849542,1.79863923
2022-06-02 00:00:00,64.39,0.02760932,-1,0,0,0.439526045,1.79863923
2022-06-03 00:00:00,62.58,-0.028109955,-1,0,0,0.399061033,1.79863923
2022-06-04 00:00:00,63.71,0.018056887,-1,0,0,0.42432372,1.79863923
2022-06-05 00:00:00,63.1,-0.009574635,-1,0,0,0.41068634,1.79863923
2022-06-06 00:00:00,64.4,0.020602219,-1,0,0,0.439749609,1.79863923
2022-06-07 00:00:00,63.78,-0.009627329,-1,0,0,0.425888665,1.79863923
2022-06-08 00:00:00,61.34,-0.038256507,-1,0,0,0.371339146,1.79863923
2022-06-09 00:00:00,60.17,-0.019074014,-1,0,0,0.345182204,1.79863923
2022-06-10 00:00:00,56.63,-0.058833306,-1,0,0,0.266040689,1.79863923
2022-06-11 00:00:00,52.14,-0.079286597,-1,0,0,0.16566063,1.79863923
2022-06-12 00:00:00,47.88,-0.081703107,-1,0,0,0.070422535,1.79863923
2022-06-13 00:00:00,43.44,-0.09273183,-1,0,0,-0.028839705,1.79863923
2022-06-14 00:00:00,46.13,0.061924494,-1,0,0,0.031298905,1.79863923
2022-06-15 00:00:00,50.63,0.097550401,-1,0,0,0.131902526,1.79863923
2022-06-16 00:00:00,44.76,-0.115939167,-1,0,0,0.000670691,1.79863923
2022-06-17 00:00:00,47.56,0.062555853,-1,0,0,0.0632685,1.79863923
2022-06-18 00:00:00,47.11,-0.009461733,-1,0,0,0.053208138,1.79863923
2022-06-19 00:00:00,54.26,0.151772447,-1,0,0,0.213056114,1.79863923
2022-06-20 00:00:00,52.73,-0.028197567,-1,0,0,0.178850883,1.79863923
2022-06-21 00:00:00,53.5,0.014602693,-1,0,0,0.196065281,1.79863923
2022-06-22 00:00:00,52.11,-0.025981308,-1,0,0,0.16498994,1.79863923
2022-06-23 00:00:00,55.71,0.069084629,-1,0,0,0.245472837,1.79863923
2022-06-24 00:00:00,55.8,0.001615509,-1,0,0,0.247484909,1.79863923
2022-06-25 00:00:00,58.87,0.055017921,-1,0,0,0.316118936,1.79863923
2022-06-26 00:00:00,56.56,-0.039239001,-1,0,0,0.264475743,1.79863923
2022-06-27 00:00:00,55.86,-0.012376238,-1,0,0,0.248826291,1.79863923
2022-06-28 00:00:00,52.67,-0.057107053,-1,0,0,0.177509501,1.79863923
2022-06-29 00:00:00,53.65,0.018606417,-1,0,0,0.199418735,1.79863923
2022-06-30 00:00:00,53.8,0.002795899,-1,0,0,0.202772189,1.79863923
2022-07-01 00:00:00,51.16,-0.049070632,-1,0,0,0.143751397,1.79863923
2022-07-02 00:00:00,50.51,-0.012705238,-1,0,0,0.129219763,1.79863923
2022-07-03 00:00:00,50.92,0.008117205,-1,0,0,0.138385871,1.79863923
2022-07-04 00:00:00,52.23,0.02572663,-1,0,0,0.167672703,1.79863923
2022-07-05 00:00:00,49.67,-0.049013977,-1,0,0,0.11044042,1.79863923
2022-07-06 00:00:00,50.32,0.01308637,-1,0,0,0.124972055,1.79863923
2022-07-07 00:00:00,52.13,0.035969793,-1,0,0,0.165437067,1.79863923
2022-07-08 00:00:00,51.3,-0.015921734,-1,0,0,0.146881288,1.79863923
2022-07-09 00:00:00,54.05,0.053606238,-1,0,0,0.208361279,1.79863923
2022-07-10 00:00:00,52.09,-0.03626272,-1,0,0,0.164542812,1.79863923
2022-07-11 00:00:00,48.65,-0.066039547,-1,0,0,0.087636933,1.79863923
2022-07-12 00:00:00,47.28,-0.028160329,-1,0,0,0.057008719,1.79863923
2022-07-13 00:00:00,49.5,0.046954315,0,0.5,0,0.106639839,1.79863923
2022-07-14 00:00:00,51.29,0.036161616,0,0.5,0.018080808,0.146657724,1.849240889
2022-07-15 00:00:00,51.75,0.00896861,0,0.5,0.004484305,0.15694165,1.862017754
2022-07-16 00:00:00,55.06,0.063961353,0,0.5,0.031980676,0.230941203,1.953547017
2022-07-17 00:00:00,55.75,0.012531784,0,0.5,0.006265892,0.246367091,1.972053623
2022-07-18 00:00:00,58.55,0.050224215,0,0.5,0.025112108,0.308964901,2.046688154
2022-07-19 00:00:00,57.87,-0.011614005,0,0.5,-0.005807003,0.293762575,2.028996028
2022-07-20 00:00:00,57.16,-0.012268879,0,0.5,-0.006134439,0.27788956,2.010414836
2022-07-21 00:00:00,57.99,0.014520644,0,0.5,0.007260322,0.296445339,2.032271416
2022-07-22 00:00:00,56.05,-0.033454044,0,0.5,-0.016727022,0.253074,1.981550546
2022-07-23 00:00:00,56.28,0.004103479,0,0.5,0.00205174,0.258215962,1.987667911
2022-07-24 00:00:00,58.33,0.036425018,0,0.5,0.018212509,0.304046501,2.042080839
2022-07-25 00:00:00,53.93,-0.075432882,-1,0,-0.037716441,0.205678516,1.927344377
2022-07-26 00:00:00,53.84,-0.00166883,-1,0,0,0.203666443,1.927344377
2022-07-27 00:00:00,58.98,0.095468053,0,0.5,0,0.318578135,1.927344377
2022-07-28 00:00:00,63.4,0.074940658,0,0.5,0.037470329,0.417393248,2.037032934
2022-07-29 00:00:00,60.61,-0.044006309,0,0.5,-0.022003155,0.355019003,1.970208629
2022-07-30 00:00:00,60.4,-0.003464775,0,0.5,-0.001732387,0.350324167,1.965063077
2022-07-31 00:00:00,59.71,-0.011423841,0,0.5,-0.005711921,0.334898279,1.948126872
2022-08-01 00:00:00,59.43,-0.004689332,0,0.5,-0.002344666,0.328638498,1.9412145
2022-08-02 00:00:00,58.04,-0.023388861,0,0.5,-0.01169443,0.297563157,1.906818671
2022-08-03 00:00:00,57.7,-0.005858029,0,0.5,-0.002929014,0.289961994,1.898304557
2022-08-04 00:00:00,59.61,0.033102253,0,0.5,0.016551127,0.332662643,1.946274763
2022-08-05 00:00:00,62.45,0.047643013,0,0.5,0.023821506,0.396154706,2.016459466
2022-08-06 00:00:00,60.8,-0.026421137,0,0.5,-0.013210568,0.359266711,1.976610322
2022-08-07 00:00:00,61.06,0.004276316,0,0.5,0.002138158,0.365079365,1.982974785
2022-08-08 00:00:00,62.57,0.024729774,0,0.5,0.012364887,0.398837469,2.019858931
2022-08-09 00:00:00,59.11,-0.055298066,0,0.5,-0.027649033,0.321484462,1.936362751
2022-08-10 00:00:00,61.57,0.041617324,0,0.5,0.020808662,0.376481109,1.997464531
2022-08-11 00:00:00,61.82,0.004060419,0,0.5,0.00203021,0.382070199,2.003550012
2022-08-12 00:00:00,62.84,0.016499515,0,0.5,0.008249757,0.404873687,2.028328571
2022-08-13 00:00:00,63.76,0.014640356,0,0.5,0.007320178,0.425441538,2.050496475
2022-08-14 00:00:00,63.09,-0.010508156,0,0.5,-0.005254078,0.410462777,2.03446893
2022-08-15 00:00:00,60.62,-0.03915042,0,0.5,-0.01957521,0.355242567,1.975068563
2022-08-16 00:00:00,61.28,0.010887496,0,0.5,0.005443748,0.369997764,1.991264086
2022-08-17 00:00:00,60.49,-0.012891645,0,0.5,-0.006445822,0.35233624,1.971982929
2022-08-18 00:00:00,59.98,-0.008431146,0,0.5,-0.004215573,0.340934496,1.959454319
2022-08-19 00:00:00,53.95,-0.100533511,-1,0,-0.050266756,0.206125643,1.810692152
2022-08-20 00:00:00,54.07,0.002224282,-1,0,0,0.208808406,1.810692152
2022-08-21 00:00:00,55.62,0.028666543,-1,0,0,0.243460765,1.810692152
2022-08-22 00:00:00,57.19,0.028227256,0,0.5,0,0.27856025,1.810692152
2022-08-23 00:00:00,57.05,-0.00244798,-1,0,-0.00122399,0.27543036,1.807251892
2022-08-24 00:00:00,56.41,-0.01121823,0,0.5,0,0.261122289,1.807251892
2022-08-25 00:00:00,56.6,0.003368197,0,0.5,0.001684099,0.265369998,1.811979581
2022-08-26 00:00:00,52.64,-0.069964664,-1,0,-0.034982332,0.176838811,1.713609977
2022-08-27 00:00:00,52.96,0.006079027,-1,0,0,0.183992846,1.713609977
2022-08-28 00:00:00,53.38,0.007930514,-1,0,0,0.193382517,1.713609977
2022-08-29 00:00:00,55.75,0.044398651,-1,0,0,0.246367091,1.713609977
2022-08-30 00:00:00,52.97,-0.049865471,-1,0,0,0.18421641,1.713609977
2022-08-31 00:00:00,53.8,0.015669247,-1,0,0,0.202772189,1.713609977
2022-09-01 00:00:00,57.55,0.069702602,-1,0,0,0.28660854,1.713609977
2022-09-02 00:00:00,60.96,0.059252824,0,0.5,0,0.362843729,1.713609977
2022-09-03 00:00:00,60.11,-0.01394357,0,0.5,-0.006971785,0.343840823,1.694691273
2022-09-04 00:00:00,60.86,0.012477125,-1,0,0.006238563,0.360608093,1.711502273
2022-09-05 00:00:00,60.36,-0.008215577,-1,0,0,0.349429913,1.711502273
2022-09-06 00:00:00,54.09,-0.10387674,-1,0,0,0.209255533,1.711502273
2022-09-07 00:00:00,57.29,0.059160658,-1,0,0,0.280795886,1.711502273
2022-09-08 00:00:00,57.93,0.011171234,-1,0,0,0.295103957,1.711502273
2022-09-09 00:00:00,61.09,0.054548593,-1,0,0,0.365750056,1.711502273
2022-09-10 00:00:00,63.26,0.035521362,0,0.5,0,0.414263358,1.711502273
2022-09-11 00:00:00,62.12,-0.018020866,-1,0,-0.009010433,0.388777107,1.687070463
2022-09-12 00:00:00,61.35,-0.012395364,-1,0,0,0.37156271,1.687070463
2022-09-13 00:00:00,59.04,-0.037652812,-1,0,0,0.319919517,1.687070463
2022-09-14 00:00:00,60.15,0.018800813,-1,0,0,0.344735077,1.687070463
2022-09-15 00:00:00,56.31,-0.063840399,-1,0,0,0.258886653,1.687070463
2022-09-16 00:00:00,55.91,-0.007103534,-1,0,0,0.249944109,1.687070463
2022-09-17 00:00:00,57.79,0.03362547,-1,0,0,0.291974067,1.687070463
2022-09-18 00:00:00,52.6,-0.089807925,-1,0,0,0.175944556,1.687070463
2022-09-19 00:00:00,52.84,0.004562738,-1,0,0,0.181310083,1.687070463
2022-09-20 00:00:00,52.29,-0.010408781,-1,0,0,0.169014085,1.687070463
2022-09-21 00:00:00,51.02,-0.024287627,-1,0,0,0.140621507,1.687070463
2022-09-22 00:00:00,53.52,0.049000392,-1,0,0,0.196512408,1.687070463
2022-09-23 00:00:00,55.2,0.031390135,-1,0,0,0.234071093,1.687070463
2022-09-24 00:00:00,53.37,-0.033152174,-1,0,0,0.193158954,1.687070463
2022-09-25 00:00:00,52.49,-0.016488664,-1,0,0,0.173485357,1.687070463
2022-09-26 00:00:00,53.4,0.017336636,0,0.5,0,0.193829645,1.687070463
2022-09-27 00:00:00,52.6,-0.014981273,-1,0,-0.007490637,0.175944556,1.666942594
2022-09-28 00:00:00,53.25,0.012357414,-1,0,0,0.19047619,1.666942594
2022-09-29 00:00:00,53.92,0.01258216,0,0.5,0,0.205454952,1.666942594
2022-09-30 00:00:00,53.46,-0.008531157,-1,0,-0.004265579,0.195171026,1.655566541
2022-10-01 00:00:00,52.87,-0.011036289,-1,0,0,0.181980774,1.655566541
2022-10-02 00:00:00,51.77,-0.02080575,-1,0,0,0.157388777,1.655566541
2022-10-03 00:00:00,54.13,0.045586247,-1,0,0,0.210149788,1.655566541
2022-10-04 00:00:00,55.24,0.020506189,-1,0,0,0.234965348,1.655566541
2022-10-05 00:00:00,54.59,-0.011766836,-1,0,0,0.220433713,1.655566541
2022-10-06 00:00:00,53.52,-0.019600659,-1,0,0,0.196512408,1.655566541
2022-10-07 00:00:00,52.82,-0.013079223,-1,0,0,0.180862956,1.655566541
2022-10-08 00:00:00,52.76,-0.001135933,-1,0,0,0.179521574,1.655566541
2022-10-09 00:00:00,53.88,0.021228203,0,0.5,0,0.204560698,1.655566541
2022-10-10 00:00:00,52.6,-0.023756496,0,0.5,-0.011878248,0.175944556,1.624023063
2022-10-11 00:00:00,51.99,-0.011596958,0,0.5,-0.005798479,0.162307176,1.60880772
2022-10-12 00:00:00,52.18,0.003654549,0,0.5,0.001827274,0.166554885,1.613574728
2022-10-13 00:00:00,51.06,-0.021464163,0,0.5,-0.010732081,0.141515761,1.585525632
2022-10-14 00:00:00,51.26,0.00391696,0,0.5,0.00195848,0.145987033,1.590589333
2022-10-15 00:00:00,50.36,-0.01755755,0,0.5,-0.008778775,0.125866309,1.567847132
2022-10-16 00:00:00,51.39,0.02045274,0,0.5,0.01022637,0.14889336,1.594106887
2022-10-17 00:00:00,51.8,0.007978206,-1,0,0.003989103,0.158059468,1.604455047
2022-10-18 00:00:00,51.84,0.000772201,-1,0,0,0.158953722,1.604455047
2022-10-19 00:00:00,50.89,-0.018325617,-1,0,0,0.13771518,1.604455047
2022-10-20 00:00:00,51.19,0.005895068,-1,0,0,0.144422088,1.604455047
2022-10-21 00:00:00,51.6,0.008009377,0,0.5,0,0.153588196,1.604455047
2022-10-22 00:00:00,52.14,0.010465116,-1,0,0.005232558,0.16566063,1.618083009
2022-10-23 00:00:00,53.99,0.035481396,-1,0,0,0.207019897,1.618083009
2022-10-24 00:00:00,52.49,-0.027782923,-1,0,0,0.173485357,1.618083009
2022-10-25 00:00:00,55.91,0.065155268,1,1,0,0.249944109,1.618083009
2022-10-26 00:00:00,56.34,0.007690932,1,1,0.007690932,0.259557344,1.638218507
2022-10-27 00:00:00,54.73,-0.0285765,1,1,-0.0285765,0.223563604,1.562827456
2022-10-28 00:00:00,54.89,0.002923442,1,1,0.002923442,0.227140622,1.570319735
2022-10-29 00:00:00,56.55,0.030242303,1,1,0.030242303,0.26425218,1.648052122
2022-10-30 00:00:00,55.33,-0.021573828,1,1,-0.021573828,0.23697742,1.5909235
2022-10-31 00:00:00,54.99,-0.006144948,1,1,-0.006144948,0.229376258,1.575002409
2022-11-01 00:00:00,55.06,0.001272959,1,1,0.001272959,0.230941203,1.57828028
2022-11-02 00:00:00,60.91,0.10624773,1,1,0.10624773,0.361725911,1.852216707
2022-11-03 00:00:00,61.8,0.014611722,1,1,0.014611722,0.381623072,1.893892505
2022-11-04 00:00:00,67.55,0.093042071,1,1,0.093042071,0.510172144,2.163146258
2022-11-05 00:00:00,69.21,0.024574389,1,1,0.024574389,0.547283702,2.240878645
2022-11-06 00:00:00,68.19,-0.014737755,1,1,-0.014737755,0.524480215,2.193115371
2022-11-07 00:00:00,67.38,-0.011878575,1,1,-0.011878575,0.506371563,2.155185712
2022-11-08 00:00:00,57.74,-0.14306916,1,1,-0.14306916,0.290856249,1.703775942
2022-11-09 00:00:00,50.64,-0.122965016,0,0.5,-0.122965016,0.13212609,1.371306092
2022-11-10 00:00:00,60.53,0.195300158,1,1,0.097650079,0.353230494,1.602864319
2022-11-11 00:00:00,61.43,0.01486866,1,1,0.01486866,0.373351218,1.641565424
2022-11-12 00:00:00,59.91,-0.024743611,1,1,-0.024743611,0.339369551,1.576203557
2022-11-13 00:00:00,57.32,-0.043231514,1,1,-0.043231514,0.281466577,1.464830377
2022-11-14 00:00:00,56.64,-0.011863224,1,1,-0.011863224,0.266264252,1.435589543
2022-11-15 00:00:00,57.98,0.023658192,0,0.5,0.023658192,0.296221775,1.493211188
2022-11-16 00:00:00,57.45,-0.009141083,0,0.5,-0.004570542,0.284372904,1.481815862
2022-11-17 00:00:00,62.5,0.087902524,1,1,0.043951262,0.397272524,1.590894802
2022-11-18 00:00:00,62.6,0.0016,1,1,0.0016,0.39950816,1.595040233
2022-11-19 00:00:00,63.93,0.021246006,1,1,0.021246006,0.429242119,1.650174475
2022-11-20 00:00:00,62.06,-0.029250743,1,1,-0.029250743,0.387435725,1.572654902
2022-11-21 00:00:00,61.29,-0.012407348,1,1,-0.012407348,0.370221328,1.540735078
2022-11-22 00:00:00,70.6,0.151900799,1,1,0.151900799,0.578359043,1.926674768
2022-11-23 00:00:00,78.96,0.118413598,1,1,0.118413598,0.765258216,2.273232856
2022-11-24 00:00:00,78.64,-0.004052685,1,1,-0.004052685,0.758104181,2.259967475
2022-11-25 00:00:00,74.04,-0.058494405,1,1,-0.058494405,0.655264923,2.069277618
2022-11-26 00:00:00,76.43,0.032279849,1,1,0.032279849,0.708696624,2.168353435
2022-11-27 00:00:00,74.88,-0.020279995,1,1,-0.020279995,0.674044266,2.104099244
2022-11-28 00:00:00,73.9,-0.013087607,1,1,-0.013087607,0.652135032,2.063474013
2022-11-29 00:00:00,75.76,0.025169147,1,1,0.025169147,0.693717863,2.140579043
2022-11-30 00:00:00,79.11,0.044218585,1,1,0.044218585,0.76861167,2.279451004
2022-12-01 00:00:00,77.55,-0.019719378,1,1,-0.019719378,0.733735748,2.21478227
2022-12-02 00:00:00,77.86,0.003997421,1,1,0.003997421,0.74066622,2.227633108
2022-12-03 00:00:00,76.42,-0.018494734,1,1,-0.018494734,0.708473061,2.167938892
2022-12-04 00:00:00,77.04,0.008113059,1,1,0.008113059,0.722334004,2.193640568
2022-12-05 00:00:00,80.15,0.04036864,1,1,0.04036864,0.791862285,2.322563494
2022-12-06 00:00:00,79.84,-0.003867748,1,1,-0.003867748,0.784931813,2.309712655
2022-12-07 00:00:00,76.85,-0.0374499,1,1,-0.0374499,0.718086296,2.185764248
2022-12-08 00:00:00,78.22,0.017826936,1,1,0.017826936,0.748714509,2.242556662
2022-12-09 00:00:00,76.29,-0.024673996,1,1,-0.024673996,0.705566734,2.162549831
2022-12-10 00:00:00,76.3,0.000131079,1,1,0.000131079,0.705790297,2.162964374
2022-12-11 00:00:00,76.46,0.002096986,1,1,0.002096986,0.709367315,2.169597064
2022-12-12 00:00:00,76.18,-0.003662046,1,1,-0.003662046,0.703107534,2.157989856
2022-12-13 00:00:00,77.37,0.015620898,1,1,0.015620898,0.729711603,2.207320493
2022-12-14 00:00:00,75.32,-0.026496058,1,1,-0.026496058,0.683881064,2.122339143
2022-12-15 00:00:00,72.41,-0.038635157,1,1,-0.038635157,0.618824055,2.001707081
2022-12-16 00:00:00,66.21,-0.085623533,1,1,-0.085623533,0.480214621,1.744690317
2022-12-17 00:00:00,64.85,-0.020540704,1,1,-0.020540704,0.449809971,1.688312446
2022-12-18 00:00:00,64.37,-0.007401696,1,1,-0.007401696,0.439078918,1.668414374
2022-12-19 00:00:00,63.32,-0.016311947,0,0.5,-0.016311947,0.41560474,1.624887341
2022-12-20 00:00:00,65.5,0.034428301,1,1,0.01721415,0.464341605,1.670072547
2022-12-21 00:00:00,65.36,-0.002137405,1,1,-0.002137405,0.461211715,1.664365521
2022-12-22 00:00:00,66.16,0.012239902,0,0.5,0.012239902,0.479096803,1.696977094
2022-12-23 00:00:00,65.71,-0.006801693,0,0.5,-0.003400846,0.469036441,1.68780509
2022-12-24 00:00:00,65.73,0.000304368,0,0.5,0.000152184,0.469483568,1.68821413
2022-12-25 00:00:00,69.11,0.051422486,0,0.5,0.025711243,0.545048066,1.757331457
2022-12-26 00:00:00,70.73,0.023440891,0,0.5,0.011720446,0.58126537,1.78964861
2022-12-27 00:00:00,68.62,-0.029831755,0,0.5,-0.014915877,0.53409345,1.748038554
2022-12-28 00:00:00,66.27,-0.034246575,0,0.5,-0.017123288,0.481556003,1.700983099
2022-12-29 00:00:00,66.62,0.005281424,0,0.5,0.002640712,0.489380729,1.708115618
2022-12-30 00:00:00,67.92,0.01951366,0,0.5,0.00975683,0.518443997,1.734538241
2022-12-31 00:00:00,70.15,0.032832744,0,0.5,0.016416372,0.568298681,1.779429439
2023-01-01 00:00:00,70.88,0.010406272,0,0.5,0.005203136,0.584618824,1.793891189
2023-01-02 00:00:00,74.69,0.053752822,0,0.5,0.026876411,0.669796557,1.868980956
2023-01-03 00:00:00,75.53,0.011246485,0,0.5,0.005623243,0.6885759,1.885113933
2023-01-04 00:00:00,75.42,-0.001456375,0,0.5,-0.000728187,0.6861167,1.883013029
2023-01-05 00:00:00,74.21,-0.01604349,0,0.5,-0.008021745,0.659065504,1.859886234
2023-01-06 00:00:00,75.89,0.022638458,0,0.5,0.011319229,0.69662419,1.892257941
2023-01-07 00:00:00,76.36,0.006193174,0,0.5,0.003096587,0.707131679,1.90121407
2023-01-08 00:00:00,78.7,0.030644316,1,1,0.015322158,0.759445562,1.945666931
2023-01-09 00:00:00,81.66,0.037611182,1,1,0.037611182,0.825620389,2.056456945
2023-01-10 00:00:00,80.92,-0.009061964,1,1,-0.009061964,0.809076682,2.028759442
2023-01-11 00:00:00,84.09,0.039174493,1,1,0.039174493,0.879946345,2.147409558
2023-01-12 00:00:00,86.08,0.023665121,1,1,0.023665121,0.924435502,2.221893385
2023-01-13 00:00:00,86.24,0.001858736,1,1,0.001858736,0.92801252,2.227882035
2023-01-14 00:00:00,87.92,0.019480519,1,1,0.019480519,0.965571205,2.290762854
2023-01-15 00:00:00,87.45,-0.005345769,1,1,-0.005345769,0.955063716,2.273171196
2023-01-16 00:00:00,85.95,-0.017152659,1,1,-0.017152659,0.921529175,2.217027608
2023-01-17 00:00:00,87.05,0.012798138,1,1,0.012798138,0.946121171,2.258199573
2023-01-18 00:00:00,82.64,-0.05066054,1,1,-0.05066054,0.847529622,2.093137423
2023-01-19 00:00:00,84.19,0.01875605,1,1,0.01875605,0.882181981,2.151152464
2023-01-20 00:00:00,90.29,0.072455161,1,1,0.072455161,1.018555779,2.379469723
2023-01-21 00:00:00,87.97,-0.025694983,1,1,-0.025694983,0.966689023,2.292634307
2023-01-22 00:00:00,87.6,-0.004205979,1,1,-0.004205979,0.95841717,2.278785555
2023-01-23 00:00:00,90,0.02739726,1,1,0.02739726,1.012072435,2.368615296
2023-01-24 00:00:00,87.18,-0.031333333,1,1,-0.031333333,0.949027498,2.26306535
2023-01-25 00:00:00,89.43,0.025808672,1,1,0.025808672,0.999329309,2.347280733
2023-01-26 00:00:00,87.51,-0.021469306,1,1,-0.021469306,0.956405097,2.27541694
2023-01-27 00:00:00,88.95,0.016455262,1,1,0.016455262,0.988598256,2.329314784
2023-01-28 00:00:00,89.71,0.008544126,1,1,0.008544126,1.00558909,2.357760869
2023-01-29 00:00:00,94.94,0.058298963,1,1,0.058298963,1.122512855,2.553514847
2023-01-30 00:00:00,91.31,-0.038234675,1,1,-0.038234675,1.041359267,2.417647363
2023-01-31 00:00:00,94.11,0.030664768,1,1,0.030664768,1.103957076,2.522448728
2023-02-01 00:00:00,100.44,0.067261715,1,1,0.067261715,1.245472837,2.759374671
2023-02-02 00:00:00,98.72,-0.017124652,1,1,-0.017124652,1.207019897,2.694996689
2023-02-03 00:00:00,99.94,0.012358185,1,1,0.012358185,1.234294657,2.740660141
2023-02-04 00:00:00,98.51,-0.014308585,1,1,-0.014308585,1.202325061,2.687136587
2023-02-05 00:00:00,96.63,-0.019084357,1,1,-0.019084357,1.160295104,2.616769956
2023-02-06 00:00:00,95.97,-0.006830177,1,1,-0.006830177,1.145539906,2.592066777
2023-02-07 00:00:00,100.9,0.05137022,1,1,0.05137022,1.255756763,2.776592038
2023-02-08 00:00:00,99.19,-0.016947473,1,1,-0.016947473,1.217527387,2.712588347
2023-02-09 00:00:00,92.01,-0.072386329,1,1,-0.072386329,1.057008719,2.443847704
2023-02-10 00:00:00,93.31,0.014128899,1,1,0.014128899,1.086071987,2.492505481
2023-02-11 00:00:00,94.24,0.009966777,1,1,0.009966777,1.106863403,2.527314506
2023-02-12 00:00:00,92.43,-0.019206282,1,1,-0.019206282,1.06639839,2.459567909
2023-02-13 00:00:00,90.98,-0.015687547,1,1,-0.015687547,1.033981668,2.405295774
2023-02-14 00:00:00,95.76,0.05253902,1,1,0.05253902,1.14084507,2.584206675
2023-02-15 00:00:00,102.82,0.073725982,1,1,0.073725982,1.298680975,2.848455831
2023-02-16 00:00:00,98.6,-0.041042599,1,1,-0.041042599,1.204337134,2.690505202
2023-02-17 00:00:00,100.21,0.0163286,1,1,0.0163286,1.240330874,2.750765987
2023-02-18 00:00:00,99.72,-0.004889732,1,1,-0.004889732,1.229376258,2.732425748
2023-02-19 00:00:00,97.44,-0.022864019,1,1,-0.022864019,1.178403756,2.647087494
2023-02-20 00:00:00,95.96,-0.015188834,1,1,-0.015188834,1.145316342,2.591692487
2023-02-21 00:00:00,93.81,-0.022405169,1,1,-0.022405169,1.097250168,2.51122001
2023-02-22 00:00:00,95.22,0.015030381,1,1,0.015030381,1.128772636,2.563994983
2023-02-23 00:00:00,94.59,-0.006616257,1,1,-0.006616257,1.114688129,2.540414676
2023-02-24 00:00:00,91.51,-0.032561582,1,1,-0.032561582,1.045830539,2.425133175
2023-02-25 00:00:00,93.1,0.01737515,1,1,0.01737515,1.081377152,2.484645379
2023-02-26 00:00:00,95.23,0.022878625,1,1,0.022878625,1.128996199,2.564369274
2023-02-27 00:00:00,94.02,-0.01270608,1,1,-0.01270608,1.101945003,2.519080113
2023-02-28 00:00:00,93.76,-0.002765369,0,0.5,-0.002765369,1.09613235,2.509348557
2023-03-01 00:00:00,97.74,0.042448805,1,1,0.021224403,1.185110664,2.583832385
2023-03-02 00:00:00,95.32,-0.024759566,1,1,-0.024759566,1.131008272,2.495098249
2023-03-03 00:00:00,90.51,-0.050461603,0,0.5,-0.050461603,1.023474178,2.318729989
2023-03-04 00:00:00,89.29,-0.013479174,0,0.5,-0.006739587,0.996199419,2.29636312
2023-03-05 00:00:00,89.9,0.006831672,0,0.5,0.003415836,1.009836799,2.307622956
2023-03-06 00:00:00,87.3,-0.028921023,0,0.5,-0.014460512,0.951710262,2.259793036
2023-03-07 00:00:00,86.27,-0.011798396,0,0.5,-0.005899198,0.92868321,2.240562871
2023-03-08 00:00:00,82.72,-0.041149878,0,0.5,-0.020574939,0.849318131,2.173888487
2023-03-09 00:00:00,76.62,-0.073742747,0,0.5,-0.036871373,0.712944333,2.05686286
2023-03-10 00:00:00,71.36,-0.068650483,0,0.5,-0.034325241,0.595349877,1.951935304
2023-03-11 00:00:00,69.16,-0.030829596,0,0.5,-0.015414798,0.546165884,1.906431817
2023-03-12 00:00:00,76.31,0.103383459,0,0.5,0.051691729,0.706013861,2.056670304
2023-03-13 00:00:00,81.49,0.067881012,0,0.5,0.033940506,0.821819808,2.16041524
2023-03-14 00:00:00,83.97,0.030433182,0,0.5,0.015216591,0.877263581,2.208505986
2023-03-15 00:00:00,76.4,-0.090151244,0,0.5,-0.045075622,0.708025933,2.063880582
2023-03-16 00:00:00,78.82,0.031675393,0,0.5,0.015837696,0.762128326,2.112405392
2023-03-17 00:00:00,85.47,0.084369449,0,0.5,0.042184725,0.910798122,2.243701357
2023-03-18 00:00:00,83.01,-0.028782029,0,0.5,-0.014391014,0.855801476,2.197021204
2023-03-19 00:00:00,83.98,0.011685339,0,0.5,0.00584267,0.877487145,2.215700343
2023-03-20 00:00:00,78.04,-0.070731126,0,0.5,-0.035365563,0.744690364,2.101975289
2023-03-21 00:00:00,82.45,0.056509482,0,0.5,0.028254741,0.843281914,2.189620798
2023-03-22 00:00:00,87.24,0.058095816,0,0.5,0.029047908,0.95036888,2.282272609
2023-03-23 00:00:00,93.56,0.072443833,0,0.5,0.036221917,1.091661078,2.401162813
2023-03-24 00:00:00,93.51,-0.000534416,0,0.5,-0.000267208,1.09054326,2.400253994
2023-03-25 00:00:00,91.43,-0.02224361,0,0.5,-0.011121805,1.04404203,2.362437032
2023-03-26 00:00:00,93.27,0.020124686,1,1,0.010062343,1.085177733,2.396271026
2023-03-27 00:00:00,89.17,-0.0439584,0,0.5,-0.0439584,0.993516655,2.246976385
2023-03-28 00:00:00,89.06,-0.001233599,0,0.5,-0.000616799,0.991057456,2.244973652
2023-03-29 00:00:00,91.25,0.024590164,0,0.5,0.012295082,1.040017885,2.284870869
2023-03-30 00:00:00,89.02,-0.024438356,0,0.5,-0.012219178,0.990163201,2.244732446
2023-03-31 00:00:00,89.54,0.005841384,0,0.5,0.002920692,1.001788509,2.254209311
2023-04-01 00:00:00,92.51,0.033169533,0,0.5,0.016584767,1.068186899,2.308179612
2023-04-02 00:00:00,92.75,0.002594314,1,1,0.001297157,1.073552426,2.312470841
2023-04-03 00:00:00,92.93,0.001940701,1,1,0.001940701,1.077576571,2.318899356
2023-04-04 00:00:00,92.51,-0.004519531,1,1,-0.004519531,1.068186899,2.303899488
2023-04-05 00:00:00,92.57,0.000648579,1,1,0.000648579,1.069528281,2.306042326
2023-04-06 00:00:00,90.92,-0.017824349,1,1,-0.017824349,1.032640286,2.247114273
2023-04-07 00:00:00,90.56,-0.003959525,1,1,-0.003959525,1.024591996,2.234257244
2023-04-08 00:00:00,89.86,-0.007729682,1,1,-0.007729682,1.008942544,2.209257464
2023-04-09 00:00:00,90.52,0.007344759,1,1,0.007344759,1.023697742,2.232828685
2023-04-10 00:00:00,93.75,0.035682722,1,1,0.035682722,1.095908786,2.348184812
2023-04-11 00:00:00,94.17,0.00448,1,1,0.00448,1.105298457,2.36318468
2023-04-12 00:00:00,92.03,-0.022724859,1,1,-0.022724859,1.057455846,2.286756782
2023-04-13 00:00:00,94.14,0.022927306,1,1,0.022927306,1.104627767,2.362113261
2023-04-14 00:00:00,96.36,0.023581899,1,1,0.023581899,1.154258887,2.441398277
2023-04-15 00:00:00,96.73,0.003839768,1,1,0.003839768,1.16253074,2.454612447
2023-04-16 00:00:00,100.11,0.034942624,1,1,0.034942624,1.238095238,2.57532567
2023-04-17 00:00:00,98.9,-0.012086705,1,1,-0.012086705,1.211044042,2.532111765
2023-04-18 00:00:00,101.94,0.030738119,1,1,0.030738119,1.279007378,2.640682237
2023-04-19 00:00:00,90.43,-0.112909555,1,1,-0.112909555,1.02168567,2.229614427
2023-04-20 00:00:00,90.18,-0.002764569,1,1,-0.002764569,1.016096579,2.220685935
2023-04-21 00:00:00,85.29,-0.054224884,0,0.5,-0.054224884,0.906773977,2.046044615
2023-04-22 00:00:00,86.95,0.019463009,0,0.5,0.009731504,0.943885535,2.075687211
2023-04-23 00:00:00,86.72,-0.002645198,0,0.5,-0.001322599,0.938743573,2.07161931
2023-04-24 00:00:00,88.25,0.017642989,0,0.5,0.008821494,0.972948804,2.098715582
2023-04-25 00:00:00,90.98,0.030934844,0,0.5,0.015467422,1.033981668,2.146644724
2023-04-26 00:00:00,88.07,-0.031985052,0,0.5,-0.015992526,0.968924659,2.096321927
2023-04-27 00:00:00,89.7,0.018508005,1,1,0.009254002,1.005365526,2.124975298
2023-04-28 00:00:00,89.58,-0.001337793,0,0.5,-0.001337793,1.002682763,2.120794729
2023-04-29 00:00:00,91.04,0.016298281,1,1,0.00814914,1.035323049,2.146226524
2023-04-30 00:00:00,88.17,-0.031524605,0,0.5,-0.031524605,0.971160295,2.047042976
2023-05-01 00:00:00,86.71,-0.01655892,0,0.5,-0.00827946,0.938520009,2.021815106
2023-05-02 00:00:00,88.16,0.016722408,0,0.5,0.008361204,0.970936732,2.047081118
2023-05-03 00:00:00,88.84,0.007713249,0,0.5,0.003856624,0.986139057,2.058832565
2023-05-04 00:00:00,88.33,-0.005740657,0,0.5,-0.002870329,0.974737313,2.050052711
2023-05-05 00:00:00,88.57,0.002717084,0,0.5,0.001358542,0.980102839,2.054196335
2023-05-06 00:00:00,83.22,-0.0604042,0,0.5,-0.0302021,0.860496311,1.961953192
2023-05-07 00:00:00,83.37,0.001802451,0,0.5,0.000901226,0.863849765,1.96462258
2023-05-08 00:00:00,77.67,-0.068369917,-1,0,-0.034184959,0.736418511,1.86327708
2023-05-09 00:00:00,79.88,0.028453714,-1,0,0,0.785826068,1.86327708
2023-05-10 00:00:00,80.88,0.012518778,-1,0,0,0.808182428,1.86327708
2023-05-11 00:00:00,80.83,-0.0006182,-1,0,0,0.80706461,1.86327708
2023-05-12 00:00:00,80.41,-0.005196091,-1,0,0,0.797674939,1.86327708
2023-05-13 00:00:00,80.21,-0.002487253,-1,0,0,0.793203666,1.86327708
2023-05-14 00:00:00,83.43,0.04014462,-1,0,0,0.865191147,1.86327708
2023-05-15 00:00:00,86.88,0.041352032,-1,0,0,0.94232059,1.86327708
2023-05-16 00:00:00,89.96,0.035451197,0,0.5,0,1.01117818,1.86327708
2023-05-17 00:00:00,93.83,0.04301912,0,0.5,0.02150956,1.097697295,1.924864909
2023-05-18 00:00:00,90.41,-0.036448897,0,0.5,-0.018224448,1.021238542,1.871560859
2023-05-19 00:00:00,91.7,0.014268333,1,1,0.007134167,1.050078247,1.892047053
2023-05-20 00:00:00,92.34,0.00697928,1,1,0.00697928,1.064386318,1.91223146
2023-05-21 00:00:00,92.12,-0.002382499,1,1,-0.002382499,1.059467919,1.90529307
2023-05-22 00:00:00,90.79,-0.01443769,1,1,-0.01443769,1.029733959,1.863347349
2023-05-23 00:00:00,91.66,0.009582553,1,1,0.009582553,1.049183993,1.890785527
2023-05-24 00:00:00,85.77,-0.064259219,-1,0,-0.064259219,0.91750503,1.705025908
2023-05-25 00:00:00,86.53,0.008860907,-1,0,0,0.934495864,1.705025908
2023-05-26 00:00:00,87.04,0.00589391,-1,0,0,0.945897608,1.705025908
2023-05-27 00:00:00,88.5,0.016773897,-1,0,0,0.978537894,1.705025908
2023-05-28 00:00:00,91.43,0.033107345,1,1,0,1.04404203,1.705025908
2023-05-29 00:00:00,90.85,-0.006343651,-1,0,-0.006343651,1.031075341,1.687866168
2023-05-30 00:00:00,92.19,0.014749587,1,1,0,1.061032864,1.687866168
2023-05-31 00:00:00,90.39,-0.019524894,0,0.5,-0.019524894,1.020791415,1.635385865
2023-06-01 00:00:00,94.14,0.04148689,0,0.5,0.020743445,1.104627767,1.690052847
2023-06-02 00:00:00,95.42,0.013596771,0,0.5,0.006798385,1.133243908,1.708340863
2023-06-03 00:00:00,96.02,0.00628799,0,0.5,0.003143995,1.146657724,1.716855873
2023-06-04 00:00:00,94.16,-0.019370964,0,0.5,-0.009685482,1.105074894,1.690541814
2023-06-05 00:00:00,87.66,-0.069031436,0,0.5,-0.034515718,0.959758551,1.597675831
2023-06-06 00:00:00,90.88,0.036732831,0,0.5,0.018366416,1.031746032,1.645385825
2023-06-07 00:00:00,88.8,-0.022887324,0,0.5,-0.011443662,0.985244802,1.615112924
2023-06-08 00:00:00,88.42,-0.004279279,0,0.5,-0.00213964,0.976749385,1.609517525
2023-06-09 00:00:00,89.26,0.009500113,0,0.5,0.004750057,0.995528728,1.621912881
2023-06-10 00:00:00,77.09,-0.136343267,-1,0,-0.068171633,0.723451822,1.443172797
2023-06-11 00:00:00,77.63,0.0070048,-1,0,0,0.735524257,1.443172797
2023-06-12 00:00:00,77.45,-0.002318691,-1,0,0,0.731500112,1.443172797
2023-06-13 00:00:00,77.45,0,-1,0,0,0.731500112,1.443172797
2023-06-14 00:00:00,73.09,-0.056294383,-1,0,0,0.634026381,1.443172797
2023-06-15 00:00:00,74.56,0.02011219,-1,0,0,0.66689023,1.443172797
2023-06-16 00:00:00,76.09,0.020520386,-1,0,0,0.701095462,1.443172797
2023-06-17 00:00:00,76.81,0.009462479,-1,0,0,0.717192041,1.443172797
2023-06-18 00:00:00,77.14,0.004296316,-1,0,0,0.72456964,1.443172797
2023-06-19 00:00:00,77.43,0.003759398,-1,0,0,0.731052985,1.443172797
2023-06-20 00:00:00,80.3,0.037065737,-1,0,0,0.795215739,1.443172797
2023-06-21 00:00:00,84.98,0.058281445,-1,0,0,0.899843505,1.443172797
2023-06-22 00:00:00,85.89,0.010708402,-1,0,0,0.920187793,1.443172797
2023-06-23 00:00:00,91.26,0.06252183,0,0.5,0,1.040241449,1.443172797
2023-06-24 00:00:00,89.69,-0.017203594,0,0.5,-0.008601797,1.005141963,1.42215712
2023-06-25 00:00:00,88.15,-0.017170253,0,0.5,-0.008585127,0.970713168,1.401362595
2023-06-26 00:00:00,87.18,-0.011003971,-1,0,-0.005501985,0.949027498,1.388150333
2023-06-27 00:00:00,88.03,0.009749943,-1,0,0,0.968030405,1.388150333
2023-06-28 00:00:00,82.97,-0.057480404,-1,0,0,0.854907221,1.388150333
2023-06-29 00:00:00,84.68,0.020609859,-1,0,0,0.893136597,1.388150333
2023-06-30 00:00:00,108.66,0.283183751,1,1,0,1.429242119,1.388150333
2023-07-01 00:00:00,107.09,-0.014448739,1,1,-0.014448739,1.394142634,1.353644572
2023-07-02 00:00:00,113.63,0.061070128,1,1,0.061070128,1.54035323,1.497381947
2023-07-03 00:00:00,107.32,-0.05553111,1,1,-0.05553111,1.399284596,1.358699556
2023-07-04 00:00:00,104.31,-0.028046962,1,1,-0.028046962,1.331991952,1.292545199
2023-07-05 00:00:00,102.56,-0.016776915,1,1,-0.016776915,1.292868321,1.254083363
2023-07-06 00:00:00,95.21,-0.071665367,1,1,-0.071665367,1.128549072,1.092543652
2023-07-07 00:00:00,98.15,0.030879109,1,1,0.030879109,1.194276772,1.157159536
2023-07-08 00:00:00,97.75,-0.004075395,1,1,-0.004075395,1.185334228,1.14836826
2023-07-09 00:00:00,95.06,-0.027519182,1,1,-0.027519182,1.125195618,1.089246923
2023-07-10 00:00:00,96.66,0.016831475,1,1,0.016831475,1.160965795,1.124412031
2023-07-11 00:00:00,96.71,0.000517277,1,1,0.000517277,1.162083613,1.12551094
2023-07-12 00:00:00,96.15,-0.005790508,1,1,-0.005790508,1.149564051,1.113203153
2023-07-13 00:00:00,101.85,0.059282371,1,1,0.059282371,1.276995305,1.238478847
2023-07-14 00:00:00,95.06,-0.066666667,1,1,-0.066666667,1.125195618,1.089246923
2023-07-15 00:00:00,94.74,-0.003366295,1,1,-0.003366295,1.118041583,1.082213902
2023-07-16 00:00:00,92.84,-0.020054887,1,1,-0.020054887,1.075564498,1.040455337
2023-07-17 00:00:00,92.16,-0.007324429,1,1,-0.007324429,1.060362173,1.025510167
2023-07-18 00:00:00,91.5,-0.007161458,1,1,-0.007161458,1.045606975,1.01100456
2023-07-19 00:00:00,91.97,0.005136612,1,1,0.005136612,1.056114465,1.02133431
2023-07-20 00:00:00,92.32,0.003805589,1,1,0.003805589,1.063939191,1.029026678
2023-07-21 00:00:00,94.03,0.01852253,1,1,0.01852253,1.102168567,1.066609386
2023-07-22 00:00:00,92.05,-0.021057109,0,0.5,-0.021057109,1.057902973,1.023092566
2023-07-23 00:00:00,93.11,0.011515481,1,1,0.00575774,1.081600715,1.034741007
2023-07-24 00:00:00,89.09,-0.04317474,-1,0,-0.04317474,0.991728147,0.946891594
2023-07-25 00:00:00,89.41,0.003591873,1,1,0,0.998882182,0.946891594
2023-07-26 00:00:00,90.58,0.013085785,1,1,0.013085785,1.025039124,0.972368198
2023-07-27 00:00:00,90.56,-0.000220799,0,0.5,-0.000220799,1.024591996,0.971932701
2023-07-28 00:00:00,91.39,0.009165194,1,1,0.004582597,1.043147776,0.980969274
2023-07-29 00:00:00,94.28,0.031622716,1,1,0.031622716,1.107757657,1.043612903
2023-07-30 00:00:00,93.97,-0.003288078,0,0.5,-0.003288078,1.100827185,1.036893344
2023-07-31 00:00:00,92.21,-0.018729382,-1,0,-0.009364691,1.061479991,1.017818467
2023-08-01 00:00:00,93.91,0.018436178,0,0.5,0,1.099485804,1.017818467
2023-08-02 00:00:00,87.48,-0.068469812,-1,0,-0.034234906,0.955734406,0.948738642
2023-08-03 00:00:00,82.5,-0.056927298,-1,0,0,0.844399732,0.948738642
2023-08-04 00:00:00,82.18,-0.003878788,-1,0,0,0.837245696,0.948738642
2023-08-05 00:00:00,83.06,0.010708202,-1,0,0,0.856919294,0.948738642
2023-08-06 00:00:00,82.53,-0.006380929,-1,0,0,0.845070423,0.948738642
2023-08-07 00:00:00,82.46,-0.000848176,-1,0,0,0.843505477,0.948738642
2023-08-08 00:00:00,83.81,0.016371574,-1,0,0,0.873686564,0.948738642
2023-08-09 00:00:00,84.05,0.00286362,-1,0,0,0.87905209,0.948738642
2023-08-10 00:00:00,83.09,-0.011421773,-1,0,0,0.857589984,0.948738642
2023-08-11 00:00:00,83.54,0.005415814,-1,0,0,0.867650347,0.948738642
2023-08-12 00:00:00,83.44,-0.001197031,-1,0,0,0.86541471,0.948738642
2023-08-13 00:00:00,81.88,-0.018696069,-1,0,0,0.830538788,0.948738642
2023-08-14 00:00:00,82.06,0.002198339,-1,0,0,0.834562933,0.948738642
2023-08-15 00:00:00,79.23,-0.034486961,-1,0,0,0.771294433,0.948738642
2023-08-16 00:00:00,74.53,-0.059320964,-1,0,0,0.666219539,0.948738642
2023-08-17 00:00:00,64.71,-0.131759023,-1,0,0,0.44668008,0.948738642
2023-08-18 00:00:00,63.93,-0.012053778,-1,0,0,0.429242119,0.948738642
2023-08-19 00:00:00,64.1,0.002659158,-1,0,0,0.433042701,0.948738642
2023-08-20 00:00:00,65.2,0.017160686,-1,0,0,0.457634697,0.948738642
2023-08-21 00:00:00,66.95,0.026840491,-1,0,0,0.496758328,0.948738642
2023-08-22 00:00:00,64.81,-0.031964152,-1,0,0,0.448915717,0.948738642
2023-08-23 00:00:00,65.59,0.01203518,-1,0,0,0.466353678,0.948738642
2023-08-24 00:00:00,64.83,-0.011587132,-1,0,0,0.449362844,0.948738642
2023-08-25 00:00:00,65.09,0.004010489,-1,0,0,0.455175497,0.948738642
2023-08-26 00:00:00,64.97,-0.001843601,-1,0,0,0.452492734,0.948738642
2023-08-27 00:00:00,65.35,0.005848853,-1,0,0,0.460988151,0.948738642
2023-08-28 00:00:00,65.48,0.001989288,-1,0,0,0.463894478,0.948738642
2023-08-29 00:00:00,68.82,0.051007941,-1,0,0,0.538564722,0.948738642
2023-08-30 00:00:00,67.61,-0.017582098,-1,0,0,0.511513526,0.948738642
2023-08-31 00:00:00,63.84,-0.055760982,-1,0,0,0.427230047,0.948738642
2023-09-01 00:00:00,62.94,-0.014097744,-1,0,0,0.407109323,0.948738642
2023-09-02 00:00:00,64.54,0.025421036,-1,0,0,0.442879499,0.948738642
2023-09-03 00:00:00,63.88,-0.010226216,-1,0,0,0.428124301,0.948738642
2023-09-04 00:00:00,63.72,-0.002504696,-1,0,0,0.424547284,0.948738642
2023-09-05 00:00:00,63.1,-0.009730069,-1,0,0,0.41068634,0.948738642
2023-09-06 00:00:00,62.84,-0.004120444,-1,0,0,0.404873687,0.948738642
2023-09-07 00:00:00,63.68,0.013367282,-1,0,0,0.423653029,0.948738642
2023-09-08 00:00:00,62.56,-0.01758794,-1,0,0,0.398613906,0.948738642
2023-09-09 00:00:00,63.02,0.007352941,-1,0,0,0.408897831,0.948738642
2023-09-10 00:00:00,61.07,-0.030942558,-1,0,0,0.365302929,0.948738642
2023-09-11 00:00:00,58.81,-0.037006714,-1,0,0,0.314777554,0.948738642
2023-09-12 00:00:00,59.94,0.019214419,-1,0,0,0.340040241,0.948738642
2023-09-13 00:00:00,61.95,0.033533534,-1,0,0,0.384976526,0.948738642
2023-09-14 00:00:00,62.78,0.013397902,-1,0,0,0.403532305,0.948738642
2023-09-15 00:00:00,65.84,0.048741637,-1,0,0,0.471942768,0.948738642
2023-09-16 00:00:00,65.34,-0.007594168,0,0.5,0,0.460764588,0.948738642
2023-09-17 00:00:00,63.52,-0.027854301,-1,0,-0.01392715,0.420076012,0.921598266
2023-09-18 00:00:00,65.84,0.036523929,0,0.5,0,0.471942768,0.921598266
2023-09-19 00:00:00,67.24,0.02126367,0,0.5,0.010631835,0.503241672,0.942028382
2023-09-20 00:00:00,64.5,-0.040749554,-1,0,-0.020374777,0.441985245,0.902459987
2023-09-21 00:00:00,64.65,0.002325581,-1,0,0,0.445338699,0.902459987
2023-09-22 00:00:00,64.32,-0.005104408,-1,0,0,0.4379611,0.902459987
2023-09-23 00:00:00,65.04,0.01119403,0,0.5,0,0.454057679,0.902459987
2023-09-24 00:00:00,63.55,-0.022908979,-1,0,-0.01145449,0.420746702,0.880668278
2023-09-25 00:00:00,64.31,0.011959087,-1,0,0,0.437737536,0.880668278
2023-09-26 00:00:00,63.74,-0.008863318,-1,0,0,0.424994411,0.880668278
2023-09-27 00:00:00,63.51,-0.003608409,-1,0,0,0.419852448,0.880668278
2023-09-28 00:00:00,65.18,0.026295072,-1,0,0,0.45718757,0.880668278
2023-09-29 00:00:00,65.51,0.005062903,-1,0,0,0.464565169,0.880668278
2023-09-30 00:00:00,65.93,0.006411235,0,0.5,0,0.47395484,0.880668278
2023-10-01 00:00:00,68.15,0.033672076,0,0.5,0.016836038,0.52358596,0.912331282
2023-10-02 00:00:00,65.92,-0.032721937,0,0.5,-0.016360968,0.473731277,0.88104369
2023-10-03 00:00:00,65.45,-0.007129854,0,0.5,-0.003564927,0.463223787,0.874337906
2023-10-04 00:00:00,64.36,-0.016653934,0,0.5,-0.008326967,0.438855354,0.858730356
2023-10-05 00:00:00,64.78,0.006525792,0,0.5,0.003262896,0.448245026,0.8647952
2023-10-06 00:00:00,65.45,0.010342698,0,0.5,0.005171349,0.463223787,0.874438707
2023-10-07 00:00:00,65.4,-0.000763942,0,0.5,-0.000381971,0.462105969,0.873722726
2023-10-08 00:00:00,65.29,-0.001681957,0,0.5,-0.000840979,0.45964677,0.872146965
2023-10-09 00:00:00,63.03,-0.034614796,0,0.5,-0.017307398,0.409121395,0.839744973
2023-10-10 00:00:00,63.57,0.008567349,0,0.5,0.004283674,0.42119383,0.847625842
2023-10-11 00:00:00,61.52,-0.032247916,0,0.5,-0.016123958,0.375363291,0.8178348
2023-10-12 00:00:00,61.09,-0.006989597,0,0.5,-0.003494798,0.365750056,0.811481834
2023-10-13 00:00:00,61.54,0.007366181,-1,0,0.003683091,0.375810418,0.818153686
2023-10-14 00:00:00,61.59,0.00081248,-1,0,0,0.376928236,0.818153686
2023-10-15 00:00:00,61.58,-0.000162364,-1,0,0,0.376704672,0.818153686
2023-10-16 00:00:00,63.17,0.025820071,-1,0,0,0.412251285,0.818153686
2023-10-17 00:00:00,62.03,-0.018046541,-1,0,0,0.386765035,0.818153686
2023-10-18 00:00:00,60.19,-0.029663066,-1,0,0,0.345629332,0.818153686
2023-10-19 00:00:00,61.74,0.025751786,-1,0,0,0.38028169,0.818153686
2023-10-20 00:00:00,63.35,0.026077098,-1,0,0,0.41627543,0.818153686
2023-10-21 00:00:00,64.71,0.021468035,0,0.5,0,0.44668008,0.818153686
2023-10-22 00:00:00,65.23,0.008035852,0,0.5,0.004017926,0.458305388,0.825458893
2023-10-23 00:00:00,69.03,0.058255404,0,0.5,0.029127702,0.543259557,0.878630316
2023-10-24 00:00:00,69.12,0.001303781,0,0.5,0.00065189,0.54527163,0.879854977
2023-10-25 00:00:00,68.73,-0.005642361,0,0.5,-0.002821181,0.536552649,0.874551567
2023-10-26 00:00:00,68.75,0.000290994,0,0.5,0.000145497,0.536999776,0.874824308
2023-10-27 00:00:00,67.01,-0.025309091,0,0.5,-0.012654545,0.498099709,0.851099258
2023-10-28 00:00:00,67.77,0.011341591,0,0.5,0.005670795,0.515090543,0.861596464
2023-10-29 00:00:00,68.82,0.015493581,0,0.5,0.007746791,0.538564722,0.876017862
2023-10-30 00:00:00,69.26,0.00639349,0,0.5,0.003196745,0.54840152,0.882015013
2023-10-31 00:00:00,68.95,-0.004475888,0,0.5,-0.002237944,0.541471049,0.877803168
2023-11-01 00:00:00,70.04,0.015808557,0,0.5,0.007904278,0.565839481,0.892645848
2023-11-02 00:00:00,69.48,-0.007995431,0,0.5,-0.003997716,0.55331992,0.885079588
2023-11-03 00:00:00,69.49,0.000143926,0,0.5,7.19632E-05,0.553543483,0.885215244
2023-11-04 00:00:00,70.44,0.013671032,0,0.5,0.006835516,0.574782025,0.898101663
2023-11-05 00:00:00,71.65,0.01717774,0,0.5,0.00858887,0.601833222,0.914404211
2023-11-06 00:00:00,74.51,0.03991626,0,0.5,0.01995813,0.665772412,0.952612139
2023-11-07 00:00:00,73.46,-0.014092068,0,0.5,-0.007046034,0.642298234,0.938853967
2023-11-08 00:00:00,73.1,-0.004900626,0,0.5,-0.002450313,0.634249944,0.934103168
2023-11-09 00:00:00,73.88,0.010670315,0,0.5,0.005335157,0.651687905,0.944421913
2023-11-10 00:00:00,73.31,-0.007715214,0,0.5,-0.003857607,0.63894478,0.936921097
2023-11-11 00:00:00,75.33,0.027554222,0,0.5,0.013777111,0.684104628,0.963606274
2023-11-12 00:00:00,74.97,-0.004778973,0,0.5,-0.002389486,0.676056338,0.958914264
2023-11-13 00:00:00,71.14,-0.051087102,0,0.5,-0.025543551,0.590431478,0.908876638
2023-11-14 00:00:00,70.64,-0.007028395,0,0.5,-0.003514197,0.579253298,0.902168469
2023-11-15 00:00:00,74.09,0.048839185,0,0.5,0.024419592,0.656382741,0.948618647
2023-11-16 00:00:00,71.02,-0.041436091,0,0.5,-0.020718046,0.587748715,0.908247077
2023-11-17 00:00:00,70.29,-0.010278795,0,0.5,-0.005139397,0.571428571,0.898439837
2023-11-18 00:00:00,69.88,-0.005832978,0,0.5,-0.002916489,0.562262464,0.892903058
2023-11-19 00:00:00,70.58,0.010017172,0,0.5,0.005008586,0.577911916,0.902383827
2023-11-20 00:00:00,69.53,-0.014876736,0,0.5,-0.007438368,0.554437738,0.888233196
2023-11-21 00:00:00,66.17,-0.048324464,0,0.5,-0.024162232,0.479320367,0.842609267
2023-11-22 00:00:00,68.73,0.038688227,-1,0,0.019344114,0.536552649,0.87825291
2023-11-23 00:00:00,69.52,0.011494253,0,0.5,0,0.554214174,0.87825291
2023-11-24 00:00:00,70.73,0.017405063,0,0.5,0.008702532,0.58126537,0.894598466
2023-11-25 00:00:00,71.88,0.016259013,0,0.5,0.008129507,0.606975184,0.910000616
2023-11-26 00:00:00,70.03,-0.02573734,0,0.5,-0.01286867,0.565615918,0.885421449
2023-11-27 00:00:00,69.22,-0.011566472,0,0.5,-0.005783236,0.547507266,0.874517612
2023-11-28 00:00:00,69.79,0.008234614,0,0.5,0.004117307,0.560250391,0.882235577
2023-11-29 00:00:00,70.03,0.003438888,0,0.5,0.001719444,0.565615918,0.885471975
2023-11-30 00:00:00,69.46,-0.008139369,0,0.5,-0.004069684,0.552872792,0.877798699
2023-12-01 00:00:00,71.6,0.030809099,0,0.5,0.015404549,0.600715404,0.906725342
2023-12-02 00:00:00,72.24,0.008938547,0,0.5,0.004469274,0.615023474,0.91524702
2023-12-03 00:00:00,72.33,0.001245847,0,0.5,0.000622924,0.617035547,0.916440072
2023-12-04 00:00:00,72.98,0.008986589,0,0.5,0.004493295,0.631567181,0.925051202
2023-12-05 00:00:00,74.38,0.019183338,0,0.5,0.009591669,0.662866085,0.943515656
2023-12-06 00:00:00,72.44,-0.02608228,-1,0,-0.01304114,0.619494746,0.918169996
2023-12-07 00:00:00,74.08,0.022639426,0,0.5,0,0.656159177,0.918169996
2023-12-08 00:00:00,78.55,0.060340173,0,0.5,0.030170086,0.756092108,0.976041351
2023-12-09 00:00:00,76.39,-0.027498409,0,0.5,-0.013749204,0.70780237,0.948872354
2023-12-10 00:00:00,77.22,0.010865297,0,0.5,0.005432648,0.726358149,0.959459892
2023-12-11 00:00:00,72.7,-0.058534059,-1,0,-0.029267029,0.6253074,0.902112322
2023-12-12 00:00:00,72.43,-0.003713893,-1,0,0,0.619271183,0.902112322
2023-12-13 00:00:00,73.19,0.01049289,0,0.5,0,0.636262017,0.902112322
2023-12-14 00:00:00,72.99,-0.002732614,0,0.5,-0.001366307,0.631790744,0.899513453
2023-12-15 00:00:00,70.98,-0.027538019,0,0.5,-0.013769009,0.58685446,0.873359034
2023-12-16 00:00:00,72.24,0.017751479,1,1,0.00887574,0.615023474,0.889986481
2023-12-17 00:00:00,71.23,-0.013981174,1,1,-0.013981174,0.59244355,0.863562252
2023-12-18 00:00:00,70.9,-0.004632879,1,1,-0.004632879,0.585065951,0.854928593
2023-12-19 00:00:00,70.77,-0.001833568,1,1,-0.001833568,0.582159624,0.851527454
2023-12-20 00:00:00,69.88,-0.01257595,1,1,-0.01257595,0.562262464,0.828242737
2023-12-21 00:00:00,70.99,0.015884373,1,1,0.015884373,0.587078024,0.857283227
2023-12-22 00:00:00,73.66,0.037610931,1,1,0.037610931,0.646769506,0.927137379
2023-12-23 00:00:00,72.52,-0.015476514,1,1,-0.015476514,0.621283255,0.89731201
2023-12-24 00:00:00,71.18,-0.018477661,1,1,-0.018477661,0.591325732,0.862254122
2023-12-25 00:00:00,72.31,0.015875246,1,1,0.015875246,0.616588419,0.891817864
2023-12-26 00:00:00,73.31,0.013829346,1,1,0.013829346,0.63894478,0.917980467
2023-12-27 00:00:00,76.02,0.036966307,1,1,0.036966307,0.699530516,0.988881123
2023-12-28 00:00:00,76.6,0.007629571,1,1,0.007629571,0.712497205,1.004055433
2023-12-29 00:00:00,73.31,-0.042950392,1,1,-0.042950392,0.63894478,0.917980467
2023-12-30 00:00:00,73.29,-0.000272814,1,1,-0.000272814,0.638497653,0.917457215
2023-12-31 00:00:00,72.89,-0.005457771,1,1,-0.005457771,0.629555108,0.906992174
2024-01-01 00:00:00,74.81,0.026341062,1,1,0.026341062,0.67247932,0.957224373
2024-01-02 00:00:00,73.04,-0.023659939,1,1,-0.023659939,0.632908562,0.910916564
2024-01-03 00:00:00,65.23,-0.106927711,0,0.5,-0.106927711,0.458305388,0.70658663
2024-01-04 00:00:00,66.41,0.018089836,0,0.5,0.009044918,0.484685893,0.722022567
2024-01-05 00:00:00,65.99,-0.006324349,0,0.5,-0.003162174,0.475296222,0.716577231
2024-01-06 00:00:00,65.65,-0.005152296,0,0.5,-0.002576148,0.467695059,0.712155074
2024-01-07 00:00:00,64.24,-0.021477532,0,0.5,-0.010738766,0.436172591,0.693768641
2024-01-08 00:00:00,67.76,0.054794521,0,0.5,0.02739726,0.51486698,0.740173261
2024-01-09 00:00:00,67,-0.011216057,0,0.5,-0.005608028,0.497876146,0.73041432
2024-01-10 00:00:00,70.11,0.04641791,0,0.5,0.023208955,0.567404427,0.770575429
2024-01-11 00:00:00,71.91,0.025673941,0,0.5,0.01283697,0.607645875,0.793304253
2024-01-12 00:00:00,72.98,0.014879711,0,0.5,0.007439855,0.631567181,0.806646178
2024-01-13 00:00:00,71.99,-0.01356536,0,0.5,-0.00678268,0.609434384,0.794392274
2024-01-14 00:00:00,69.82,-0.030143075,0,0.5,-0.015071538,0.560921082,0.767348024
2024-01-15 00:00:00,69.13,-0.009882555,0,0.5,-0.004941278,0.545495193,0.758615067
2024-01-16 00:00:00,69.45,0.00462896,0,0.5,0.00231448,0.552649229,0.762685346
2024-01-17 00:00:00,69.47,0.000287977,0,0.5,0.000143988,0.553096356,0.762939152
2024-01-18 00:00:00,68.11,-0.019576796,0,0.5,-0.009788398,0.522691706,0.745682802
2024-01-19 00:00:00,71.32,0.047129643,1,1,0.023564822,0.594455623,0.786819506
2024-01-20 00:00:00,71.37,0.000701066,1,1,0.000701066,0.595573441,0.788072184
2024-01-21 00:00:00,71.77,0.005604596,0,0.5,0.005604596,0.604515985,0.798093606
2024-01-22 00:00:00,67.36,-0.061446287,0,0.5,-0.030723143,0.505924436,0.742850518
2024-01-23 00:00:00,65.48,-0.027909739,0,0.5,-0.013954869,0.463894478,0.718529267
2024-01-24 00:00:00,66.11,0.009621258,0,0.5,0.004810629,0.477978985,0.726796474
2024-01-25 00:00:00,65.49,-0.009378309,0,0.5,-0.004689154,0.464118042,0.718699259
2024-01-26 00:00:00,67.02,0.023362345,0,0.5,0.011681173,0.498323273,0.738775681
2024-01-27 00:00:00,68.04,0.015219338,0,0.5,0.007609669,0.521126761,0.752007188
2024-01-28 00:00:00,68.32,0.004115226,0,0.5,0.002057613,0.527386541,0.755612141
2024-01-29 00:00:00,68.41,0.00131733,0,0.5,0.000658665,0.529398614,0.756768502
2024-01-30 00:00:00,67.46,-0.013886859,0,0.5,-0.006943429,0.508160072,0.744570504
2024-01-31 00:00:00,66.72,-0.010969463,0,0.5,-0.005484732,0.491616365,0.735002003
2024-02-01 00:00:00,67.53,0.012140288,0,0.5,0.006070144,0.509725017,0.745533715
2024-02-02 00:00:00,68.03,0.007404117,1,1,0.003702058,0.520903197,0.751995782
2024-02-03 00:00:00,68.82,0.011612524,1,1,0.011612524,0.538564722,0.772340875
2024-02-04 00:00:00,66.93,-0.027462947,1,1,-0.027462947,0.496311201,0.723667172
2024-02-05 00:00:00,67.68,0.011205737,1,1,0.011205737,0.513078471,0.742982134
2024-02-06 00:00:00,68.28,0.008865248,1,1,0.008865248,0.526492287,0.758434103
2024-02-07 00:00:00,68.61,0.00483304,1,1,0.00483304,0.533869886,0.766932686
2024-02-08 00:00:00,70.51,0.027692756,1,1,0.027692756,0.576346971,0.815863922
2024-02-09 00:00:00,70.64,0.00184371,1,1,0.00184371,0.579253298,0.819211849
2024-02-10 00:00:00,70.79,0.002123443,0,0.5,0.002123443,0.582606752,0.823074841
2024-02-11 00:00:00,71.55,0.01073598,0,0.5,0.00536799,0.599597586,0.832861088
2024-02-12 00:00:00,72.86,0.018308875,1,1,0.009154437,0.628884418,0.8496399
2024-02-13 00:00:00,68.97,-0.053390063,0,0.5,-0.053390063,0.541918176,0.750887509
2024-02-14 00:00:00,69.88,0.013194142,1,1,0.006597071,0.562262464,0.762438239
2024-02-15 00:00:00,69.82,-0.000858615,1,1,-0.000858615,0.560921082,0.760924983
2024-02-16 00:00:00,70.63,0.01160126,1,1,0.01160126,0.579029734,0.781353933
2024-02-17 00:00:00,70,-0.008919722,1,1,-0.008919722,0.564945227,0.76546475
2024-02-18 00:00:00,70.86,0.012285714,0,0.5,0.012285714,0.584171697,0.787154745
2024-02-19 00:00:00,71.36,0.007056167,0,0.5,0.003528084,0.595349877,0.793459977
2024-02-20 00:00:00,69.69,-0.023402466,0,0.5,-0.011701233,0.558014755,0.772474283
2024-02-21 00:00:00,68.96,-0.010474961,0,0.5,-0.00523748,0.541694612,0.763190984
2024-02-22 00:00:00,68.83,-0.001885151,1,1,-0.000942575,0.538788285,0.761529044
2024-02-23 00:00:00,68.86,0.000435856,1,1,0.000435856,0.539458976,0.762296817
2024-02-24 00:00:00,70.48,0.023525995,1,1,0.023525995,0.57567628,0.803756603
2024-02-25 00:00:00,70.24,-0.003405221,1,1,-0.003405221,0.570310753,0.797614413
2024-02-26 00:00:00,72.03,0.025484055,1,1,0.025484055,0.610328638,0.843424917
2024-02-27 00:00:00,74.06,0.028182702,1,1,0.028182702,0.65571205,0.895377611
2024-02-28 00:00:00,74.56,0.006751283,1,1,0.006751283,0.66689023,0.908173841
2024-02-29 00:00:00,79.99,0.072827253,1,1,0.072827253,0.788285267,1.047140901
2024-03-01 00:00:00,84.99,0.062507813,1,1,0.062507813,0.900067069,1.175103202
2024-03-02 00:00:00,94.59,0.112954465,1,1,0.112954465,1.114688129,1.420790821
2024-03-03 00:00:00,90.81,-0.039961941,1,1,-0.039961941,1.030181087,1.324051321
2024-03-04 00:00:00,89.03,-0.019601365,1,1,-0.019601365,0.990386765,1.278496742
2024-03-05 00:00:00,81.96,-0.079411434,1,1,-0.079411434,0.832327297,1.097558048
2024-03-06 00:00:00,85.93,0.048438263,1,1,0.048438263,0.921082048,1.199160115
2024-03-07 00:00:00,88.1,0.025253113,1,1,0.025253113,0.96959535,1.254695754
2024-03-08 00:00:00,88.42,0.003632236,1,1,0.003632236,0.976749385,1.262885341
2024-03-09 00:00:00,90.77,0.026577697,1,1,0.026577697,1.029286832,1.323027623
2024-03-10 00:00:00,87.49,-0.036135287,1,1,-0.036135287,0.95595797,1.239084353
2024-03-11 00:00:00,104.06,0.189393073,1,1,0.189393073,1.326402862,1.663151421
2024-03-12 00:00:00,97.62,-0.061887373,1,1,-0.061887373,1.182427901,1.498335976
2024-03-13 00:00:00,97.31,-0.003175579,1,1,-0.003175579,1.175497429,1.490402313
2024-03-14 00:00:00,94.18,-0.032165245,1,1,-0.032165245,1.105522021,1.410297913
2024-03-15 00:00:00,89.84,-0.046081971,1,1,-0.046081971,1.008495417,1.299226635
2024-03-16 00:00:00,84.16,-0.063223508,1,1,-0.063223508,0.88151129,1.15386146
2024-03-17 00:00:00,85.99,0.021744297,1,1,0.021744297,0.922423429,1.200695663
2024-03-18 00:00:00,86.84,0.00988487,1,1,0.00988487,0.941426336,1.222449254
2024-03-19 00:00:00,78.51,-0.095923538,1,1,-0.095923538,0.755197854,1.009264059
2024-03-20 00:00:00,84.73,0.079225576,1,1,0.079225576,0.894254415,1.168449163
2024-03-21 00:00:00,85.81,0.012746371,1,1,0.012746371,0.918399285,1.19608902
2024-03-22 00:00:00,83.47,-0.027269549,1,1,-0.027269549,0.866085401,1.136202663
2024-03-23 00:00:00,85.33,0.022283455,1,1,0.022283455,0.907668232,1.183804639
2024-03-24 00:00:00,89.7,0.051212938,1,1,0.051212938,1.005365526,1.29564369
2024-03-25 00:00:00,90.64,0.010479376,1,1,0.010479376,1.026380505,1.319700603
2024-03-26 00:00:00,95.87,0.057700794,1,1,0.057700794,1.14330427,1.453549171
2024-03-27 00:00:00,93.65,-0.023156358,1,1,-0.023156358,1.09367315,1.396733909
2024-03-28 00:00:00,94.2,0.005872931,1,1,0.005872931,1.105969148,1.410809762
2024-03-29 00:00:00,109.14,0.158598726,1,1,0.158598726,1.439973172,1.793161119
2024-03-30 00:00:00,102.92,-0.056991021,1,1,-0.056991021,1.300916611,1.633976016
2024-03-31 00:00:00,105.15,0.021667314,1,1,0.021667314,1.350771294,1.691047202
2024-04-01 00:00:00,99.28,-0.055825012,1,1,-0.055825012,1.219539459,1.54081946
2024-04-02 00:00:00,106.86,0.076349718,1,1,0.076349718,1.389000671,1.734810309
2024-04-03 00:00:00,98.37,-0.079449747,1,1,-0.079449747,1.199195171,1.517530321
2024-04-04 00:00:00,98.47,0.00101657,1,1,0.00101657,1.201430807,1.520089567
2024-04-05 00:00:00,97.9,-0.005788565,1,1,-0.005788565,1.188687682,1.505501865
2024-04-06 00:00:00,101.68,0.038610827,1,1,0.038610827,1.273194724,1.602241365
2024-04-07 00:00:00,101.3,-0.003737215,1,1,-0.003737215,1.264699307,1.59251623
2024-04-08 00:00:00,103.35,0.02023692,1,1,0.02023692,1.310529846,1.644980774
2024-04-09 00:00:00,97.6,-0.055636188,1,1,-0.055636188,1.181980774,1.497824127
2024-04-10 00:00:00,96.79,-0.00829918,0,0.5,-0.00829918,1.163872122,1.477094234
2024-04-11 00:00:00,98.85,0.02128319,1,1,0.010641595,1.209926224,1.503454468
2024-04-12 00:00:00,86.09,-0.129084471,0,0.5,-0.129084471,0.924659066,1.180297371
2024-04-13 00:00:00,77.33,-0.101753978,0,0.5,-0.050876989,0.728817349,1.069370406
2024-04-14 00:00:00,79.68,0.030389241,0,0.5,0.01519462,0.781354795,1.100813704
2024-04-15 00:00:00,78.06,-0.020331325,0,0.5,-0.010165663,0.745137492,1.07945754
2024-04-16 00:00:00,79.9,0.023571612,0,0.5,0.011785806,0.786273195,1.103965623
2024-04-17 00:00:00,80.15,0.003128911,0,0.5,0.001564456,0.791862285,1.107257184
2024-04-18 00:00:00,80.72,0.007111666,1,1,0.003555833,0.80460541,1.114750238
2024-04-19 00:00:00,80.82,0.00123885,0,0.5,0.00123885,0.806841046,1.117370097
2024-04-20 00:00:00,84.99,0.05159614,0,0.5,0.02579807,0.900067069,1.171994158
2024-04-21 00:00:00,84.12,-0.010236498,1,1,-0.005118249,0.880617036,1.160877351
2024-04-22 00:00:00,85.34,0.014503091,1,1,0.014503091,0.907891795,1.192216751
2024-04-23 00:00:00,84.97,-0.004335599,0,0.5,-0.004335599,0.899619942,1.182712179
2024-04-24 00:00:00,83.19,-0.02094857,0,0.5,-0.010474285,0.85982562,1.15984983
2024-04-25 00:00:00,83.72,0.006370958,0,0.5,0.003185479,0.871674491,1.166729986
2024-04-26 00:00:00,88.04,0.051600573,0,0.5,0.025800287,0.968253968,1.222632241
2024-04-27 00:00:00,83.83,-0.047819173,0,0.5,-0.023909587,0.874133691,1.169490023
2024-04-28 00:00:00,83.94,0.001312179,0,0.5,0.00065609,0.876592891,1.170913403
2024-04-29 00:00:00,83.48,-0.005480105,0,0.5,-0.002740052,0.866308965,1.164964986
2024-04-30 00:00:00,79.43,-0.048514614,0,0.5,-0.024257307,0.775765705,1.112448766
2024-05-01 00:00:00,80.11,0.008560997,0,0.5,0.004280499,0.79096803,1.1214911
2024-05-02 00:00:00,80,-0.001373112,0,0.5,-0.000686556,0.788508831,1.120034577
2024-05-03 00:00:00,81.83,0.022875,0,0.5,0.0114375,0.82942097,1.144282473
2024-05-04 00:00:00,81.6,-0.002810705,0,0.5,-0.001405353,0.824279007,1.141269
2024-05-05 00:00:00,81.28,-0.003921569,0,0.5,-0.001960784,0.817124972,1.137070433
2024-05-06 00:00:00,80.72,-0.006889764,0,0.5,-0.003444882,0.80460541,1.129708478
2024-05-07 00:00:00,80.79,0.000867195,0,0.5,0.000433598,0.806170355,1.130631914
2024-05-08 00:00:00,81.66,0.010768659,0,0.5,0.00538433,0.825620389,1.142103939
2024-05-09 00:00:00,83.02,0.016654421,0,0.5,0.00832721,0.856025039,1.159941689
2024-05-10 00:00:00,80.18,-0.034208624,0,0.5,-0.017104312,0.792532976,1.122997372
2024-05-11 00:00:00,81.35,0.014592168,0,0.5,0.007296084,0.818689917,1.138486939
2024-05-12 00:00:00,81.39,0.000491703,0,0.5,0.000245851,0.819584172,1.139012689
2024-05-13 00:00:00,80.59,-0.009829217,1,1,-0.004914609,0.801699083,1.128500279
2024-05-14 00:00:00,78.73,-0.023079787,0,0.5,-0.023079787,0.760116253,1.079374946
2024-05-15 00:00:00,82.42,0.046869046,1,1,0.023434523,0.842611223,1.128104107
2024-05-16 00:00:00,82.39,-0.000363989,1,1,-0.000363989,0.841940532,1.127329499
2024-05-17 00:00:00,84.13,0.021119068,1,1,0.021119068,0.880840599,1.172256715
2024-05-18 00:00:00,83.82,-0.003684774,1,1,-0.003684774,0.873910127,1.164252441
2024-05-19 00:00:00,82.36,-0.017418277,1,1,-0.017418277,0.841269841,1.126554892
2024-05-20 00:00:00,88.67,0.076614862,1,1,0.076614862,0.982338475,1.289480601
2024-05-21 00:00:00,88.29,-0.004285553,1,1,-0.004285553,0.973843058,1.27966891
2024-05-22 00:00:00,85.85,-0.027636199,1,1,-0.027636199,0.919293539,1.216667527
2024-05-23 00:00:00,85.48,-0.004309843,1,1,-0.004309843,0.911021686,1.207114038
2024-05-24 00:00:00,85.05,-0.005030416,1,1,-0.005030416,0.901408451,1.196011335
2024-05-25 00:00:00,85.01,-0.000470312,1,1,-0.000470312,0.900514196,1.194978526
2024-05-26 00:00:00,83.96,-0.012351488,0,0.5,-0.012351488,0.877040018,1.167867275
2024-05-27 00:00:00,85.3,0.015959981,1,1,0.00797999,0.906997541,1.185166835
2024-05-28 00:00:00,83.48,-0.02133646,0,0.5,-0.02133646,0.866308965,1.138543111
2024-05-29 00:00:00,83.63,0.001796838,1,1,0.000898419,0.869662419,1.140464418
2024-05-30 00:00:00,84.48,0.010163817,1,1,0.010163817,0.888665325,1.162219707
2024-05-31 00:00:00,83.25,-0.014559659,1,1,-0.014559659,0.861167002,1.130738525
2024-06-01 00:00:00,83.52,0.003243243,1,1,0.003243243,0.867203219,1.137649028
2024-06-02 00:00:00,83.16,-0.004310345,1,1,-0.004310345,0.85915493,1.128435024
2024-06-03 00:00:00,82.89,-0.003246753,1,1,-0.003246753,0.853118712,1.12152452
2024-06-04 00:00:00,83.71,0.009892629,1,1,0.009892629,0.871450928,1.142511975
2024-06-05 00:00:00,85.48,0.021144427,1,1,0.021144427,0.911021686,1.187814163
2024-06-06 00:00:00,84.27,-0.014155358,1,1,-0.014155358,0.88397049,1.156844871
2024-06-07 00:00:00,80.14,-0.049009137,0,0.5,-0.049009137,0.791638721,1.051139764
2024-06-08 00:00:00,79.96,-0.002246069,0,0.5,-0.001123035,0.787614576,1.048836263
2024-06-09 00:00:00,80.48,0.006503252,1,1,0.003251626,0.799239884,1.055498312
2024-06-10 00:00:00,79.7,-0.009691849,0,0.5,-0.009691849,0.781801923,1.035576733
2024-06-11 00:00:00,77.29,-0.030238394,0,0.5,-0.015119197,0.727923094,1.004800447
2024-06-12 00:00:00,78.49,0.015525941,0,0.5,0.007762971,0.754750727,1.020363654
2024-06-13 00:00:00,79.13,0.008153905,1,1,0.004076952,0.769058797,1.028600581
2024-06-14 00:00:00,77.56,-0.019840768,0,0.5,-0.019840768,0.733959311,0.988351587
2024-06-15 00:00:00,79.21,0.021273853,0,0.5,0.010636926,0.770847306,1.009501536
2024-06-16 00:00:00,78.96,-0.003156167,0,0.5,-0.001578084,0.765258216,1.006330375
2024-06-17 00:00:00,76.56,-0.030395137,0,0.5,-0.015197568,0.711602951,0.975839032
2024-06-18 00:00:00,72.61,-0.051593521,0,0.5,-0.025796761,0.623295328,0.924868785
2024-06-19 00:00:00,73.74,0.015562595,0,0.5,0.007781297,0.648558015,0.939846761
2024-06-20 00:00:00,74.66,0.012476268,0,0.5,0.006238134,0.669125866,0.951947785
2024-06-21 00:00:00,74.12,-0.007232789,0,0.5,-0.003616394,0.657053432,0.944888772
2024-06-22 00:00:00,74.58,0.006206152,0,0.5,0.003103076,0.667337357,0.95092391
2024-06-23 00:00:00,73.35,-0.016492357,0,0.5,-0.008246179,0.639839034,0.934836243
2024-06-24 00:00:00,69.64,-0.050579414,-1,0,-0.025289707,0.556896937,0.885904802
2024-06-25 00:00:00,71.32,0.024124067,-1,0,0,0.594455623,0.885904802
2024-06-26 00:00:00,70.97,-0.004907459,-1,0,0,0.586630896,0.885904802
2024-06-27 00:00:00,73.24,0.031985346,-1,0,0,0.637379835,0.885904802
2024-06-28 00:00:00,72.87,-0.005051884,-1,0,0,0.629107981,0.885904802
2024-06-29 00:00:00,74.9,0.027857829,-1,0,0,0.674491393,0.885904802
2024-06-30 00:00:00,75.27,0.00493992,-1,0,0,0.682763246,0.885904802
2024-07-01 00:00:00,74.37,-0.011956955,-1,0,0,0.662642522,0.885904802
2024-07-02 00:00:00,76.01,0.022051903,-1,0,0,0.699306953,0.885904802
2024-07-03 00:00:00,72.05,-0.052098408,-1,0,0,0.610775766,0.885904802
2024-07-04 00:00:00,65.37,-0.092713393,-1,0,0,0.461435278,0.885904802
2024-07-05 00:00:00,61.8,-0.054612207,-1,0,0,0.381623072,0.885904802
2024-07-06 00:00:00,65.37,0.05776699,-1,0,0,0.461435278,0.885904802
2024-07-07 00:00:00,62.02,-0.051246749,-1,0,0,0.386541471,0.885904802
2024-07-08 00:00:00,64.89,0.046275395,-1,0,0,0.450704225,0.885904802
2024-07-09 00:00:00,65.27,0.005856064,-1,0,0,0.459199642,0.885904802
2024-07-10 00:00:00,66.91,0.025126398,-1,0,0,0.495864073,0.885904802
2024-07-11 00:00:00,67.32,0.006127634,-1,0,0,0.505030181,0.885904802
2024-07-12 00:00:00,69.22,0.028223411,-1,0,0,0.547507266,0.885904802
2024-07-13 00:00:00,69.78,0.008090147,-1,0,0,0.560026828,0.885904802
2024-07-14 00:00:00,69.88,0.001433075,-1,0,0,0.562262464,0.885904802
2024-07-15 00:00:00,72.25,0.033915283,-1,0,0,0.615247038,0.885904802
2024-07-16 00:00:00,73.17,0.012733564,-1,0,0,0.635814889,0.885904802
2024-07-17 00:00:00,71.32,-0.025283586,-1,0,0,0.594455623,0.885904802
2024-07-18 00:00:00,71.58,0.003645541,-1,0,0,0.600268276,0.885904802
2024-07-19 00:00:00,73.36,0.024867281,-1,0,0,0.640062598,0.885904802
2024-07-20 00:00:00,72.99,-0.005043621,-1,0,0,0.631790744,0.885904802
2024-07-21 00:00:00,73.95,0.013152487,-1,0,0,0.65325285,0.885904802
2024-07-22 00:00:00,71.2,-0.037187289,-1,0,0,0.591772859,0.885904802
2024-07-23 00:00:00,72.86,0.023314607,-1,0,0,0.628884418,0.885904802
2024-07-24 00:00:00,71.25,-0.022097173,0,0.5,0,0.592890677,0.885904802
2024-07-25 00:00:00,68.77,-0.034807018,-1,0,-0.017403509,0.537446904,0.853083441
2024-07-26 00:00:00,71.28,0.036498473,0,0.5,0,0.593561368,0.853083441
2024-07-27 00:00:00,71.3,0.000280584,-1,0,0.000140292,0.594008495,0.853343413
2024-07-28 00:00:00,71.05,-0.003506311,-1,0,0,0.588419405,0.853343413
2024-07-29 00:00:00,73.66,0.036734694,-1,0,0,0.646769506,0.853343413
2024-07-30 00:00:00,71.66,-0.027151778,-1,0,0,0.602056785,0.853343413
2024-07-31 00:00:00,70.1,-0.021769467,-1,0,0,0.567180863,0.853343413
2024-08-01 00:00:00,69.54,-0.007988588,-1,0,0,0.554661301,0.853343413
2024-08-02 00:00:00,65.02,-0.064998562,-1,0,0,0.453610552,0.853343413
2024-08-03 00:00:00,64.62,-0.006151953,-1,0,0,0.444668008,0.853343413
2024-08-04 00:00:00,62.42,-0.034045187,0,0.5,0,0.395484015,0.853343413
2024-08-05 00:00:00,56.04,-0.10221083,-1,0,-0.051105415,0.252850436,0.758627529
2024-08-06 00:00:00,58.22,0.038900785,-1,0,0,0.301587302,0.758627529
2024-08-07 00:00:00,55.96,-0.038818276,-1,0,0,0.251061927,0.758627529
2024-08-08 00:00:00,61.12,0.092208721,-1,0,0,0.366420747,0.758627529
2024-08-09 00:00:00,60.67,-0.007362565,-1,0,0,0.356360385,0.758627529
2024-08-10 00:00:00,61.14,0.007746827,-1,0,0,0.366867874,0.758627529
2024-08-11 00:00:00,59.7,-0.023552502,-1,0,0,0.334674715,0.758627529
2024-08-12 00:00:00,61.45,0.029313233,-1,0,0,0.373798346,0.758627529
2024-08-13 00:00:00,63.37,0.031244915,-1,0,0,0.416722558,0.758627529
2024-08-14 00:00:00,64.03,0.010415023,-1,0,0,0.431477755,0.758627529
2024-08-15 00:00:00,65.3,0.019834453,-1,0,0,0.459870333,0.758627529
2024-08-16 00:00:00,66.47,0.017917305,-1,0,0,0.486027275,0.758627529
2024-08-17 00:00:00,67.55,0.016247931,-1,0,0,0.510172144,0.758627529
2024-08-18 00:00:00,66.31,-0.018356773,-1,0,0,0.482450257,0.758627529
2024-08-19 00:00:00,66.27,-0.000603227,-1,0,0,0.481556003,0.758627529
2024-08-20 00:00:00,64.38,-0.028519692,-1,0,0,0.439302482,0.758627529
2024-08-21 00:00:00,64.23,-0.002329916,-1,0,0,0.435949027,0.758627529
2024-08-22 00:00:00,63.72,-0.007940215,-1,0,0,0.424547284,0.758627529
2024-08-23 00:00:00,66.07,0.0368801,-1,0,0,0.477084731,0.758627529
2024-08-24 00:00:00,66.55,0.007265022,-1,0,0,0.487815784,0.758627529
2024-08-25 00:00:00,64.76,-0.02689707,-1,0,0,0.447797899,0.758627529
2024-08-26 00:00:00,62.97,-0.027640519,-1,0,0,0.407780013,0.758627529
2024-08-27 00:00:00,60.34,-0.04176592,-1,0,0,0.348982786,0.758627529
2024-08-28 00:00:00,61.79,0.024030494,-1,0,0,0.381399508,0.758627529
2024-08-29 00:00:00,62.43,0.010357663,-1,0,0,0.395707579,0.758627529
2024-08-30 00:00:00,64.9,0.039564312,-1,0,0,0.450927789,0.758627529
2024-08-31 00:00:00,64.94,0.000616333,-1,0,0,0.451822043,0.758627529
2024-09-01 00:00:00,63.54,-0.021558362,-1,0,0,0.420523139,0.758627529
2024-09-02 00:00:00,65.31,0.027856468,0,0.5,0,0.460093897,0.758627529
2024-09-03 00:00:00,64.33,-0.015005359,0,0.5,-0.00750268,0.438184664,0.745433111
2024-09-04 00:00:00,65.36,0.016011192,0,0.5,0.008005596,0.461211715,0.759406343
2024-09-05 00:00:00,66.01,0.00994492,0,0.5,0.00497246,0.475743349,0.768154921
2024-09-06 00:00:00,62.98,-0.045902136,0,0.5,-0.022951068,0.408003577,0.727573877
2024-09-07 00:00:00,62.02,-0.015242934,0,0.5,-0.007621467,0.386541471,0.71440723
2024-09-08 00:00:00,60.89,-0.018219929,0,0.5,-0.009109965,0.361278784,0.698789041
2024-09-09 00:00:00,61.38,0.008047298,0,0.5,0.004023649,0.3722334,0.705624372
2024-09-10 00:00:00,61.49,0.001792115,0,0.5,0.000896057,0.3746926,0.707152709
2024-09-11 00:00:00,62.15,0.010733453,0,0.5,0.005366726,0.389447798,0.71631453
2024-09-12 00:00:00,62.79,0.010297667,-1,0,0.005148833,0.403755869,0.725151548
2024-09-13 00:00:00,64.88,0.033285555,0,0.5,0,0.450480662,0.725151548
2024-09-14 00:00:00,65.88,0.01541307,0,0.5,0.007706535,0.472837022,0.738446489
2024-09-15 00:00:00,63.2,-0.040680024,-1,0,-0.020340012,0.412921976,0.703086467
2024-09-16 00:00:00,62.58,-0.009810127,-1,0,0,0.399061033,0.703086467
2024-09-17 00:00:00,63.73,0.018376478,-1,0,0,0.424770847,0.703086467
2024-09-18 00:00:00,64.81,0.016946493,-1,0,0,0.448915717,0.703086467
2024-09-19 00:00:00,65.38,0.008794939,0,0.5,0,0.461658842,0.703086467
2024-09-20 00:00:00,65.29,-0.001376568,0,0.5,-0.000688284,0.45964677,0.70191426
2024-09-21 00:00:00,66.81,0.023280747,0,0.5,0.011640374,0.493628437,0.721725178
2024-09-22 00:00:00,68.65,0.027540787,0,0.5,0.013770394,0.53476414,0.745434011
2024-09-23 00:00:00,66.93,-0.025054625,0,0.5,-0.012527312,0.496311201,0.723568414
2024-09-24 00:00:00,66.67,-0.003884656,0,0.5,-0.001942328,0.490498547,0.720220679
2024-09-25 00:00:00,66.53,-0.002099895,0,0.5,-0.001049948,0.487368656,0.718414538
2024-09-26 00:00:00,68.53,0.030061626,0,0.5,0.015030813,0.532081377,0.744243705
2024-09-27 00:00:00,71.1,0.037501824,0,0.5,0.018750912,0.589537223,0.776949866
2024-09-28 00:00:00,69.92,-0.016596343,0,0.5,-0.008298172,0.563156718,0.762204431
2024-09-29 00:00:00,69.23,-0.009868421,0,0.5,-0.004934211,0.547730829,0.753509343
2024-09-30 00:00:00,66.78,-0.035389282,0,0.5,-0.017694641,0.492957746,0.722481625
2024-10-01 00:00:00,63.36,-0.051212938,-1,0,-0.025606469,0.416498994,0.678374952
2024-10-02 00:00:00,62.9,-0.007260101,-1,0,0,0.406215068,0.678374952
2024-10-03 00:00:00,63.43,0.008426073,-1,0,0,0.418063939,0.678374952
2024-10-04 00:00:00,64.89,0.0230175,-1,0,0,0.450704225,0.678374952
2024-10-05 00:00:00,66.26,0.021112652,0,0.5,0,0.481332439,0.678374952
2024-10-06 00:00:00,67.01,0.011319046,0,0.5,0.005659523,0.498099709,0.687873754
2024-10-07 00:00:00,64.73,-0.034024772,0,0.5,-0.017012386,0.447127208,0.659158994
2024-10-08 00:00:00,65.66,0.014367372,0,0.5,0.007183686,0.467918623,0.671077871
2024-10-09 00:00:00,64.56,-0.01675297,0,0.5,-0.008376485,0.443326626,0.657080113
2024-10-10 00:00:00,64.26,-0.00464684,0,0.5,-0.00232342,0.436619718,0.65323002
2024-10-11 00:00:00,65.54,0.019919079,0,0.5,0.009959539,0.46523586,0.669695429
2024-10-12 00:00:00,66.16,0.009459872,0,0.5,0.004729936,0.479096803,0.677592981
2024-10-13 00:00:00,64.77,-0.021009674,-1,0,-0.010504837,0.448021462,0.659970141
2024-10-14 00:00:00,66.81,0.031496063,0,0.5,0,0.493628437,0.659970141
2024-10-15 00:00:00,70.85,0.06046999,0,0.5,0.030234995,0.583948133,0.710159329
2024-10-16 00:00:00,70.05,-0.011291461,0,0.5,-0.00564573,0.566063045,0.700504231
2024-10-17 00:00:00,72.78,0.038972163,0,0.5,0.019486081,0.627095909,0.733640395
2024-10-18 00:00:00,73.09,0.004259412,0,0.5,0.002129706,0.634026381,0.737332539
2024-10-19 00:00:00,74.87,0.024353537,1,1,0.012176768,0.673820702,0.758487635
2024-10-20 00:00:00,74.3,-0.007613196,0,0.5,-0.007613196,0.661077577,0.745099924
2024-10-21 00:00:00,70.74,-0.047913863,0,0.5,-0.023956931,0.581488934,0.703292684
2024-10-22 00:00:00,70,-0.010460843,1,1,-0.005230421,0.564945227,0.694383746
2024-10-23 00:00:00,70.01,0.000142857,0,0.5,0.000142857,0.565168791,0.694625801
2024-10-24 00:00:00,71.14,0.016140551,1,1,0.008070276,0.590431478,0.708301898
2024-10-25 00:00:00,68.8,-0.032892887,0,0.5,-0.032892887,0.538117594,0.652110917
2024-10-26 00:00:00,68.42,-0.005523256,-1,0,-0.002761628,0.529622178,0.647548401
2024-10-27 00:00:00,71.05,0.038439053,-1,0,0,0.588419405,0.647548401
2024-10-28 00:00:00,70.79,-0.003659395,0,0.5,0,0.582606752,0.647548401
2024-10-29 00:00:00,73.98,0.045062862,0,0.5,0.022531431,0.653923541,0.684670024
2024-10-30 00:00:00,71.78,-0.029737767,0,0.5,-0.014868883,0.604739548,0.659620862
2024-10-31 00:00:00,69.32,-0.034271385,0,0.5,-0.017135692,0.549742902,0.631182109
2024-11-01 00:00:00,70.26,0.0135603,1,1,0.00678015,0.570757881,0.642241769
2024-11-02 00:00:00,69.19,-0.015229149,1,1,-0.015229149,0.546836575,0.617231824
2024-11-03 00:00:00,66.82,-0.034253505,1,1,-0.034253505,0.493852001,0.561835966
2024-11-04 00:00:00,65.53,-0.019305597,0,0.5,-0.019305597,0.465012296,0.53168379
2024-11-05 00:00:00,65.37,-0.00244163,0,0.5,-0.001220815,0.461435278,0.529813888
2024-11-06 00:00:00,71.04,0.086737035,1,1,0.043368518,0.588195842,0.596159648
2024-11-07 00:00:00,71.48,0.006193694,1,1,0.006193694,0.59803264,0.606045772
2024-11-08 00:00:00,72.8,0.018466704,1,1,0.018466704,0.627543036,0.635704144
2024-11-09 00:00:00,74.02,0.016758242,1,1,0.016758242,0.654817796,0.66311567
2024-11-10 00:00:00,76.65,0.035530938,1,1,0.035530938,0.713615023,0.722207729
2024-11-11 00:00:00,80.12,0.045270711,1,1,0.045270711,0.791191594,0.800173297
2024-11-12 00:00:00,76.76,-0.041937094,1,1,-0.041937094,0.716074223,0.72467926
2024-11-13 00:00:00,75.47,-0.016805628,1,1,-0.016805628,0.687234518,0.695694942
2024-11-14 00:00:00,82.44,0.092354578,1,1,0.092354578,0.84305835,0.852300133
2024-11-15 00:00:00,83.76,0.016011645,1,1,0.016011645,0.872568746,0.881958504
2024-11-16 00:00:00,95.53,0.140520535,1,1,0.140520535,1.135703108,1.14641232
2024-11-17 00:00:00,87.26,-0.086569664,1,1,-0.086569664,0.950816007,0.960598127
2024-11-18 00:00:00,89.29,0.023263809,1,1,0.023263809,0.996199419,1.006209108
2024-11-19 00:00:00,86.74,-0.028558629,1,1,-0.028558629,0.9391907,0.948914526
2024-11-20 00:00:00,83.42,-0.038275306,1,1,-0.038275306,0.864967583,0.874319227
2024-11-21 00:00:00,89.6,0.074082954,1,1,0.074082954,1.00312989,1.013174331
2024-11-22 00:00:00,92.28,0.029910714,1,1,0.029910714,1.063044936,1.073389814
2024-11-23 00:00:00,99.59,0.079215431,1,1,0.079215431,1.226469931,1.237634282
2024-11-24 00:00:00,97,-0.026006627,1,1,-0.026006627,1.168566957,1.179440961
2024-11-25 00:00:00,92.36,-0.047835052,1,1,-0.047835052,1.064833445,1.075187291
2024-11-26 00:00:00,92.88,0.005630143,1,1,0.005630143,1.076458753,1.086870892
2024-11-27 00:00:00,97.34,0.048018949,1,1,0.048018949,1.17616812,1.187080239
2024-11-28 00:00:00,95.59,-0.017978221,1,1,-0.017978221,1.137044489,1.147760428
2024-11-29 00:00:00,104.83,0.096662831,1,1,0.096662831,1.343617259,1.355369031
2024-11-30 00:00:00,102.82,-0.019173901,1,1,-0.019173901,1.298680975,1.310207419
2024-12-01 00:00:00,119.69,0.164073138,1,1,0.164073138,1.675832774,1.689250399
2024-12-02 00:00:00,133,0.111203944,1,1,0.111203944,1.973395931,1.988305648
2024-12-03 00:00:00,131.03,-0.01481203,1,1,-0.01481203,1.929353901,1.944042775
2024-12-04 00:00:00,133.84,0.021445471,1,1,0.021445471,1.992175274,2.007179158
2024-12-05 00:00:00,135.89,0.015316796,1,1,0.015316796,2.038005813,2.053239508
2024-12-06 00:00:00,136.06,0.001251012,1,1,0.001251012,2.041806394,2.057059147
2024-12-07 00:00:00,133.9,-0.015875349,1,1,-0.015875349,1.993516655,2.008527265
2024-12-08 00:00:00,135.01,0.008289768,1,1,0.008289768,2.018332216,2.03346726
2024-12-09 00:00:00,110.45,-0.181912451,1,1,-0.181912451,1.469260004,1.481641796
2024-12-10 00:00:00,109.79,-0.005975555,1,1,-0.005975555,1.454504807,1.46681261
2024-12-11 00:00:00,117.27,0.068130066,1,1,0.068130066,1.621730382,1.634876717
2024-12-12 00:00:00,119.24,0.01679884,1,1,0.01679884,1.665772412,1.67913959
2024-12-13 00:00:00,124.49,0.044028849,1,1,0.044028849,1.783143304,1.797099024
2024-12-14 00:00:00,118.19,-0.050606474,1,1,-0.050606474,1.642298234,1.655547703
2024-12-15 00:00:00,121.14,0.02495981,1,1,0.02495981,1.708249497,1.721829671
2024-12-16 00:00:00,118,-0.025920423,1,1,-0.025920423,1.638050525,1.651278695
2024-12-17 00:00:00,116.69,-0.011101695,1,1,-0.011101695,1.608763693,1.621845008