date,close_price_SOLUSDT,return_SOLUSDT,signal_SOLUSDT,position_SOLUSDT,signal_return_SOLUSDT,cum_return_SOLUSDT,cum_signal_return_SOLUSDT
2020-09-14 00:00:00,3.2661,,0,0.5,,,
2020-09-15 00:00:00,2.9332,-0.101925844,0,0.5,-0.050962922,-0.101925844,-0.050962922
2020-09-16 00:00:00,2.5395,-0.13422201,0,0.5,-0.067111005,-0.222467163,-0.114653754
2020-09-17 00:00:00,2.8855,0.136247293,0,0.5,0.068123646,-0.116530419,-0.05434074
2020-09-18 00:00:00,3.108,0.077109686,0,0.5,0.038554843,-0.048406356,-0.017880995
2020-09-19 00:00:00,3.0193,-0.028539254,0,0.5,-0.014269627,-0.075564128,-0.031895467
2020-09-20 00:00:00,2.8635,-0.051601365,0,0.5,-0.025800682,-0.123266281,-0.056873224
2020-09-21 00:00:00,2.7539,-0.038274838,0,0.5,-0.019137419,-0.156823122,-0.074922237
2020-09-22 00:00:00,2.9183,0.059697157,0,0.5,0.029848578,-0.10648786,-0.047309981
2020-09-23 00:00:00,2.8313,-0.029811877,0,0.5,-0.014905938,-0.133125134,-0.061510719
2020-09-24 00:00:00,3.1392,0.108748631,0,0.5,0.054374316,-0.038853679,-0.010481007
2020-09-25 00:00:00,3.1821,0.013665902,0,0.5,0.006832951,-0.025718747,-0.003719672
2020-09-26 00:00:00,3.1262,-0.017567015,0,0.5,-0.008783508,-0.042833961,-0.012470508
2020-09-27 00:00:00,3.1617,0.011355639,0,0.5,0.00567782,-0.031964729,-0.006863494
2020-09-28 00:00:00,2.9564,-0.064933422,0,0.5,-0.032466711,-0.094822571,-0.03910737
2020-09-29 00:00:00,2.9517,-0.001589771,0,0.5,-0.000794886,-0.096261596,-0.039871169
2020-09-30 00:00:00,2.9004,-0.017379815,0,0.5,-0.008689908,-0.111968403,-0.0482146
2020-10-01 00:00:00,2.8701,-0.010446835,0,0.5,-0.005223417,-0.121245522,-0.053186173
2020-10-02 00:00:00,2.6236,-0.085885509,0,0.5,-0.042942755,-0.196717798,-0.093844966
2020-10-03 00:00:00,2.5454,-0.029806373,0,0.5,-0.014903186,-0.220660727,-0.107349564
2020-10-04 00:00:00,2.5236,-0.008564469,0,0.5,-0.004282235,-0.227335354,-0.111172102
2020-10-05 00:00:00,2.6495,0.049889047,0,0.5,0.024944524,-0.188787851,-0.089000714
2020-10-06 00:00:00,2.1732,-0.179769768,0,0.5,-0.089884884,-0.334619271,-0.170885779
2020-10-07 00:00:00,2.3027,0.059589545,0,0.5,0.029794773,-0.294969536,-0.146182509
2020-10-08 00:00:00,2.3716,0.029921397,0,0.5,0.014960698,-0.273874039,-0.133408803
2020-10-09 00:00:00,2.5363,0.069446787,0,0.5,0.034723393,-0.223446924,-0.103317816
2020-10-10 00:00:00,2.407,-0.050979774,0,0.5,-0.025489887,-0.263035425,-0.126174144
2020-10-11 00:00:00,2.4257,0.007769007,0,0.5,0.003884504,-0.257309942,-0.122779764
2020-10-12 00:00:00,2.5825,0.064641135,0,0.5,0.032320567,-0.209301614,-0.094427508
2020-10-13 00:00:00,2.4048,-0.068809293,0,0.5,-0.034404647,-0.263709011,-0.12558341
2020-10-14 00:00:00,2.3087,-0.039961743,0,0.5,-0.019980872,-0.293132482,-0.143055016
2020-10-15 00:00:00,2.267,-0.018062113,0,0.5,-0.009031056,-0.305900003,-0.150794134
2020-10-16 00:00:00,2.1404,-0.055844729,0,0.5,-0.027922364,-0.344661829,-0.17450597
2020-10-17 00:00:00,2.2062,0.030741917,0,0.5,0.015370959,-0.324515477,-0.161817335
2020-10-18 00:00:00,2.2186,0.005620524,0,0.5,0.002810262,-0.3207189,-0.159461822
2020-10-19 00:00:00,2.0578,-0.072478139,0,0.5,-0.03623907,-0.36995193,-0.189922144
2020-10-20 00:00:00,1.8905,-0.081300418,0,0.5,-0.040650209,-0.421175102,-0.222851978
2020-10-21 00:00:00,1.8933,0.00148109,0,0.5,0.000740545,-0.42031781,-0.222276465
2020-10-22 00:00:00,1.9619,0.036233032,0,0.5,0.018116516,-0.399314167,-0.208186824
2020-10-23 00:00:00,1.9645,0.001325246,0,0.5,0.000662623,-0.39851811,-0.20766215
2020-10-24 00:00:00,1.9196,-0.022855688,0,0.5,-0.011427844,-0.412265393,-0.216716864
2020-10-25 00:00:00,1.7937,-0.065586581,0,0.5,-0.03279329,-0.450812896,-0.242403295
2020-10-26 00:00:00,1.6786,-0.064169036,0,0.5,-0.032084518,-0.486053703,-0.26671042
2020-10-27 00:00:00,1.7135,0.020791135,0,0.5,0.010395568,-0.475368176,-0.259087459
2020-10-28 00:00:00,1.5196,-0.113160198,0,0.5,-0.056580099,-0.534735617,-0.301008364
2020-10-29 00:00:00,1.4325,-0.057317715,0,0.5,-0.028658858,-0.561403509,-0.321040666
2020-10-30 00:00:00,1.4378,0.003699825,0,0.5,0.001849913,-0.559780778,-0.31978465
2020-10-31 00:00:00,1.5472,0.076088468,0,0.5,0.038044234,-0.526285172,-0.293906378
2020-11-01 00:00:00,1.6076,0.039038263,0,0.5,0.019519131,-0.507792168,-0.280124044
2020-11-02 00:00:00,1.4741,-0.083043046,0,0.5,-0.041521523,-0.548666605,-0.31001439
2020-11-03 00:00:00,1.4131,-0.041381182,0,0.5,-0.020690591,-0.567343315,-0.3242906
2020-11-04 00:00:00,1.391,-0.015639374,0,0.5,-0.007819687,-0.574109795,-0.329574436
2020-11-05 00:00:00,1.4011,0.007260963,0,0.5,0.003630482,-0.571017421,-0.327140468
2020-11-06 00:00:00,1.8998,0.355934623,0,0.5,0.177967311,-0.418327669,-0.207393466
2020-11-07 00:00:00,2.0283,0.067638699,0,0.5,0.033819349,-0.378984109,-0.180588029
2020-11-08 00:00:00,2.1571,0.063501454,0,0.5,0.031750727,-0.339548697,-0.154571103
2020-11-09 00:00:00,2.0393,-0.054610356,0,0.5,-0.027305178,-0.375616178,-0.17765569
2020-11-10 00:00:00,2.2652,0.110773305,0,0.5,0.055386652,-0.306451119,-0.132108791
2020-11-11 00:00:00,2.003,-0.115751369,0,0.5,-0.057875684,-0.386730351,-0.182338589
2020-11-12 00:00:00,1.9083,-0.047279081,0,0.5,-0.023639541,-0.415725177,-0.201667729
2020-11-13 00:00:00,2.0191,0.05806215,0,0.5,0.029031075,-0.381800925,-0.178491285
2020-11-14 00:00:00,1.92,-0.049081274,0,0.5,-0.024540637,-0.412142923,-0.198651632
2020-11-15 00:00:00,2.0431,0.064114583,0,0.5,0.032057292,-0.374452711,-0.172962574
2020-11-16 00:00:00,2.268,0.110077823,0,0.5,0.055038911,-0.305593828,-0.127443334
2020-11-17 00:00:00,2.207,-0.026895944,0,0.5,-0.013447972,-0.324270537,-0.139177452
2020-11-18 00:00:00,2.1166,-0.04096058,0,0.5,-0.02048029,-0.351948807,-0.156807347
2020-11-19 00:00:00,2.0797,-0.01743362,0,0.5,-0.00871681,-0.363246686,-0.164157297
2020-11-20 00:00:00,2.1052,0.012261384,0,0.5,0.006130692,-0.355439209,-0.159033003
2020-11-21 00:00:00,2.3991,0.139606688,0,0.5,0.069803344,-0.265454211,-0.100330695
2020-11-22 00:00:00,2.1502,-0.103747239,0,0.5,-0.051873619,-0.341661309,-0.146999798
2020-11-23 00:00:00,2.2826,0.061575667,0,0.5,0.030787834,-0.301123664,-0.120737769
2020-11-24 00:00:00,2.2894,0.002979059,0,0.5,0.001489529,-0.29904167,-0.119428082
2020-11-25 00:00:00,2.2673,-0.009653184,0,0.5,-0.004826592,-0.30580815,-0.123678244
2020-11-26 00:00:00,1.9032,-0.160587483,0,0.5,-0.080293741,-0.417286672,-0.194041396
2020-11-27 00:00:00,1.8558,-0.024905422,0,0.5,-0.012452711,-0.431799394,-0.204077766
2020-11-28 00:00:00,1.8821,0.014171786,0,0.5,0.007085893,-0.423746977,-0.198437946
2020-11-29 00:00:00,1.9093,0.014451942,0,0.5,0.007225971,-0.415419001,-0.192645882
2020-11-30 00:00:00,1.959,0.026030482,0,0.5,0.013015241,-0.400202076,-0.182137974
2020-12-01 00:00:00,1.9695,0.005359877,0,0.5,0.002679939,-0.396987232,-0.179946154
2020-12-02 00:00:00,2.116,0.074384362,0,0.5,0.037192181,-0.352132513,-0.149446563
2020-12-03 00:00:00,2.0989,-0.008081285,0,0.5,-0.004040643,-0.357368115,-0.152883345
2020-12-04 00:00:00,1.8463,-0.120348754,0,0.5,-0.060174377,-0.434708062,-0.203858062
2020-12-05 00:00:00,1.9776,0.071115203,0,0.5,0.035557602,-0.39450721,-0.175549164
2020-12-06 00:00:00,1.8515,-0.063764159,0,0.5,-0.031882079,-0.433115949,-0.201834371
2020-12-07 00:00:00,1.8299,-0.011666217,0,0.5,-0.005833108,-0.439729341,-0.206490158
2020-12-08 00:00:00,1.6617,-0.091917591,0,0.5,-0.045958796,-0.49122807,-0.242958914
2020-12-09 00:00:00,1.6553,-0.003851477,0,0.5,-0.001925739,-0.493187594,-0.244416778
2020-12-10 00:00:00,1.5686,-0.052377213,0,0.5,-0.026188606,-0.519733015,-0.264204449
2020-12-11 00:00:00,1.4406,-0.081601428,0,0.5,-0.040800714,-0.558923487,-0.294225433
2020-12-12 00:00:00,1.4886,0.03331945,0,0.5,0.016659725,-0.54422706,-0.282467423
2020-12-13 00:00:00,1.5636,0.05038291,0,0.5,0.025191455,-0.521263893,-0.264391733
2020-12-14 00:00:00,1.5936,0.019186493,0,0.5,0.009593246,-0.512078626,-0.257334862
2020-12-15 00:00:00,1.7534,0.100276104,0,0.5,0.050138052,-0.463151771,-0.220099078
2020-12-16 00:00:00,1.7869,0.019105737,0,0.5,0.009552869,-0.45289489,-0.212648787
2020-12-17 00:00:00,1.6808,-0.059376574,0,0.5,-0.029688287,-0.485380117,-0.236023896
2020-12-18 00:00:00,1.7003,0.011601618,0,0.5,0.005800809,-0.479409694,-0.231592216
2020-12-19 00:00:00,1.6683,-0.018820208,0,0.5,-0.009410104,-0.489207311,-0.238823014
2020-12-20 00:00:00,1.5638,-0.062638614,0,0.5,-0.031319307,-0.521202658,-0.262662549
2020-12-21 00:00:00,1.5347,-0.018608518,0,0.5,-0.009304259,-0.530112366,-0.269522928
2020-12-22 00:00:00,1.4905,-0.028800417,0,0.5,-0.014400209,-0.543645326,-0.28004195
2020-12-23 00:00:00,1.1975,-0.196578329,0,0.5,-0.098289165,-0.633354766,-0.350806025
2020-12-24 00:00:00,1.3638,0.138872651,0,0.5,0.069436326,-0.58243777,-0.305728381
2020-12-25 00:00:00,1.4448,0.059392873,0,0.5,0.029696436,-0.557637549,-0.285110988
2020-12-26 00:00:00,1.3215,-0.085340532,0,0.5,-0.042670266,-0.595388996,-0.315615492
2020-12-27 00:00:00,1.3023,-0.014528944,0,0.5,-0.007264472,-0.601267567,-0.320587185
2020-12-28 00:00:00,1.5169,0.16478538,0,0.5,0.08239269,-0.535562291,-0.264608535
2020-12-29 00:00:00,1.666,0.09829257,0,0.5,0.049146285,-0.489911515,-0.228466776
2020-12-30 00:00:00,1.5304,-0.081392557,0,0.5,-0.040696279,-0.531428921,-0.259865307
2020-12-31 00:00:00,1.504,-0.017250392,0,0.5,-0.008625196,-0.539511956,-0.266249114
2021-01-01 00:00:00,1.8382,0.222207447,0,0.5,0.111103723,-0.437188084,-0.184726659
2021-01-02 00:00:00,1.7976,-0.022086824,0,0.5,-0.011043412,-0.449618811,-0.193730058
2021-01-03 00:00:00,2.1767,0.210892301,0,0.5,0.10544615,-0.333547656,-0.108711997
2021-01-04 00:00:00,2.4832,0.140809482,0,0.5,0.070404741,-0.239704847,-0.045961095
2021-01-05 00:00:00,2.1355,-0.140020941,0,0.5,-0.07001047,-0.346162089,-0.112753808
2021-01-06 00:00:00,1.8753,-0.121845001,0,0.5,-0.060922501,-0.42582897,-0.166807065
2021-01-07 00:00:00,2.3651,0.261184877,0,0.5,0.130592439,-0.275864181,-0.057998367
2021-01-08 00:00:00,3.222,0.362310262,0,0.5,0.181155131,-0.013502342,0.112650062
2021-01-09 00:00:00,3.3776,0.048292986,0,0.5,0.024146493,0.034138575,0.139516658
2021-01-10 00:00:00,3.446,0.020251066,0,0.5,0.010125533,0.055080983,0.151054872
2021-01-11 00:00:00,3.0988,-0.100754498,0,0.5,-0.050377249,-0.051223171,0.093067894
2021-01-12 00:00:00,3.6276,0.170646702,1,1,0.085323351,0.110682465,0.18633211
2021-01-13 00:00:00,3.5291,-0.027152939,1,1,-0.027152939,0.080524173,0.154119707
2021-01-14 00:00:00,3.2949,-0.066362529,1,1,-0.066362529,0.008817856,0.077529404
2021-01-15 00:00:00,3.2464,-0.014719718,1,1,-0.014719718,-0.006031659,0.061668475
2021-01-16 00:00:00,3.4259,0.055292016,1,1,0.055292016,0.048926855,0.120370265
2021-01-17 00:00:00,3.8328,0.11877171,1,1,0.11877171,0.17350969,0.253438557
2021-01-18 00:00:00,3.7933,-0.010305782,1,1,-0.010305782,0.161415756,0.240520893
2021-01-19 00:00:00,3.6276,-0.043682282,1,1,-0.043682282,0.110682465,0.18633211
2021-01-20 00:00:00,3.7133,0.023624435,1,1,0.023624435,0.136921711,0.214358535
2021-01-21 00:00:00,2.9793,-0.197667843,1,1,-0.197667843,-0.087811151,-0.025681097
2021-01-22 00:00:00,3.3286,0.117242305,1,1,0.117242305,0.019135973,0.088550298
2021-01-23 00:00:00,3.5094,0.05431713,1,1,0.05431713,0.074492514,0.147677226
2021-01-24 00:00:00,3.6369,0.036330997,1,1,0.036330997,0.113529898,0.189373484
2021-01-25 00:00:00,3.7044,0.018559762,1,1,0.018559762,0.134196748,0.211447973
2021-01-26 00:00:00,4.0447,0.09186373,1,1,0.09186373,0.238388292,0.322736102
2021-01-27 00:00:00,3.6727,-0.091972211,1,1,-0.091972211,0.124490983,0.201081139
2021-01-28 00:00:00,3.8139,0.03844583,1,1,0.03844583,0.167722972,0.2472577
2021-01-29 00:00:00,3.8409,0.007079368,1,1,0.007079368,0.175989713,0.256087496
2021-01-30 00:00:00,4.2462,0.105522143,1,1,0.105522143,0.300082667,0.38863254
2021-01-31 00:00:00,4.2628,0.003909378,1,1,0.003909378,0.305165182,0.39406123
2021-02-01 00:00:00,4.6234,0.084592287,1,1,0.084592287,0.415572089,0.511988057
2021-02-02 00:00:00,5.2529,0.13615521,1,1,0.13615521,0.608309605,0.717853109
2021-02-03 00:00:00,5.7373,0.092215728,1,1,0.092215728,0.756621047,0.876266185
2021-02-04 00:00:00,6.4358,0.121747163,1,1,0.121747163,0.970484676,1.10469627
2021-02-05 00:00:00,6.7101,0.042620964,1,1,0.042620964,1.054468632,1.194400454
2021-02-06 00:00:00,6.1325,-0.086079194,1,1,-0.086079194,0.877621628,1.005508232
2021-02-07 00:00:00,6.7037,0.09314309,1,1,0.09314309,1.052509109,1.192307466
2021-02-08 00:00:00,7.8917,0.177215568,1,1,0.177215568,1.416245675,1.580818477
2021-02-09 00:00:00,7.8335,-0.007374837,1,1,-0.007374837,1.398426258,1.561785362
2021-02-10 00:00:00,9.1102,0.162979511,1,1,0.162979511,1.789320596,1.979303888
2021-02-11 00:00:00,9.2215,0.012217075,1,1,0.012217075,1.823397936,2.015702268
2021-02-12 00:00:00,9.2344,0.001398905,1,1,0.001398905,1.827347601,2.019920948
2021-02-13 00:00:00,8.7627,-0.051080742,1,1,-0.051080742,1.682924589,1.865661147
2021-02-14 00:00:00,8.7306,-0.003663254,1,1,-0.003663254,1.673096353,1.855163501
2021-02-15 00:00:00,8.8695,0.015909559,1,1,0.015909559,1.715624139,1.900587894
2021-02-16 00:00:00,8.3036,-0.06380292,1,1,-0.06380292,1.542359389,1.715521917
2021-02-17 00:00:00,8.2533,-0.006057614,1,1,-0.006057614,1.526958758,1.699072334
2021-02-18 00:00:00,8.9956,0.089939782,1,1,0.089939782,1.754232877,1.941826311
2021-02-19 00:00:00,11.5096,0.279469963,1,1,0.279469963,2.523958238,2.763978401
2021-02-20 00:00:00,9.9965,-0.131464169,1,1,-0.131464169,2.060683996,2.269150108
2021-02-21 00:00:00,11.0851,0.108898114,1,1,0.108898114,2.393986712,2.625154391
2021-02-22 00:00:00,14.3413,0.293745659,1,1,0.293745659,3.390955574,3.690027755
2021-02-23 00:00:00,15.2413,0.062755817,1,1,0.062755817,3.666513579,3.984354279
2021-02-24 00:00:00,17.2227,0.130002034,1,1,0.130002034,4.273169836,4.632330473
2021-02-25 00:00:00,13.8484,-0.195921662,1,1,-0.195921662,3.24004164,3.528834928
2021-02-26 00:00:00,13.5941,-0.018363132,1,1,-0.018363132,3.162181195,3.445671334
2021-02-27 00:00:00,13.19,-0.029726131,1,1,-0.029726131,3.03845565,3.313518724
2021-02-28 00:00:00,13.1072,-0.006277483,1,1,-0.006277483,3.013104314,3.286440684
2021-03-01 00:00:00,15.0036,0.144683838,1,1,0.144683838,3.593735648,3.906619373
2021-03-02 00:00:00,13.9565,-0.069789917,1,1,-0.069789917,3.273139218,3.564186814
2021-03-03 00:00:00,14.0941,0.009859205,1,1,0.009859205,3.315268975,3.609186069
2021-03-04 00:00:00,13.0784,-0.072065616,1,1,-0.072065616,3.004286458,3.277022236
2021-03-05 00:00:00,12.5659,-0.039186751,1,1,-0.039186751,2.847371483,3.109419632
2021-03-06 00:00:00,13.0512,0.038620393,1,1,0.038620393,2.995958483,3.268127034
2021-03-07 00:00:00,13.845,0.060821993,1,1,0.060821993,3.239000643,3.527723028
2021-03-08 00:00:00,13.6344,-0.015211268,1,1,-0.015211268,3.17452007,3.458850621
2021-03-09 00:00:00,14.9102,0.093572141,1,1,0.093572141,3.565138851,3.876074821
2021-03-10 00:00:00,14.2333,-0.045398452,1,1,-0.045398452,3.357888613,3.654708572
2021-03-11 00:00:00,16.0763,0.129485081,1,1,0.129485081,3.922170172,4.257423887
2021-03-12 00:00:00,14.5742,-0.093435679,1,1,-0.093435679,3.462263862,3.766192918
2021-03-13 00:00:00,15.3216,0.051282403,1,1,0.051282403,3.691099476,4.010614745
2021-03-14 00:00:00,14.4642,-0.055960213,1,1,-0.055960213,3.42858455,3.730219677
2021-03-15 00:00:00,14.184,-0.019371967,1,1,-0.019371967,3.342794158,3.638586019
2021-03-16 00:00:00,13.6639,-0.036668077,1,1,-0.036668077,3.183552249,3.468497991
2021-03-17 00:00:00,14.2288,0.041342516,1,1,0.041342516,3.356510823,3.653236939
2021-03-18 00:00:00,14.2183,-0.00073794,1,1,-0.00073794,3.35329598,3.64980313
2021-03-19 00:00:00,14.1535,-0.004557507,1,1,-0.004557507,3.333455804,3.62861162
2021-03-20 00:00:00,14.1892,0.002522344,1,1,0.002522344,3.344386271,3.640286572
2021-03-21 00:00:00,14.3395,0.010592563,1,1,0.010592563,3.390404458,3.689439102
2021-03-22 00:00:00,14.7957,0.031814219,1,1,0.031814219,3.530081749,3.838629946
2021-03-23 00:00:00,14.142,-0.044181756,1,1,-0.044181756,3.329934785,3.624850781
2021-03-24 00:00:00,13.5875,-0.039209447,0,0.5,-0.039209447,3.160160436,3.443512939
2021-03-25 00:00:00,12.9776,-0.044886845,0,0.5,-0.022443422,2.973423961,3.343785302
2021-03-26 00:00:00,14.7725,0.138307545,0,0.5,0.069153773,3.522978476,3.644174443
2021-03-27 00:00:00,16.4803,0.115606702,1,1,0.057803351,4.045865099,3.912623288
2021-03-28 00:00:00,18.1022,0.098414471,1,1,0.098414471,4.542451242,4.396096508
2021-03-29 00:00:00,18.9811,0.04855211,1,1,0.04855211,4.811548942,4.658088378
2021-03-30 00:00:00,19.0933,0.005911143,1,1,0.005911143,4.84590184,4.691534148
2021-03-31 00:00:00,19.4044,0.016293674,1,1,0.016293674,4.941153057,4.784270148
2021-04-01 00:00:00,19.0497,-0.018279359,1,1,-0.018279359,4.832552586,4.678537396
2021-04-02 00:00:00,19.8353,0.041239495,1,1,0.041239495,5.073084106,4.912717408
2021-04-03 00:00:00,22.4904,0.133857315,1,1,0.133857315,5.886010839,5.704177885
2021-04-04 00:00:00,23.7879,0.057691282,1,1,0.057691282,6.283273629,6.090950499
2021-04-05 00:00:00,23.018,-0.032365194,1,1,-0.032365194,6.047549065,5.86145051
2021-04-06 00:00:00,25.0987,0.090394474,1,1,0.090394474,6.684608555,6.481687719
2021-04-07 00:00:00,26.5699,0.058616582,1,1,0.058616582,7.13505404,6.920238679
2021-04-08 00:00:00,26.9589,0.014640627,1,1,0.014640627,7.254156333,7.03619594
2021-04-09 00:00:00,27.6623,0.026091569,1,1,0.026091569,7.469520223,7.245872901
2021-04-10 00:00:00,26.8349,-0.029910745,1,1,-0.029910745,7.216190564,6.9992327
2021-04-11 00:00:00,27.9493,0.04152801,1,1,0.04152801,7.557392609,7.331424917
2021-04-12 00:00:00,28.585,0.022744756,1,1,0.022744756,7.752028413,7.520921141
2021-04-13 00:00:00,27.5083,-0.037666608,1,1,-0.037666608,7.422369186,7.199966942
2021-04-14 00:00:00,26.4194,-0.039584416,1,1,-0.039584416,7.088974618,6.875376036
2021-04-15 00:00:00,27.7857,0.051715785,1,1,0.051715785,7.507302287,7.282657287
2021-04-16 00:00:00,25.3449,-0.087843747,1,1,-0.087843747,6.759988978,6.555077636
2021-04-17 00:00:00,24.8423,-0.01983042,1,1,-0.01983042,6.606105141,6.405257277
2021-04-18 00:00:00,32.3492,0.302182165,1,1,0.302182165,8.90453446,8.642993954
2021-04-19 00:00:00,31.5856,-0.023604911,1,1,-0.023604911,8.670738802,8.415371936
2021-04-20 00:00:00,31.7022,0.003691556,1,1,0.003691556,8.706438872,8.450129306
2021-04-21 00:00:00,32.6637,0.030329125,1,1,0.030329125,9.000826674,8.736743463
2021-04-22 00:00:00,38.9341,0.191968454,1,1,0.191968454,10.92066991,10.60589106
2021-04-23 00:00:00,37.3702,-0.040167873,1,1,-0.040167873,10.44184195,10.13970709
2021-04-24 00:00:00,40.8663,0.093553152,1,1,0.093553152,11.51226233,11.1818618
2021-04-25 00:00:00,47.3823,0.159446781,1,1,0.159446781,13.50730229,13.12422046
2021-04-26 00:00:00,43.9698,-0.072020565,1,1,-0.072020565,12.46247818,12.10698613
2021-04-27 00:00:00,43.2296,-0.016834282,1,1,-0.016834282,12.23584703,11.88633943
2021-04-28 00:00:00,44.8884,0.038371856,1,1,0.038371856,12.74373106,12.38081219
2021-04-29 00:00:00,42.4925,-0.053374591,1,1,-0.053374591,12.01016503,11.66661681
2021-04-30 00:00:00,42.8771,0.009051009,1,1,0.009051009,12.12792015,11.78126248
2021-05-01 00:00:00,49.7035,0.159208529,1,1,0.159208529,14.217997,13.81614847
2021-05-02 00:00:00,46.9593,-0.055211404,1,1,-0.055211404,13.37779002,12.99812811
2021-05-03 00:00:00,46.0232,-0.019934284,1,1,-0.019934284,13.09117908,12.71908546
2021-05-04 00:00:00,42.6551,-0.073182656,1,1,-0.073182656,12.05994917,11.71508635
2021-05-05 00:00:00,45.0381,0.055866708,1,1,0.055866708,12.78956554,12.42543636
2021-05-06 00:00:00,43.5641,-0.032727846,1,1,-0.032727846,12.33826276,11.98605075
2021-05-07 00:00:00,43.2345,-0.007565863,1,1,-0.007565863,12.23734729,11.88780007
2021-05-08 00:00:00,45.7022,0.057077103,1,1,0.057077103,12.99289673,12.62339836
2021-05-09 00:00:00,44.3591,-0.029388082,1,1,-0.029388082,12.58167233,12.22303281
2021-05-10 00:00:00,42.8909,-0.033098057,1,1,-0.033098057,12.13214537,11.78537613
2021-05-11 00:00:00,44.624,0.040407173,1,1,0.040407173,12.66277824,12.30199703
2021-05-12 00:00:00,43.484,-0.025546791,1,1,-0.025546791,12.3137381,11.96217369
2021-05-13 00:00:00,41.052,-0.055928617,1,1,-0.055928617,11.56911913,11.23721724
2021-05-14 00:00:00,42.741,0.041142941,1,1,0.041142941,12.08624966,11.74069234
2021-05-15 00:00:00,43.53,0.018460027,1,1,0.018460027,12.32782217,11.97588586
2021-05-16 00:00:00,46.866,0.076636802,1,1,0.076636802,13.34922384,12.97031626
2021-05-17 00:00:00,46.74,-0.002688516,1,1,-0.002688516,13.31064572,12.93275684
2021-05-18 00:00:00,55.95,0.197047497,1,1,0.197047497,16.13052264,15.67817169
2021-05-19 00:00:00,34.952,-0.375299374,1,1,-0.375299374,9.70144821,9.41886429
2021-05-20 00:00:00,44.431,0.271200504,1,1,0.271200504,12.60368635,12.24446553
2021-05-21 00:00:00,38.921,-0.124012514,1,1,-0.124012514,10.91665901,10.60198607
2021-05-22 00:00:00,31.225,-0.197733871,0,0.5,-0.197733871,8.560331894,8.307880449
2021-05-23 00:00:00,24.517,-0.214827862,0,0.5,-0.107413931,6.506506231,7.308084419
2021-05-24 00:00:00,31.417,0.28143737,0,0.5,0.140718685,8.619117602,8.477187134
2021-05-25 00:00:00,30.007,-0.04488016,0,0.5,-0.02244008,8.187410061,8.264518294
2021-05-26 00:00:00,35.42,0.180391242,0,0.5,0.090195621,9.844738373,9.100137275
2021-05-27 00:00:00,33.779,-0.046329757,0,0.5,-0.023164879,9.342304277,8.866168821
2021-05-28 00:00:00,28.993,-0.141685663,0,0.5,-0.070842831,7.876948042,8.167221488
2021-05-29 00:00:00,27.38,-0.055634119,0,0.5,-0.027817059,7.383086862,7.912216344
2021-05-30 00:00:00,28.59,0.044192841,0,0.5,0.022096421,7.753559291,8.109144426
2021-05-31 00:00:00,32.749,0.145470444,0,0.5,0.072735222,9.026943449,8.771700069
2021-06-01 00:00:00,30.955,-0.054780299,0,0.5,-0.027390149,8.477664493,8.504051745
2021-06-02 00:00:00,33.994,0.09817477,0,0.5,0.049087385,9.408132023,8.970580791
2021-06-03 00:00:00,39.627,0.165705713,0,0.5,0.082852856,11.13281896,9.79667189
2021-06-04 00:00:00,37.37,-0.056956116,0,0.5,-0.028478058,10.44178072,9.489203643
2021-06-05 00:00:00,39.658,0.061225582,0,0.5,0.030612791,11.1423104,9.810307442
2021-06-06 00:00:00,42.199,0.064072823,0,0.5,0.032036411,11.9203025,10.1566309
2021-06-07 00:00:00,38.247,-0.093651508,0,0.5,-0.046825754,10.71029668,9.634213242
2021-06-08 00:00:00,41.229,0.077966899,0,0.5,0.03898345,11.62331221,10.04877156
2021-06-09 00:00:00,42.024,0.019282544,0,0.5,0.009641272,11.86672178,10.15529577
2021-06-10 00:00:00,41.09,-0.022225395,0,0.5,-0.011112698,11.5807538,10.03133034
2021-06-11 00:00:00,36.162,-0.119931857,0,0.5,-0.059965928,10.07192064,9.369826376
2021-06-12 00:00:00,36.474,0.008627841,0,0.5,0.004313921,10.16744741,9.414560985
2021-06-13 00:00:00,38.708,0.061249109,0,0.5,0.030624554,10.85144362,9.733502275
2021-06-14 00:00:00,39.672,0.024904413,0,0.5,0.012452206,11.14659686,9.867158059
2021-06-15 00:00:00,39.54,-0.003327284,0,0.5,-0.001663642,11.10618168,9.849079
2021-06-16 00:00:00,39.677,0.003464846,0,0.5,0.001732423,11.14812774,9.867874192
2021-06-17 00:00:00,39.269,-0.010283036,0,0.5,-0.005141518,11.02320811,9.811996824
2021-06-18 00:00:00,36.8,-0.062874023,1,1,-0.031437011,10.26726065,9.472099957
2021-06-19 00:00:00,35.151,-0.044809783,0,0.5,-0.044809783,9.762377147,9.002847434
2021-06-20 00:00:00,35.228,0.002190549,0,0.5,0.001095275,9.785952665,9.0138033
2021-06-21 00:00:00,26.578,-0.245543318,0,0.5,-0.122771659,7.137534062,7.784392057
2021-06-22 00:00:00,26.956,0.014222289,1,1,0.007111145,7.253268424,7.846859139
2021-06-23 00:00:00,30.774,0.141638225,0,0.5,0.141638225,8.422246716,9.099912566
2021-06-24 00:00:00,31.151,0.012250601,1,1,0.006125301,8.537674903,9.161777566
2021-06-25 00:00:00,28.591,-0.082180347,0,0.5,-0.082180347,7.753865466,8.326679156
2021-06-26 00:00:00,29.639,0.036654891,0,0.5,0.018327446,8.074737454,8.497613362
2021-06-27 00:00:00,31.853,0.074698876,1,1,0.037349438,8.752610147,8.852343886
2021-06-28 00:00:00,33.013,0.036417292,1,1,0.036417292,9.107773797,9.211139569
2021-06-29 00:00:00,33.949,0.028352467,1,1,0.028352467,9.394354123,9.500650569
2021-06-30 00:00:00,35.493,0.045479985,1,1,0.045479985,9.867089189,9.978219996
2021-07-01 00:00:00,33.254,-0.063082861,1,1,-0.063082861,9.181562108,9.285682466
2021-07-02 00:00:00,33.97,0.021531244,0,0.5,0.021531244,9.400783809,9.507146008
2021-07-03 00:00:00,34.5,0.015602002,0,0.5,0.007801001,9.563056857,9.589112264
2021-07-04 00:00:00,34.29,-0.006086957,0,0.5,-0.003043478,9.498759989,9.556884531
2021-07-05 00:00:00,32.887,-0.040915719,0,0.5,-0.020457859,9.069195677,9.340913271
2021-07-06 00:00:00,34.206,0.040107033,0,0.5,0.020053517,9.473041242,9.548284947
2021-07-07 00:00:00,36.659,0.071712565,0,0.5,0.035856283,10.22408989,9.926507232
2021-07-08 00:00:00,33.128,-0.09632014,0,0.5,-0.04816007,9.142983987,9.40028588
2021-07-09 00:00:00,33.325,0.005946631,0,0.5,0.002973316,9.203300573,9.431209213
2021-07-10 00:00:00,31.688,-0.049122281,0,0.5,-0.02456114,8.702091179,9.17500682
2021-07-11 00:00:00,32.173,0.015305478,0,0.5,0.007652739,8.850586326,9.252873494
2021-07-12 00:00:00,30.751,-0.044198552,0,0.5,-0.022099276,8.415204678,9.026292415
2021-07-13 00:00:00,29.147,-0.052160905,0,0.5,-0.026080453,7.924099078,8.76480217
2021-07-14 00:00:00,31.355,0.075753937,0,0.5,0.037876968,8.600134717,9.134663274
2021-07-15 00:00:00,28.572,-0.088757774,0,0.5,-0.044378887,7.748048131,8.684898198
2021-07-16 00:00:00,26.259,-0.080953381,0,0.5,-0.04047669,7.039864058,8.292885572
2021-07-17 00:00:00,26.79,0.020221638,0,0.5,0.010110819,7.202443281,8.386844257
2021-07-18 00:00:00,26.662,-0.004777902,0,0.5,-0.002388951,7.163252809,8.364419545
2021-07-19 00:00:00,24.511,-0.080676618,0,0.5,-0.040338309,6.504669177,7.986674694
2021-07-20 00:00:00,23.466,-0.042633919,0,0.5,-0.02131696,6.184715716,7.795106112
2021-07-21 00:00:00,26.675,0.136751044,1,1,0.068375522,7.167233091,8.396476083
2021-07-22 00:00:00,27.679,0.037638238,1,1,0.037638238,7.474633355,8.750142887
2021-07-23 00:00:00,28.519,0.030347917,0,0.5,0.030347917,7.731820826,9.046039416
2021-07-24 00:00:00,28.621,0.003576563,0,0.5,0.001788281,7.763050733,9.064004562
2021-07-25 00:00:00,28.232,-0.013591419,0,0.5,-0.006795709,7.64394844,8.995612511
2021-07-26 00:00:00,28.18,-0.001841882,0,0.5,-0.000920941,7.628027311,8.986407144
2021-07-27 00:00:00,28.102,-0.002767921,0,0.5,-0.00138396,7.604145617,8.972586354
2021-07-28 00:00:00,27.875,-0.008077717,0,0.5,-0.004038858,7.534643765,8.932308489
2021-07-29 00:00:00,31.25,0.121076233,0,0.5,0.060538117,8.567986283,9.533591738
2021-07-30 00:00:00,32.35,0.0352,0,0.5,0.0176,8.904779401,9.718982953
2021-07-31 00:00:00,36.721,0.13511592,1,1,0.06755796,10.24307278,10.44313557
2021-08-01 00:00:00,34.164,-0.06963318,1,1,-0.06963318,9.460181868,9.646313654
2021-08-02 00:00:00,33.194,-0.02839246,0,0.5,-0.02839246,9.163191574,9.344038621
2021-08-03 00:00:00,34.136,0.028378623,0,0.5,0.014189311,9.451608953,9.490813405
2021-08-04 00:00:00,35.771,0.047896649,1,1,0.023948324,9.952205995,9.742050807
2021-08-05 00:00:00,37.399,0.045511727,1,1,0.045511727,10.45065981,10.2309401
2021-08-06 00:00:00,39.546,0.057407952,1,1,0.057407952,11.10801874,10.87568537
2021-08-07 00:00:00,39.489,-0.001441359,1,1,-0.001441359,11.09056673,10.85856823
2021-08-08 00:00:00,37.688,-0.045607638,1,1,-0.045607638,10.53914455,10.31772695
2021-08-09 00:00:00,38.68,0.026321376,1,1,0.026321376,10.8428707,10.61562509
2021-08-10 00:00:00,40.676,0.051602896,1,1,0.051602896,11.45399712,11.21502498
2021-08-11 00:00:00,41.65,0.023945324,1,1,0.023945324,11.75221212,11.50751771
2021-08-12 00:00:00,41.122,-0.012677071,1,1,-0.012677071,11.59055142,11.34895903
2021-08-13 00:00:00,44.9,0.091872963,1,1,0.091872963,12.74728269,12.48349449
2021-08-14 00:00:00,44.141,-0.016904232,1,1,-0.016904232,12.51489544,12.25556637
2021-08-15 00:00:00,53.565,0.213497655,1,1,0.213497655,15.40029393,15.08559871
2021-08-16 00:00:00,62.128,0.15986185,1,1,0.15986185,18.02207526,17.65707228
2021-08-17 00:00:00,64.218,0.033640227,1,1,0.033640227,18.66198218,18.28470042
2021-08-18 00:00:00,72.787,0.133436108,1,1,0.133436108,21.28560056,20.85797579
2021-08-19 00:00:00,72.873,0.00118153,1,1,0.00118153,21.31193166,20.88380164
2021-08-20 00:00:00,78.771,0.080935326,1,1,0.080935326,23.11775512,22.65497426
2021-08-21 00:00:00,73.904,-0.061786698,1,1,-0.061786698,21.62759867,21.1934115
2021-08-22 00:00:00,72.806,-0.014857112,1,1,-0.014857112,21.2914179,20.8636815
2021-08-23 00:00:00,75.702,0.039776941,1,1,0.039776941,22.17810232,21.73335188
2021-08-24 00:00:00,70.511,-0.068571504,1,1,-0.068571504,20.58874499,20.17449175
2021-08-25 00:00:00,72.028,0.021514374,1,1,0.021514374,21.05321331,20.63004768
2021-08-26 00:00:00,74.875,0.039526295,1,1,0.039526295,21.92489513,21.48500333
2021-08-27 00:00:00,87.954,0.174677796,1,1,0.174677796,25.9293653,25.41263416
2021-08-28 00:00:00,96.225,0.094037792,1,1,0.094037792,28.46174336,27.89641998
2021-08-29 00:00:00,94.239,-0.020639127,1,1,-0.020639127,27.8536787,27.30002309
2021-08-30 00:00:00,110.318,0.170619383,1,1,0.170619383,32.77667555,32.12855556
2021-08-31 00:00:00,108.341,-0.01792092,1,1,-0.01792092,32.17136646,31.53486138
2021-09-01 00:00:00,110.894,0.023564486,1,1,0.023564486,32.95303267,32.30152867
2021-09-02 00:00:00,128.329,0.157222212,1,1,0.157222212,38.29120358,37.53726868
2021-09-03 00:00:00,146.403,0.140841119,1,1,0.140841119,43.82502067,42.96490074
2021-09-04 00:00:00,139.155,-0.049507182,1,1,-0.049507182,41.6058602,40.78832239
2021-09-05 00:00:00,142.14,0.0214509,1,1,0.0214509,42.51979425,41.68471951
2021-09-06 00:00:00,164.272,0.155705642,1,1,0.155705642,49.29607177,48.33097118
2021-09-07 00:00:00,173.644,0.057051719,1,1,0.057051719,52.16554913,51.14538789
2021-09-08 00:00:00,191.215,0.101189791,1,1,0.101189791,57.54535991,56.42196878
2021-09-09 00:00:00,188.127,-0.016149361,1,1,-0.016149361,56.59988978,55.49464069
2021-09-10 00:00:00,179.756,-0.044496537,1,1,-0.044496537,54.03689416,52.98082483
2021-09-11 00:00:00,179.243,-0.002853869,1,1,-0.002853869,53.87982609,52.82677065
2021-09-12 00:00:00,174.507,-0.026422231,1,1,-0.026422231,52.42977864,51.40454727
2021-09-13 00:00:00,169.656,-0.027798312,1,1,-0.027798312,50.94452099,49.94778932
2021-09-14 00:00:00,158.806,-0.06395294,1,1,-0.06395294,47.62251615,46.6895284
2021-09-15 00:00:00,158.991,0.001164943,1,1,0.001164943,47.67915863,46.745084
2021-09-16 00:00:00,152.365,-0.041675315,1,1,-0.041675315,45.65043936,44.75529259
2021-09-17 00:00:00,147.626,-0.031102944,1,1,-0.031102944,44.19947338,43.33216831
2021-09-18 00:00:00,169.228,0.146329237,1,1,0.146329237,50.81347785,49.81926069
2021-09-19 00:00:00,152.973,-0.096053845,1,1,-0.096053845,45.8365941,44.93787532
2021-09-20 00:00:00,132.834,-0.131650683,1,1,-0.131650683,39.67052448,38.89012264
2021-09-21 00:00:00,124.248,-0.064637066,1,1,-0.064637066,37.04170111,36.31174216
2021-09-22 00:00:00,147.952,0.190779731,1,1,0.190779731,44.29928661,43.43006628
2021-09-23 00:00:00,149.897,0.013146156,1,1,0.013146156,44.89479808,44.01415084
2021-09-24 00:00:00,139.147,-0.071715912,1,1,-0.071715912,41.6034108,40.78591998
2021-09-25 00:00:00,136.079,-0.022048625,1,1,-0.022048625,40.66406417,39.86459791
2021-09-26 00:00:00,135.619,-0.003380389,1,1,-0.003380389,40.52322342,39.72645966
2021-09-27 00:00:00,136.308,0.005080409,1,1,0.005080409,40.73417838,39.93336673
2021-09-28 00:00:00,132.158,-0.030445755,1,1,-0.030445755,39.4635498,38.68711947
2021-09-29 00:00:00,135.265,0.023509738,1,1,0.023509738,40.41483727,39.62015327
2021-09-30 00:00:00,141.358,0.045044912,1,1,0.045044912,42.28036496,41.44988449
2021-10-01 00:00:00,161.597,0.143175484,1,1,0.143175484,48.47705214,47.52766722
2021-10-02 00:00:00,168.889,0.0451246,1,1,0.0451246,50.70968433,49.7174588
2021-10-03 00:00:00,173.045,0.024607879,1,1,0.024607879,51.98214996,50.96550787
2021-10-04 00:00:00,167.244,-0.033523072,1,1,-0.033523072,50.20602554,49.2234644
2021-10-05 00:00:00,164.745,-0.01494224,1,1,-0.01494224,49.44089281,48.47301334
2021-10-06 00:00:00,154.005,-0.06519166,0,0.5,-0.06519166,46.15256728,45.24778548
2021-10-07 00:00:00,154.38,0.002434986,0,0.5,0.001217493,46.26738312,45.30409184
2021-10-08 00:00:00,158.932,0.029485685,0,0.5,0.014742842,47.66109427,45.98674576
2021-10-09 00:00:00,156.943,-0.012514786,0,0.5,-0.006257393,47.05211108,45.69273122
2021-10-10 00:00:00,147.62,-0.059403733,0,0.5,-0.029701866,44.19763632,44.30586996
2021-10-11 00:00:00,144.888,-0.018506977,0,0.5,-0.009253489,43.36116469,43.88663261
2021-10-12 00:00:00,152.328,0.051350008,0,0.5,0.025675004,45.63911087,45.03909709
2021-10-13 00:00:00,148.08,-0.027887191,0,0.5,-0.013943595,44.33847708,44.39714655
2021-10-14 00:00:00,150.164,0.014073474,0,0.5,0.007036737,44.97654695,44.71659432
2021-10-15 00:00:00,163.236,0.08705149,1,1,0.043525745,48.97887389,46.70644316
2021-10-16 00:00:00,157.686,-0.033999853,1,1,-0.033999853,47.27959952,45.0844311
2021-10-17 00:00:00,160.291,0.016520173,1,1,0.016520173,48.07718686,45.84575388
2021-10-18 00:00:00,157.263,-0.018890643,0,0.5,-0.018890643,47.15008726,44.96080748
2021-10-19 00:00:00,155.941,-0.0084063,1,1,-0.00420315,46.74532317,44.76762731
2021-10-20 00:00:00,176.821,0.133896794,1,1,0.133896794,53.13826888,50.89576589
2021-10-21 00:00:00,190.647,0.07819207,1,1,0.07819207,57.37145219,54.95360324
2021-10-22 00:00:00,196.446,0.030417473,1,1,0.030417473,59.14696427,56.65557047
2021-10-23 00:00:00,197.88,0.007299716,1,1,0.007299716,59.58602002,57.07643975
2021-10-24 00:00:00,202.386,0.022771377,1,1,0.022771377,60.9656471,58.39892023
2021-10-25 00:00:00,209.949,0.037369186,1,1,0.037369186,63.28125287,60.61860951
2021-10-26 00:00:00,199.998,-0.047397225,1,1,-0.047397225,60.23449986,57.69805841
2021-10-27 00:00:00,184.468,-0.077650777,1,1,-0.077650777,55.4795934,53.14010859
2021-10-28 00:00:00,195.5,0.059804411,1,1,0.059804411,58.85732219,56.37792587
2021-10-29 00:00:00,200.529,0.025723785,1,1,0.025723785,60.39707909,57.85390331
2021-10-30 00:00:00,195.85,-0.023333283,1,1,-0.023333283,58.96448363,56.4806485
2021-10-31 00:00:00,202.668,0.034812356,1,1,0.034812356,61.05198861,58.48168532
2021-11-01 00:00:00,204.144,0.007282847,1,1,0.007282847,61.50390374,58.91488133
2021-11-02 00:00:00,221.044,0.082784701,1,1,0.082784701,66.67827072,63.87491686
2021-11-03 00:00:00,243.25,0.100459637,1,1,0.100459637,73.47720523,70.39222746
2021-11-04 00:00:00,246.995,0.015395683,1,1,0.015395683,74.62383271,71.4913596
2021-11-05 00:00:00,236.231,-0.04357983,1,1,-0.04357983,71.32815897,68.3321985
2021-11-06 00:00:00,258.336,0.093573663,1,1,0.093573663,78.09616974,74.81986628
2021-11-07 00:00:00,249.746,-0.03325127,1,1,-0.03325127,75.46612167,72.29875946
2021-11-08 00:00:00,248.42,-0.005309394,1,1,-0.005309394,75.06013288,71.90958745
2021-11-09 00:00:00,239.301,-0.036707995,1,1,-0.036707995,72.26811794,69.23322271
2021-11-10 00:00:00,233.233,-0.025357186,1,1,-0.025357186,70.41024463,67.45230581
2021-11-11 00:00:00,233.469,0.001011864,1,1,0.001011864,70.48250207,67.52157021
2021-11-12 00:00:00,228.572,-0.020974947,1,1,-0.020974947,68.98316034,66.08433388
2021-11-13 00:00:00,241.568,0.056857358,1,1,0.056857358,72.96221794,69.89857185
2021-11-14 00:00:00,238.737,-0.011719267,1,1,-0.011719267,72.09543492,69.06769253
2021-11-15 00:00:00,238.282,-0.001905863,1,1,-0.001905863,71.95612504,68.93415311
2021-11-16 00:00:00,219.043,-0.080740467,1,1,-0.080740467,66.06561342,63.28763692
2021-11-17 00:00:00,219.073,0.000136959,1,1,0.000136959,66.07479869,63.29644171
2021-11-18 00:00:00,195.18,-0.109064102,1,1,-0.109064102,58.75934601,56.28400804
2021-11-19 00:00:00,215.369,0.103437852,1,1,0.103437852,64.94072441,62.2093428
2021-11-20 00:00:00,217.695,0.010800069,1,1,0.010800069,65.65288877,62.89200805
2021-11-21 00:00:00,230.788,0.060143779,1,1,0.060143779,69.66164539,66.73471487
2021-11-22 00:00:00,215.61,-0.065765984,1,1,-0.065765984,65.01451272,62.28007467
2021-11-23 00:00:00,221.918,0.029256528,1,1,0.029256528,66.94586816,64.13142994
2021-11-24 00:00:00,205.779,-0.072725061,0,0.5,-0.072725061,62.00450078,59.39474275
2021-11-25 00:00:00,210.181,0.021391882,1,1,0.010695941,63.3522856,60.04072135
2021-11-26 00:00:00,192.423,-0.084489083,1,1,-0.084489083,57.91521999,54.88344676
2021-11-27 00:00:00,192.775,0.001829303,0,0.5,0.001829303,58.02299378,54.98567453
2021-11-28 00:00:00,200.713,0.041177539,1,1,0.020588769,60.45341539,56.13835066
2021-11-29 00:00:00,204.275,0.017746733,1,1,0.017746733,61.54401274,57.15236971
2021-11-30 00:00:00,208.617,0.02125566,1,1,0.02125566,62.87342702,58.38843672
2021-12-01 00:00:00,229.812,0.101597665,1,1,0.101597665,69.36281804,64.4221632
2021-12-02 00:00:00,233.677,0.016818095,1,1,0.016818095,70.54618658,65.52243934
2021-12-03 00:00:00,211.607,-0.094446608,0,0.5,-0.094446608,63.78889195,59.2396206
2021-12-04 00:00:00,200.583,-0.052096575,0,0.5,-0.026048288,60.41361257,57.67048163
2021-12-05 00:00:00,196.317,-0.021268004,0,0.5,-0.010634002,59.10746762,57.04657962
2021-12-06 00:00:00,193.518,-0.014257553,0,0.5,-0.007128776,58.25048223,56.63277853
2021-12-07 00:00:00,190.155,-0.017378228,0,0.5,-0.008689114,57.22081381,56.13200074
2021-12-08 00:00:00,194.539,0.023054876,0,0.5,0.011527438,58.56308747,56.79058634
2021-12-09 00:00:00,181.04,-0.069389685,0,0.5,-0.034694843,54.43002358,54.78555104
2021-12-10 00:00:00,167.229,-0.076287008,0,0.5,-0.038143504,50.2014329,52.65769464
2021-12-11 00:00:00,172.09,0.029067925,0,0.5,0.014533962,51.6897523,53.43755356
2021-12-12 00:00:00,172.799,0.004119937,0,0.5,0.002059969,51.90683078,53.54969321
2021-12-13 00:00:00,155.19,-0.101904525,0,0.5,-0.050952262,46.51538532,50.77026292
2021-12-14 00:00:00,161.16,0.038468974,0,0.5,0.019234487,48.34325342,51.76603736
2021-12-15 00:00:00,178.43,0.107160586,0,0.5,0.053580293,53.63090536,54.5932571
2021-12-16 00:00:00,176.92,-0.008462702,0,0.5,-0.004231351,53.16858026,54.3580225
2021-12-17 00:00:00,175.51,-0.007969704,0,0.5,-0.003984852,52.73687272,54.13742898
2021-12-18 00:00:00,182.68,0.040852373,0,0.5,0.020426187,54.9321515,55.26367639
2021-12-19 00:00:00,179.86,-0.015436829,0,0.5,-0.007718415,54.06873641,54.82941
2021-12-20 00:00:00,173.91,-0.033081285,0,0.5,-0.016540643,52.24699183,53.90595568
2021-12-21 00:00:00,179.56,0.032488069,0,0.5,0.016244034,53.97688375,54.7978499
2021-12-22 00:00:00,178.37,-0.006627311,0,0.5,-0.003313656,53.61253483,54.61295504
2021-12-23 00:00:00,190.11,0.065818243,0,0.5,0.032909121,57.20703591,56.44312854
2021-12-24 00:00:00,190.36,0.001315028,0,0.5,0.000657514,57.2835798,56.4808982
2021-12-25 00:00:00,193,0.01386846,0,0.5,0.00693423,58.09188329,56.87948396
2021-12-26 00:00:00,197.8,0.024870466,1,1,0.012435233,59.56152598,57.59922884
2021-12-27 00:00:00,195.71,-0.010566229,1,1,-0.010566229,58.92161906,56.980056
2021-12-28 00:00:00,177.2,-0.094578713,0,0.5,-0.094578713,53.25430942,51.4963769
2021-12-29 00:00:00,170.66,-0.036907449,0,0.5,-0.018453725,51.25192125,50.52762322
2021-12-30 00:00:00,172.48,0.010664479,0,0.5,0.00533224,51.80916077,50.80238085
2021-12-31 00:00:00,169.98,-0.014494434,0,0.5,-0.007247217,51.04372187,50.42695775
2022-01-01 00:00:00,179.05,0.053359219,0,0.5,0.026679609,53.82073421,51.79900889
2022-01-02 00:00:00,176.29,-0.015414689,0,0.5,-0.007707344,52.97568966,51.39206875
2022-01-03 00:00:00,170.18,-0.034658801,0,0.5,-0.0173294,51.10495698,50.48414561
2022-01-04 00:00:00,167.83,-0.013808908,0,0.5,-0.006904454,50.38544441,50.12867569
2022-01-05 00:00:00,154.38,-0.080140618,-1,0,-0.040070309,46.26738312,48.07993385
2022-01-06 00:00:00,150.26,-0.026687395,-1,0,0,45.00593981,48.07993385
2022-01-07 00:00:00,136.43,-0.092040463,-1,0,0,40.7715318,48.07993385
2022-01-08 00:00:00,142.15,0.041926263,-1,0,0,42.52285601,48.07993385
2022-01-09 00:00:00,140.77,-0.009708055,-1,0,0,42.10033373,48.07993385
2022-01-10 00:00:00,135.73,-0.035803083,-1,0,0,40.5572089,48.07993385
2022-01-11 00:00:00,140.13,0.032417299,-1,0,0,41.90438137,48.07993385
2022-01-12 00:00:00,151.48,0.080996218,-1,0,0,45.37947399,48.07993385
2022-01-13 00:00:00,146.1,-0.03551624,-1,0,0,43.73224947,48.07993385
2022-01-14 00:00:00,146.13,0.000205339,-1,0,0,43.74143474,48.07993385
2022-01-15 00:00:00,147.57,0.009854239,-1,0,0,44.18232755,48.07993385
2022-01-16 00:00:00,147.92,0.002371756,-1,0,0,44.28948899,48.07993385
2022-01-17 00:00:00,139.74,-0.055300162,-1,0,0,41.7849729,48.07993385
2022-01-18 00:00:00,141.19,0.010376413,0,0.5,0,42.22892747,48.07993385
2022-01-19 00:00:00,135.21,-0.042354274,0,0.5,-0.021177137,40.39799761,47.04056136
2022-01-20 00:00:00,127.45,-0.057392205,-1,0,-0.028696102,38.02207526,45.66198449
2022-01-21 00:00:00,112.2,-0.119654767,-1,0,0,33.35289795,45.66198449
2022-01-22 00:00:00,94.46,-0.158110517,-1,0,0,27.9213435,45.66198449
2022-01-23 00:00:00,99.67,0.055155621,-1,0,0,29.51651817,45.66198449
2022-01-24 00:00:00,91.85,-0.078458914,-1,0,0,27.12222528,45.66198449
2022-01-25 00:00:00,94.54,0.029286881,-1,0,0,27.94583754,45.66198449
2022-01-26 00:00:00,92.06,-0.026232283,-1,0,0,27.18652215,45.66198449
2022-01-27 00:00:00,89.43,-0.028568325,-1,0,0,26.38128043,45.66198449
2022-01-28 00:00:00,91.29,0.02079839,-1,0,0,26.95076697,45.66198449
2022-01-29 00:00:00,96.11,0.052798773,-1,0,0,28.42653317,45.66198449
2022-01-30 00:00:00,93.15,-0.030798044,-1,0,0,27.52025351,45.66198449
2022-01-31 00:00:00,99.48,0.067954911,-1,0,0,29.45834481,45.66198449
2022-02-01 00:00:00,109.97,0.105448331,-1,0,0,32.67012645,45.66198449
2022-02-02 00:00:00,101.84,-0.073929253,-1,0,0,30.18091914,45.66198449
2022-02-03 00:00:00,101.76,-0.000785546,-1,0,0,30.15642509,45.66198449
2022-02-04 00:00:00,112.57,0.106230346,-1,0,0,33.46618291,45.66198449
2022-02-05 00:00:00,113.66,0.009682864,-1,0,0,33.79991427,45.66198449
2022-02-06 00:00:00,115.18,0.013373218,-1,0,0,34.26530112,45.66198449
2022-02-07 00:00:00,117.46,0.019795103,-1,0,0,34.9633814,45.66198449
2022-02-08 00:00:00,113.37,-0.034820364,-1,0,0,33.71112336,45.66198449
2022-02-09 00:00:00,113.9,0.004674958,-1,0,0,33.87339641,45.66198449
2022-02-10 00:00:00,106.09,-0.06856892,-1,0,0,31.48216527,45.66198449
2022-02-11 00:00:00,96.44,-0.090960505,-1,0,0,28.52757111,45.66198449
2022-02-12 00:00:00,95.88,-0.005806719,-1,0,0,28.3561128,45.66198449
2022-02-13 00:00:00,92.8,-0.032123488,-1,0,0,27.41309207,45.66198449
2022-02-14 00:00:00,96.37,0.038469828,-1,0,0,28.50613882,45.66198449
2022-02-15 00:00:00,105.44,0.094116426,-1,0,0,31.28315116,45.66198449
2022-02-16 00:00:00,101.78,-0.034711684,-1,0,0,30.16254861,45.66198449
2022-02-17 00:00:00,93.46,-0.08174494,-1,0,0,27.61516794,45.66198449
2022-02-18 00:00:00,89.82,-0.038947143,-1,0,0,26.5006889,45.66198449
2022-02-19 00:00:00,91.25,0.01592073,-1,0,0,26.93851995,45.66198449
2022-02-20 00:00:00,90.63,-0.006794521,-1,0,0,26.7486911,45.66198449
2022-02-21 00:00:00,82.89,-0.085402185,-1,0,0,24.37889226,45.66198449
2022-02-22 00:00:00,86.34,0.041621426,-1,0,0,25.43519794,45.66198449
2022-02-23 00:00:00,84.53,-0.020963632,-1,0,0,24.88102018,45.66198449
2022-02-24 00:00:00,89.35,0.057021176,-1,0,0,26.35678638,45.66198449
2022-02-25 00:00:00,92.69,0.037381086,0,0.5,0,27.37941276,45.66198449
2022-02-26 00:00:00,90.21,-0.026755853,0,0.5,-0.013377926,26.62009736,45.03774389
2022-02-27 00:00:00,85.58,-0.051324687,-1,0,-0.025662343,25.20250452,43.8563075
2022-02-28 00:00:00,99.62,0.164057023,0,0.5,0,29.50120939,43.8563075
2022-03-01 00:00:00,98.61,-0.010138526,0,0.5,-0.005069263,29.19197208,43.62891907
2022-03-02 00:00:00,100.69,0.021093195,0,0.5,0.010546598,29.82881724,44.09960233
2022-03-03 00:00:00,95.58,-0.050749826,-1,0,-0.025374913,28.26426013,42.95520384
2022-03-04 00:00:00,88.26,-0.07658506,-1,0,0,26.02305502,42.95520384
2022-03-05 00:00:00,89.59,0.015069114,-1,0,0,26.43026852,42.95520384
2022-03-06 00:00:00,84.53,-0.056479518,-1,0,0,24.88102018,42.95520384
2022-03-07 00:00:00,81.62,-0.034425648,-1,0,0,23.99004929,42.95520384
2022-03-08 00:00:00,82.25,0.007718696,-1,0,0,24.1829399,42.95520384
2022-03-09 00:00:00,88.04,0.070395137,-1,0,0,25.9556964,42.95520384
2022-03-10 00:00:00,82.81,-0.059404816,-1,0,0,24.35439821,42.95520384
2022-03-11 00:00:00,80.64,-0.026204565,-1,0,0,23.68999724,42.95520384
2022-03-12 00:00:00,81.38,0.009176587,-1,0,0,23.91656716,42.95520384
2022-03-13 00:00:00,78.69,-0.033054805,-1,0,0,23.0929549,42.95520384
2022-03-14 00:00:00,81.2,0.031897319,-1,0,0,23.86145556,42.95520384
2022-03-15 00:00:00,82.83,0.020073892,-1,0,0,24.36052172,42.95520384
2022-03-16 00:00:00,87.73,0.05915731,-1,0,0,25.86078197,42.95520384
2022-03-17 00:00:00,87.83,0.001139861,-1,0,0,25.89139953,42.95520384
2022-03-18 00:00:00,89.77,0.022088125,-1,0,0,26.48538012,42.95520384
2022-03-19 00:00:00,92.31,0.02829453,-1,0,0,27.26306604,42.95520384
2022-03-20 00:00:00,88.58,-0.040407323,-1,0,0,26.1210312,42.95520384
2022-03-21 00:00:00,88.55,-0.000338677,-1,0,0,26.11184593,42.95520384
2022-03-22 00:00:00,90.44,0.021343874,-1,0,0,26.69051774,42.95520384
2022-03-23 00:00:00,94.83,0.048540469,0,0.5,0,28.03462846,42.95520384
2022-03-24 00:00:00,102.33,0.079088896,0,0.5,0.039544448,30.33094516,44.69338811
2022-03-25 00:00:00,98.55,-0.036939314,0,0.5,-0.018469657,29.17360154,43.8494469
2022-03-26 00:00:00,101.68,0.031760528,0,0.5,0.015880264,30.13193105,44.56166795
2022-03-27 00:00:00,106.94,0.051730921,0,0.5,0.02586546,31.7424145,45.74014146
2022-03-28 00:00:00,105.73,-0.011314756,0,0.5,-0.005657378,31.37194207,45.47571482
2022-03-29 00:00:00,111.56,0.055140452,0,0.5,0.027570226,33.15694559,46.75706078
2022-03-30 00:00:00,120.85,0.083273575,0,0.5,0.041636787,36.00131655,48.74551137
2022-03-31 00:00:00,122.85,0.016549441,0,0.5,0.008274721,36.61366768,49.15714158
2022-04-01 00:00:00,134.53,0.095075295,0,0.5,0.047537648,40.18979823,51.5414941
2022-04-02 00:00:00,132.48,-0.015238237,0,0.5,-0.007619118,39.56213833,51.14117423
2022-04-03 00:00:00,136.85,0.032986111,0,0.5,0.016493056,40.90012553,52.00114152
2022-04-04 00:00:00,132.09,-0.034782609,0,0.5,-0.017391304,39.44272986,51.07938253
2022-04-05 00:00:00,126.84,-0.039745628,0,0.5,-0.019872814,37.83530817,50.04441865
2022-04-06 00:00:00,112.87,-0.110138757,0,0.5,-0.055069379,33.55803558,47.23343423
2022-04-07 00:00:00,118.41,0.049083016,0,0.5,0.024541508,35.25424819,48.41715544
2022-04-08 00:00:00,109.83,-0.072460096,0,0.5,-0.036230048,32.62726187,46.62676952
2022-04-09 00:00:00,112.89,0.02786124,0,0.5,0.01393062,33.56415909,47.29023995
2022-04-10 00:00:00,111.04,-0.016387634,0,0.5,-0.008193817,32.9977343,46.89455856
2022-04-11 00:00:00,99.62,-0.102845821,0,0.5,-0.051422911,29.50120939,44.43168095
2022-04-12 00:00:00,103.17,0.035635415,0,0.5,0.017817707,30.58813264,45.24116934
2022-04-13 00:00:00,104.89,0.016671513,0,0.5,0.008335757,31.1147546,45.62662447
2022-04-14 00:00:00,100.72,-0.039755935,0,0.5,-0.019877967,29.83800251,44.69978195
2022-04-15 00:00:00,101.33,0.006056394,0,0.5,0.003028197,30.0247696,44.83816989
2022-04-16 00:00:00,102.02,0.006809435,0,0.5,0.003404717,30.23603074,44.9942359
2022-04-17 00:00:00,100.08,-0.019015879,0,0.5,-0.00950794,29.64205015,44.55692548
2022-04-18 00:00:00,102.35,0.022681855,0,0.5,0.011340927,30.33706868,45.07358326
2022-04-19 00:00:00,108.45,0.059599414,0,0.5,0.029799707,32.2047396,46.44656254
2022-04-20 00:00:00,105.52,-0.027017059,0,0.5,-0.013508529,31.3076452,45.80562926
2022-04-21 00:00:00,101.69,-0.036296437,0,0.5,-0.018148218,30.1349928,44.95619048
2022-04-22 00:00:00,100.5,-0.011702232,0,0.5,-0.005851116,29.77064389,44.68729547
2022-04-23 00:00:00,100.61,0.001094527,-1,0,0.000547264,29.8043232,44.71229847
2022-04-24 00:00:00,99.13,-0.014710267,0,0.5,0,29.35118337,44.71229847
2022-04-25 00:00:00,100.94,0.018258852,-1,0,0.009129426,29.90536113,45.12962552
2022-04-26 00:00:00,95.65,-0.052407371,-1,0,0,28.28569242,45.12962552
2022-04-27 00:00:00,98.3,0.027705175,-1,0,0,29.09705765,45.12962552
2022-04-28 00:00:00,98.18,-0.001220753,-1,0,0,29.06031659,45.12962552
2022-04-29 00:00:00,93.94,-0.043185985,-1,0,0,27.76213221,45.12962552
2022-04-30 00:00:00,84.5,-0.100489674,-1,0,0,24.87183491,45.12962552
2022-05-01 00:00:00,89.61,0.060473373,-1,0,0,26.43639203,45.12962552
2022-05-02 00:00:00,87.44,-0.024216047,-1,0,0,25.77199106,45.12962552
2022-05-03 00:00:00,85.81,-0.018641354,-1,0,0,25.2729249,45.12962552
2022-05-04 00:00:00,92.7,0.080293672,-1,0,0,27.38247451,45.12962552
2022-05-05 00:00:00,84.48,-0.088673139,-1,0,0,24.8657114,45.12962552
2022-05-06 00:00:00,81.63,-0.033735795,-1,0,0,23.99311105,45.12962552
2022-05-07 00:00:00,78.8,-0.034668627,-1,0,0,23.12663421,45.12962552
2022-05-08 00:00:00,75.34,-0.043908629,-1,0,0,22.06726677,45.12962552
2022-05-09 00:00:00,62.08,-0.176002124,-1,0,0,18.00737883,45.12962552
2022-05-10 00:00:00,66.83,0.076514175,-1,0,0,19.46171275,45.12962552
2022-05-11 00:00:00,50.84,-0.239263804,-1,0,0,14.56596552,45.12962552
2022-05-12 00:00:00,44.63,-0.122147915,-1,0,0,12.66461529,45.12962552
2022-05-13 00:00:00,48.88,0.095227425,-1,0,0,13.96586142,45.12962552
2022-05-14 00:00:00,52.4,0.072013093,-1,0,0,15.0435994,45.12962552
2022-05-15 00:00:00,58.8,0.122137405,-1,0,0,17.00312299,45.12962552
2022-05-16 00:00:00,53.77,-0.085544218,-1,0,0,15.46305992,45.12962552
2022-05-17 00:00:00,57,0.060070671,-1,0,0,16.45200698,45.12962552
2022-05-18 00:00:00,49.92,-0.124210526,-1,0,0,14.28428401,45.12962552
2022-05-19 00:00:00,52.18,0.045272436,-1,0,0,14.97624078,45.12962552
2022-05-20 00:00:00,49.41,-0.053085473,-1,0,0,14.12813447,45.12962552
2022-05-21 00:00:00,50.27,0.017405384,-1,0,0,14.39144545,45.12962552
2022-05-22 00:00:00,52.44,0.043166899,-1,0,0,15.05584642,45.12962552
2022-05-23 00:00:00,49.14,-0.062929062,-1,0,0,14.04546707,45.12962552
2022-05-24 00:00:00,49.66,0.010582011,-1,0,0,14.20467836,45.12962552
2022-05-25 00:00:00,47.95,-0.034434152,-1,0,0,13.68111815,45.12962552
2022-05-26 00:00:00,43.41,-0.09468196,-1,0,0,12.29108111,45.12962552
2022-05-27 00:00:00,41.15,-0.052061737,-1,0,0,11.59912434,45.12962552
2022-05-28 00:00:00,44.22,0.074605103,-1,0,0,12.53908331,45.12962552
2022-05-29 00:00:00,44.95,0.016508367,-1,0,0,12.76259147,45.12962552
2022-05-30 00:00:00,47.21,0.050278087,-1,0,0,13.45454824,45.12962552
2022-05-31 00:00:00,45.76,-0.030713832,-1,0,0,13.01059367,45.12962552
2022-06-01 00:00:00,40.09,-0.123907343,-1,0,0,11.27457824,45.12962552
2022-06-02 00:00:00,40.84,0.018707907,-1,0,0,11.50420991,45.12962552
2022-06-03 00:00:00,38.24,-0.063663075,-1,0,0,10.70815346,45.12962552
2022-06-04 00:00:00,38.99,0.019612971,-1,0,0,10.93778513,45.12962552
2022-06-05 00:00:00,38.51,-0.012310849,-1,0,0,10.79082086,45.12962552
2022-06-06 00:00:00,42.35,0.09971436,-1,0,0,11.96653501,45.12962552
2022-06-07 00:00:00,39.28,-0.072491145,-1,0,0,11.02657604,45.12962552
2022-06-08 00:00:00,38.8,-0.012219959,-1,0,0,10.87961177,45.12962552
2022-06-09 00:00:00,39.95,0.029639175,-1,0,0,11.23171366,45.12962552
2022-06-10 00:00:00,37.12,-0.070838548,-1,0,0,10.36523683,45.12962552
2022-06-11 00:00:00,33.91,-0.086476293,-1,0,0,9.382413276,45.12962552
2022-06-12 00:00:00,30.56,-0.098790917,-1,0,0,8.356725146,45.12962552
2022-06-13 00:00:00,28.58,-0.064790576,-1,0,0,7.750497535,45.12962552
2022-06-14 00:00:00,29.56,0.034289713,-1,0,0,8.050549585,45.12962552
2022-06-15 00:00:00,34.72,0.174560217,-1,0,0,9.63041548,45.12962552
2022-06-16 00:00:00,30.1,-0.133064516,-1,0,0,8.215884388,45.12962552
2022-06-17 00:00:00,30.7,0.019933555,-1,0,0,8.399589725,45.12962552
2022-06-18 00:00:00,31.98,0.041693811,-1,0,0,8.791494443,45.12962552
2022-06-19 00:00:00,34.16,0.068167605,-1,0,0,9.458957166,45.12962552
2022-06-20 00:00:00,35.22,0.031030445,-1,0,0,9.783503261,45.12962552
2022-06-21 00:00:00,36.39,0.033219761,-1,0,0,10.14172867,45.12962552
2022-06-22 00:00:00,34.11,-0.062654575,-1,0,0,9.443648388,45.12962552
2022-06-23 00:00:00,38.15,0.11844034,-1,0,0,10.68059765,45.12962552
2022-06-24 00:00:00,41.89,0.098034076,-1,0,0,11.82569425,45.12962552
2022-06-25 00:00:00,42.21,0.007639055,-1,0,0,11.92367043,45.12962552
2022-06-26 00:00:00,39.36,-0.067519545,-1,0,0,11.05107008,45.12962552
2022-06-27 00:00:00,38.5,-0.021849593,-1,0,0,10.7877591,45.12962552
2022-06-28 00:00:00,35.32,-0.082597403,-1,0,0,9.814120817,45.12962552
2022-06-29 00:00:00,34.02,-0.036806342,-1,0,0,9.416092587,45.12962552
2022-06-30 00:00:00,33.73,-0.008524397,-1,0,0,9.327301675,45.12962552
2022-07-01 00:00:00,32.83,-0.026682479,-1,0,0,9.05174367,45.12962552
2022-07-02 00:00:00,33.34,0.015534572,-1,0,0,9.207893206,45.12962552
2022-07-03 00:00:00,33.37,0.00089982,-1,0,0,9.217078473,45.12962552
2022-07-04 00:00:00,36.71,0.100089901,-1,0,0,10.23970485,45.12962552
2022-07-05 00:00:00,35.37,-0.036502315,-1,0,0,9.829429595,45.12962552
2022-07-06 00:00:00,37.01,0.046366978,-1,0,0,10.33155752,45.12962552
2022-07-07 00:00:00,38.44,0.038638206,-1,0,0,10.76938857,45.12962552
2022-07-08 00:00:00,38.1,-0.008844953,-1,0,0,10.66528888,45.12962552
2022-07-09 00:00:00,38.02,-0.002099738,-1,0,0,10.64079483,45.12962552
2022-07-10 00:00:00,36.7,-0.034718569,-1,0,0,10.23664309,45.12962552
2022-07-11 00:00:00,33.39,-0.090190736,-1,0,0,9.223201984,45.12962552
2022-07-12 00:00:00,32.65,-0.022162324,0,0.5,0,8.996632069,45.12962552
2022-07-13 00:00:00,34.93,0.069831547,0,0.5,0.034915773,9.694712348,46.74027707
2022-07-14 00:00:00,37.12,0.062696822,0,0.5,0.031348411,10.36523683,48.2368589
2022-07-15 00:00:00,37.35,0.006196121,0,0.5,0.00309806,10.43565721,48.38939766
2022-07-16 00:00:00,39.57,0.059437751,0,0.5,0.029718876,11.11536695,49.85719502
2022-07-17 00:00:00,38.58,-0.025018954,0,0.5,-0.012509477,10.81225315,49.22099811
2022-07-18 00:00:00,43.53,0.128304821,0,0.5,0.064152411,12.32782217,52.4427962
2022-07-19 00:00:00,44.86,0.030553641,0,0.5,0.015276821,12.73503567,53.25923221
2022-07-20 00:00:00,42.02,-0.06330807,0,0.5,-0.031654035,11.86549708,51.54170859
2022-07-21 00:00:00,43.11,0.025940029,0,0.5,0.012970014,12.19922844,52.2231753
2022-07-22 00:00:00,40.49,-0.060774762,0,0.5,-0.030387381,11.39704847,50.60586239
2022-07-23 00:00:00,39.95,-0.013336626,0,0.5,-0.006668313,11.23171366,50.26173834
2022-07-24 00:00:00,40.91,0.024030038,-1,0,0.012015019,11.5256422,50.87764908
2022-07-25 00:00:00,36.64,-0.104375458,-1,0,0,10.21827256,50.87764908
2022-07-26 00:00:00,36.22,-0.011462882,-1,0,0,10.08967882,50.87764908
2022-07-27 00:00:00,40.21,0.110160133,0,0.5,0,11.31131931,50.87764908
2022-07-28 00:00:00,42.9,0.066898781,0,0.5,0.033449391,12.13493157,52.61292484
2022-07-29 00:00:00,41.9,-0.023310023,0,0.5,-0.011655012,11.82875601,51.98806557
2022-07-30 00:00:00,43.83,0.046062053,0,0.5,0.023031026,12.41967484,53.2084351
2022-07-31 00:00:00,42.32,-0.034451289,0,0.5,-0.017225645,11.95734974,52.27465987
2022-08-01 00:00:00,41.61,-0.016776938,0,0.5,-0.008388469,11.7399651,51.82776705
2022-08-02 00:00:00,39.73,-0.045181447,0,0.5,-0.022590723,11.16435504,50.63434957
2022-08-03 00:00:00,38.52,-0.030455575,0,0.5,-0.015227788,10.79388261,49.84807267
2022-08-04 00:00:00,38.81,0.007528557,0,0.5,0.003764278,10.88267352,50.03947896
2022-08-05 00:00:00,40.55,0.044833806,0,0.5,0.022416903,11.415419,51.18362601
2022-08-06 00:00:00,40.04,-0.012577065,0,0.5,-0.006288533,11.25926947,50.85546757
2022-08-07 00:00:00,40.59,0.013736264,0,0.5,0.006868132,11.42766602,51.21161776
2022-08-08 00:00:00,42.15,0.038433112,0,0.5,0.019216556,11.9052999,52.21494522
2022-08-09 00:00:00,40.3,-0.043890866,0,0.5,-0.021945433,11.33887511,51.04712021
2022-08-10 00:00:00,42.45,0.053349876,0,0.5,0.026674938,11.99715257,52.43547391
2022-08-11 00:00:00,42.75,0.007067138,0,0.5,0.003533569,12.08900524,52.62429184
2022-08-12 00:00:00,45.46,0.063391813,0,0.5,0.031695906,12.91874101,54.32396238
2022-08-13 00:00:00,46.57,0.02441707,0,0.5,0.012208535,13.25859588,54.99938691
2022-08-14 00:00:00,44.86,-0.036718918,0,0.5,-0.018359459,12.73503567,53.97126847
2022-08-15 00:00:00,43.7,-0.025858226,0,0.5,-0.012929113,12.37987202,53.26053874
2022-08-16 00:00:00,43.06,-0.014645309,0,0.5,-0.007322654,12.18391966,52.86320756
2022-08-17 00:00:00,40.51,-0.059219693,-1,0,-0.029609847,11.40317198,51.26832624
2022-08-18 00:00:00,39.48,-0.025425821,-1,0,0,11.08781115,51.26832624
2022-08-19 00:00:00,35.79,-0.093465046,-1,0,0,9.958023331,51.26832624
2022-08-20 00:00:00,35.25,-0.015088013,-1,0,0,9.792688528,51.26832624
2022-08-21 00:00:00,36.45,0.034042553,-1,0,0,10.1600992,51.26832624
2022-08-22 00:00:00,35.39,-0.029080933,-1,0,0,9.835553106,51.26832624
2022-08-23 00:00:00,35.66,0.007629274,-1,0,0,9.918220508,51.26832624
2022-08-24 00:00:00,34.85,-0.022714526,-1,0,0,9.670218303,51.26832624
2022-08-25 00:00:00,35.22,0.01061693,-1,0,0,9.783503261,51.26832624
2022-08-26 00:00:00,31.68,-0.100511073,-1,0,0,8.699641775,51.26832624
2022-08-27 00:00:00,31.5,-0.005681818,-1,0,0,8.644530174,51.26832624
2022-08-28 00:00:00,30.38,-0.035555556,-1,0,0,8.301613545,51.26832624
2022-08-29 00:00:00,32.39,0.066161949,-1,0,0,8.917026423,51.26832624
2022-08-30 00:00:00,31.47,-0.028403828,-1,0,0,8.635344907,51.26832624
2022-08-31 00:00:00,31.46,-0.000317763,-1,0,0,8.632283151,51.26832624
2022-09-01 00:00:00,31.59,0.004132231,-1,0,0,8.672085974,51.26832624
2022-09-02 00:00:00,31.21,-0.012029123,-1,0,0,8.555739261,51.26832624
2022-09-03 00:00:00,31.1,-0.003524511,-1,0,0,8.522059949,51.26832624
2022-09-04 00:00:00,32.15,0.033762058,-1,0,0,8.843544288,51.26832624
2022-09-05 00:00:00,32.15,0,-1,0,0,8.843544288,51.26832624
2022-09-06 00:00:00,30.87,-0.039813375,-1,0,0,8.45163957,51.26832624
2022-09-07 00:00:00,32.68,0.058632977,-1,0,0,9.005817336,51.26832624
2022-09-08 00:00:00,33.6,0.028151775,-1,0,0,9.287498852,51.26832624
2022-09-09 00:00:00,34.66,0.031547619,-1,0,0,9.612044947,51.26832624
2022-09-10 00:00:00,35.03,0.01067513,-1,0,0,9.725329904,51.26832624
2022-09-11 00:00:00,34.97,-0.001712818,-1,0,0,9.706959371,51.26832624
2022-09-12 00:00:00,37.43,0.070346011,-1,0,0,10.46015125,51.26832624
2022-09-13 00:00:00,32.96,-0.119422923,-1,0,0,9.091546493,51.26832624
2022-09-14 00:00:00,34.09,0.034283981,-1,0,0,9.437524877,51.26832624
2022-09-15 00:00:00,33.05,-0.03050748,-1,0,0,9.119102293,51.26832624
2022-09-16 00:00:00,32.24,-0.024508321,-1,0,0,8.871100089,51.26832624
2022-09-17 00:00:00,33.66,0.044044665,-1,0,0,9.305869386,51.26832624
2022-09-18 00:00:00,31.07,-0.07694593,-1,0,0,8.512874682,51.26832624
2022-09-19 00:00:00,32.62,0.049887351,-1,0,0,8.987446802,51.26832624
2022-09-20 00:00:00,31.4,-0.037400368,-1,0,0,8.613912617,51.26832624
2022-09-21 00:00:00,30.63,-0.024522293,-1,0,0,8.378157435,51.26832624
2022-09-22 00:00:00,32.41,0.058112961,-1,0,0,8.923149934,51.26832624
2022-09-23 00:00:00,33.66,0.038568343,-1,0,0,9.305869386,51.26832624
2022-09-24 00:00:00,33.36,-0.008912656,-1,0,0,9.214016717,51.26832624
2022-09-25 00:00:00,32.31,-0.03147482,0,0.5,0,8.892532378,51.26832624
2022-09-26 00:00:00,33.86,0.047972764,0,0.5,0.023986382,9.367104498,52.52205428
2022-09-27 00:00:00,32.66,-0.035440047,0,0.5,-0.017720024,8.999693824,51.57364221
2022-09-28 00:00:00,33.22,0.017146356,0,0.5,0.008573178,9.171152139,52.02436541
2022-09-29 00:00:00,33.92,0.021071644,0,0.5,0.010535822,9.385475031,52.58302068
2022-09-30 00:00:00,33.22,-0.020636792,0,0.5,-0.010318396,9.171152139,52.03012984
2022-10-01 00:00:00,32.42,-0.024081878,0,0.5,-0.012040939,8.92621169,51.39159727
2022-10-02 00:00:00,32.04,-0.01172116,0,0.5,-0.00586058,8.809864977,51.08455213
2022-10-03 00:00:00,32.89,0.026529338,0,0.5,0.013264669,9.070114203,51.77543648
2022-10-04 00:00:00,34.08,0.03618121,0,0.5,0.018090605,9.434463121,52.73017606
2022-10-05 00:00:00,34.02,-0.001760563,0,0.5,-0.000880282,9.416092587,52.68287837
2022-10-06 00:00:00,33.33,-0.020282187,0,0.5,-0.010141093,9.20483145,52.13847528
2022-10-07 00:00:00,32.96,-0.01110111,0,0.5,-0.005550555,9.091546493,51.84352725
2022-10-08 00:00:00,32.56,-0.012135922,-1,0,-0.006067961,8.969076268,51.52287478
2022-10-09 00:00:00,32.9,0.01044226,-1,0,0,9.073175959,51.52287478
2022-10-10 00:00:00,31.93,-0.029483283,0,0.5,0,8.776185665,51.52287478
2022-10-11 00:00:00,30.78,-0.036016286,0,0.5,-0.018008143,8.42408377,50.57703535
2022-10-12 00:00:00,31.14,0.011695906,0,0.5,0.005847953,8.534306972,50.87865544
2022-10-13 00:00:00,30.47,-0.021515735,-1,0,-0.010757868,8.329169346,50.32055173
2022-10-14 00:00:00,29.97,-0.016409583,-1,0,0,8.176081565,50.32055173
2022-10-15 00:00:00,29.58,-0.013013013,-1,0,0,8.056673096,50.32055173
2022-10-16 00:00:00,30.14,0.018931711,-1,0,0,8.228131411,50.32055173
2022-10-17 00:00:00,31.18,0.03450564,-1,0,0,8.546553994,50.32055173
2022-10-18 00:00:00,30.13,-0.033675433,-1,0,0,8.225069655,50.32055173
2022-10-19 00:00:00,28.84,-0.042814471,-1,0,0,7.830103181,50.32055173
2022-10-20 00:00:00,28,-0.029126214,-1,0,0,7.57291571,50.32055173
2022-10-21 00:00:00,28.08,0.002857143,-1,0,0,7.597409755,50.32055173
2022-10-22 00:00:00,27.98,-0.003561254,-1,0,0,7.566792199,50.32055173
2022-10-23 00:00:00,29.25,0.045389564,-1,0,0,7.955635161,50.32055173
2022-10-24 00:00:00,28.28,-0.033162393,-1,0,0,7.658644867,50.32055173
2022-10-25 00:00:00,30.85,0.090876945,-1,0,0,8.445516059,50.32055173
2022-10-26 00:00:00,31.27,0.013614263,-1,0,0,8.574109795,50.32055173
2022-10-27 00:00:00,30.57,-0.022385673,-1,0,0,8.359786902,50.32055173
2022-10-28 00:00:00,32.06,0.048740595,-1,0,0,8.815988488,50.32055173
2022-10-29 00:00:00,32.86,0.024953213,0,0.5,0,9.060928937,50.32055173
2022-10-30 00:00:00,32.91,0.001521607,-1,0,0.000760803,9.076237715,50.35959658
2022-10-31 00:00:00,32.54,-0.011242783,0,0.5,0,8.962952757,50.35959658
2022-11-01 00:00:00,32.18,-0.011063307,0,0.5,-0.005531653,8.852729555,50.07549309
2022-11-02 00:00:00,30.79,-0.043194531,-1,0,-0.021597265,8.427145525,48.97240211
2022-11-03 00:00:00,30.83,0.001299123,-1,0,0,8.439392548,48.97240211
2022-11-04 00:00:00,33.72,0.093739864,-1,0,0,9.324239919,48.97240211
2022-11-05 00:00:00,36.89,0.09400949,0,0.5,0,10.29481645,48.97240211
2022-11-06 00:00:00,32.6,-0.116291678,-1,0,-0.058145839,8.981323291,46.06671487
2022-11-07 00:00:00,29.59,-0.092331288,-1,0,0,8.059734852,46.06671487
2022-11-08 00:00:00,23.82,-0.19499831,-1,0,0,6.293101865,46.06671487
2022-11-09 00:00:00,11.7,-0.508816121,-1,0,0,2.582254064,46.06671487
2022-11-10 00:00:00,17.615,0.505555556,-1,0,0,4.393282508,46.06671487
2022-11-11 00:00:00,16.426,-0.06749929,-1,0,0,4.029239766,46.06671487
2022-11-12 00:00:00,14.56,-0.11360039,-1,0,0,3.457916169,46.06671487
2022-11-13 00:00:00,13.126,-0.098489011,-1,0,0,3.018860415,46.06671487
2022-11-14 00:00:00,13.999,0.066509218,-1,0,0,3.286151679,46.06671487
2022-11-15 00:00:00,14.303,0.021715837,-1,0,0,3.37922905,46.06671487
2022-11-16 00:00:00,14.257,-0.003216109,-1,0,0,3.365144974,46.06671487
2022-11-17 00:00:00,13.62,-0.044679806,-1,0,0,3.170111142,46.06671487
2022-11-18 00:00:00,13.257,-0.026651982,-1,0,0,3.058969413,46.06671487
2022-11-19 00:00:00,12.837,-0.031681376,-1,0,0,2.930375677,46.06671487
2022-11-20 00:00:00,12.251,-0.045649295,-1,0,0,2.750956799,46.06671487
2022-11-21 00:00:00,11.825,-0.034772672,-1,0,0,2.62052601,46.06671487
2022-11-22 00:00:00,12.427,0.050909091,-1,0,0,2.804843697,46.06671487
2022-11-23 00:00:00,14.331,0.153214774,-1,0,0,3.387801966,46.06671487
2022-11-24 00:00:00,14.591,0.018142488,-1,0,0,3.467407612,46.06671487
2022-11-25 00:00:00,14.015,-0.03947639,-1,0,0,3.291050488,46.06671487
2022-11-26 00:00:00,14.133,0.00841955,-1,0,0,3.327179205,46.06671487
2022-11-27 00:00:00,14.099,-0.002405717,-1,0,0,3.316769235,46.06671487
2022-11-28 00:00:00,13.313,-0.055748635,-1,0,0,3.076115244,46.06671487
2022-11-29 00:00:00,13.336,0.001727635,-1,0,0,3.083157282,46.06671487
2022-11-30 00:00:00,14.162,0.061937612,-1,0,0,3.336058296,46.06671487
2022-12-01 00:00:00,13.489,-0.047521537,-1,0,0,3.130002143,46.06671487
2022-12-02 00:00:00,13.703,0.015864779,-1,0,0,3.195523713,46.06671487
2022-12-03 00:00:00,13.289,-0.030212362,-1,0,0,3.068767031,46.06671487
2022-12-04 00:00:00,13.7,0.030927835,-1,0,0,3.194605187,46.06671487
2022-12-05 00:00:00,13.81,0.008029197,-1,0,0,3.228284498,46.06671487
2022-12-06 00:00:00,14.281,0.03410572,-1,0,0,3.372493188,46.06671487
2022-12-07 00:00:00,13.487,-0.055598347,-1,0,0,3.129389792,46.06671487
2022-12-08 00:00:00,13.67,0.013568622,-1,0,0,3.18541992,46.06671487
2022-12-09 00:00:00,13.579,-0.006656913,0,0.5,0,3.157557944,46.06671487
2022-12-10 00:00:00,13.56,-0.001399219,-1,0,-0.00069961,3.151740608,46.03378654
2022-12-11 00:00:00,13.406,-0.011356932,-1,0,0,3.104589572,46.03378654
2022-12-12 00:00:00,13.304,-0.007608533,-1,0,0,3.073359664,46.03378654
2022-12-13 00:00:00,13.894,0.044347565,0,0.5,0,3.254003245,46.03378654
2022-12-14 00:00:00,14.12,0.016266014,0,0.5,0.008133007,3.323198922,46.41631266
2022-12-15 00:00:00,14.044,-0.005382436,-1,0,-0.002691218,3.29992958,46.28870501
2022-12-16 00:00:00,12.239,-0.128524637,-1,0,0,2.747282692,46.28870501
2022-12-17 00:00:00,12.489,0.020426505,-1,0,0,2.823826582,46.28870501
2022-12-18 00:00:00,12.369,-0.009608455,-1,0,0,2.787085515,46.28870501
2022-12-19 00:00:00,11.93,-0.035491956,-1,0,0,2.652674444,46.28870501
2022-12-20 00:00:00,12.247,0.026571668,-1,0,0,2.749732096,46.28870501
2022-12-21 00:00:00,12.127,-0.009798318,0,0.5,0,2.712991029,46.28870501
2022-12-22 00:00:00,11.814,-0.025810176,-1,0,-0.012905088,2.617158078,45.67844012
2022-12-23 00:00:00,11.772,-0.003555104,-1,0,0,2.604298705,45.67844012
2022-12-24 00:00:00,11.423,-0.029646619,-1,0,0,2.497443434,45.67844012
2022-12-25 00:00:00,11.373,-0.004377134,-1,0,0,2.482134656,45.67844012
2022-12-26 00:00:00,11.325,-0.004220522,-1,0,0,2.467438229,45.67844012
2022-12-27 00:00:00,11.087,-0.021015453,-1,0,0,2.394568446,45.67844012
2022-12-28 00:00:00,9.749,-0.12068188,-1,0,0,1.984905545,45.67844012
2022-12-29 00:00:00,9.614,-0.013847574,-1,0,0,1.943571844,45.67844012
2022-12-30 00:00:00,9.877,0.027355939,-1,0,0,2.024096017,45.67844012
2022-12-31 00:00:00,9.968,0.009213324,-1,0,0,2.051957993,45.67844012
2023-01-01 00:00:00,9.977,0.000902889,-1,0,0,2.054713573,45.67844012
2023-01-02 00:00:00,11.259,0.12849554,-1,0,0,2.447230642,45.67844012
2023-01-03 00:00:00,13.326,0.183586464,-1,0,0,3.080095527,45.67844012
2023-01-04 00:00:00,13.405,0.005928261,-1,0,0,3.104283396,45.67844012
2023-01-05 00:00:00,13.418,0.000969787,-1,0,0,3.108263678,45.67844012
2023-01-06 00:00:00,13.483,0.004844239,-1,0,0,3.12816509,45.67844012
2023-01-07 00:00:00,13.087,-0.029370318,-1,0,0,3.006919568,45.67844012
2023-01-08 00:00:00,14.465,0.105295331,0,0.5,0,3.428829491,45.67844012
2023-01-09 00:00:00,16.253,0.123608711,0,0.5,0.061804355,3.976271394,48.56337102
2023-01-10 00:00:00,16.191,-0.00381468,0,0.5,-0.00190734,3.957288509,48.46883681
2023-01-11 00:00:00,16.355,0.010129084,0,0.5,0.005064542,4.007501301,48.71937382
2023-01-12 00:00:00,16.584,0.014001834,0,0.5,0.007000917,4.077615505,49.06745503
2023-01-13 00:00:00,18.289,0.102809937,0,0.5,0.051404969,4.599644836,51.64117099
2023-01-14 00:00:00,24.283,0.327737985,0,0.5,0.163868992,6.434861149,60.26742663
2023-01-15 00:00:00,22.903,-0.056829881,0,0.5,-0.02841494,6.012338875,58.52651635
2023-01-16 00:00:00,23.601,0.030476357,0,0.5,0.015238178,6.226049417,59.43359203
2023-01-17 00:00:00,22.855,-0.03160883,0,0.5,-0.015804415,5.997642448,58.47847446
2023-01-18 00:00:00,20.804,-0.089739663,0,0.5,-0.044869832,5.369676372,55.80968533
2023-01-19 00:00:00,21.408,0.029032878,0,0.5,0.014516439,5.554606411,56.63435967
2023-01-20 00:00:00,25.513,0.191750747,0,0.5,0.095875374,6.811457089,62.16007544
2023-01-21 00:00:00,24.564,-0.037196723,0,0.5,-0.018598362,6.520896482,60.98540151
2023-01-22 00:00:00,24.195,-0.015021983,0,0.5,-0.007510992,6.4079177,60.51982968
2023-01-23 00:00:00,24.347,0.00628229,0,0.5,0.003141145,6.454456385,60.71307238
2023-01-24 00:00:00,22.77,-0.06477184,0,0.5,-0.03238592,5.971617525,58.71443774
2023-01-25 00:00:00,24.534,0.077470356,0,0.5,0.038735178,6.511711215,61.0274871
2023-01-26 00:00:00,24.345,-0.007703595,0,0.5,-0.003851798,6.453844034,60.78856978
2023-01-27 00:00:00,24.441,0.003943315,0,0.5,0.001971657,6.483236888,60.91039567
2023-01-28 00:00:00,24.002,-0.017961622,0,0.5,-0.008980811,6.348825817,60.35439012
2023-01-29 00:00:00,26.09,0.086992751,0,0.5,0.043496375,6.988120388,63.0230837
2023-01-30 00:00:00,23.957,-0.081755462,0,0.5,-0.040877731,6.335047916,60.40596531
2023-01-31 00:00:00,23.913,-0.001836624,0,0.5,-0.000918312,6.321576192,60.34957547
2023-02-01 00:00:00,25.011,0.045916447,0,0.5,0.022958224,6.657756958,61.75805274
2023-02-02 00:00:00,24.315,-0.027827756,0,0.5,-0.013913878,6.444658767,60.88484486
2023-02-03 00:00:00,24.683,0.015134691,0,0.5,0.007567345,6.557331374,61.35314885
2023-02-04 00:00:00,24.318,-0.014787506,0,0.5,-0.007393753,6.445577294,60.89212508
2023-02-05 00:00:00,23.464,-0.03511802,0,0.5,-0.01755901,6.184103365,59.80536065
2023-02-06 00:00:00,22.635,-0.035330719,0,0.5,-0.01766536,5.930283825,58.73121208
2023-02-07 00:00:00,23.817,0.052220013,0,0.5,0.026110007,6.292183338,60.29079442
2023-02-08 00:00:00,23.21,-0.025485997,0,0.5,-0.012742999,6.106334772,59.50976591
2023-02-09 00:00:00,20.482,-0.117535545,0,0.5,-0.058767773,5.271087842,55.95374175
2023-02-10 00:00:00,20.088,-0.019236403,0,0.5,-0.009618201,5.150454671,55.4059492
2023-02-11 00:00:00,20.782,0.034547989,0,0.5,0.017273994,5.36294051,56.38030525
2023-02-12 00:00:00,21.483,0.033731113,0,0.5,0.016865557,5.577569578,57.34805604
2023-02-13 00:00:00,20.748,-0.034213099,-1,0,-0.017106549,5.352530541,56.34992214
2023-02-14 00:00:00,21.836,0.052438789,-1,0,0,5.685649551,56.34992214
2023-02-15 00:00:00,23.862,0.092782561,0,0.5,0,6.305961238,56.34992214
2023-02-16 00:00:00,22.257,-0.067261755,-1,0,-0.033630878,5.814549463,54.42119393
2023-02-17 00:00:00,23.146,0.03994249,0,0.5,0,6.086739536,54.42119393
2023-02-18 00:00:00,23.464,0.013738875,0,0.5,0.006869437,6.184103365,54.80190636
2023-02-19 00:00:00,24.853,0.059197068,-1,0,0.029598534,6.609381219,56.45356098
2023-02-20 00:00:00,26.291,0.057860218,0,0.5,0,7.049661676,56.45356098
2023-02-21 00:00:00,24.983,-0.049750865,0,0.5,-0.024875433,6.649184042,55.02437879
2023-02-22 00:00:00,24.145,-0.033542809,-1,0,-0.016771405,6.392608922,54.08477127
2023-02-23 00:00:00,23.909,-0.00977428,0,0.5,0,6.32035149,54.08477127
2023-02-24 00:00:00,23.06,-0.035509641,-1,0,-0.01775482,6.060408438,53.10675105
2023-02-25 00:00:00,22.359,-0.030398959,-1,0,0,5.84577937,53.10675105
2023-02-26 00:00:00,23.238,0.039313028,-1,0,0,6.114907688,53.10675105
2023-02-27 00:00:00,22.665,-0.024657888,-1,0,0,5.939469092,53.10675105
2023-02-28 00:00:00,21.875,-0.034855504,-1,0,0,5.697590398,53.10675105
2023-03-01 00:00:00,22.499,0.028525714,-1,0,0,5.888643948,53.10675105
2023-03-02 00:00:00,21.991,-0.022578781,-1,0,0,5.733106763,53.10675105
2023-03-03 00:00:00,21.404,-0.026692738,-1,0,0,5.553381709,53.10675105
2023-03-04 00:00:00,20.977,-0.019949542,-1,0,0,5.422644744,53.10675105
2023-03-05 00:00:00,20.96,-0.000810411,-1,0,0,5.41743976,53.10675105
2023-03-06 00:00:00,20.622,-0.016125954,-1,0,0,5.31395242,53.10675105
2023-03-07 00:00:00,20.233,-0.01886335,-1,0,0,5.194850127,53.10675105
2023-03-08 00:00:00,18.413,-0.089952059,-1,0,0,4.637610606,53.10675105
2023-03-09 00:00:00,17.318,-0.059468854,0,0.5,0,4.302348367,53.10675105
2023-03-10 00:00:00,18.15,0.048042499,0,0.5,0.02402125,4.557086433,54.40646282
2023-03-11 00:00:00,18.061,-0.004903581,0,0.5,-0.002451791,4.529836808,54.27061778
2023-03-12 00:00:00,20.193,0.118044405,1,1,0.059022203,5.182603105,57.53281137
2023-03-13 00:00:00,20.399,0.010201555,0,0.5,0.010201555,5.24567527,58.12993707
2023-03-14 00:00:00,20.87,0.023089367,0,0.5,0.011544684,5.389883959,58.81257348
2023-03-15 00:00:00,19.24,-0.07810254,0,0.5,-0.03905127,4.890817795,56.47681654
2023-03-16 00:00:00,19.662,0.021933472,0,0.5,0.010966736,5.020023882,57.10714961
2023-03-17 00:00:00,21.598,0.098464042,0,0.5,0.049232021,5.612779768,59.96788203
2023-03-18 00:00:00,21.213,-0.017825725,0,0.5,-0.008912862,5.494902177,59.42448369
2023-03-19 00:00:00,21.864,0.030688729,0,0.5,0.015344364,5.694222467,60.35165898
2023-03-20 00:00:00,22.121,0.011754482,0,0.5,0.005877241,5.772909586,60.71223747
2023-03-21 00:00:00,22.526,0.018308395,0,0.5,0.009154197,5.896910689,61.27716347
2023-03-22 00:00:00,21.404,-0.049809109,0,0.5,-0.024904555,5.553381709,59.72617845
2023-03-23 00:00:00,22.157,0.03518034,0,0.5,0.01759017,5.783931907,60.79436225
2023-03-24 00:00:00,20.649,-0.068059755,0,0.5,-0.034029878,5.32221916,58.69150766
2023-03-25 00:00:00,20.394,-0.012349266,0,0.5,-0.006174633,5.244144392,58.3229345
2023-03-26 00:00:00,20.931,0.026331274,0,0.5,0.013165637,5.408560669,59.10395872
2023-03-27 00:00:00,19.887,-0.049878171,0,0.5,-0.024939086,5.088913383,57.60502095
2023-03-28 00:00:00,20.439,0.027756826,0,0.5,0.013878413,5.257922293,58.41836564
2023-03-29 00:00:00,21.086,0.031655169,0,0.5,0.015827585,5.456017881,59.35881484
2023-03-30 00:00:00,20.543,-0.025751684,0,0.5,-0.012875842,5.289764551,58.58164429
2023-03-31 00:00:00,21.161,0.03008324,0,0.5,0.01504162,5.478981048,59.47784875
2023-04-01 00:00:00,21.079,-0.003875053,0,0.5,-0.001937527,5.453874652,59.36067131
2023-04-02 00:00:00,20.509,-0.027041131,0,0.5,-0.013520565,5.279354582,58.5445609
2023-04-03 00:00:00,20.444,-0.00316934,0,0.5,-0.00158467,5.25945317,58.45020241
2023-04-04 00:00:00,20.905,0.022549403,0,0.5,0.011274702,5.400600104,59.1204857
2023-04-05 00:00:00,20.957,0.002487443,1,1,0.001243722,5.416521233,59.19525885
2023-04-06 00:00:00,20.608,-0.016653147,1,1,-0.016653147,5.309665962,58.19281836
2023-04-07 00:00:00,20.433,-0.008491848,1,1,-0.008491848,5.256085239,57.69016195
2023-04-08 00:00:00,20.025,-0.019967699,1,1,-0.019967699,5.13116561,56.51825445
2023-04-09 00:00:00,20.278,0.012634207,1,1,0.012634207,5.208628027,57.24495199
2023-04-10 00:00:00,20.893,0.030328435,1,1,0.030328435,5.396925997,59.01143022
2023-04-11 00:00:00,22.999,0.100799311,1,1,0.100799311,6.041731729,65.06054102
2023-04-12 00:00:00,23.798,0.034740641,1,1,0.034740641,6.286366002,67.35552656
2023-04-13 00:00:00,24.424,0.026304731,1,1,0.026304731,6.478031903,69.15360033
2023-04-14 00:00:00,24.721,0.01216017,1,1,0.01216017,6.568966045,70.00668006
2023-04-15 00:00:00,24.057,-0.026859755,1,1,-0.026859755,6.365665473,68.09945804
2023-04-16 00:00:00,25.352,0.053830486,1,1,0.053830486,6.762162824,71.81911544
2023-04-17 00:00:00,24.59,-0.0300568,1,1,-0.0300568,6.528857047,69.63040584
2023-04-18 00:00:00,24.829,0.009719398,1,1,0.009719398,6.602033006,70.31689087
2023-04-19 00:00:00,22.655,-0.087558903,1,1,-0.087558903,5.936407336,64.07246215
2023-04-20 00:00:00,22.184,-0.020790113,0,0.5,-0.020790113,5.792198647,62.71959833
2023-04-21 00:00:00,21.247,-0.042237649,0,0.5,-0.021118824,5.505312146,61.37391533
2023-04-22 00:00:00,21.782,0.025180025,0,0.5,0.012590013,5.669116071,62.15920371
2023-04-23 00:00:00,21.461,-0.014736939,1,1,-0.007368469,5.570833716,61.69381706
2023-04-24 00:00:00,21.373,-0.004100461,1,1,-0.004100461,5.543890267,61.43674349
2023-04-25 00:00:00,21.924,0.02578019,1,1,0.02578019,5.712593001,63.04637459
2023-04-26 00:00:00,21.256,-0.030468893,1,1,-0.030468893,5.508067726,61.09495249
2023-04-27 00:00:00,22.326,0.050338728,1,1,0.050338728,5.835675576,64.2207334
2023-04-28 00:00:00,23.331,0.045014781,1,1,0.045014781,6.143382015,67.15663043
2023-04-29 00:00:00,23.175,-0.006686383,1,1,-0.006686383,6.095618628,66.7009091
2023-04-30 00:00:00,22.729,-0.019244876,1,1,-0.019244876,5.959064327,65.39801351
2023-05-01 00:00:00,21.939,-0.034757358,1,1,-0.034757358,5.717185634,63.09019395
2023-05-02 00:00:00,22.244,0.013902183,1,1,0.013902183,5.81056918,63.98118758
2023-05-03 00:00:00,22.227,-0.000764251,1,1,-0.000764251,5.805364196,63.93152564
2023-05-04 00:00:00,21.726,-0.022540154,1,1,-0.022540154,5.65197024,62.46795906
2023-05-05 00:00:00,22.813,0.050032219,1,1,0.050032219,5.984783075,65.64340191
2023-05-06 00:00:00,21.908,-0.039670363,1,1,-0.039670363,5.707694192,62.99963394
2023-05-07 00:00:00,21.659,-0.011365711,1,1,-0.011365711,5.631456477,62.27223259
2023-05-08 00:00:00,20.615,-0.048201671,1,1,-0.048201671,5.311809191,59.22240523
2023-05-09 00:00:00,20.648,0.001600776,1,1,0.001600776,5.321912985,59.31880782
2023-05-10 00:00:00,20.909,0.012640449,1,1,0.012640449,5.401824806,60.08126466
2023-05-11 00:00:00,20.163,-0.035678416,0,0.5,-0.035678416,5.173417838,57.90198189
2023-05-12 00:00:00,20.898,0.036452909,0,0.5,0.018226454,5.398456875,58.97555617
2023-05-13 00:00:00,20.832,-0.003158197,0,0.5,-0.001579098,5.378249288,58.88084887
2023-05-14 00:00:00,20.917,0.004080261,-1,0,0.002040131,5.404274211,59.00301362
2023-05-15 00:00:00,20.971,0.002581632,-1,0,0,5.420807691,59.00301362
2023-05-16 00:00:00,20.669,-0.014400839,-1,0,0,5.328342672,59.00301362
2023-05-17 00:00:00,21.047,0.018288258,-1,0,0,5.444077034,59.00301362
2023-05-18 00:00:00,20.329,-0.034114126,-1,0,0,5.224242981,59.00301362
2023-05-19 00:00:00,20.343,0.000688671,-1,0,0,5.228529439,59.00301362
2023-05-20 00:00:00,20.264,-0.0038834,-1,0,0,5.204341569,59.00301362
2023-05-21 00:00:00,19.605,-0.032520726,-1,0,0,5.002571875,59.00301362
2023-05-22 00:00:00,19.514,-0.004641673,-1,0,0,4.974709899,59.00301362
2023-05-23 00:00:00,20.024,0.026135083,-1,0,0,5.130859435,59.00301362
2023-05-24 00:00:00,19.201,-0.041100679,-1,0,0,4.878876948,59.00301362
2023-05-25 00:00:00,19.243,0.002187386,-1,0,0,4.891736322,59.00301362
2023-05-26 00:00:00,19.349,0.005508497,-1,0,0,4.924190931,59.00301362
2023-05-27 00:00:00,20.415,0.055093286,-1,0,0,5.250574079,59.00301362
2023-05-28 00:00:00,20.797,0.018711732,-1,0,0,5.367533144,59.00301362
2023-05-29 00:00:00,20.575,-0.010674617,-1,0,0,5.299562169,59.00301362
2023-05-30 00:00:00,21.244,0.032515188,-1,0,0,5.504393619,59.00301362
2023-05-31 00:00:00,20.809,-0.02047637,-1,0,0,5.37120725,59.00301362
2023-06-01 00:00:00,20.486,-0.01552213,-1,0,0,5.272312544,59.00301362
2023-06-02 00:00:00,21.247,0.03714732,-1,0,0,5.505312146,59.00301362
2023-06-03 00:00:00,21.183,-0.00301219,-1,0,0,5.48571691,59.00301362
2023-06-04 00:00:00,21.814,0.029788038,-1,0,0,5.678913689,59.00301362
2023-06-05 00:00:00,19.997,-0.083295132,-1,0,0,5.122592695,59.00301362
2023-06-06 00:00:00,20.379,0.019102865,-1,0,0,5.239551759,59.00301362
2023-06-07 00:00:00,18.627,-0.085970852,-1,0,0,4.703132176,59.00301362
2023-06-08 00:00:00,18.873,0.013206636,-1,0,0,4.778451364,59.00301362
2023-06-09 00:00:00,17.384,-0.078895777,-1,0,0,4.322555954,59.00301362
2023-06-10 00:00:00,15.605,-0.102335481,-1,0,0,3.77786963,59.00301362
2023-06-11 00:00:00,15.534,-0.004549824,-1,0,0,3.756131166,59.00301362
2023-06-12 00:00:00,15.183,-0.022595597,-1,0,0,3.648663544,59.00301362
2023-06-13 00:00:00,15.025,-0.010406376,-1,0,0,3.600287805,59.00301362
2023-06-14 00:00:00,14.476,-0.036539101,-1,0,0,3.432197422,59.00301362
2023-06-15 00:00:00,14.766,0.020033158,-1,0,0,3.520988335,59.00301362
2023-06-16 00:00:00,15.306,0.0365705,-1,0,0,3.686323138,59.00301362
2023-06-17 00:00:00,15.633,0.021364171,-1,0,0,3.786442546,59.00301362
2023-06-18 00:00:00,15.43,-0.012985352,-1,0,0,3.724288907,59.00301362
2023-06-19 00:00:00,16.1,0.043421905,-1,0,0,3.929426533,59.00301362
2023-06-20 00:00:00,16.632,0.033043478,-1,0,0,4.092311932,59.00301362
2023-06-21 00:00:00,17.22,0.035353535,-1,0,0,4.272343162,59.00301362
2023-06-22 00:00:00,16.62,-0.034843206,-1,0,0,4.088637825,59.00301362
2023-06-23 00:00:00,17.129,0.030625752,-1,0,0,4.244481186,59.00301362
2023-06-24 00:00:00,16.634,-0.02889836,-1,0,0,4.092924283,59.00301362
2023-06-25 00:00:00,16.947,0.018816881,-1,0,0,4.188757233,59.00301362
2023-06-26 00:00:00,16.264,-0.040302118,-1,0,0,3.979639325,59.00301362
2023-06-27 00:00:00,16.621,0.02195032,-1,0,0,4.088944,59.00301362
2023-06-28 00:00:00,15.967,-0.039347813,-1,0,0,3.888705184,59.00301362
2023-06-29 00:00:00,17.988,0.126573558,-1,0,0,4.507485992,59.00301362
2023-06-30 00:00:00,18.858,0.048365577,-1,0,0,4.773858731,59.00301362
2023-07-01 00:00:00,18.677,-0.009598049,-1,0,0,4.718440954,59.00301362
2023-07-02 00:00:00,19.453,0.041548429,-1,0,0,4.956033189,59.00301362
2023-07-03 00:00:00,19.251,-0.010384002,-1,0,0,4.894185726,59.00301362
2023-07-04 00:00:00,19.13,-0.006285388,-1,0,0,4.857138483,59.00301362
2023-07-05 00:00:00,18.981,-0.007788813,-1,0,0,4.811518325,59.00301362
2023-07-06 00:00:00,19.592,0.032190085,0,0.5,0,4.998591592,59.00301362
2023-07-07 00:00:00,21.484,0.096570029,1,1,0.048285014,5.577875754,61.90025999
2023-07-08 00:00:00,21.807,0.015034444,1,1,0.015034444,5.67677046,62.84593044
2023-07-09 00:00:00,21.314,-0.02260742,1,1,-0.02260742,5.525825909,61.4025387
2023-07-10 00:00:00,21.286,-0.001313691,1,1,-0.001313691,5.517252993,61.32056107
2023-07-11 00:00:00,22.05,0.035892136,1,1,0.035892136,5.751171122,63.5573791
2023-07-12 00:00:00,21.928,-0.00553288,1,1,-0.00553288,5.713817703,63.20019088
2023-07-13 00:00:00,26.018,0.186519518,1,1,0.186519518,6.966075748,75.17477957
2023-07-14 00:00:00,26.671,0.025098009,1,1,0.025098009,7.166008389,77.08661488
2023-07-15 00:00:00,27.459,0.029545199,1,1,0.029545199,7.407274731,79.39369945
2023-07-16 00:00:00,27.404,-0.002002986,1,1,-0.002002986,7.390435075,79.23267197
2023-07-17 00:00:00,26.79,-0.022405488,1,1,-0.022405488,7.202443281,77.43501978
2023-07-18 00:00:00,25.544,-0.046509892,1,1,-0.046509892,6.820948532,73.7870155
2023-07-19 00:00:00,26.298,0.029517695,1,1,0.029517695,7.051804905,75.99455581
2023-07-20 00:00:00,25.365,-0.035477983,1,1,-0.035477983,6.766143106,73.26294426
2023-07-21 00:00:00,25.493,0.005046324,1,1,0.005046324,6.805333578,73.63769912
2023-07-22 00:00:00,24.512,-0.038481152,1,1,-0.038481152,6.504975353,70.76555449
2023-07-23 00:00:00,24.752,0.009791123,1,1,0.009791123,6.578457488,71.46821985
2023-07-24 00:00:00,23.354,-0.056480284,1,1,-0.056480284,6.150424053,67.37519418
2023-07-25 00:00:00,23.264,-0.00385373,1,1,-0.00385373,6.122868253,67.11169467
2023-07-26 00:00:00,25.163,0.081628267,1,1,0.081628267,6.704295643,72.67153426
2023-07-27 00:00:00,25.08,-0.003298494,1,1,-0.003298494,6.678883072,72.42852916
2023-07-28 00:00:00,24.798,-0.011244019,1,1,-0.011244019,6.592541563,71.60289737
2023-07-29 00:00:00,25.159,0.014557626,1,1,0.014557626,6.703070941,72.65982317
2023-07-30 00:00:00,24.236,-0.036686673,1,1,-0.036686673,6.420470898,69.95748934
2023-07-31 00:00:00,23.716,-0.021455686,1,1,-0.021455686,6.261259606,68.43504775
2023-08-01 00:00:00,24.045,0.013872491,1,1,0.013872491,6.361991366,69.39828483
2023-08-02 00:00:00,23.135,-0.037845706,1,1,-0.037845706,6.083371605,66.73401204
2023-08-03 00:00:00,22.634,-0.0216555,1,1,-0.0216555,5.929977649,65.26719812
2023-08-04 00:00:00,22.792,0.006980649,1,1,0.006980649,5.978353388,65.72978615
2023-08-05 00:00:00,22.641,-0.006625132,1,1,-0.006625132,5.932120878,65.28769253
2023-08-06 00:00:00,23.182,0.023894704,1,1,0.023894704,6.097761857,66.87161734
2023-08-07 00:00:00,23.108,-0.003192132,1,1,-0.003192132,6.075104865,66.65496219
2023-08-08 00:00:00,24.205,0.047472737,1,1,0.047472737,6.410979456,69.8667284
2023-08-09 00:00:00,24.375,0.007023342,1,1,0.007023342,6.463029301,70.36444969
2023-08-10 00:00:00,24.614,0.009805128,1,1,0.009805128,6.53620526,71.06418727
2023-08-11 00:00:00,24.613,-4.06273E-05,1,1,-4.06273E-05,6.535899085,71.0612595
2023-08-12 00:00:00,24.902,0.011741762,0,0.5,0.011741762,6.624383822,71.90738569
2023-08-13 00:00:00,24.216,-0.027547988,0,0.5,-0.013773994,6.414347387,70.90315979
2023-08-14 00:00:00,25.175,0.039601916,-1,0,0.019800958,6.70796975,72.32691124
2023-08-15 00:00:00,23.889,-0.051082423,-1,0,0,6.314227978,72.32691124
2023-08-16 00:00:00,22.811,-0.045125372,-1,0,0,5.984170723,72.32691124
2023-08-17 00:00:00,21.661,-0.050414274,-1,0,0,5.632068828,72.32691124
2023-08-18 00:00:00,21.336,-0.015003924,-1,0,0,5.532561771,72.32691124
2023-08-19 00:00:00,21.88,0.025496813,0,0.5,0,5.699121276,72.32691124
2023-08-20 00:00:00,21.76,-0.005484461,-1,0,-0.00274223,5.662380209,72.12583196
2023-08-21 00:00:00,21.187,-0.026332721,-1,0,0,5.486941612,72.12583196
2023-08-22 00:00:00,20.572,-0.029027234,-1,0,0,5.298643642,72.12583196
2023-08-23 00:00:00,21.717,0.055658176,-1,0,0,5.64921466,72.12583196
2023-08-24 00:00:00,21.039,-0.031219782,-1,0,0,5.441627629,72.12583196
2023-08-25 00:00:00,20.409,-0.029944389,-1,0,0,5.248737026,72.12583196
2023-08-26 00:00:00,20.272,-0.006712725,-1,0,0,5.206790974,72.12583196
2023-08-27 00:00:00,20.779,0.025009866,-1,0,0,5.362021983,72.12583196
2023-08-28 00:00:00,20.549,-0.011068868,-1,0,0,5.291601604,72.12583196
2023-08-29 00:00:00,21.772,0.059516278,-1,0,0,5.666054316,72.12583196
2023-08-30 00:00:00,20.807,-0.044322984,-1,0,0,5.370594899,72.12583196
2023-08-31 00:00:00,19.72,-0.052242034,-1,0,0,5.037782064,72.12583196
2023-09-01 00:00:00,19.315,-0.020537525,-1,0,0,4.913780962,72.12583196
2023-09-02 00:00:00,19.48,0.008542583,-1,0,0,4.96429993,72.12583196
2023-09-03 00:00:00,19.555,0.003850103,-1,0,0,4.987263097,72.12583196
2023-09-04 00:00:00,19.514,-0.00209665,-1,0,0,4.974709899,72.12583196
2023-09-05 00:00:00,20.257,0.038075228,-1,0,0,5.202198341,72.12583196
2023-09-06 00:00:00,19.62,-0.03144592,-1,0,0,5.007164508,72.12583196
2023-09-07 00:00:00,19.9,0.014271152,-1,0,0,5.092893665,72.12583196
2023-09-08 00:00:00,19.596,-0.015276382,-1,0,0,4.999816295,72.12583196
2023-09-09 00:00:00,19.425,-0.008726271,-1,0,0,4.947460274,72.12583196
2023-09-10 00:00:00,18.219,-0.062084942,-1,0,0,4.578212547,72.12583196
2023-09-11 00:00:00,17.715,-0.027663428,-1,0,0,4.423900064,72.12583196
2023-09-12 00:00:00,17.904,0.010668925,-1,0,0,4.481767245,72.12583196
2023-09-13 00:00:00,18.389,0.027088919,-1,0,0,4.630262392,72.12583196
2023-09-14 00:00:00,18.835,0.02425363,-1,0,0,4.766816693,72.12583196
2023-09-15 00:00:00,19.136,0.015980887,-1,0,0,4.858975537,72.12583196
2023-09-16 00:00:00,19.112,-0.001254181,-1,0,0,4.851627323,72.12583196
2023-09-17 00:00:00,18.798,-0.016429468,-1,0,0,4.755488197,72.12583196
2023-09-18 00:00:00,19.628,0.044153633,0,0.5,0,5.009613913,72.12583196
2023-09-19 00:00:00,20.019,0.019920522,0,0.5,0.009960261,5.129328557,72.85418432
2023-09-20 00:00:00,20.278,0.012937709,0,0.5,0.006468855,5.208628027,73.3319363
2023-09-21 00:00:00,19.442,-0.041226945,0,0.5,-0.020613473,4.952665258,71.79969696
2023-09-22 00:00:00,19.417,-0.001285876,0,0.5,-0.000642938,4.945010869,71.75289127
2023-09-23 00:00:00,19.472,0.002832569,0,0.5,0.001416285,4.961850525,71.85593008
2023-09-24 00:00:00,19.351,-0.006214051,-1,0,-0.003107025,4.924803282,71.62956485
2023-09-25 00:00:00,19.381,0.001550307,-1,0,0,4.933988549,71.62956485
2023-09-26 00:00:00,19.016,-0.018832878,-1,0,0,4.822234469,71.62956485
2023-09-27 00:00:00,19.12,0.005469079,-1,0,0,4.854076728,71.62956485
2023-09-28 00:00:00,19.948,0.043305439,-1,0,0,5.107590092,71.62956485
2023-09-29 00:00:00,20.26,0.015640666,-1,0,0,5.203116867,71.62956485
2023-09-30 00:00:00,21.348,0.053701876,1,1,0,5.536235878,71.62956485
2023-10-01 00:00:00,23.873,0.118278059,1,1,0.118278059,6.309329169,80.22004879
2023-10-02 00:00:00,23.366,-0.021237381,1,1,-0.021237381,6.15409816,78.49514766
2023-10-03 00:00:00,23.594,0.009757768,1,1,0.009757768,6.223906188,79.27084284
2023-10-04 00:00:00,23.106,-0.020683225,1,1,-0.020683225,6.074492514,77.61058298
2023-10-05 00:00:00,22.682,-0.018350212,1,1,-0.018350212,5.944674076,76.16806211
2023-10-06 00:00:00,23.391,0.031258266,1,1,0.031258266,6.161752549,78.58020195
2023-10-07 00:00:00,23.279,-0.004788166,1,1,-0.004788166,6.127460886,78.19915871
2023-10-08 00:00:00,23.204,-0.003221788,1,1,-0.003221788,6.104497719,77.94399582
2023-10-09 00:00:00,22.077,-0.048569212,1,1,-0.048569212,5.759437862,74.10974813
2023-10-10 00:00:00,22.107,0.00135888,1,1,0.00135888,5.768623129,74.21181329
2023-10-11 00:00:00,21.998,-0.004930565,1,1,-0.004930565,5.735249992,73.84097656
2023-10-12 00:00:00,21.274,-0.032912083,1,1,-0.032912083,5.513578886,71.37780413
2023-10-13 00:00:00,21.829,0.026088183,1,1,0.026088183,5.683506323,73.26600951
2023-10-14 00:00:00,21.983,0.007054835,1,1,0.007054835,5.730657359,73.78994398
2023-10-15 00:00:00,21.918,-0.00295683,1,1,-0.00295683,5.710755947,73.56880281
2023-10-16 00:00:00,23.939,0.092207318,1,1,0.092207318,6.329536756,80.44459213
2023-10-17 00:00:00,23.93,-0.000375956,1,1,-0.000375956,6.326781176,80.41397259
2023-10-18 00:00:00,23.408,-0.021813623,1,1,-0.021813623,6.166957533,78.63803888
2023-10-19 00:00:00,24.91,0.064166097,1,1,0.064166097,6.626833226,83.74810101
2023-10-20 00:00:00,27.01,0.084303493,1,1,0.084303493,7.269801904,90.89266191
2023-10-21 00:00:00,29.312,0.085227693,1,1,0.085227693,7.974618046,98.72446153
2023-10-22 00:00:00,29.031,-0.009586517,1,1,-0.009586517,7.888582713,97.76845124
2023-10-23 00:00:00,31.902,0.098894285,1,1,0.098894285,8.767612749,107.5360866
2023-10-24 00:00:00,30.157,-0.054698765,1,1,-0.054698765,8.233336395,101.5992968
2023-10-25 00:00:00,32.446,0.075902775,1,1,0.075902775,8.934172254,109.3868681
2023-10-26 00:00:00,32.77,0.009985823,1,1,0.009985823,9.033373136,110.4891718
2023-10-27 00:00:00,31.739,-0.031461703,1,1,-0.031461703,8.717706133,106.9815326
2023-10-28 00:00:00,31.614,-0.003938372,1,1,-0.003938372,8.679434188,106.5562612
2023-10-29 00:00:00,32.826,0.038337445,1,1,0.038337445,9.050518968,110.6796934
2023-10-30 00:00:00,34.958,0.064948516,1,1,0.064948516,9.703285264,117.9331238
2023-10-31 00:00:00,38.372,0.097660049,1,1,0.097660049,10.74856863,129.5481386
2023-11-01 00:00:00,41.204,0.073803815,1,1,0.073803815,11.61565782,139.1830893
2023-11-02 00:00:00,40.251,-0.023128822,1,1,-0.023128822,11.32387251,135.9408195
2023-11-03 00:00:00,39.497,-0.018732454,1,1,-0.018732454,11.09301614,133.3755819
2023-11-04 00:00:00,42.422,0.074056257,1,1,0.074056257,11.98857965,143.3269346
2023-11-05 00:00:00,41.167,-0.029583707,1,1,-0.029583707,11.60432932,139.0572089
2023-11-06 00:00:00,42.181,0.02463138,1,1,0.02463138,11.91479134,142.5070112
2023-11-07 00:00:00,42.976,0.018847348,1,1,0.018847348,12.15820091,145.2117378
2023-11-08 00:00:00,43.142,0.003862621,1,1,0.003862621,12.20902606,145.7764983
2023-11-09 00:00:00,45.305,0.050136758,1,1,0.050136758,12.87128379,153.1353961
2023-11-10 00:00:00,56.679,0.251053968,1,1,0.251053968,16.35372463,191.8316988
2023-11-11 00:00:00,56.409,-0.004763669,1,1,-0.004763669,16.27105722,190.9131124
2023-11-12 00:00:00,56.315,-0.001666401,1,1,-0.001666401,16.24227672,190.5933082
2023-11-13 00:00:00,51.662,-0.082624523,1,1,-0.082624523,14.81764184,174.7630026
2023-11-14 00:00:00,56.849,0.100402617,1,1,0.100402617,16.40577447,192.410068
2023-11-15 00:00:00,65.506,0.152280603,1,1,0.152280603,19.0563363,221.8626698
2023-11-16 00:00:00,57.842,-0.116996916,1,1,-0.116996916,16.7098068,195.7884247
2023-11-17 00:00:00,58.49,0.011202932,1,1,0.011202932,16.90820857,197.993032
2023-11-18 00:00:00,58.581,0.001555822,1,1,0.001555822,16.93607054,198.3026297
2023-11-19 00:00:00,61.099,0.04298322,1,1,0.04298322,17.70702061,206.8692984
2023-11-20 00:00:00,56.603,-0.073585492,1,1,-0.073585492,16.33045528,191.5731337
2023-11-21 00:00:00,51.682,-0.086938855,1,1,-0.086938855,14.82376535,174.831046
2023-11-22 00:00:00,57.579,0.114101621,1,1,0.114101621,16.62928263,194.8936535
2023-11-23 00:00:00,56.537,-0.018096876,1,1,-0.018096876,16.3102477,191.3485904
2023-11-24 00:00:00,56.869,0.005872261,1,1,0.005872261,16.41189798,192.4781115
2023-11-25 00:00:00,58.83,0.034482759,1,1,0.034482759,17.01230826,199.1497705
2023-11-26 00:00:00,57.593,-0.021026687,1,1,-0.021026687,16.63356909,194.9412839
2023-11-27 00:00:00,55.03,-0.044501936,1,1,-0.044501936,15.84884113,186.2215174
2023-11-28 00:00:00,58.183,0.05729602,1,1,0.05729602,16.81421267,196.9485653
2023-11-29 00:00:00,59.324,0.019610539,1,1,0.019610539,17.16355898,200.8304434
2023-11-30 00:00:00,59.309,-0.000252849,1,1,-0.000252849,17.15896635,200.7794108
2023-12-01 00:00:00,59.75,0.007435634,1,1,0.007435634,17.29398977,202.2797686
2023-12-02 00:00:00,63.684,0.065841004,1,1,0.065841004,18.49848443,215.6639127
2023-12-03 00:00:00,63.015,-0.010504993,1,1,-0.010504993,18.29365298,213.3878597
2023-12-04 00:00:00,61.671,-0.021328255,1,1,-0.021328255,17.88215303,208.8153407
2023-12-05 00:00:00,61.061,-0.009891197,1,1,-0.009891197,17.69538593,206.7400159
2023-12-06 00:00:00,61.878,0.013380063,1,1,0.013380063,17.94553137,209.5195903
2023-12-07 00:00:00,67.806,0.095801416,1,1,0.095801416,19.76054009,229.6876651
2023-12-08 00:00:00,74.98,0.105801846,1,1,0.105801846,21.95704357,254.094846
2023-12-09 00:00:00,72.368,-0.034835956,1,1,-0.034835956,21.157313,245.2083731
2023-12-10 00:00:00,74.907,0.035084568,1,1,0.035084568,21.93469275,253.8464874
2023-12-11 00:00:00,70.286,-0.061689829,1,1,-0.061689829,20.51985549,238.1250513
2023-12-12 00:00:00,68.644,-0.023361694,1,1,-0.023361694,20.01711521,232.5386851
2023-12-13 00:00:00,70.668,0.029485461,1,1,0.029485461,20.63681455,239.4246809
2023-12-14 00:00:00,75.751,0.071927888,1,1,0.071927888,22.19310493,256.7179205
2023-12-15 00:00:00,72.552,-0.042230466,1,1,-0.042230466,21.21364931,245.8343727
2023-12-16 00:00:00,73.737,0.016333113,1,1,0.016333113,21.57646735,249.8659464
2023-12-17 00:00:00,70.902,-0.038447455,1,1,-0.038447455,20.70845963,240.2207891
2023-12-18 00:00:00,74.429,0.049744718,1,1,0.049744718,21.78834083,252.2202493
2023-12-19 00:00:00,73.04,-0.018662081,1,1,-0.018662081,21.36306298,247.4946326
2023-12-20 00:00:00,82.243,0.125999452,1,1,0.125999452,24.18079667,278.8048202
2023-12-21 00:00:00,93.927,0.142066802,1,1,0.142066802,27.75815192,318.5557962
2023-12-22 00:00:00,97.962,0.042958894,1,1,0.042958894,28.99357031,332.2835597
2023-12-23 00:00:00,107.965,0.102111023,1,1,0.102111023,32.05624445,366.3154848
2023-12-24 00:00:00,112.571,0.042661974,1,1,0.042661974,33.46648908,381.9858883
2023-12-25 00:00:00,120.942,0.074361958,1,1,0.074361958,36.02948471,410.465469
2023-12-26 00:00:00,112.543,-0.069446512,1,1,-0.069446512,33.45791617,381.8906275
2023-12-27 00:00:00,107.095,-0.048408164,1,1,-0.048408164,31.78987171,363.3555952
2023-12-28 00:00:00,101.913,-0.048386946,1,1,-0.048386946,30.20326995,345.7255407
2023-12-29 00:00:00,106.225,0.042310598,1,1,0.042310598,31.52349897,360.3957057
2023-12-30 00:00:00,101.971,-0.04004707,1,1,-0.04004707,30.22102814,345.9228666
2023-12-31 00:00:00,101.778,-0.001892695,1,1,-0.001892695,30.16193625,345.2662475
2024-01-01 00:00:00,110.047,0.081245456,1,1,0.081245456,32.69370197,373.3988066
2024-01-02 00:00:00,106.83,-0.029232964,1,1,-0.029232964,31.70873519,362.4540197
2024-01-03 00:00:00,98.519,-0.077796499,1,1,-0.077796499,29.1641101,334.1785694
2024-01-04 00:00:00,104.975,0.065530507,1,1,0.065530507,31.14077952,356.1429909
2024-01-05 00:00:00,99.874,-0.048592522,1,1,-0.048592522,29.57897799,338.7885123
2024-01-06 00:00:00,93.799,-0.060826642,1,1,-0.060826642,27.71896145,318.1203182
2024-01-07 00:00:00,89.414,-0.046748899,1,1,-0.046748899,26.37638162,303.2017946
2024-01-08 00:00:00,97.901,0.094918022,1,1,0.094918022,28.9748936,332.0760272
2024-01-09 00:00:00,99.347,0.014770023,1,1,0.014770023,29.41762347,336.9955677
2024-01-10 00:00:00,102.063,0.027338521,1,1,0.027338521,30.24919629,346.2358664
2024-01-11 00:00:00,99.928,-0.020918452,1,1,-0.020918452,29.59551147,338.9722295
2024-01-12 00:00:00,92.153,-0.07780602,1,1,-0.07780602,27.21499648,312.5203433
2024-01-13 00:00:00,95.836,0.039966143,1,1,0.039966143,28.34264107,325.0505423
2024-01-14 00:00:00,93.83,-0.020931591,1,1,-0.020931591,27.72845289,318.2257855
2024-01-15 00:00:00,94.359,0.005637856,1,1,0.005637856,27.89041977,320.0255344
2024-01-16 00:00:00,97.637,0.034739664,1,1,0.034739664,28.89406326,331.1778538
2024-01-17 00:00:00,102.155,0.046273441,1,1,0.046273441,30.27736444,346.5488663
2024-01-18 00:00:00,94.389,-0.076021732,1,1,-0.076021732,27.89960503,320.1275996
2024-01-19 00:00:00,93.596,-0.008401403,1,1,-0.008401403,27.65680781,317.4296773
2024-01-20 00:00:00,92.9,-0.007436215,0,0.5,-0.007436215,27.44370962,315.0617657
2024-01-21 00:00:00,91.105,-0.019321851,0,0.5,-0.009660926,26.89412449,312.0083165
2024-01-22 00:00:00,83.883,-0.079271171,0,0.5,-0.039635585,24.68292459,299.6020486
2024-01-23 00:00:00,84.325,0.005269244,0,0.5,0.002634622,24.81825419,300.3940214
2024-01-24 00:00:00,88.744,0.052404388,0,0.5,0.026202194,26.17124399,308.291206
2024-01-25 00:00:00,86.886,-0.020936627,0,0.5,-0.010468313,25.6023698,305.0534487
2024-01-26 00:00:00,92.261,0.061862671,0,0.5,0.030931335,27.24806344,314.5200906
2024-01-27 00:00:00,94.238,0.021428339,0,0.5,0.01071417,27.85337252,317.9006263
2024-01-28 00:00:00,95.948,0.018145546,0,0.5,0.009072773,28.37693273,320.7939394
2024-01-29 00:00:00,101.623,0.059146621,0,0.5,0.029573311,30.11447904,330.3104515
2024-01-30 00:00:00,101.371,-0.002479754,0,0.5,-0.001239877,30.0373228,329.8996674
2024-01-31 00:00:00,96.912,-0.043986939,0,0.5,-0.02199347,28.67208597,322.6220356
2024-02-01 00:00:00,97.775,0.008904986,0,0.5,0.004452493,28.93631548,324.0629604
2024-02-02 00:00:00,100.559,0.028473536,1,1,0.014236768,29.78870825,328.6908064
2024-02-03 00:00:00,97.915,-0.026293022,0,0.5,-0.026293022,28.97918006,320.0222388
2024-02-04 00:00:00,95.451,-0.025164684,0,0.5,-0.012582342,28.22476348,315.9830273
2024-02-05 00:00:00,95.605,0.001613393,1,1,0.000806697,28.27191452,316.2387364
2024-02-06 00:00:00,96.856,0.01308509,1,1,0.01308509,28.65494014,320.3898337
2024-02-07 00:00:00,101.135,0.044178987,1,1,0.044178987,29.96506537,334.5885111
2024-02-08 00:00:00,102.742,0.015889652,1,1,0.015889652,30.4570895,339.9208959
2024-02-09 00:00:00,106.921,0.0406747,1,1,0.0406747,31.73659716,353.787751
2024-02-10 00:00:00,108.976,0.019219798,1,1,0.019219798,32.36578794,360.6066998
2024-02-11 00:00:00,107.471,-0.01381038,1,1,-0.01381038,31.90499372,355.6127738
2024-02-12 00:00:00,111.737,0.039694429,1,1,0.039694429,33.21113867,369.7683143
2024-02-13 00:00:00,112.539,0.007177569,1,1,0.007177569,33.45669147,372.4295294
2024-02-14 00:00:00,117.092,0.040457086,1,1,0.040457086,34.8507088,387.5373999
2024-02-15 00:00:00,113.598,-0.029839784,1,1,-0.029839784,33.78093139,375.9435278
2024-02-16 00:00:00,110.392,-0.028222328,1,1,-0.028222328,32.79933254,365.305304
2024-02-17 00:00:00,109.008,-0.01253714,1,1,-0.01253714,32.37558556,360.712883
2024-02-18 00:00:00,112.345,0.030612432,1,1,0.030612432,33.39729341,371.7857941
2024-02-19 00:00:00,111.658,-0.006115092,1,1,-0.006115092,33.1869508,369.5061747
2024-02-20 00:00:00,108.418,-0.029017177,1,1,-0.029017177,32.19494198,358.7551312
2024-02-21 00:00:00,105.113,-0.030483868,1,1,-0.030483868,31.18303175,347.7884033
2024-02-22 00:00:00,101.805,-0.031470893,1,1,-0.031470893,30.17020299,336.8117207
2024-02-23 00:00:00,99.973,-0.017995187,1,1,-0.017995187,29.60928937,330.7327357
2024-02-24 00:00:00,104.114,0.041421184,1,1,0.041421184,30.87716236,344.4734983
2024-02-25 00:00:00,103.569,-0.005234647,1,1,-0.005234647,30.71029668,342.6650666
2024-02-26 00:00:00,110.034,0.062422153,1,1,0.062422153,32.68972169,364.1173801
2024-02-27 00:00:00,108.45,-0.01439555,1,1,-0.01439555,32.2047396,358.8613144
2024-02-28 00:00:00,119.425,0.101198709,1,1,0.101198709,35.56501638,395.2788149
2024-02-29 00:00:00,125.769,0.053121206,1,1,0.053121206,37.50739414,416.3296233
2024-03-01 00:00:00,129.456,0.02931565,1,1,0.02931565,38.63626343,428.5639125
2024-03-02 00:00:00,130.184,0.005623532,1,1,0.005623532,38.85915924,430.9795791
2024-03-03 00:00:00,130.304,0.000921772,1,1,0.000921772,38.89590031,431.3777659
2024-03-04 00:00:00,133.45,0.024143541,1,1,0.024143541,39.85912862,441.8168963
2024-03-05 00:00:00,125.358,-0.060636943,1,1,-0.060636943,37.38155598,414.9658336
2024-03-06 00:00:00,130.916,0.044337019,1,1,0.044337019,39.08327975,433.4085185
2024-03-07 00:00:00,143.997,0.099919032,1,1,0.099919032,43.08836227,476.8141972
2024-03-08 00:00:00,144.879,0.006125128,1,1,0.006125128,43.35840911,479.7408701
2024-03-09 00:00:00,144.424,-0.003140552,1,1,-0.003140552,43.21909923,478.2310786
2024-03-10 00:00:00,144.497,0.000505456,1,1,0.000505456,43.24145005,478.4733089
2024-03-11 00:00:00,149.062,0.031592351,1,1,0.031592351,44.63914148,493.6209981
2024-03-12 00:00:00,151.201,0.014349734,1,1,0.014349734,45.29405101,500.7186777
2024-03-13 00:00:00,164.055,0.085012665,1,1,0.085012665,49.22963167,543.3711197
2024-03-14 00:00:00,176.851,0.077998232,1,1,0.077998232,53.14745415,585.8311048
2024-03-15 00:00:00,184.155,0.041300304,1,1,0.041300304,55.38376045,610.0674076
2024-03-16 00:00:00,182.184,-0.01070294,1,1,-0.01070294,54.78028842,603.5271895
2024-03-17 00:00:00,201.962,0.108560576,1,1,0.108560576,60.83582866,669.1550095
2024-03-18 00:00:00,196.143,-0.028812351,1,1,-0.028812351,59.05419307,649.8462682
2024-03-19 00:00:00,169.917,-0.13370857,1,1,-0.13370857,51.02443281,562.8225446
2024-03-20 00:00:00,191.916,0.129469094,1,1,0.129469094,57.75998898,635.8201384
2024-03-21 00:00:00,179.535,-0.064512599,1,1,-0.064512599,53.96922936,594.737216
2024-03-22 00:00:00,175.257,-0.023828223,1,1,-0.023828223,52.65941031,580.5418569
2024-03-23 00:00:00,172.725,-0.014447354,1,1,-0.014447354,51.88417379,572.1401155
2024-03-24 00:00:00,184.019,0.065387176,1,1,0.065387176,55.34212057,609.6161292
2024-03-25 00:00:00,189.181,0.028051451,1,1,0.028051451,56.92259882,626.7447978
2024-03-26 00:00:00,190.623,0.00762233,1,1,0.00762233,57.36410398,631.5296757
2024-03-27 00:00:00,186.448,-0.021901869,1,1,-0.021901869,56.08582101,617.6760935
2024-03-28 00:00:00,189.852,0.018257101,1,1,0.018257101,57.12804262,628.9713256
2024-03-29 00:00:00,192.2,0.012367528,1,1,0.012367528,57.84694284,636.7625138
2024-03-30 00:00:00,194.351,0.011191467,1,1,0.011191467,58.50552647,643.9000121
2024-03-31 00:00:00,202.678,0.042845162,1,1,0.042845162,61.05505037,671.5308573
2024-04-01 00:00:00,192.355,-0.050933007,1,1,-0.050933007,57.89440005,637.2768384
2024-04-02 00:00:00,181.679,-0.055501547,1,1,-0.055501547,54.62566976,601.8514867
2024-04-03 00:00:00,185.173,0.019231722,1,1,0.019231722,55.69544717,613.4453589
2024-04-04 00:00:00,184.123,-0.005670373,1,1,-0.005670373,55.37396283,609.9612244
2024-04-05 00:00:00,174.45,-0.052535533,1,1,-0.052535533,52.41232663,577.8640507
2024-04-06 00:00:00,178.768,0.024752078,1,1,0.024752078,53.7343927,592.1921388
2024-04-07 00:00:00,179.615,0.004737984,1,1,0.004737984,53.9937234,595.0026739
2024-04-08 00:00:00,180.822,0.006719929,1,1,0.006719929,54.3632773,599.0077694
2024-04-09 00:00:00,172.558,-0.045702403,1,1,-0.045702403,51.83304247,571.5859722
2024-04-10 00:00:00,173.438,0.005099735,1,1,0.005099735,52.10247696,574.5060087
2024-04-11 00:00:00,172.497,-0.00542557,1,1,-0.00542557,51.81436576,571.3835606
2024-04-12 00:00:00,153.162,-0.112088906,0,0.5,-0.112088906,45.89446128,507.2257135
2024-04-13 00:00:00,138.467,-0.095944164,0,0.5,-0.047972082,41.39521141,482.845068
2024-04-14 00:00:00,151.187,0.091863043,0,0.5,0.045931522,45.28976455,505.0688082
2024-04-15 00:00:00,138.442,-0.084299576,0,0.5,-0.042149788,41.38755703,483.7381152
2024-04-16 00:00:00,136.183,-0.016317303,0,0.5,-0.008158651,40.69590643,479.783306
2024-04-17 00:00:00,131.781,-0.032324152,0,0.5,-0.016162076,39.34812161,472.0128496
2024-04-18 00:00:00,141.957,0.077219022,0,0.5,0.038609511,42.46376412,490.2756446
2024-04-19 00:00:00,142.444,0.003430616,0,0.5,0.001715308,42.61287162,491.1183337
2024-04-20 00:00:00,151.155,0.061153857,0,0.5,0.030576928,45.27996693,506.1658008
2024-04-21 00:00:00,148.734,-0.016016672,0,0.5,-0.008008336,44.5387159,502.1042467
2024-04-22 00:00:00,156.881,0.05477564,0,0.5,0.02738782,47.0331282,515.8831752
2024-04-23 00:00:00,154.723,-0.013755649,0,0.5,-0.006877825,46.37240133,512.3281434
2024-04-24 00:00:00,147.701,-0.045384332,0,0.5,-0.022692166,44.22243655,500.679616
2024-04-25 00:00:00,144.786,-0.019735818,0,0.5,-0.009867909,43.32993478,495.7290873
2024-04-26 00:00:00,139.202,-0.038567265,0,0.5,-0.019283632,41.62025045,486.1503461
2024-04-27 00:00:00,141.242,0.014654962,0,0.5,0.007327481,42.2448486,489.719931
2024-04-28 00:00:00,137.922,-0.023505756,0,0.5,-0.011752878,41.22834573,483.9525595
2024-04-29 00:00:00,137.725,-0.001428344,0,0.5,-0.000714172,41.16802915,483.6062201
2024-04-30 00:00:00,126.685,-0.080159739,0,0.5,-0.040079869,37.78785095,464.1832661
2024-05-01 00:00:00,134.541,0.062012077,0,0.5,0.031006039,40.19316616,478.6067564
2024-05-02 00:00:00,137.538,0.022275738,0,0.5,0.011137869,41.11077432,483.9485535
2024-05-03 00:00:00,143.607,0.044125987,0,0.5,0.022062993,42.9689538,494.6479703
2024-05-04 00:00:00,146.007,0.016712277,0,0.5,0.008356139,43.70377514,498.7896735
2024-05-05 00:00:00,145.673,-0.002287562,0,0.5,-0.001143781,43.60151251,498.2180236
2024-05-06 00:00:00,152.784,0.048814811,0,0.5,0.024407406,45.77872692,510.4026404
2024-05-07 00:00:00,148.011,-0.031240182,0,0.5,-0.015620091,44.31735097,502.4144846
2024-05-08 00:00:00,142.118,-0.039814608,0,0.5,-0.019907304,42.51305839,492.3928593
2024-05-09 00:00:00,152.459,0.072763478,0,0.5,0.036381739,45.67921986,510.3433496
2024-05-10 00:00:00,145.966,-0.042588499,0,0.5,-0.02129425,43.69122195,499.4546767
2024-05-11 00:00:00,145.355,-0.004185906,0,0.5,-0.002092953,43.50414868,498.4072485
2024-05-12 00:00:00,143.364,-0.013697499,0,0.5,-0.00684875,42.89455314,494.9869333
2024-05-13 00:00:00,147.496,0.02882174,1,1,0.01441087,44.15967056,502.1345366
2024-05-14 00:00:00,141.963,-0.037512882,0,0.5,-0.037512882,42.46560118,483.2605103
2024-05-15 00:00:00,158.423,0.115945704,1,1,0.057972852,47.50525091,511.3344732
2024-05-16 00:00:00,159.303,0.005554749,1,1,0.005554749,47.7746854,514.1803626
2024-05-17 00:00:00,169.351,0.063074769,1,1,0.063074769,50.85113744,546.6752452
2024-05-18 00:00:00,172.299,0.017407633,1,1,0.017407633,51.753743,556.2089747
2024-05-19 00:00:00,169.853,-0.014196252,1,1,-0.014196252,51.00483757,548.2986958
2024-05-20 00:00:00,186.701,0.099191654,1,1,0.099191654,56.16328343,602.7845419
2024-05-21 00:00:00,178.15,-0.045800505,1,1,-0.045800505,53.5451762,575.1309052
2024-05-22 00:00:00,177.03,-0.006286837,1,1,-0.006286837,53.20225958,571.5088642
2024-05-23 00:00:00,176.182,-0.004790149,1,1,-0.004790149,52.9426227,568.7664617
2024-05-24 00:00:00,167.657,-0.048387463,1,1,-0.048387463,50.33247604,541.1969081
2024-05-25 00:00:00,168.356,0.004169226,1,1,0.004169226,50.54649276,543.4574498
2024-05-26 00:00:00,163.505,-0.028813942,1,1,-0.028813942,49.06123511,527.7694845
2024-05-27 00:00:00,170.249,0.041246445,1,1,0.041246445,51.1260831,549.579346
2024-05-28 00:00:00,168.807,-0.008469947,1,1,-0.008469947,50.68457794,544.9159681
2024-05-29 00:00:00,168.418,-0.002304407,1,1,-0.002304407,50.56547564,543.6579557
2024-05-30 00:00:00,166.986,-0.008502654,1,1,-0.008502654,50.12703224,539.0269174
2024-05-31 00:00:00,165.762,-0.007329956,1,1,-0.007329956,49.75227335,535.068544
2024-06-01 00:00:00,166.281,0.003130995,1,1,0.003130995,49.91117847,536.746972
2024-06-02 00:00:00,163.251,-0.018222166,1,1,-0.018222166,48.98346652,526.9480573
2024-06-03 00:00:00,164.995,0.010682936,1,1,0.010682936,49.5174367,532.5880927
2024-06-04 00:00:00,171.888,0.041777024,1,1,0.041777024,51.62790484,554.879815
2024-06-05 00:00:00,173.668,0.01035558,1,1,0.01035558,52.17289734,560.6362731
2024-06-06 00:00:00,170.271,-0.01956031,1,1,-0.01956031,51.13281896,549.6504932
2024-06-07 00:00:00,162.524,-0.045498059,1,1,-0.045498059,48.76087689,524.5969646
2024-06-08 00:00:00,157.838,-0.028832665,1,1,-0.028832665,47.32613821,509.4426035
2024-06-09 00:00:00,162.116,0.027103739,1,1,0.027103739,48.63595726,523.2775068
2024-06-10 00:00:00,159.096,-0.018628636,1,1,-0.018628636,47.71130706,513.5109318
2024-06-11 00:00:00,149.245,-0.06191859,1,1,-0.06191859,44.69517161,481.6531403
2024-06-12 00:00:00,155.173,0.039719924,1,1,0.039719924,46.51018034,500.8240862
2024-06-13 00:00:00,147.209,-0.051323362,1,1,-0.051323362,44.07179817,475.0687871
2024-06-14 00:00:00,142.974,-0.028768621,0,0.5,-0.028768621,42.77514467,461.3729444
2024-06-15 00:00:00,145.45,0.017317834,0,0.5,0.008658917,43.53323536,465.3765934
2024-06-16 00:00:00,151.245,0.03984187,0,0.5,0.019920935,45.30752273,474.6672512
2024-06-17 00:00:00,143.197,-0.053211676,0,0.5,-0.026605838,42.84342182,462.0117252
2024-06-18 00:00:00,137.359,-0.040769011,0,0.5,-0.020384505,41.05596889,452.5734603
2024-06-19 00:00:00,135.557,-0.013118907,0,0.5,-0.006559454,40.50424053,449.5982662
2024-06-20 00:00:00,133.5,-0.015174428,0,0.5,-0.007587214,39.8744374,446.1794806
2024-06-21 00:00:00,134.534,0.007745318,0,0.5,0.003872659,40.19102293,447.9112543
2024-06-22 00:00:00,133.627,-0.00674179,0,0.5,-0.003370895,39.9133217,446.3980216
2024-06-23 00:00:00,128.661,-0.037163148,0,0.5,-0.018581574,38.39285386,438.0846621
2024-06-24 00:00:00,132.237,0.02779397,0,0.5,0.013896985,39.48773767,444.1866151
2024-06-25 00:00:00,136.544,0.032570309,0,0.5,0.016285155,40.80643581,451.436548
2024-06-26 00:00:00,136.808,0.001933443,0,0.5,0.000966721,40.88726616,451.8739281
2024-06-27 00:00:00,149.651,0.093876089,0,0.5,0.046938045,44.81947889,473.1309447
2024-06-28 00:00:00,139.98,-0.064623691,0,0.5,-0.032311846,41.85845504,457.8108988
2024-06-29 00:00:00,140.234,0.001814545,0,0.5,0.000907272,41.93622363,458.2271653
2024-06-30 00:00:00,146.582,0.045267196,0,0.5,0.022633598,43.87982609,468.6211284
2024-07-01 00:00:00,146.625,0.000293351,0,0.5,0.000146676,43.89299164,468.6900104
2024-07-02 00:00:00,153.97,0.050093777,0,0.5,0.025046888,46.14185114,480.4542836
2024-07-03 00:00:00,140.737,-0.085945314,0,0.5,-0.042972657,42.09022994,459.7649138
2024-07-04 00:00:00,127.76,-0.092207451,-1,0,-0.046103725,38.11698968,438.5219348
2024-07-05 00:00:00,134.23,0.050641828,-1,0,0,40.09794556,438.5219348
2024-07-06 00:00:00,142.996,0.065305818,-1,0,0,42.78188053,438.5219348
2024-07-07 00:00:00,131.599,-0.07970153,-1,0,0,39.29239766,438.5219348
2024-07-08 00:00:00,139.74,0.061862172,-1,0,0,41.7849729,438.5219348
2024-07-09 00:00:00,141.391,0.011814799,-1,0,0,42.29046875,438.5219348
2024-07-10 00:00:00,141.927,0.003790906,-1,0,0,42.45457886,438.5219348
2024-07-11 00:00:00,135.702,-0.043860576,-1,0,0,40.54863599,438.5219348
2024-07-12 00:00:00,139.379,0.027096137,-1,0,0,41.67444353,438.5219348
2024-07-13 00:00:00,141.811,0.017448827,-1,0,0,42.41906249,438.5219348
2024-07-14 00:00:00,147.575,0.040645648,0,0.5,0,44.18385842,438.5219348
2024-07-15 00:00:00,159.294,0.079410469,0,0.5,0.039705235,47.77192982,455.9732563
2024-07-16 00:00:00,160.592,0.008148455,0,0.5,0.004074228,48.1693457,457.8350693
2024-07-17 00:00:00,155.467,-0.031913171,0,0.5,-0.015956586,46.60019595,450.5136283
2024-07-18 00:00:00,159.146,0.023664186,0,0.5,0.011832093,47.72661584,455.8559795
2024-07-19 00:00:00,169.064,0.062320134,0,0.5,0.031160067,50.76326506,470.0916424
2024-07-20 00:00:00,173.532,0.026427862,0,0.5,0.013213931,52.13125746,476.3166147
2024-07-21 00:00:00,184.473,0.06304889,1,1,0.031524445,55.48112428,491.3637561
2024-07-22 00:00:00,178.823,-0.030627788,0,0.5,-0.030627788,53.75123236,476.2837432
2024-07-23 00:00:00,172.912,-0.033055032,0,0.5,-0.016527516,51.94142862,468.3954285
2024-07-24 00:00:00,177.983,0.029327057,0,0.5,0.014663528,53.49404489,475.2784216
2024-07-25 00:00:00,171.759,-0.034969632,0,0.5,-0.017484816,51.58840819,466.9507811
2024-07-26 00:00:00,182.991,0.065393953,0,0.5,0.032696977,55.0273721,482.2513568
2024-07-27 00:00:00,183.903,0.004983852,0,0.5,0.002491926,55.30660421,483.4555833
2024-07-28 00:00:00,184.808,0.004921073,0,0.5,0.002460536,55.58369309,484.6476039
2024-07-29 00:00:00,182.509,-0.012439938,0,0.5,-0.006219969,54.87979547,481.6268909
2024-07-30 00:00:00,179.072,-0.018831948,0,0.5,-0.009415974,53.82747007,477.0824887
2024-07-31 00:00:00,171.632,-0.041547534,0,0.5,-0.020773767,51.5495239,467.1509144
2024-08-01 00:00:00,167.294,-0.025275007,0,0.5,-0.012637503,50.22133431,461.2346556
2024-08-02 00:00:00,152.711,-0.087169893,0,0.5,-0.043584946,45.75637611,441.088183
2024-08-03 00:00:00,142.456,-0.067152988,0,0.5,-0.033576494,42.61654573,426.2444117
2024-08-04 00:00:00,138.291,-0.029237098,0,0.5,-0.014618549,41.34132452,419.9987184
2024-08-05 00:00:00,129.768,-0.061630909,-1,0,-0.030815454,38.73179021,407.0254516
2024-08-06 00:00:00,144.328,0.112200234,0,0.5,0,43.18970638,407.0254516
2024-08-07 00:00:00,144.736,0.002826894,0,0.5,0.001413447,43.31462601,407.602174
2024-08-08 00:00:00,163.069,0.126665101,0,0.5,0.06333255,48.92774257,433.4799917
2024-08-09 00:00:00,156.188,-0.042196861,0,0.5,-0.021098431,46.82094853,424.3131457
2024-08-10 00:00:00,153.932,-0.014444131,1,1,-0.007222066,46.13021647,421.2415062
2024-08-11 00:00:00,141.492,-0.080814905,1,1,-0.080814905,42.32139249,387.1180989
2024-08-12 00:00:00,146.241,0.033563735,0,0.5,0.033563735,43.77542023,400.1447919
2024-08-13 00:00:00,146.565,0.002215521,0,0.5,0.00110776,43.87462111,400.5891643
2024-08-14 00:00:00,143.644,-0.019929724,0,0.5,-0.009964862,42.98028229,396.5873837
2024-08-15 00:00:00,142.538,-0.007699591,0,0.5,-0.003849795,42.64165212,395.0567536
2024-08-16 00:00:00,138.986,-0.024919671,-1,0,-0.012459835,41.55411653,390.1219517
2024-08-17 00:00:00,141.83,0.020462493,-1,0,0,42.42487983,390.1219517
2024-08-18 00:00:00,142.354,0.003694564,-1,0,0,42.58531582,390.1219517
2024-08-19 00:00:00,144.201,0.012974697,-1,0,0,43.15082208,390.1219517
2024-08-20 00:00:00,142.21,-0.013807116,-1,0,0,42.54122654,390.1219517
2024-08-21 00:00:00,142.726,0.003628437,-1,0,0,42.69921313,390.1219517
2024-08-22 00:00:00,143.159,0.003033785,-1,0,0,42.83178715,390.1219517
2024-08-23 00:00:00,153.228,0.070334383,0,0.5,0,45.91466887,390.1219517
2024-08-24 00:00:00,160.558,0.04783721,0,0.5,0.023918605,48.15893573,399.4770432
2024-08-25 00:00:00,158.88,-0.010451052,0,0.5,-0.005225526,47.64517314,397.38434
2024-08-26 00:00:00,157.052,-0.011505539,0,0.5,-0.005752769,47.08548422,395.0925268
2024-08-27 00:00:00,146.727,-0.065742557,0,0.5,-0.032871278,43.92422155,382.0724591
2024-08-28 00:00:00,143.892,-0.019321597,0,0.5,-0.009660799,43.05621383,378.3716732
2024-08-29 00:00:00,139.948,-0.027409446,0,0.5,-0.013704723,41.84865742,373.1724895
2024-08-30 00:00:00,137.921,-0.014483951,0,0.5,-0.007241976,41.22803956,370.4627415
2024-08-31 00:00:00,135.266,-0.01925015,-1,0,-0.009625075,40.41514344,366.8873846
2024-09-01 00:00:00,128.411,-0.050677923,-1,0,0,38.31630997,366.8873846
2024-09-02 00:00:00,134.865,0.050260492,-1,0,0,40.29236704,366.8873846
2024-09-03 00:00:00,127.506,-0.054565677,-1,0,0,38.03922109,366.8873846
2024-09-04 00:00:00,133.564,0.04751149,0,0.5,0,39.89403264,366.8873846
2024-09-05 00:00:00,129.337,-0.031647749,-1,0,-0.015823875,38.59982854,361.0659808
2024-09-06 00:00:00,124.959,-0.033849556,-1,0,0,37.25939194,361.0659808
2024-09-07 00:00:00,127.656,0.021583079,-1,0,0,38.08514742,361.0659808
2024-09-08 00:00:00,130.073,0.018933697,-1,0,0,38.82517375,361.0659808
2024-09-09 00:00:00,135.014,0.037986362,-1,0,0,40.3379872,361.0659808
2024-09-10 00:00:00,135.563,0.004066245,-1,0,0,40.50607758,361.0659808
2024-09-11 00:00:00,132.346,-0.023730664,-1,0,0,39.5211108,361.0659808
2024-09-12 00:00:00,135.997,0.02758678,-1,0,0,40.63895778,361.0659808
2024-09-13 00:00:00,138.916,0.021463709,-1,0,0,41.53268424,361.0659808
2024-09-14 00:00:00,137.068,-0.013303003,-1,0,0,40.9668718,361.0659808
2024-09-15 00:00:00,131.319,-0.041942685,-1,0,0,39.2066685,361.0659808
2024-09-16 00:00:00,131.412,0.000708199,-1,0,0,39.23514283,361.0659808
2024-09-17 00:00:00,131.467,0.000418531,-1,0,0,39.25198249,361.0659808
2024-09-18 00:00:00,134.299,0.021541528,-1,0,0,40.11907168,361.0659808
2024-09-19 00:00:00,142.82,0.063447978,0,0.5,0,42.72799363,361.0659808
2024-09-20 00:00:00,146.627,0.026655931,0,0.5,0.013327965,43.89360399,365.8915836
2024-09-21 00:00:00,149.372,0.018720972,0,0.5,0.009360486,44.73405591,369.3258671
2024-09-22 00:00:00,144.587,-0.032034116,-1,0,-0.016017058,43.26900585,363.3943362
2024-09-23 00:00:00,144.691,0.00071929,-1,0,0,43.30084811,363.3943362
2024-09-24 00:00:00,152.712,0.055435376,-1,0,0,45.75668228,363.3943362
2024-09-25 00:00:00,147.88,-0.031641259,-1,0,0,44.27724197,363.3943362
2024-09-26 00:00:00,155.48,0.051393021,0,0.5,0,46.60417623,363.3943362
2024-09-27 00:00:00,157.591,0.013577309,0,0.5,0.006788654,47.25051284,365.8680835
2024-09-28 00:00:00,156.682,-0.005768096,0,0.5,-0.002884048,46.97219926,364.8100183
2024-09-29 00:00:00,158.385,0.010869149,0,0.5,0.005434574,47.49361624,366.7980401
2024-09-30 00:00:00,152.428,-0.037610885,0,0.5,-0.018805442,45.66972842,359.8814353
2024-10-01 00:00:00,145.071,-0.048265411,0,0.5,-0.024132705,43.41719482,351.1723899
2024-10-02 00:00:00,140.082,-0.034390057,0,0.5,-0.017195029,41.88968495,345.1167756
2024-10-03 00:00:00,136.733,-0.023907426,0,0.5,-0.011953713,40.86430299,340.9793951
2024-10-04 00:00:00,143.159,0.046996702,0,0.5,0.023498351,42.83178715,349.0153469
2024-10-05 00:00:00,142.538,-0.004337834,0,0.5,-0.002168917,42.64165212,348.2561926
2024-10-06 00:00:00,146.412,0.027178717,0,0.5,0.013589359,43.82777625,353.0023602
2024-10-07 00:00:00,143.909,-0.017095593,0,0.5,-0.008547797,43.06141882,349.9764201
2024-10-08 00:00:00,143.417,-0.003418827,0,0.5,-0.001709414,42.91078044,349.3764562
2024-10-09 00:00:00,139.266,-0.02894357,0,0.5,-0.014471785,41.63984569,344.3058834
2024-10-10 00:00:00,138.963,-0.002175693,0,0.5,-0.001087846,41.54707449,343.9302437
2024-10-11 00:00:00,145.47,0.046825414,0,0.5,0.023412707,43.53935887,352.0059944
2024-10-12 00:00:00,146.318,0.005829381,1,1,0.00291469,43.79899574,353.0348976
2024-10-13 00:00:00,147.645,0.009069287,1,1,0.009069287,44.20529071,356.2457418
2024-10-14 00:00:00,157.52,0.066883403,1,1,0.066883403,47.22877438,380.1395527
2024-10-15 00:00:00,154.69,-0.017965973,1,1,-0.017965973,46.36229754,373.2920099
2024-10-16 00:00:00,154.19,-0.003232271,1,1,-0.003232271,46.20920976,372.0821967
2024-10-17 00:00:00,150.45,-0.024255788,1,1,-0.024255788,45.06411316,363.0327939
2024-10-18 00:00:00,154.86,0.029312064,1,1,0.029312064,46.41434739,373.7033464
2024-10-19 00:00:00,159.7,0.031254036,1,1,0.031254036,47.8962371,385.4143383
2024-10-20 00:00:00,167.42,0.048340639,1,1,0.048340639,50.25991243,404.0938542
2024-10-21 00:00:00,166.13,-0.007705173,1,1,-0.007705173,49.86494596,400.9725361
2024-10-22 00:00:00,167.56,0.008607717,1,1,0.008607717,50.30277701,404.4326019
2024-10-23 00:00:00,170.81,0.019396037,1,1,0.019396037,51.29784759,412.2963877
2024-10-24 00:00:00,177.1,0.036824542,1,1,0.036824542,53.22369186,427.5158379
2024-10-25 00:00:00,164.8,-0.069452287,1,1,-0.069452287,49.45773246,397.754433
2024-10-26 00:00:00,170.81,0.036468447,1,1,0.036468447,51.29784759,412.2963877
2024-10-27 00:00:00,176.58,0.033780224,1,1,0.033780224,53.06448057,426.2576321
2024-10-28 00:00:00,178.2,0.009174312,1,1,0.009174312,53.56048498,430.1774269
2024-10-29 00:00:00,179.4,0.006734007,1,1,0.006734007,53.92789566,433.0809786
2024-10-30 00:00:00,174.83,-0.025473802,1,1,-0.025473802,52.52867334,422.0232859
2024-10-31 00:00:00,168.62,-0.03552022,1,1,-0.03552022,50.62732311,406.9974059
2024-11-01 00:00:00,166.01,-0.015478591,1,1,-0.015478591,49.82820489,400.6821809
2024-11-02 00:00:00,166.09,0.000481899,1,1,0.000481899,49.85269894,400.875751
2024-11-03 00:00:00,162.44,-0.021976037,1,1,-0.021976037,48.73515814,392.0441146
2024-11-04 00:00:00,157.87,-0.028133465,1,1,-0.028133465,47.33593583,380.9864219
2024-11-05 00:00:00,166.55,0.054981947,1,1,0.054981947,49.9935397,401.9887792
2024-11-06 00:00:00,186.61,0.120444311,1,1,0.120444311,56.13542145,450.526485
2024-11-07 00:00:00,196.47,0.052837469,1,1,0.052837469,59.15431248,474.3840015
2024-11-08 00:00:00,199.92,0.017559933,1,1,0.017559933,60.21061817,482.7317126
2024-11-09 00:00:00,199.94,0.00010004,1,1,0.00010004,60.21674168,482.7801051
2024-11-10 00:00:00,210.29,0.05176553,1,1,0.05176553,63.38565874,507.8232385
2024-11-11 00:00:00,222.33,0.057254268,1,1,0.057254268,67.07201249,536.9555405
2024-11-12 00:00:00,211.77,-0.047496964,1,1,-0.047496964,63.83879857,511.4042856
2024-11-13 00:00:00,215.28,0.016574586,1,1,0.016574586,64.91347479,519.8971743
2024-11-14 00:00:00,209.65,-0.026151988,1,1,-0.026151988,63.18970638,506.2746776
2024-11-15 00:00:00,218.68,0.043071786,1,1,0.043071786,65.95447169,528.1239041
2024-11-16 00:00:00,215.87,-0.012849826,1,1,-0.012849826,65.09411837,521.3247539
2024-11-17 00:00:00,237.61,0.10070876,1,1,0.10070876,71.75037507,573.9274321
2024-11-18 00:00:00,239.96,0.009890156,1,1,0.009890156,72.46988763,579.6135542
2024-11-19 00:00:00,237.69,-0.00945991,1,1,-0.00945991,71.77486911,574.1210023
2024-11-20 00:00:00,235.47,-0.009339897,1,1,-0.009339897,71.09515936,568.7494316
2024-11-21 00:00:00,256.59,0.089692955,1,1,0.089692955,77.56158721,619.8519415
2024-11-22 00:00:00,257.1,0.001987607,1,1,0.001987607,77.71773675,621.0859509
2024-11-23 00:00:00,255.07,-0.00789576,1,1,-0.00789576,77.09620036,616.1741093
2024-11-24 00:00:00,252.94,-0.008350649,1,1,-0.008350649,76.44404642,611.0203051
2024-11-25 00:00:00,234.29,-0.073732901,1,1,-0.073732901,70.7338722,565.8942724
2024-11-26 00:00:00,230.73,-0.015194844,1,1,-0.015194844,69.6438872,557.2804024
2024-11-27 00:00:00,242.05,0.049061674,1,1,0.049061674,73.10979456,584.6705734
2024-11-28 00:00:00,237.6,-0.018384631,1,1,-0.018384631,71.74731331,573.9032359
2024-11-29 00:00:00,243.44,0.024579125,1,1,0.024579125,73.53537859,588.0338541
2024-11-30 00:00:00,237.73,-0.023455472,1,1,-0.023455472,71.78711613,574.2177873
2024-12-01 00:00:00,237.06,-0.002818323,1,1,-0.002818323,71.58197851,572.5966376
2024-12-02 00:00:00,225.88,-0.047161056,1,1,-0.047161056,68.15893573,545.5452143
2024-12-03 00:00:00,234.1,0.036391004,1,1,0.036391004,70.67569885,565.4345434
2024-12-04 00:00:00,229.32,-0.020418625,1,1,-0.020418625,69.21217966,553.8687292
2024-12-05 00:00:00,236.05,0.029347636,1,1,0.029347636,71.27274119,570.1528149
2024-12-06 00:00:00,237.08,0.004363482,1,1,0.004363482,71.58810202,572.6450301
2024-12-07 00:00:00,238.3,0.005145942,1,1,0.005145942,71.9616362,575.5969744
2024-12-08 00:00:00,237.24,-0.004448175,1,1,-0.004448175,71.63709011,573.0321704
2024-12-09 00:00:00,216.65,-0.086789749,1,1,-0.086789749,65.33293531,523.2120625
2024-12-10 00:00:00,213.58,-0.014170321,1,1,-0.014170321,64.39297633,515.7838094
2024-12-11 00:00:00,227.29,0.064191404,1,1,0.064191404,68.59064327,548.9568876
2024-12-12 00:00:00,226.88,-0.001803863,1,1,-0.001803863,68.46511129,547.9648407
2024-12-13 00:00:00,224.71,-0.009564528,1,1,-0.009564528,67.80071033,542.7142514
2024-12-14 00:00:00,219.84,-0.021672378,1,1,-0.021672378,66.30963534,530.9306708
2024-12-15 00:00:00,224.21,0.019878093,1,1,0.019878093,67.64762255,541.5044382
2024-12-16 00:00:00,224.26,0.000223005,1,1,0.000223005,67.66293132,541.6254195