date,close_price_TRXUSDT,return_TRXUSDT,signal_TRXUSDT,position_TRXUSDT,signal_return_TRXUSDT,cum_return_TRXUSDT,cum_signal_return_TRXUSDT
2020-01-15 00:00:00,0.01734,,0,0.5,,,
2020-01-16 00:00:00,0.01731,-0.001730104,0,0.5,-0.000865052,-0.001730104,-0.000865052
2020-01-17 00:00:00,0.01761,0.017331023,0,0.5,0.008665511,0.015570934,0.007792963
2020-01-18 00:00:00,0.0177,0.005110733,0,0.5,0.002555366,0.020761246,0.010368243
2020-01-19 00:00:00,0.01666,-0.058757062,0,0.5,-0.029378531,-0.039215686,-0.019314891
2020-01-20 00:00:00,0.01663,-0.00180072,0,0.5,-0.00090036,-0.04094579,-0.020197861
2020-01-21 00:00:00,0.01733,0.042092604,0,0.5,0.021046302,-0.000576701,0.00042335
2020-01-22 00:00:00,0.01742,0.005193306,0,0.5,0.002596653,0.00461361,0.003021103
2020-01-23 00:00:00,0.0163,-0.064293915,0,0.5,-0.032146958,-0.059976932,-0.029222974
2020-01-24 00:00:00,0.01638,0.004907975,0,0.5,0.002453988,-0.055363322,-0.026840699
2020-01-25 00:00:00,0.01612,-0.015873016,0,0.5,-0.007936508,-0.070357555,-0.034564186
2020-01-26 00:00:00,0.01683,0.044044665,0,0.5,0.022022333,-0.029411765,-0.013303037
2020-01-27 00:00:00,0.01711,0.016636958,0,0.5,0.008318479,-0.013264129,-0.005095219
2020-01-28 00:00:00,0.01862,0.088252484,0,0.5,0.044126242,0.073817762,0.03880619
2020-01-29 00:00:00,0.01866,0.002148228,0,0.5,0.001074114,0.076124567,0.039921986
2020-01-30 00:00:00,0.01953,0.046623794,0,0.5,0.023311897,0.126297578,0.06416454
2020-01-31 00:00:00,0.0187,-0.04249872,0,0.5,-0.02124936,0.078431373,0.041551725
2020-02-01 00:00:00,0.0191,0.021390374,0,0.5,0.010695187,0.101499423,0.052691316
2020-02-02 00:00:00,0.0191,0,0,0.5,0,0.101499423,0.052691316
2020-02-03 00:00:00,0.01921,0.005759162,0,0.5,0.002879581,0.107843137,0.055722626
2020-02-04 00:00:00,0.01929,0.004164498,0,0.5,0.002082249,0.112456747,0.057920903
2020-02-05 00:00:00,0.02078,0.077242094,0,0.5,0.038621047,0.198385236,0.098778916
2020-02-06 00:00:00,0.02273,0.093840231,0,0.5,0.046920115,0.310841984,0.15033375
2020-02-07 00:00:00,0.02209,-0.028156621,0,0.5,-0.014078311,0.273933103,0.134138994
2020-02-08 00:00:00,0.02185,-0.010864645,0,0.5,-0.005432322,0.260092272,0.127977985
2020-02-09 00:00:00,0.02211,0.011899314,0,0.5,0.005949657,0.275086505,0.134689067
2020-02-10 00:00:00,0.02216,0.00226142,0,0.5,0.00113071,0.277970012,0.135972071
2020-02-11 00:00:00,0.02278,0.027978339,0,0.5,0.01398917,0.31372549,0.151863378
2020-02-12 00:00:00,0.02399,0.053116769,0,0.5,0.026558385,0.383506344,0.182455008
2020-02-13 00:00:00,0.02397,-0.000833681,0,0.5,-0.00041684,0.382352941,0.181962113
2020-02-14 00:00:00,0.02642,0.102211097,0,0.5,0.051105549,0.523644752,0.242366935
2020-02-15 00:00:00,0.02366,-0.104466313,0,0.5,-0.052233157,0.364475202,0.177474189
2020-02-16 00:00:00,0.02227,-0.058748943,0,0.5,-0.029374472,0.284313725,0.142886506
2020-02-17 00:00:00,0.02181,-0.02065559,0,0.5,-0.010327795,0.257785467,0.131083008
2020-02-18 00:00:00,0.02265,0.038514443,0,0.5,0.019257221,0.306228374,0.152864524
2020-02-19 00:00:00,0.02019,-0.108609272,0,0.5,-0.054304636,0.164359862,0.090258636
2020-02-20 00:00:00,0.01982,-0.018325904,0,0.5,-0.009162952,0.143021915,0.080268649
2020-02-21 00:00:00,0.02017,0.01765893,0,0.5,0.008829465,0.163206459,0.089806843
2020-02-22 00:00:00,0.02003,-0.006941001,0,0.5,-0.003470501,0.155132641,0.086024668
2020-02-23 00:00:00,0.02138,0.067398902,0,0.5,0.033699451,0.232987313,0.122623103
2020-02-24 00:00:00,0.01992,-0.06828812,0,0.5,-0.03414406,0.148788927,0.084292192
2020-02-25 00:00:00,0.01894,-0.049196787,0,0.5,-0.024598394,0.092272203,0.057620346
2020-02-26 00:00:00,0.01636,-0.136219641,0,0.5,-0.06810982,-0.056516724,-0.014413986
2020-02-27 00:00:00,0.01701,0.039731051,0,0.5,0.019865526,-0.019031142,0.005165199
2020-02-28 00:00:00,0.01713,0.007054674,0,0.5,0.003527337,-0.012110727,0.008710755
2020-02-29 00:00:00,0.01648,-0.037945126,0,0.5,-0.018972563,-0.049596309,-0.010427073
2020-03-01 00:00:00,0.01644,-0.002427184,0,0.5,-0.001213592,-0.051903114,-0.011628011
2020-03-02 00:00:00,0.0176,0.070559611,0,0.5,0.035279805,0.014994233,0.02324156
2020-03-03 00:00:00,0.01724,-0.020454545,0,0.5,-0.010227273,-0.005767013,0.01277659
2020-03-04 00:00:00,0.01775,0.029582367,0,0.5,0.014791183,0.023644752,0.027756754
2020-03-05 00:00:00,0.01792,0.009577465,0,0.5,0.004788732,0.033448674,0.032678406
2020-03-06 00:00:00,0.01835,0.023995536,0,0.5,0.011997768,0.058246828,0.045068242
2020-03-07 00:00:00,0.01702,-0.072479564,0,0.5,-0.036239782,-0.018454441,0.007195196
2020-03-08 00:00:00,0.01466,-0.1386604,0,0.5,-0.0693302,-0.15455594,-0.062633848
2020-03-09 00:00:00,0.01503,0.025238745,0,0.5,0.012619372,-0.133217993,-0.050804875
2020-03-10 00:00:00,0.01509,0.003992016,0,0.5,0.001996008,-0.129757785,-0.048910274
2020-03-11 00:00:00,0.0149,-0.01259112,0,0.5,-0.00629556,-0.14071511,-0.054897917
2020-03-12 00:00:00,0.00837,-0.438255034,0,0.5,-0.219127517,-0.517301038,-0.261995789
2020-03-13 00:00:00,0.01027,0.227001195,0,0.5,0.113500597,-0.407727797,-0.17823187
2020-03-14 00:00:00,0.00971,-0.054527751,0,0.5,-0.027263875,-0.440023068,-0.200636454
2020-03-15 00:00:00,0.01025,0.05561277,0,0.5,0.027806385,-0.4088812,-0.178409044
2020-03-16 00:00:00,0.00958,-0.065365854,0,0.5,-0.032682927,-0.447520185,-0.205261041
2020-03-17 00:00:00,0.01001,0.044885177,0,0.5,0.022442589,-0.42272203,-0.187425041
2020-03-18 00:00:00,0.01023,0.021978022,0,0.5,0.010989011,-0.410034602,-0.178495646
2020-03-19 00:00:00,0.01164,0.137829912,0,0.5,0.068914956,-0.328719723,-0.12188171
2020-03-20 00:00:00,0.01126,-0.032646048,0,0.5,-0.016323024,-0.350634371,-0.136215256
2020-03-21 00:00:00,0.01124,-0.001776199,0,0.5,-0.000888099,-0.351787774,-0.136982382
2020-03-22 00:00:00,0.01029,-0.084519573,0,0.5,-0.042259786,-0.406574394,-0.173453323
2020-03-23 00:00:00,0.01135,0.103012634,0,0.5,0.051506317,-0.34544406,-0.130880948
2020-03-24 00:00:00,0.01151,0.014096916,0,0.5,0.007048458,-0.33621684,-0.124754998
2020-03-25 00:00:00,0.01137,-0.012163336,0,0.5,-0.006081668,-0.344290657,-0.130077948
2020-03-26 00:00:00,0.01195,0.051011434,0,0.5,0.025505717,-0.310841984,-0.107889962
2020-03-27 00:00:00,0.01118,-0.064435146,0,0.5,-0.032217573,-0.355247982,-0.136631583
2020-03-28 00:00:00,0.0114,0.019677996,0,0.5,0.009838998,-0.342560554,-0.128136903
2020-03-29 00:00:00,0.01066,-0.064912281,0,0.5,-0.03245614,-0.385236448,-0.156434214
2020-03-30 00:00:00,0.01146,0.075046904,0,0.5,0.037523452,-0.339100346,-0.124780713
2020-03-31 00:00:00,0.0116,0.012216405,0,0.5,0.006108202,-0.331026528,-0.119434697
2020-04-01 00:00:00,0.01156,-0.003448276,0,0.5,-0.001724138,-0.333333333,-0.120952913
2020-04-02 00:00:00,0.01196,0.034602076,0,0.5,0.017301038,-0.310265283,-0.105744486
2020-04-03 00:00:00,0.01194,-0.001672241,0,0.5,-0.00083612,-0.311418685,-0.106492191
2020-04-04 00:00:00,0.01199,0.004187605,0,0.5,0.002093802,-0.308535179,-0.104621362
2020-04-05 00:00:00,0.01257,0.048373645,0,0.5,0.024186822,-0.275086505,-0.082964998
2020-04-06 00:00:00,0.01375,0.093874304,0,0.5,0.046937152,-0.207035755,-0.039921987
2020-04-07 00:00:00,0.01329,-0.033454545,0,0.5,-0.016727273,-0.233564014,-0.055981474
2020-04-08 00:00:00,0.01377,0.036117381,0,0.5,0.018058691,-0.205882353,-0.038933735
2020-04-09 00:00:00,0.01343,-0.024691358,0,0.5,-0.012345679,-0.225490196,-0.050798751
2020-04-10 00:00:00,0.01245,-0.072970961,0,0.5,-0.03648548,-0.28200692,-0.085430814
2020-04-11 00:00:00,0.01249,0.003212851,0,0.5,0.001606426,-0.279700115,-0.083961627
2020-04-12 00:00:00,0.01268,0.01521217,0,0.5,0.007606085,-0.268742791,-0.076994161
2020-04-13 00:00:00,0.01255,-0.010252366,0,0.5,-0.005126183,-0.276239908,-0.081725658
2020-04-14 00:00:00,0.01244,-0.00876494,0,0.5,-0.00438247,-0.282583622,-0.085749968
2020-04-15 00:00:00,0.01217,-0.02170418,0,0.5,-0.01085209,-0.298154556,-0.095671491
2020-04-16 00:00:00,0.01303,0.070665571,0,0.5,0.035332786,-0.248558247,-0.063719046
2020-04-17 00:00:00,0.01287,-0.012279355,0,0.5,-0.006139678,-0.257785467,-0.069467509
2020-04-18 00:00:00,0.01337,0.038850039,0,0.5,0.019425019,-0.228950404,-0.051391898
2020-04-19 00:00:00,0.0129,-0.035153328,0,0.5,-0.017576664,-0.256055363,-0.068065264
2020-04-20 00:00:00,0.01238,-0.040310078,0,0.5,-0.020155039,-0.286043829,-0.086848444
2020-04-21 00:00:00,0.01249,0.008885299,0,0.5,0.004442649,-0.279700115,-0.082791632
2020-04-22 00:00:00,0.01298,0.039231385,0,0.5,0.019615693,-0.251441753,-0.064799955
2020-04-23 00:00:00,0.01362,0.049306626,0,0.5,0.024653313,-0.214532872,-0.041744176
2020-04-24 00:00:00,0.01393,0.022760646,0,0.5,0.011380323,-0.196655133,-0.030838915
2020-04-25 00:00:00,0.01396,0.002153625,0,0.5,0.001076813,-0.194925029,-0.02979531
2020-04-26 00:00:00,0.01425,0.020773639,0,0.5,0.010386819,-0.178200692,-0.019717969
2020-04-27 00:00:00,0.01453,0.019649123,0,0.5,0.009824561,-0.162053057,-0.010087128
2020-04-28 00:00:00,0.01527,0.050929112,0,0.5,0.025464556,-0.119377163,0.015120564
2020-04-29 00:00:00,0.01625,0.064178127,0,0.5,0.032089064,-0.062860438,0.047694832
2020-04-30 00:00:00,0.01519,-0.065230769,0,0.5,-0.032615385,-0.123990773,0.013523862
2020-05-01 00:00:00,0.01582,0.041474654,0,0.5,0.020737327,-0.087658593,0.034541638
2020-05-02 00:00:00,0.01635,0.033501896,0,0.5,0.016750948,-0.057093426,0.051871192
2020-05-03 00:00:00,0.01599,-0.022018349,0,0.5,-0.011009174,-0.077854671,0.040290958
2020-05-04 00:00:00,0.01621,0.013758599,0,0.5,0.0068793,-0.065167243,0.047447432
2020-05-05 00:00:00,0.01591,-0.018507094,0,0.5,-0.009253547,-0.082468281,0.037754827
2020-05-06 00:00:00,0.01556,-0.021998743,0,0.5,-0.010999371,-0.102652826,0.026340176
2020-05-07 00:00:00,0.01605,0.031491003,0,0.5,0.015745501,-0.074394464,0.042500417
2020-05-08 00:00:00,0.01631,0.016199377,0,0.5,0.008099688,-0.059400231,0.050944346
2020-05-09 00:00:00,0.0161,-0.012875536,0,0.5,-0.006437768,-0.071510957,0.04417861
2020-05-10 00:00:00,0.01425,-0.114906832,0,0.5,-0.057453416,-0.178200692,-0.015813019
2020-05-11 00:00:00,0.01399,-0.018245614,0,0.5,-0.009122807,-0.193194925,-0.024791567
2020-05-12 00:00:00,0.01458,0.042172981,0,0.5,0.02108649,-0.15916955,-0.004227843
2020-05-13 00:00:00,0.01499,0.028120713,0,0.5,0.014060357,-0.135524798,0.009773068
2020-05-14 00:00:00,0.01529,0.020013342,0,0.5,0.010006671,-0.11822376,0.019877535
2020-05-15 00:00:00,0.0149,-0.025506867,0,0.5,-0.012753434,-0.14071511,0.006870595
2020-05-16 00:00:00,0.01498,0.005369128,0,0.5,0.002684564,-0.136101499,0.009573603
2020-05-17 00:00:00,0.015,0.001335113,0,0.5,0.000667557,-0.134948097,0.010247551
2020-05-18 00:00:00,0.01539,0.026,0,0.5,0.013,-0.112456747,0.023380769
2020-05-19 00:00:00,0.01553,0.009096816,0,0.5,0.004548408,-0.10438293,0.028035522
2020-05-20 00:00:00,0.015,-0.034127495,0,0.5,-0.017063748,-0.134948097,0.010493384
2020-05-21 00:00:00,0.01421,-0.052666667,0,0.5,-0.026333333,-0.180507497,-0.016116275
2020-05-22 00:00:00,0.01485,0.045038705,0,0.5,0.022519353,-0.143598616,0.006040149
2020-05-23 00:00:00,0.01499,0.009427609,0,0.5,0.004713805,-0.135524798,0.010782426
2020-05-24 00:00:00,0.0142,-0.052701801,0,0.5,-0.026350901,-0.181084198,-0.015852601
2020-05-25 00:00:00,0.01472,0.036619718,0,0.5,0.018309859,-0.151095732,0.002166999
2020-05-26 00:00:00,0.01457,-0.010190217,0,0.5,-0.005095109,-0.159746251,-0.002939151
2020-05-27 00:00:00,0.0147,0.008922443,0,0.5,0.004461222,-0.152249135,0.001508959
2020-05-28 00:00:00,0.01514,0.029931973,-1,0,0.014965986,-0.126874279,0.016497528
2020-05-29 00:00:00,0.01501,-0.008586526,-1,0,0,-0.134371396,0.016497528
2020-05-30 00:00:00,0.01638,0.091272485,0,0.5,0,-0.055363322,0.016497528
2020-05-31 00:00:00,0.01584,-0.032967033,0,0.5,-0.016483516,-0.08650519,-0.000257926
2020-06-01 00:00:00,0.01709,0.078914141,0,0.5,0.039457071,-0.014417532,0.039188968
2020-06-02 00:00:00,0.01638,-0.041544763,0,0.5,-0.020772382,-0.055363322,0.017602538
2020-06-03 00:00:00,0.01694,0.034188034,0,0.5,0.017094017,-0.023068051,0.034997453
2020-06-04 00:00:00,0.01687,-0.004132231,0,0.5,-0.002066116,-0.02710496,0.032859029
2020-06-05 00:00:00,0.01686,-0.000592768,0,0.5,-0.000296384,-0.027681661,0.032552906
2020-06-06 00:00:00,0.01705,0.011269276,0,0.5,0.005634638,-0.016724337,0.038370968
2020-06-07 00:00:00,0.01819,0.06686217,0,0.5,0.033431085,0.049019608,0.073084836
2020-06-08 00:00:00,0.01795,-0.013194063,0,0.5,-0.006597031,0.035178777,0.066005662
2020-06-09 00:00:00,0.01756,-0.021727019,0,0.5,-0.01086351,0.012687428,0.054425099
2020-06-10 00:00:00,0.01762,0.003416856,0,0.5,0.001708428,0.016147636,0.056226509
2020-06-11 00:00:00,0.01574,-0.106696935,0,0.5,-0.053348468,-0.092272203,-0.000121557
2020-06-12 00:00:00,0.01644,0.044472681,0,0.5,0.022236341,-0.051903114,0.02211208
2020-06-13 00:00:00,0.0167,0.015815085,0,0.5,0.007907543,-0.036908881,0.030194475
2020-06-14 00:00:00,0.01617,-0.031736527,0,0.5,-0.015868263,-0.067474048,0.013847078
2020-06-15 00:00:00,0.01609,-0.004947434,0,0.5,-0.002473717,-0.072087659,0.011339107
2020-06-16 00:00:00,0.01614,0.00310752,0,0.5,0.00155376,-0.069204152,0.012910486
2020-06-17 00:00:00,0.0162,0.003717472,0,0.5,0.001858736,-0.065743945,0.014793219
2020-06-18 00:00:00,0.01601,-0.011728395,0,0.5,-0.005864198,-0.076701269,0.008842271
2020-06-19 00:00:00,0.01586,-0.009369144,0,0.5,-0.004684572,-0.085351788,0.004116277
2020-06-20 00:00:00,0.01597,0.006935687,0,0.5,0.003467844,-0.079008074,0.007598395
2020-06-21 00:00:00,0.01583,-0.008766437,0,0.5,-0.004383219,-0.087081892,0.003181871
2020-06-22 00:00:00,0.01639,0.035375869,0,0.5,0.017687934,-0.054786621,0.020926086
2020-06-23 00:00:00,0.01653,0.008541794,0,0.5,0.004270897,-0.046712803,0.025286356
2020-06-24 00:00:00,0.01595,-0.035087719,0,0.5,-0.01754386,-0.080161476,0.007298876
2020-06-25 00:00:00,0.0159,-0.003134796,0,0.5,-0.001567398,-0.083044983,0.005720038
2020-06-26 00:00:00,0.01585,-0.003144654,0,0.5,-0.001572327,-0.085928489,0.004138717
2020-06-27 00:00:00,0.01543,-0.026498423,0,0.5,-0.013249211,-0.110149942,-0.009165329
2020-06-28 00:00:00,0.01576,0.021386909,0,0.5,0.010693454,-0.0911188,0.001430116
2020-06-29 00:00:00,0.01619,0.027284264,-1,0,0.013642132,-0.066320646,0.015091758
2020-06-30 00:00:00,0.01637,0.011117974,0,0.5,0,-0.055940023,0.015091758
2020-07-01 00:00:00,0.01687,0.030543677,-1,0,0.015271839,-0.02710496,0.030594075
2020-07-02 00:00:00,0.01658,-0.017190279,0,0.5,0,-0.043829296,0.030594075
2020-07-03 00:00:00,0.01661,0.001809409,-1,0,0.000904704,-0.042099193,0.031526459
2020-07-04 00:00:00,0.01682,0.012642986,-1,0,0,-0.029988466,0.031526459
2020-07-05 00:00:00,0.01688,0.003567182,0,0.5,0,-0.026528258,0.031526459
2020-07-06 00:00:00,0.01802,0.067535545,1,1,0.033767773,0.039215686,0.066358809
2020-07-07 00:00:00,0.01724,-0.043285239,0,0.5,-0.043285239,-0.005767013,0.020201214
2020-07-08 00:00:00,0.01793,0.040023202,0,0.5,0.020011601,0.034025375,0.040617073
2020-07-09 00:00:00,0.01856,0.035136642,1,1,0.017568321,0.070357555,0.058898968
2020-07-10 00:00:00,0.01813,-0.023168103,1,1,-0.023168103,0.0455594,0.034366288
2020-07-11 00:00:00,0.01839,0.014340871,1,1,0.014340871,0.060553633,0.049200002
2020-07-12 00:00:00,0.01817,-0.011963023,1,1,-0.011963023,0.047866205,0.036648397
2020-07-13 00:00:00,0.01756,-0.033571822,1,1,-0.033571822,0.012687428,0.001846222
2020-07-14 00:00:00,0.01768,0.006833713,1,1,0.006833713,0.019607843,0.008692552
2020-07-15 00:00:00,0.01759,-0.005090498,1,1,-0.005090498,0.014417532,0.003557805
2020-07-16 00:00:00,0.01718,-0.023308698,1,1,-0.023308698,-0.00922722,-0.019833821
2020-07-17 00:00:00,0.01718,0,1,1,0,-0.00922722,-0.019833821
2020-07-18 00:00:00,0.01743,0.014551804,1,1,0.014551804,0.005190311,-0.005570635
2020-07-19 00:00:00,0.01756,0.007458405,1,1,0.007458405,0.012687428,0.001846222
2020-07-20 00:00:00,0.01718,-0.021640091,1,1,-0.021640091,-0.00922722,-0.019833821
2020-07-21 00:00:00,0.01765,0.027357392,1,1,0.027357392,0.017877739,0.006980969
2020-07-22 00:00:00,0.01796,0.017563739,1,1,0.017563739,0.035755479,0.024667321
2020-07-23 00:00:00,0.01792,-0.002227171,1,1,-0.002227171,0.033448674,0.022385211
2020-07-24 00:00:00,0.01797,0.002790179,1,1,0.002790179,0.03633218,0.025237848
2020-07-25 00:00:00,0.01881,0.046744574,1,1,0.046744574,0.084775087,0.073162155
2020-07-26 00:00:00,0.01854,-0.014354067,1,1,-0.014354067,0.069204152,0.057757913
2020-07-27 00:00:00,0.01874,0.010787487,1,1,0.010787487,0.080738178,0.069168463
2020-07-28 00:00:00,0.01915,0.021878335,1,1,0.021878335,0.10438293,0.092560089
2020-07-29 00:00:00,0.01919,0.002088773,1,1,0.002088773,0.106689735,0.094842198
2020-07-30 00:00:00,0.01918,-0.000521105,1,1,-0.000521105,0.106113033,0.094271671
2020-07-31 00:00:00,0.01971,0.027632951,1,1,0.027632951,0.136678201,0.124509626
2020-08-01 00:00:00,0.0205,0.040081177,1,1,0.040081177,0.182237601,0.169581296
2020-08-02 00:00:00,0.0191,-0.068292683,1,1,-0.068292683,0.101499423,0.089707451
2020-08-03 00:00:00,0.01992,0.042931937,1,1,0.042931937,0.148788927,0.136490703
2020-08-04 00:00:00,0.02041,0.024598394,1,1,0.024598394,0.17704729,0.164446549
2020-08-05 00:00:00,0.02036,-0.00244978,1,1,-0.00244978,0.174163783,0.161593911
2020-08-06 00:00:00,0.02027,-0.004420432,1,1,-0.004420432,0.168973472,0.156459164
2020-08-07 00:00:00,0.0199,-0.018253577,1,1,-0.018253577,0.147635525,0.135349648
2020-08-08 00:00:00,0.02047,0.028643216,1,1,0.028643216,0.180507497,0.167869714
2020-08-09 00:00:00,0.02049,0.00097704,1,1,0.00097704,0.1816609,0.169010768
2020-08-10 00:00:00,0.0215,0.049292338,1,1,0.049292338,0.239907728,0.226634042
2020-08-11 00:00:00,0.02014,-0.063255814,1,1,-0.063255814,0.161476355,0.149042307
2020-08-12 00:00:00,0.02024,0.004965243,1,1,0.004965243,0.167243368,0.154747582
2020-08-13 00:00:00,0.02243,0.108201581,1,1,0.108201581,0.293540946,0.279693096
2020-08-14 00:00:00,0.02477,0.104324565,1,1,0.104324565,0.428489043,0.413196522
2020-08-15 00:00:00,0.02528,0.020589423,1,1,0.020589423,0.457900807,0.442293423
2020-08-16 00:00:00,0.02827,0.118275316,1,1,0.118275316,0.630334487,0.612881133
2020-08-17 00:00:00,0.03042,0.076052352,1,1,0.076052352,0.75432526,0.735544538
2020-08-18 00:00:00,0.02882,-0.052596976,1,1,-0.052596976,0.662053057,0.644260144
2020-08-19 00:00:00,0.02652,-0.07980569,1,1,-0.07980569,0.529411765,0.513038828
2020-08-20 00:00:00,0.0275,0.036953243,1,1,0.036953243,0.585928489,0.568950519
2020-08-21 00:00:00,0.02426,-0.117818182,1,1,-0.117818182,0.399077278,0.384099621
2020-08-22 00:00:00,0.02517,0.037510305,1,1,0.037510305,0.451557093,0.43601762
2020-08-23 00:00:00,0.02437,-0.03178387,1,1,-0.03178387,0.405420992,0.390375424
2020-08-24 00:00:00,0.02513,0.031185884,1,1,0.031185884,0.449250288,0.433735511
2020-08-25 00:00:00,0.02301,-0.084361321,1,1,-0.084361321,0.326989619,0.312783689
2020-08-26 00:00:00,0.02372,0.03085615,1,1,0.03085615,0.367935409,0.353291139
2020-08-27 00:00:00,0.02305,-0.028246206,1,1,-0.028246206,0.329296424,0.315065799
2020-08-28 00:00:00,0.02395,0.039045553,1,1,0.039045553,0.381199539,0.36641327
2020-08-29 00:00:00,0.02495,0.041753653,1,1,0.041753653,0.438869666,0.423466016
2020-08-30 00:00:00,0.02698,0.081362725,1,1,0.081362725,0.555940023,0.539283091
2020-08-31 00:00:00,0.02922,0.083024463,1,1,0.083024463,0.685121107,0.667081242
2020-09-01 00:00:00,0.03471,0.18788501,1,1,0.18788501,1.001730104,0.980300819
2020-09-02 00:00:00,0.03447,-0.006914434,1,1,-0.006914434,0.987889273,0.96660816
2020-09-03 00:00:00,0.03987,0.156657963,1,1,0.156657963,1.299307958,1.274692989
2020-09-04 00:00:00,0.03541,-0.111863557,1,1,-0.111863557,1.042099193,1.020237741
2020-09-05 00:00:00,0.02985,-0.157017792,1,1,-0.157017792,0.721453287,0.703024472
2020-09-06 00:00:00,0.0314,0.051926298,1,1,0.051926298,0.810841984,0.791456229
2020-09-07 00:00:00,0.03248,0.034394904,1,1,0.034394904,0.873125721,0.853073195
2020-09-08 00:00:00,0.03513,0.08158867,1,1,0.08158867,1.025951557,1.004262972
2020-09-09 00:00:00,0.0339,-0.03501281,1,1,-0.03501281,0.955017301,0.934088094
2020-09-10 00:00:00,0.03296,-0.027728614,1,1,-0.027728614,0.900807382,0.880458513
2020-09-11 00:00:00,0.03345,0.014866505,1,1,0.014866505,0.929065744,0.908414358
2020-09-12 00:00:00,0.0327,-0.022421525,1,1,-0.022421525,0.885813149,0.865624799
2020-09-13 00:00:00,0.03056,-0.065443425,1,1,-0.065443425,0.762399077,0.743531922
2020-09-14 00:00:00,0.03031,-0.008180628,1,1,-0.008180628,0.747981546,0.729268736
2020-09-15 00:00:00,0.02781,-0.082481029,0,0.5,-0.082481029,0.603806228,0.58663687
2020-09-16 00:00:00,0.0264,-0.050701187,0,0.5,-0.025350593,0.522491349,0.546414684
2020-09-17 00:00:00,0.02812,0.065151515,0,0.5,0.032575758,0.621683968,0.596790314
2020-09-18 00:00:00,0.02905,0.033072546,1,1,0.016536273,0.675317186,0.623195275
2020-09-19 00:00:00,0.02766,-0.047848537,1,1,-0.047848537,0.595155709,0.545527756
2020-09-20 00:00:00,0.02691,-0.027114967,1,1,-0.027114967,0.551903114,0.503620821
2020-09-21 00:00:00,0.02488,-0.075436641,0,0.5,-0.075436641,0.434832757,0.390192717
2020-09-22 00:00:00,0.02497,0.003617363,1,1,0.001808682,0.440023068,0.392707133
2020-09-23 00:00:00,0.02485,-0.004805767,0,0.5,-0.004805767,0.433102653,0.386014108
2020-09-24 00:00:00,0.02624,0.055935614,1,1,0.027967807,0.513264129,0.424777882
2020-09-25 00:00:00,0.02712,0.033536585,1,1,0.033536585,0.564013841,0.472560067
2020-09-26 00:00:00,0.02717,0.001843658,1,1,0.001843658,0.566897347,0.475274964
2020-09-27 00:00:00,0.02657,-0.02208318,1,1,-0.02208318,0.532295271,0.442696202
2020-09-28 00:00:00,0.02623,-0.012796387,1,1,-0.012796387,0.512687428,0.424234903
2020-09-29 00:00:00,0.02627,0.001524971,0,0.5,0.001524971,0.514994233,0.42640682
2020-09-30 00:00:00,0.0262,-0.002664636,0,0.5,-0.001332318,0.510957324,0.424506393
2020-10-01 00:00:00,0.02581,-0.014885496,0,0.5,-0.007442748,0.488465975,0.41390415
2020-10-02 00:00:00,0.02591,0.003874467,0,0.5,0.001937234,0.494232987,0.416643213
2020-10-03 00:00:00,0.02716,0.048243921,0,0.5,0.024121961,0.566320646,0.450815425
2020-10-04 00:00:00,0.02642,-0.02724595,0,0.5,-0.013622975,0.523644752,0.431051003
2020-10-05 00:00:00,0.02642,0,0,0.5,0,0.523644752,0.431051003
2020-10-06 00:00:00,0.02557,-0.032172597,0,0.5,-0.016086298,0.474625144,0.408030689
2020-10-07 00:00:00,0.0255,-0.002737583,0,0.5,-0.001368792,0.470588235,0.406103389
2020-10-08 00:00:00,0.0257,0.007843137,0,0.5,0.003921569,0.482122261,0.41161752
2020-10-09 00:00:00,0.02626,0.021789883,0,0.5,0.010894942,0.514417532,0.42699701
2020-10-10 00:00:00,0.02644,0.006854532,0,0.5,0.003427266,0.524798155,0.431887708
2020-10-11 00:00:00,0.02654,0.003782148,0,0.5,0.001891074,0.530565167,0.434595514
2020-10-12 00:00:00,0.02711,0.021477016,0,0.5,0.010738508,0.56343714,0.45000093
2020-10-13 00:00:00,0.02683,-0.010328292,0,0.5,-0.005164146,0.547289504,0.442512913
2020-10-14 00:00:00,0.02678,-0.001863586,0,0.5,-0.000931793,0.544405998,0.44116879
2020-10-15 00:00:00,0.02654,-0.008961912,0,0.5,-0.004480956,0.530565167,0.434710976
2020-10-16 00:00:00,0.02569,-0.032027129,0,0.5,-0.016013564,0.481545559,0.411736139
2020-10-17 00:00:00,0.02573,0.001557026,0,0.5,0.000778513,0.483852364,0.412835194
2020-10-18 00:00:00,0.02592,0.007384376,0,0.5,0.003692188,0.494809689,0.418051648
2020-10-19 00:00:00,0.02589,-0.001157407,0,0.5,-0.000578704,0.493079585,0.417231016
2020-10-20 00:00:00,0.02593,0.001544998,0,0.5,0.000772499,0.49538639,0.418325825
2020-10-21 00:00:00,0.02669,0.02930968,1,1,0.01465484,0.539215686,0.439111163
2020-10-22 00:00:00,0.0271,0.015361559,1,1,0.015361559,0.562860438,0.461218154
2020-10-23 00:00:00,0.02673,-0.013653137,1,1,-0.013653137,0.541522491,0.441267943
2020-10-24 00:00:00,0.02707,0.01271979,1,1,0.01271979,0.561130334,0.459600569
2020-10-25 00:00:00,0.027,-0.002585888,0,0.5,-0.002585888,0.557093426,0.455826205
2020-10-26 00:00:00,0.02677,-0.008518519,0,0.5,-0.004259259,0.543829296,0.449625464
2020-10-27 00:00:00,0.027,0.008591707,1,1,0.004295854,0.557093426,0.455852843
2020-10-28 00:00:00,0.0269,-0.003703704,1,1,-0.003703704,0.551326413,0.450460795
2020-10-29 00:00:00,0.02658,-0.011895911,1,1,-0.011895911,0.532871972,0.433206243
2020-10-30 00:00:00,0.0256,-0.036869827,0,0.5,-0.036869827,0.476355248,0.380364177
2020-10-31 00:00:00,0.02579,0.007421875,0,0.5,0.003710937,0.487312572,0.385486622
2020-11-01 00:00:00,0.02574,-0.001938736,0,0.5,-0.000969368,0.484429066,0.384143575
2020-11-02 00:00:00,0.02444,-0.050505051,0,0.5,-0.025252525,0.409457901,0.349190455
2020-11-03 00:00:00,0.02441,-0.001227496,0,0.5,-0.000613748,0.407727797,0.348362392
2020-11-04 00:00:00,0.0242,-0.008603032,0,0.5,-0.004301516,0.39561707,0.34256239
2020-11-05 00:00:00,0.02494,0.030578512,0,0.5,0.015289256,0.438292964,0.36308917
2020-11-06 00:00:00,0.02617,0.049318364,1,1,0.024659182,0.50922722,0.396701834
2020-11-07 00:00:00,0.02487,-0.049675201,0,0.5,-0.049675201,0.434256055,0.32732039
2020-11-08 00:00:00,0.02535,0.019300362,0,0.5,0.009650181,0.461937716,0.340129272
2020-11-09 00:00:00,0.02479,-0.02209073,0,0.5,-0.011045365,0.429642445,0.325327055
2020-11-10 00:00:00,0.02485,0.002420331,0,0.5,0.001210165,0.433102653,0.32693092
2020-11-11 00:00:00,0.02499,0.005633803,0,0.5,0.002816901,0.441176471,0.330668754
2020-11-12 00:00:00,0.02492,-0.00280112,0,0.5,-0.00140056,0.437139562,0.328805072
2020-11-13 00:00:00,0.02543,0.02046549,0,0.5,0.010232745,0.466551326,0.342402395
2020-11-14 00:00:00,0.02515,-0.011010617,0,0.5,-0.005505309,0.450403691,0.335012056
2020-11-15 00:00:00,0.02533,0.007157058,0,0.5,0.003578529,0.460784314,0.339789435
2020-11-16 00:00:00,0.02549,0.006316621,0,0.5,0.00315831,0.470011534,0.344020906
2020-11-17 00:00:00,0.02654,0.041192625,1,1,0.020596312,0.530565167,0.37170278
2020-11-18 00:00:00,0.02679,0.009419744,1,1,0.009419744,0.544982699,0.384623869
2020-11-19 00:00:00,0.02581,-0.036580814,0,0.5,-0.036580814,0.488465975,0.333973201
2020-11-20 00:00:00,0.0263,0.01898489,0,0.5,0.009492445,0.516724337,0.346635868
2020-11-21 00:00:00,0.03064,0.165019011,1,1,0.082509506,0.767012687,0.457746128
2020-11-22 00:00:00,0.02878,-0.060704961,1,1,-0.060704961,0.659746251,0.369253706
2020-11-23 00:00:00,0.0318,0.104933982,1,1,0.104933982,0.833910035,0.51293495
2020-11-24 00:00:00,0.03533,0.111006289,1,1,0.111006289,1.037485582,0.680880245
2020-11-25 00:00:00,0.03307,-0.063968299,1,1,-0.063968299,0.907151096,0.573357195
2020-11-26 00:00:00,0.02946,-0.109162383,1,1,-0.109162383,0.698961938,0.401605774
2020-11-27 00:00:00,0.02939,-0.002376103,1,1,-0.002376103,0.694925029,0.398275414
2020-11-28 00:00:00,0.03047,0.036747193,1,1,0.036747193,0.757208766,0.449658111
2020-11-29 00:00:00,0.03076,0.009517558,1,1,0.009517558,0.773933103,0.463455316
2020-11-30 00:00:00,0.03241,0.053641092,1,1,0.053641092,0.869088812,0.541956658
2020-12-01 00:00:00,0.03026,-0.06633755,1,1,-0.06633755,0.745098039,0.439667031
2020-12-02 00:00:00,0.03119,0.030733642,1,1,0.030733642,0.798731257,0.483913242
2020-12-03 00:00:00,0.0317,0.016351395,1,1,0.016351395,0.828143022,0.508177293
2020-12-04 00:00:00,0.02946,-0.070662461,1,1,-0.070662461,0.698961938,0.401605774
2020-12-05 00:00:00,0.0306,0.038696538,1,1,0.038696538,0.764705882,0.455843065
2020-12-06 00:00:00,0.03095,0.011437908,1,1,0.011437908,0.784890427,0.472494865
2020-12-07 00:00:00,0.03033,-0.02003231,1,1,-0.02003231,0.749134948,0.442997391
2020-12-08 00:00:00,0.0279,-0.080118694,1,1,-0.080118694,0.60899654,0.327386324
2020-12-09 00:00:00,0.02871,0.029032258,1,1,0.029032258,0.655709343,0.365923346
2020-12-10 00:00:00,0.02811,-0.020898642,1,1,-0.020898642,0.621107266,0.337377404
2020-12-11 00:00:00,0.02778,-0.011739594,1,1,-0.011739594,0.602076125,0.321677135
2020-12-12 00:00:00,0.02857,0.028437725,1,1,0.028437725,0.647635525,0.359262626
2020-12-13 00:00:00,0.02921,0.02240112,1,1,0.02240112,0.684544406,0.389711632
2020-12-14 00:00:00,0.02911,-0.003423485,1,1,-0.003423485,0.678777393,0.384953975
2020-12-15 00:00:00,0.0292,0.003091721,0,0.5,0.003091721,0.683967705,0.389235866
2020-12-16 00:00:00,0.03149,0.078424658,1,1,0.039212329,0.816032295,0.443711039
2020-12-17 00:00:00,0.03076,-0.023181963,1,1,-0.023181963,0.773933103,0.410242984
2020-12-18 00:00:00,0.03111,0.011378414,1,1,0.011378414,0.794117647,0.426289312
2020-12-19 00:00:00,0.03126,0.004821601,1,1,0.004821601,0.802768166,0.43316631
2020-12-20 00:00:00,0.03125,-0.000319898,1,1,-0.000319898,0.802191465,0.432707843
2020-12-21 00:00:00,0.02928,-0.06304,0,0.5,-0.06304,0.688581315,0.342389941
2020-12-22 00:00:00,0.02885,-0.014685792,1,1,-0.007342896,0.66378316,0.332532911
2020-12-23 00:00:00,0.02478,-0.141074523,0,0.5,-0.141074523,0.429065744,0.144546465
2020-12-24 00:00:00,0.02766,0.11622276,0,0.5,0.05811138,0.595155709,0.21105764
2020-12-25 00:00:00,0.02854,0.031814895,0,0.5,0.015907448,0.645905421,0.230322476
2020-12-26 00:00:00,0.0278,-0.025928521,0,0.5,-0.012964261,0.603229527,0.214372255
2020-12-27 00:00:00,0.02892,0.04028777,0,0.5,0.020143885,0.667820069,0.23883443
2020-12-28 00:00:00,0.02962,0.024204703,0,0.5,0.012102351,0.708189158,0.253827239
2020-12-29 00:00:00,0.02766,-0.066171506,-1,0,-0.033085753,0.595155709,0.212343421
2020-12-30 00:00:00,0.02693,-0.026391902,-1,0,0,0.553056517,0.212343421
2020-12-31 00:00:00,0.02676,-0.006312662,-1,0,0,0.543252595,0.212343421
2021-01-01 00:00:00,0.02684,0.002989537,-1,0,0,0.547866205,0.212343421
2021-01-02 00:00:00,0.02721,0.013785395,-1,0,0,0.569204152,0.212343421
2021-01-03 00:00:00,0.0296,0.087835355,0,0.5,0,0.707035755,0.212343421
2021-01-04 00:00:00,0.03097,0.046283784,0,0.5,0.023141892,0.786043829,0.240399341
2021-01-05 00:00:00,0.02846,-0.081046174,-1,0,-0.040523087,0.641291811,0.190134531
2021-01-06 00:00:00,0.03044,0.069571328,0,0.5,0,0.755478662,0.190134531
2021-01-07 00:00:00,0.03098,0.017739816,0,0.5,0.008869908,0.786620531,0.200690915
2021-01-08 00:00:00,0.03039,-0.019044545,0,0.5,-0.009522272,0.752595156,0.189257609
2021-01-09 00:00:00,0.03389,0.115169464,1,1,0.057584732,0.9544406,0.257740689
2021-01-10 00:00:00,0.03275,-0.033638241,1,1,-0.033638241,0.888696655,0.215432505
2021-01-11 00:00:00,0.02895,-0.116030534,0,0.5,-0.116030534,0.669550173,0.074405222
2021-01-12 00:00:00,0.0286,-0.01208981,-1,0,-0.006044905,0.649365629,0.067910544
2021-01-13 00:00:00,0.03078,0.076223776,1,1,0,0.775086505,0.067910544
2021-01-14 00:00:00,0.03014,-0.020792723,1,1,-0.020792723,0.738177624,0.045705776
2021-01-15 00:00:00,0.02973,-0.013603185,0,0.5,-0.013603185,0.714532872,0.031480847
2021-01-16 00:00:00,0.0301,0.012445341,0,0.5,0.006222671,0.735870819,0.037899413
2021-01-17 00:00:00,0.03026,0.005315615,0,0.5,0.002657807,0.745098039,0.040657949
2021-01-18 00:00:00,0.03168,0.046926636,1,1,0.023463318,0.826989619,0.065075238
2021-01-19 00:00:00,0.03062,-0.033459596,0,0.5,-0.033459596,0.765859285,0.029438251
2021-01-20 00:00:00,0.03049,-0.004245591,1,1,-0.002122796,0.758362168,0.027252964
2021-01-21 00:00:00,0.02755,-0.096425057,0,0.5,-0.096425057,0.588811995,-0.071799962
2021-01-22 00:00:00,0.02852,0.035208711,1,1,0.017604356,0.644752018,-0.055459599
2021-01-23 00:00:00,0.02921,0.024193548,1,1,0.024193548,0.684544406,-0.032607815
2021-01-24 00:00:00,0.02997,0.026018487,1,1,0.026018487,0.728373702,-0.007437734
2021-01-25 00:00:00,0.02948,-0.016349683,1,1,-0.016349683,0.70011534,-0.023665812
2021-01-26 00:00:00,0.02946,-0.000678426,1,1,-0.000678426,0.698961938,-0.024328183
2021-01-27 00:00:00,0.02821,-0.042430414,0,0.5,-0.042430414,0.626874279,-0.065726342
2021-01-28 00:00:00,0.02954,0.047146402,1,1,0.023573201,0.703575548,-0.043702521
2021-01-29 00:00:00,0.03338,0.12999323,1,1,0.12999323,0.925028835,0.080609676
2021-01-30 00:00:00,0.03223,-0.034451768,1,1,-0.034451768,0.858708189,0.043380763
2021-01-31 00:00:00,0.03158,-0.020167546,1,1,-0.020167546,0.821222607,0.022338334
2021-02-01 00:00:00,0.03299,0.044648512,1,1,0.044648512,0.902537486,0.067984219
2021-02-02 00:00:00,0.03321,0.006668687,1,1,0.006668687,0.915224913,0.075106272
2021-02-03 00:00:00,0.03455,0.040349292,1,1,0.040349292,0.992502884,0.118486049
2021-02-04 00:00:00,0.03315,-0.040520984,1,1,-0.040520984,0.911764706,0.073163894
2021-02-05 00:00:00,0.0363,0.095022624,1,1,0.095022624,1.093425606,0.175138743
2021-02-06 00:00:00,0.03514,-0.031955923,1,1,-0.031955923,1.026528258,0.1375861
2021-02-07 00:00:00,0.036,0.024473534,1,1,0.024473534,1.076124567,0.165426853
2021-02-08 00:00:00,0.04048,0.124444444,1,1,0.124444444,1.334486736,0.31045775
2021-02-09 00:00:00,0.04622,0.141798419,1,1,0.141798419,1.665513264,0.496278587
2021-02-10 00:00:00,0.04634,0.002596279,1,1,0.002596279,1.672433679,0.500163343
2021-02-11 00:00:00,0.05708,0.231765214,1,1,0.231765214,2.291810842,0.847849021
2021-02-12 00:00:00,0.05527,-0.031709881,1,1,-0.031709881,2.187427912,0.789253949
2021-02-13 00:00:00,0.06016,0.08847476,1,1,0.08847476,2.469434833,0.947557763
2021-02-14 00:00:00,0.05529,-0.080950798,1,1,-0.080950798,2.188581315,0.789901408
2021-02-15 00:00:00,0.05084,-0.080484717,1,1,-0.080484717,1.93194925,0.6458417
2021-02-16 00:00:00,0.05201,0.023013375,1,1,0.023013375,1.999423299,0.683718072
2021-02-17 00:00:00,0.05265,0.012305326,1,1,0.012305326,2.03633218,0.704436772
2021-02-18 00:00:00,0.05497,0.044064577,1,1,0.044064577,2.170126874,0.779542058
2021-02-19 00:00:00,0.06083,0.106603602,1,1,0.106603602,2.508073818,0.969247651
2021-02-20 00:00:00,0.05774,-0.050797304,1,1,-0.050797304,2.329873126,0.86921518
2021-02-21 00:00:00,0.05943,0.029269138,1,1,0.029269138,2.42733564,0.923925496
2021-02-22 00:00:00,0.05421,-0.087834427,1,1,-0.087834427,2.126297578,0.754938602
2021-02-23 00:00:00,0.04491,-0.171555064,1,1,-0.171555064,1.589965398,0.453869999
2021-02-24 00:00:00,0.04793,0.067245602,1,1,0.067245602,1.764129181,0.551636363
2021-02-25 00:00:00,0.04508,-0.059461715,1,1,-0.059461715,1.599769319,0.459373403
2021-02-26 00:00:00,0.04511,0.000665484,1,1,0.000665484,1.601499423,0.460344592
2021-02-27 00:00:00,0.04646,0.029926845,1,1,0.029926845,1.679354095,0.504048099
2021-02-28 00:00:00,0.04556,-0.019371502,1,1,-0.019371502,1.62745098,0.474912428
2021-03-01 00:00:00,0.04779,0.048946444,1,1,0.048946444,1.756055363,0.547104147
2021-03-02 00:00:00,0.0468,-0.020715631,1,1,-0.020715631,1.698961938,0.515054909
2021-03-03 00:00:00,0.04878,0.042307692,1,1,0.042307692,1.813148789,0.579153385
2021-03-04 00:00:00,0.05139,0.053505535,1,1,0.053505535,1.96366782,0.663646832
2021-03-05 00:00:00,0.05012,-0.024712979,1,1,-0.024712979,1.890426759,0.622533163
2021-03-06 00:00:00,0.05008,-0.000798085,1,1,-0.000798085,1.888119954,0.621238244
2021-03-07 00:00:00,0.05167,0.031749201,1,1,0.031749201,1.979815456,0.672711263
2021-03-08 00:00:00,0.05311,0.02786917,1,1,0.02786917,2.062860438,0.719328337
2021-03-09 00:00:00,0.05321,0.001882885,1,1,0.001882885,2.068627451,0.722565634
2021-03-10 00:00:00,0.05139,-0.034204097,1,1,-0.034204097,1.96366782,0.663646832
2021-03-11 00:00:00,0.05149,0.001945904,1,1,0.001945904,1.969434833,0.666884129
2021-03-12 00:00:00,0.04993,-0.030297145,1,1,-0.030297145,1.879469435,0.616382299
2021-03-13 00:00:00,0.05292,0.059883837,0,0.5,0.059883837,2.051903114,0.713177473
2021-03-14 00:00:00,0.05104,-0.035525321,0,0.5,-0.017762661,1.943483276,0.682746883
2021-03-15 00:00:00,0.05066,-0.007445141,0,0.5,-0.003722571,1.921568627,0.676482739
2021-03-16 00:00:00,0.05235,0.033359653,0,0.5,0.016679826,2.019031142,0.70444618
2021-03-17 00:00:00,0.0548,0.046800382,1,1,0.023400191,2.160322953,0.744330547
2021-03-18 00:00:00,0.05328,-0.027737226,1,1,-0.027737226,2.07266436,0.695947655
2021-03-19 00:00:00,0.05869,0.101539039,1,1,0.101539039,2.384659746,0.868152551
2021-03-20 00:00:00,0.06094,0.038337025,1,1,0.038337025,2.514417532,0.939771962
2021-03-21 00:00:00,0.06344,0.041023958,1,1,0.041023958,2.658592849,1.019349085
2021-03-22 00:00:00,0.05931,-0.065100883,1,1,-0.065100883,2.420415225,0.887887677
2021-03-23 00:00:00,0.05858,-0.012308211,0,0.5,-0.012308211,2.378316032,0.864651157
2021-03-24 00:00:00,0.05564,-0.050187777,1,1,-0.025093889,2.208765859,0.817859809
2021-03-25 00:00:00,0.05528,-0.006470165,1,1,-0.006470165,2.188004614,0.806097955
2021-03-26 00:00:00,0.06464,0.169319826,1,1,0.169319826,2.727797001,1.111906147
2021-03-27 00:00:00,0.0636,-0.016089109,1,1,-0.016089109,2.667820069,1.077927459
2021-03-28 00:00:00,0.06366,0.000943396,1,1,0.000943396,2.671280277,1.079887768
2021-03-29 00:00:00,0.06479,0.01775055,1,1,0.01775055,2.73644752,1.11680692
2021-03-30 00:00:00,0.06608,0.01991048,1,1,0.01991048,2.810841984,1.158953561
2021-03-31 00:00:00,0.09328,0.411622276,1,1,0.411622276,4.379469435,2.04762694
2021-04-01 00:00:00,0.08551,-0.083297599,1,1,-0.083297599,3.931372549,1.793766935
2021-04-02 00:00:00,0.0926,0.082914279,1,1,0.082914279,4.340253749,2.025410106
2021-04-03 00:00:00,0.10169,0.098164147,1,1,0.098164147,4.864475202,2.322396908
2021-04-04 00:00:00,0.12763,0.255088996,1,1,0.255088996,6.360438293,3.169903799
2021-04-05 00:00:00,0.13648,0.069341064,1,1,0.069341064,6.870818916,3.459049365
2021-04-06 00:00:00,0.12436,-0.08880422,1,1,-0.08880422,6.171856978,3.063066963
2021-04-07 00:00:00,0.11052,-0.111289804,1,1,-0.111289804,5.373702422,2.610889038
2021-04-08 00:00:00,0.12366,0.118892508,1,1,0.118892508,6.131487889,3.040196692
2021-04-09 00:00:00,0.11587,-0.06299531,1,1,-0.06299531,5.682237601,2.78568325
2021-04-10 00:00:00,0.12682,0.09450246,1,1,0.09450246,6.31372549,3.143439629
2021-04-11 00:00:00,0.12252,-0.033906324,1,1,-0.033906324,6.065743945,3.002950822
2021-04-12 00:00:00,0.1289,0.052073131,1,1,0.052073131,6.433679354,3.211397005
2021-04-13 00:00:00,0.14643,0.135996897,1,1,0.135996897,7.444636678,3.784133929
2021-04-14 00:00:00,0.1407,-0.039131326,1,1,-0.039131326,7.114186851,3.596924426
2021-04-15 00:00:00,0.16456,0.169580668,1,1,0.169580668,8.490196078,4.376473942
2021-04-16 00:00:00,0.16099,-0.021694215,1,1,-0.021694215,8.284313725,4.259835561
2021-04-17 00:00:00,0.15557,-0.033666687,1,1,-0.033666687,7.971741638,4.082754321
2021-04-18 00:00:00,0.14297,-0.080992479,1,1,-0.080992479,7.245098039,3.671089447
2021-04-19 00:00:00,0.1299,-0.09141778,1,1,-0.09141778,6.491349481,3.24406882
2021-04-20 00:00:00,0.13282,0.02247883,1,1,0.02247883,6.659746251,3.339470521
2021-04-21 00:00:00,0.12268,-0.076343924,1,1,-0.076343924,6.074971165,3.008178313
2021-04-22 00:00:00,0.10996,-0.103684382,1,1,-0.103684382,5.341407151,2.592592821
2021-04-23 00:00:00,0.10908,-0.00800291,1,1,-0.00800291,5.290657439,2.563841623
2021-04-24 00:00:00,0.10253,-0.060047671,1,1,-0.060047671,4.912918108,2.349841233
2021-04-25 00:00:00,0.10177,-0.007412465,1,1,-0.007412465,4.869088812,2.325010653
2021-04-26 00:00:00,0.11737,0.153286823,1,1,0.153286823,5.768742791,2.834690973
2021-04-27 00:00:00,0.12612,0.074550567,1,1,0.074550567,6.273356401,3.120569358
2021-04-28 00:00:00,0.12276,-0.026641294,1,1,-0.026641294,6.079584775,3.010792058
2021-04-29 00:00:00,0.12127,-0.012137504,1,1,-0.012137504,5.993656286,2.962111053
2021-04-30 00:00:00,0.13243,0.092026058,1,1,0.092026058,6.637254902,3.326728513
2021-05-01 00:00:00,0.13127,-0.008759345,1,1,-0.008759345,6.570357555,3.288829207
2021-05-02 00:00:00,0.12768,-0.027348214,1,1,-0.027348214,6.363321799,3.17153739
2021-05-03 00:00:00,0.13176,0.031954887,1,1,0.031954887,6.598615917,3.304838397
2021-05-04 00:00:00,0.11923,-0.095097146,0,0.5,-0.095097146,5.876009227,2.89546055
2021-05-05 00:00:00,0.14699,0.232827309,1,1,0.116413654,7.476931949,3.348945347
2021-05-06 00:00:00,0.15238,0.036669161,1,1,0.036669161,7.787773933,3.508417525
2021-05-07 00:00:00,0.14771,-0.030647067,1,1,-0.030647067,7.518454441,3.370247753
2021-05-08 00:00:00,0.14315,-0.030871302,1,1,-0.030871302,7.255478662,3.235332516
2021-05-09 00:00:00,0.14323,0.000558854,1,1,0.000558854,7.260092272,3.23769945
2021-05-10 00:00:00,0.12721,-0.111848077,1,1,-0.111848077,6.33621684,2.763720917
2021-05-11 00:00:00,0.13902,0.092838613,1,1,0.092838613,7.017301038,3.113139548
2021-05-12 00:00:00,0.11891,-0.144655445,0,0.5,-0.144655445,5.857554787,2.518151515
2021-05-13 00:00:00,0.12156,0.022285762,0,0.5,0.011142881,6.010380623,2.55735386
2021-05-14 00:00:00,0.12476,0.026324449,0,0.5,0.013162224,6.194925029,2.60417655
2021-05-15 00:00:00,0.1207,-0.032542482,0,0.5,-0.016271241,5.960784314,2.545532125
2021-05-16 00:00:00,0.11965,-0.008699254,0,0.5,-0.004349627,5.900230681,2.530110382
2021-05-17 00:00:00,0.11276,-0.057584622,0,0.5,-0.028792311,5.502883506,2.428470347
2021-05-18 00:00:00,0.11639,0.032192267,0,0.5,0.016096133,5.712226067,2.483655463
2021-05-19 00:00:00,0.07862,-0.324512415,0,0.5,-0.162256208,3.534025375,1.918410739
2021-05-20 00:00:00,0.08917,0.134189774,0,0.5,0.067094887,4.142445213,2.114221177
2021-05-21 00:00:00,0.07779,-0.127621397,0,0.5,-0.063810699,3.48615917,1.915500548
2021-05-22 00:00:00,0.07523,-0.032909114,0,0.5,-0.016454557,3.338523645,1.867527277
2021-05-23 00:00:00,0.06273,-0.166157118,0,0.5,-0.083078559,2.617647059,1.629297243
2021-05-24 00:00:00,0.07688,0.225569903,0,0.5,0.112784951,3.433679354,1.925842405
2021-05-25 00:00:00,0.07706,0.002341311,0,0.5,0.001170656,3.444059977,1.929267558
2021-05-26 00:00:00,0.08302,0.077342331,0,0.5,0.038671165,3.787773933,2.042545749
2021-05-27 00:00:00,0.0794,-0.043603951,0,0.5,-0.021801975,3.579008074,1.976212241
2021-05-28 00:00:00,0.07199,-0.093324937,0,0.5,-0.046662469,3.151672434,1.837334831
2021-05-29 00:00:00,0.06865,-0.046395333,0,0.5,-0.023197666,2.95905421,1.771515284
2021-05-30 00:00:00,0.07189,0.047195921,0,0.5,0.023597961,3.145905421,1.836917393
2021-05-31 00:00:00,0.07672,0.067185979,0,0.5,0.033592989,3.424452134,1.932217928
2021-06-01 00:00:00,0.0761,-0.008081335,0,0.5,-0.004040667,3.388696655,1.920369811
2021-06-02 00:00:00,0.078,0.024967148,0,0.5,0.012483574,3.498269896,1.956826465
2021-06-03 00:00:00,0.0822,0.053846154,0,0.5,0.026923077,3.740484429,2.036433331
2021-06-04 00:00:00,0.07707,-0.062408759,0,0.5,-0.03120438,3.444636678,1.941683313
2021-06-05 00:00:00,0.07545,-0.021019852,0,0.5,-0.010509926,3.351211073,1.910766439
2021-06-06 00:00:00,0.07737,0.025447316,0,0.5,0.012723658,3.461937716,1.947802035
2021-06-07 00:00:00,0.0716,-0.074576709,0,0.5,-0.037288355,3.129181084,1.837883348
2021-06-08 00:00:00,0.07233,0.010195531,0,0.5,0.005097765,3.171280277,1.852350211
2021-06-09 00:00:00,0.0753,0.0410618,0,0.5,0.0205309,3.342560554,1.910911528
2021-06-10 00:00:00,0.07253,-0.036786189,0,0.5,-0.018393094,3.182814302,1.857370858
2021-06-11 00:00:00,0.06915,-0.046601406,0,0.5,-0.023300703,2.987889273,1.790792108
2021-06-12 00:00:00,0.06802,-0.016341287,0,0.5,-0.008170644,2.92272203,1.76798954
2021-06-13 00:00:00,0.0715,0.051161423,0,0.5,0.025580712,3.123414072,1.838796682
2021-06-14 00:00:00,0.07201,0.007132867,0,0.5,0.003566434,3.152825836,1.848921062
2021-06-15 00:00:00,0.0717,-0.004304958,0,0.5,-0.002152479,3.134948097,1.84278882
2021-06-16 00:00:00,0.06893,-0.038633194,0,0.5,-0.019316597,2.975201845,1.787875814
2021-06-17 00:00:00,0.07392,0.072392282,0,0.5,0.036196141,3.262975779,1.88878616
2021-06-18 00:00:00,0.06956,-0.058982684,0,0.5,-0.029491342,3.011534025,1.80359198
2021-06-19 00:00:00,0.06825,-0.018832662,0,0.5,-0.009416331,2.935986159,1.777192429
2021-06-20 00:00:00,0.06766,-0.008644689,0,0.5,-0.004322344,2.901960784,1.765188447
2021-06-21 00:00:00,0.05348,-0.209577298,-1,0,-0.104788649,2.084198385,1.475428085
2021-06-22 00:00:00,0.05099,-0.046559461,-1,0,0,1.940599769,1.475428085
2021-06-23 00:00:00,0.05792,0.135909002,0,0.5,0,2.340253749,1.475428085
2021-06-24 00:00:00,0.06608,0.140883978,0,0.5,0.070441989,2.810841984,1.649802163
2021-06-25 00:00:00,0.06135,-0.071579903,0,0.5,-0.035789952,2.538062284,1.554965872
2021-06-26 00:00:00,0.06273,0.022493888,0,0.5,0.011246944,2.617647059,1.583701429
2021-06-27 00:00:00,0.06473,0.031882672,0,0.5,0.015941336,2.732987313,1.624889082
2021-06-28 00:00:00,0.06526,0.008187857,0,0.5,0.004093929,2.76355248,1.63563519
2021-06-29 00:00:00,0.0679,0.04045357,0,0.5,0.020226785,2.915801615,1.688945617
2021-06-30 00:00:00,0.06829,0.005743741,0,0.5,0.00287187,2.938292964,1.69666792
2021-07-01 00:00:00,0.06468,-0.052862791,0,0.5,-0.026431396,2.730103806,1.625391224
2021-07-02 00:00:00,0.06653,0.02860235,0,0.5,0.014301175,2.836793541,1.662937403
2021-07-03 00:00:00,0.06678,0.003757703,0,0.5,0.001878852,2.851211073,1.667940668
2021-07-04 00:00:00,0.06732,0.008086253,0,0.5,0.004043127,2.882352941,1.67872749
2021-07-05 00:00:00,0.06443,-0.042929293,0,0.5,-0.021464646,2.715686275,1.621229551
2021-07-06 00:00:00,0.06488,0.006984324,0,0.5,0.003492162,2.741637832,1.630383309
2021-07-07 00:00:00,0.06429,-0.009093711,0,0.5,-0.004546856,2.707612457,1.618423336
2021-07-08 00:00:00,0.06105,-0.05039664,0,0.5,-0.02519832,2.520761246,1.552443467
2021-07-09 00:00:00,0.06217,0.018345618,0,0.5,0.009172809,2.585351788,1.575856543
2021-07-10 00:00:00,0.06141,-0.012224546,0,0.5,-0.006112273,2.541522491,1.560112206
2021-07-11 00:00:00,0.06181,0.006513597,0,0.5,0.003256799,2.564590542,1.568449975
2021-07-12 00:00:00,0.05998,-0.02960686,0,0.5,-0.01480343,2.45905421,1.530428106
2021-07-13 00:00:00,0.05935,-0.010503501,0,0.5,-0.005251751,2.42272203,1.517138929
2021-07-14 00:00:00,0.05985,0.0084246,0,0.5,0.0042123,2.451557093,1.527741873
2021-07-15 00:00:00,0.05782,-0.033918129,0,0.5,-0.016959064,2.334486736,1.484873736
2021-07-16 00:00:00,0.05556,-0.039086821,0,0.5,-0.019543411,2.204152249,1.436310828
2021-07-17 00:00:00,0.05595,0.007019438,-1,0,0.003509719,2.226643599,1.444861595
2021-07-18 00:00:00,0.05588,-0.001251117,-1,0,0,2.22260669,1.444861595
2021-07-19 00:00:00,0.0534,-0.044380816,-1,0,0,2.079584775,1.444861595
2021-07-20 00:00:00,0.05042,-0.055805243,-1,0,0,1.907727797,1.444861595
2021-07-21 00:00:00,0.05383,0.067631892,0,0.5,0,2.10438293,1.444861595
2021-07-22 00:00:00,0.05523,0.026007802,0,0.5,0.013003901,2.185121107,1.476654334
2021-07-23 00:00:00,0.05597,0.013398515,0,0.5,0.006699258,2.227797001,1.493246079
2021-07-24 00:00:00,0.05725,0.022869394,-1,0,0.011434697,2.301614764,1.521755593
2021-07-25 00:00:00,0.05786,0.010655022,-1,0,0,2.336793541,1.521755593
2021-07-26 00:00:00,0.0584,0.009332872,-1,0,0,2.367935409,1.521755593
2021-07-27 00:00:00,0.06016,0.030136986,-1,0,0,2.469434833,1.521755593
2021-07-28 00:00:00,0.0607,0.008976064,-1,0,0,2.500576701,1.521755593
2021-07-29 00:00:00,0.06187,0.019275124,-1,0,0,2.56805075,1.521755593
2021-07-30 00:00:00,0.06326,0.022466462,-1,0,0,2.648212226,1.521755593
2021-07-31 00:00:00,0.06397,0.011223522,-1,0,0,2.689158016,1.521755593
2021-08-01 00:00:00,0.0632,-0.012036892,-1,0,0,2.644752018,1.521755593
2021-08-02 00:00:00,0.06465,0.022943038,-1,0,0,2.728373702,1.521755593
2021-08-03 00:00:00,0.06402,-0.00974478,-1,0,0,2.692041522,1.521755593
2021-08-04 00:00:00,0.06741,0.052952202,0,0.5,0,2.887543253,1.521755593
2021-08-05 00:00:00,0.07017,0.04094348,0,0.5,0.02047174,3.046712803,1.573380318
2021-08-06 00:00:00,0.07198,0.025794499,0,0.5,0.01289725,3.151095732,1.606569846
2021-08-07 00:00:00,0.07528,0.045846068,0,0.5,0.022923034,3.341407151,1.666320336
2021-08-08 00:00:00,0.07192,-0.044633369,0,0.5,-0.022316684,3.147635525,1.606816907
2021-08-09 00:00:00,0.07397,0.028503893,0,0.5,0.014251947,3.265859285,1.643969122
2021-08-10 00:00:00,0.07465,0.009192916,0,0.5,0.004596458,3.305074971,1.656122015
2021-08-11 00:00:00,0.08347,0.118151373,0,0.5,0.059075687,3.81372549,1.813034247
2021-08-12 00:00:00,0.08427,0.009584282,0,0.5,0.004792141,3.859861592,1.826514703
2021-08-13 00:00:00,0.08957,0.062893082,0,0.5,0.031446541,4.165513264,1.915398813
2021-08-14 00:00:00,0.09273,0.03527967,0,0.5,0.017639835,4.347750865,1.966825967
2021-08-15 00:00:00,0.09301,0.003019519,0,0.5,0.00150976,4.363898501,1.97130516
2021-08-16 00:00:00,0.08937,-0.039135577,0,0.5,-0.019567788,4.153979239,1.91316329
2021-08-17 00:00:00,0.0851,-0.047778897,0,0.5,-0.023889448,3.907727797,1.843569426
2021-08-18 00:00:00,0.08459,-0.005992949,0,0.5,-0.002996475,3.878316032,1.835048742
2021-08-19 00:00:00,0.08839,0.044922568,0,0.5,0.022461284,4.097462514,1.898727576
2021-08-20 00:00:00,0.09072,0.026360448,0,0.5,0.013180224,4.23183391,1.936933455
2021-08-21 00:00:00,0.08802,-0.029761905,0,0.5,-0.014880952,4.076124567,1.893229088
2021-08-22 00:00:00,0.08802,0,0,0.5,0,4.076124567,1.893229088
2021-08-23 00:00:00,0.08999,0.022381277,0,0.5,0.011190638,4.189734717,1.925606169
2021-08-24 00:00:00,0.08458,-0.060117791,0,0.5,-0.030058895,3.877739331,1.837665679
2021-08-25 00:00:00,0.08755,0.035114684,0,0.5,0.017557342,4.049019608,1.887487546
2021-08-26 00:00:00,0.08297,-0.052312964,0,0.5,-0.026156482,3.784890427,1.81196103
2021-08-27 00:00:00,0.08828,0.063999036,0,0.5,0.031999518,4.0911188,1.901942428
2021-08-28 00:00:00,0.08837,0.001019483,0,0.5,0.000509742,4.096309112,1.903421669
2021-08-29 00:00:00,0.08846,0.001018445,0,0.5,0.000509223,4.101499423,1.904900157
2021-08-30 00:00:00,0.0862,-0.02554827,0,0.5,-0.012774135,3.971164937,1.867792569
2021-08-31 00:00:00,0.08888,0.031090487,0,0.5,0.015545244,4.125720877,1.912373103
2021-09-01 00:00:00,0.09515,0.070544554,0,0.5,0.035272277,4.487312572,2.015099135
2021-09-02 00:00:00,0.09961,0.046873358,0,0.5,0.023436679,4.744521338,2.085763045
2021-09-03 00:00:00,0.10174,0.021383395,0,0.5,0.010691698,4.867358708,2.118755091
2021-09-04 00:00:00,0.10156,-0.001769216,0,0.5,-0.000884608,4.856978085,2.115996216
2021-09-05 00:00:00,0.10537,0.03751477,0,0.5,0.018757385,5.076701269,2.174444156
2021-09-06 00:00:00,0.10393,-0.013666129,0,0.5,-0.006833064,4.993656286,2.152752974
2021-09-07 00:00:00,0.08529,-0.179351487,0,0.5,-0.089675743,3.918685121,1.870027508
2021-09-08 00:00:00,0.09271,0.086997303,0,0.5,0.043498652,4.346597463,1.994869835
2021-09-09 00:00:00,0.09303,0.003451623,0,0.5,0.001725812,4.365051903,2.000038416
2021-09-10 00:00:00,0.09071,-0.024938192,0,0.5,-0.012469096,4.231257209,1.962630649
2021-09-11 00:00:00,0.0956,0.053908059,0,0.5,0.026954029,4.513264129,2.042485482
2021-09-12 00:00:00,0.11254,0.177196653,0,0.5,0.088598326,5.490196078,2.312044604
2021-09-13 00:00:00,0.10463,-0.07028612,0,0.5,-0.03514306,5.034025375,2.195649221
2021-09-14 00:00:00,0.1183,0.130650865,1,1,0.065325432,5.822376009,2.404406388
2021-09-15 00:00:00,0.12078,0.020963652,1,1,0.020963652,5.965397924,2.475775178
2021-09-16 00:00:00,0.11602,-0.039410498,1,1,-0.039410498,5.69088812,2.338793146
2021-09-17 00:00:00,0.10546,-0.09101879,1,1,-0.09101879,5.08189158,2.034900234
2021-09-18 00:00:00,0.10587,0.00388773,1,1,0.00388773,5.105536332,2.046699107
2021-09-19 00:00:00,0.10372,-0.020307925,1,1,-0.020307925,4.981545559,1.98482697
2021-09-20 00:00:00,0.0913,-0.119745469,1,1,-0.119745469,4.265282584,1.627407466
2021-09-21 00:00:00,0.08819,-0.034063527,1,1,-0.034063527,4.085928489,1.537908701
2021-09-22 00:00:00,0.0987,0.11917451,1,1,0.11917451,4.692041522,1.840362726
2021-09-23 00:00:00,0.09918,0.004863222,1,1,0.004863222,4.719723183,1.854176041
2021-09-24 00:00:00,0.0922,-0.070377092,1,1,-0.070377092,4.317185698,1.65330743
2021-09-25 00:00:00,0.09049,-0.018546638,1,1,-0.018546638,4.218569781,1.604097499
2021-09-26 00:00:00,0.08766,-0.031274174,0,0.5,-0.031274174,4.055363322,1.5226565
2021-09-27 00:00:00,0.08589,-0.02019165,0,0.5,-0.010095825,3.953287197,1.497188202
2021-09-28 00:00:00,0.08297,-0.033996973,0,0.5,-0.016998486,3.784890427,1.454739783
2021-09-29 00:00:00,0.08578,0.033867663,0,0.5,0.016933832,3.946943483,1.496307933
2021-09-30 00:00:00,0.08942,0.042434134,1,1,0.021217067,4.156862745,1.549272265
2021-10-01 00:00:00,0.09484,0.060612838,0,0.5,0.060612838,4.469434833,1.703790893
2021-10-02 00:00:00,0.09334,-0.015816111,0,0.5,-0.007908056,4.382929642,1.682409164
2021-10-03 00:00:00,0.09495,0.017248768,0,0.5,0.008624384,4.475778547,1.70554329
2021-10-04 00:00:00,0.09353,-0.01495524,0,0.5,-0.00747762,4.393886967,1.685312266
2021-10-05 00:00:00,0.09628,0.029402331,0,0.5,0.014701165,4.552479815,1.724789486
2021-10-06 00:00:00,0.09554,-0.007685916,0,0.5,-0.003842958,4.509803922,1.714318234
2021-10-07 00:00:00,0.09558,0.000418673,1,1,0.000209336,4.512110727,1.71488644
2021-10-08 00:00:00,0.09775,0.022703494,1,1,0.022703494,4.637254902,1.776523849
2021-10-09 00:00:00,0.10314,0.055140665,1,1,0.055140665,4.948096886,1.92962322
2021-10-10 00:00:00,0.09746,-0.055070778,1,1,-0.055070778,4.620530565,1.768286592
2021-10-11 00:00:00,0.09709,-0.003796429,1,1,-0.003796429,4.599192618,1.757776987
2021-10-12 00:00:00,0.09556,-0.015758575,0,0.5,-0.015758575,4.510957324,1.714318353
2021-10-13 00:00:00,0.09797,0.025219757,0,0.5,0.012609879,4.64994233,1.748545578
2021-10-14 00:00:00,0.09739,-0.00592018,0,0.5,-0.00296009,4.616493656,1.740409636
2021-10-15 00:00:00,0.09868,0.013245713,0,0.5,0.006622857,4.69088812,1.758558976
2021-10-16 00:00:00,0.09877,0.000912039,0,0.5,0.000456019,4.696078431,1.759816933
2021-10-17 00:00:00,0.0988,0.000303736,0,0.5,0.000151868,4.697808535,1.760236061
2021-10-18 00:00:00,0.09819,-0.006174089,0,0.5,-0.003087045,4.662629758,1.751715089
2021-10-19 00:00:00,0.10061,0.024646094,0,0.5,0.012323047,4.802191465,1.785624604
2021-10-20 00:00:00,0.10337,0.027432661,1,1,0.01371633,4.961361015,1.823833151
2021-10-21 00:00:00,0.09968,-0.035697011,1,1,-0.035697011,4.748558247,1.723030749
2021-10-22 00:00:00,0.09992,0.002407705,1,1,0.002407705,4.762399077,1.729587003
2021-10-23 00:00:00,0.10081,0.008907126,1,1,0.008907126,4.81372549,1.753899777
2021-10-24 00:00:00,0.09923,-0.015673048,1,1,-0.015673048,4.72260669,1.710737773
2021-10-25 00:00:00,0.10079,0.015721052,1,1,0.015721052,4.812572088,1.753353423
2021-10-26 00:00:00,0.10126,0.004663161,1,1,0.004663161,4.839677047,1.766192753
2021-10-27 00:00:00,0.09061,-0.105174798,1,1,-0.105174798,4.225490196,1.47525899
2021-10-28 00:00:00,0.09528,0.051539565,1,1,0.051539565,4.494809689,1.602832762
2021-10-29 00:00:00,0.09968,0.046179681,1,1,0.046179681,4.748558247,1.723030749
2021-10-30 00:00:00,0.10122,0.015449438,1,1,0.015449438,4.837370242,1.765100044
2021-10-31 00:00:00,0.1016,0.003754199,1,1,0.003754199,4.85928489,1.775480779
2021-11-01 00:00:00,0.10059,-0.009940945,1,1,-0.009940945,4.801038062,1.747889878
2021-11-02 00:00:00,0.10758,0.069490009,1,1,0.069490009,5.204152249,1.93884077
2021-11-03 00:00:00,0.10604,-0.014314928,1,1,-0.014314928,5.115340254,1.896771475
2021-11-04 00:00:00,0.10339,-0.02499057,1,1,-0.02499057,4.962514418,1.824379506
2021-11-05 00:00:00,0.10354,0.001450817,1,1,0.001450817,4.971164937,1.828477164
2021-11-06 00:00:00,0.10261,-0.008982036,1,1,-0.008982036,4.917531719,1.803071681
2021-11-07 00:00:00,0.10463,0.01968619,1,1,0.01968619,5.034025375,1.858253484
2021-11-08 00:00:00,0.11012,0.052470611,1,1,0.052470611,5.350634371,2.00822779
2021-11-09 00:00:00,0.11451,0.039865601,1,1,0.039865601,5.603806228,2.128152599
2021-11-10 00:00:00,0.10661,-0.068989608,1,1,-0.068989608,5.148212226,1.912342578
2021-11-11 00:00:00,0.10896,0.02204296,1,1,0.02204296,5.283737024,1.976539229
2021-11-12 00:00:00,0.10804,-0.008443465,1,1,-0.008443465,5.230680507,1.951406923
2021-11-13 00:00:00,0.1126,0.04220659,1,1,0.04220659,5.493656286,2.075975746
2021-11-14 00:00:00,0.11711,0.040053286,1,1,0.040053286,5.753748558,2.199178682
2021-11-15 00:00:00,0.12391,0.058065067,1,1,0.058065067,6.145905421,2.384939206
2021-11-16 00:00:00,0.10937,-0.117343233,1,1,-0.117343233,5.307381776,1.987739496
2021-11-17 00:00:00,0.11129,0.017555088,1,1,0.017555088,5.41810842,2.040189527
2021-11-18 00:00:00,0.10041,-0.097762602,0,0.5,-0.097762602,4.790657439,1.742972687
2021-11-19 00:00:00,0.10386,0.034359128,1,1,0.017179564,4.989619377,1.790095762
2021-11-20 00:00:00,0.10523,0.013190834,1,1,0.013190834,5.068627451,1.826899451
2021-11-21 00:00:00,0.10654,0.012448921,1,1,0.012448921,5.144175317,1.8620913
2021-11-22 00:00:00,0.10184,-0.044114886,1,1,-0.044114886,4.873125721,1.735830468
2021-11-23 00:00:00,0.10289,0.010310291,1,1,0.010310291,4.933679354,1.764037675
2021-11-24 00:00:00,0.09793,-0.048206823,0,0.5,-0.048206823,4.647635525,1.630792201
2021-11-25 00:00:00,0.10026,0.023792505,0,0.5,0.011896252,4.78200692,1.662088769
2021-11-26 00:00:00,0.09223,-0.080091761,1,1,-0.040045881,4.318915802,1.555483079
2021-11-27 00:00:00,0.09341,0.012794102,0,0.5,0.012794102,4.386966551,1.58817819
2021-11-28 00:00:00,0.09519,0.019055776,0,0.5,0.009527888,4.489619377,1.612838061
2021-11-29 00:00:00,0.09658,0.014602374,0,0.5,0.007301187,4.569780854,1.631914881
2021-11-30 00:00:00,0.09652,-0.000621247,0,0.5,-0.000310623,4.566320646,1.631097347
2021-12-01 00:00:00,0.09689,0.003833402,0,0.5,0.001916701,4.587658593,1.636140374
2021-12-02 00:00:00,0.09752,0.006502219,0,0.5,0.00325111,4.623990773,1.644710755
2021-12-03 00:00:00,0.09387,-0.03742822,0,0.5,-0.01871411,4.41349481,1.595217347
2021-12-04 00:00:00,0.08684,-0.074890806,0,0.5,-0.037445403,4.008073818,1.498038387
2021-12-05 00:00:00,0.0843,-0.029249194,0,0.5,-0.014624597,3.861591696,1.461505583
2021-12-06 00:00:00,0.08721,0.034519573,0,0.5,0.017259786,4.029411765,1.503990643
2021-12-07 00:00:00,0.08994,0.03130375,0,0.5,0.015651875,4.186851211,1.543182791
2021-12-08 00:00:00,0.09234,0.026684456,0,0.5,0.013342228,4.325259516,1.577114516
2021-12-09 00:00:00,0.08854,-0.041152263,0,0.5,-0.020576132,4.106113033,1.524087469
2021-12-10 00:00:00,0.0876,-0.01061667,0,0.5,-0.005308335,4.051903114,1.510688766
2021-12-11 00:00:00,0.09157,0.045319635,0,0.5,0.022659817,4.280853518,1.567580515
2021-12-12 00:00:00,0.09096,-0.00666157,-1,0,-0.003330785,4.24567474,1.559028456
2021-12-13 00:00:00,0.08489,-0.06673263,-1,0,0,3.89561707,1.559028456
2021-12-14 00:00:00,0.08703,0.025209094,-1,0,0,4.019031142,1.559028456
2021-12-15 00:00:00,0.0875,0.005400437,0,0.5,0,4.046136101,1.559028456
2021-12-16 00:00:00,0.0853,-0.025142857,0,0.5,-0.012571429,3.919261822,1.526857813
2021-12-17 00:00:00,0.07946,-0.068464244,-1,0,-0.034232122,3.582468281,1.440358108
2021-12-18 00:00:00,0.08038,0.011578153,-1,0,0,3.635524798,1.440358108
2021-12-19 00:00:00,0.07933,-0.013062951,-1,0,0,3.574971165,1.440358108
2021-12-20 00:00:00,0.07753,-0.022690029,-1,0,0,3.471164937,1.440358108
2021-12-21 00:00:00,0.07879,0.016251774,-1,0,0,3.543829296,1.440358108
2021-12-22 00:00:00,0.07907,0.00355375,-1,0,0,3.559976932,1.440358108
2021-12-23 00:00:00,0.0827,0.045908689,-1,0,0,3.769319493,1.440358108
2021-12-24 00:00:00,0.08084,-0.022490931,-1,0,0,3.662053057,1.440358108
2021-12-25 00:00:00,0.08148,0.007916873,-1,0,0,3.698961938,1.440358108
2021-12-26 00:00:00,0.08144,-0.000490918,-1,0,0,3.696655133,1.440358108
2021-12-27 00:00:00,0.08111,-0.004052063,-1,0,0,3.677623991,1.440358108
2021-12-28 00:00:00,0.07709,-0.049562323,-1,0,0,3.445790081,1.440358108
2021-12-29 00:00:00,0.07642,-0.00869114,-1,0,0,3.407151096,1.440358108
2021-12-30 00:00:00,0.07779,0.017927244,-1,0,0,3.48615917,1.440358108
2021-12-31 00:00:00,0.07533,-0.031623602,-1,0,0,3.344290657,1.440358108
2022-01-01 00:00:00,0.07654,0.016062658,-1,0,0,3.414071511,1.440358108
2022-01-02 00:00:00,0.07762,0.014110269,-1,0,0,3.476355248,1.440358108
2022-01-03 00:00:00,0.07702,-0.007729967,-1,0,0,3.441753172,1.440358108
2022-01-04 00:00:00,0.0759,-0.014541677,-1,0,0,3.37716263,1.440358108
2022-01-05 00:00:00,0.07106,-0.063768116,-1,0,0,3.098039216,1.440358108
2022-01-06 00:00:00,0.07103,-0.000422178,-1,0,0,3.096309112,1.440358108
2022-01-07 00:00:00,0.06819,-0.039983106,-1,0,0,2.932525952,1.440358108
2022-01-08 00:00:00,0.06534,-0.041794985,-1,0,0,2.76816609,1.440358108
2022-01-09 00:00:00,0.0661,0.011631466,-1,0,0,2.811995386,1.440358108
2022-01-10 00:00:00,0.06339,-0.040998487,-1,0,0,2.655709343,1.440358108
2022-01-11 00:00:00,0.06486,0.023189778,-1,0,0,2.740484429,1.440358108
2022-01-12 00:00:00,0.06804,0.049028677,-1,0,0,2.923875433,1.440358108
2022-01-13 00:00:00,0.06614,-0.02792475,-1,0,0,2.814302191,1.440358108
2022-01-14 00:00:00,0.06758,0.021771999,-1,0,0,2.897347174,1.440358108
2022-01-15 00:00:00,0.06838,0.011837822,-1,0,0,2.943483276,1.440358108
2022-01-16 00:00:00,0.06984,0.021351272,-1,0,0,3.027681661,1.440358108
2022-01-17 00:00:00,0.07081,0.013888889,-1,0,0,3.083621684,1.440358108
2022-01-18 00:00:00,0.0684,-0.034034741,-1,0,0,2.944636678,1.440358108
2022-01-19 00:00:00,0.06911,0.010380117,-1,0,0,2.985582468,1.440358108
2022-01-20 00:00:00,0.06763,-0.021415135,-1,0,0,2.900230681,1.440358108
2022-01-21 00:00:00,0.06099,-0.09818128,-1,0,0,2.517301038,1.440358108
2022-01-22 00:00:00,0.05675,-0.069519593,-1,0,0,2.2727797,1.440358108
2022-01-23 00:00:00,0.05749,0.013039648,-1,0,0,2.315455594,1.440358108
2022-01-24 00:00:00,0.05503,-0.04279005,-1,0,0,2.173587082,1.440358108
2022-01-25 00:00:00,0.05583,0.014537525,-1,0,0,2.219723183,1.440358108
2022-01-26 00:00:00,0.05616,0.005910801,-1,0,0,2.238754325,1.440358108
2022-01-27 00:00:00,0.05645,0.005163818,-1,0,0,2.255478662,1.440358108
2022-01-28 00:00:00,0.05756,0.019663419,-1,0,0,2.319492503,1.440358108
2022-01-29 00:00:00,0.0603,0.047602502,-1,0,0,2.477508651,1.440358108
2022-01-30 00:00:00,0.05856,-0.028855721,-1,0,0,2.37716263,1.440358108
2022-01-31 00:00:00,0.059,0.007513661,-1,0,0,2.402537486,1.440358108
2022-02-01 00:00:00,0.05977,0.013050847,-1,0,0,2.446943483,1.440358108
2022-02-02 00:00:00,0.05842,-0.022586582,-1,0,0,2.369088812,1.440358108
2022-02-03 00:00:00,0.05979,0.023450873,-1,0,0,2.448096886,1.440358108
2022-02-04 00:00:00,0.06439,0.076935942,-1,0,0,2.713379469,1.440358108
2022-02-05 00:00:00,0.0646,0.003261376,-1,0,0,2.725490196,1.440358108
2022-02-06 00:00:00,0.06613,0.023684211,-1,0,0,2.81372549,1.440358108
2022-02-07 00:00:00,0.0685,0.0358385,0,0.5,0,2.950403691,1.440358108
2022-02-08 00:00:00,0.06801,-0.007153285,0,0.5,-0.003576642,2.922145329,1.43162982
2022-02-09 00:00:00,0.06986,0.027201882,0,0.5,0.013600941,3.028835063,1.464702274
2022-02-10 00:00:00,0.06844,-0.020326367,0,0.5,-0.010163184,2.946943483,1.439653052
2022-02-11 00:00:00,0.06392,-0.06604325,-1,0,-0.033021625,2.68627451,1.359091744
2022-02-12 00:00:00,0.06348,-0.006883605,-1,0,0,2.660899654,1.359091744
2022-02-13 00:00:00,0.06423,0.011814745,-1,0,0,2.704152249,1.359091744
2022-02-14 00:00:00,0.06437,0.002179667,-1,0,0,2.712226067,1.359091744
2022-02-15 00:00:00,0.06683,0.038216561,-1,0,0,2.854094579,1.359091744
2022-02-16 00:00:00,0.06636,-0.00703277,-1,0,0,2.826989619,1.359091744
2022-02-17 00:00:00,0.0624,-0.059674503,-1,0,0,2.598615917,1.359091744
2022-02-18 00:00:00,0.06299,0.009455128,-1,0,0,2.632641292,1.359091744
2022-02-19 00:00:00,0.06344,0.007143991,-1,0,0,2.658592849,1.359091744
2022-02-20 00:00:00,0.06195,-0.023486759,0,0.5,0,2.57266436,1.359091744
2022-02-21 00:00:00,0.05941,-0.041000807,0,0.5,-0.020500404,2.426182238,1.310729412
2022-02-22 00:00:00,0.06259,0.053526342,0,0.5,0.026763171,2.609573241,1.372571858
2022-02-23 00:00:00,0.06072,-0.029876977,0,0.5,-0.014938489,2.501730104,1.337129221
2022-02-24 00:00:00,0.06101,0.004776021,0,0.5,0.002388011,2.518454441,1.34271031
2022-02-25 00:00:00,0.05935,-0.027208654,0,0.5,-0.013604327,2.42272203,1.310839313
2022-02-26 00:00:00,0.05955,0.00336984,0,0.5,0.00168492,2.434256055,1.314732892
2022-02-27 00:00:00,0.05801,-0.025860621,0,0.5,-0.012930311,2.34544406,1.284802677
2022-02-28 00:00:00,0.06173,0.064126875,0,0.5,0.032063437,2.559976932,1.358061304
2022-03-01 00:00:00,0.06216,0.006965819,0,0.5,0.003482909,2.584775087,1.366274218
2022-03-02 00:00:00,0.06149,-0.010778636,0,0.5,-0.005389318,2.546136101,1.353521614
2022-03-03 00:00:00,0.05988,-0.026183119,0,0.5,-0.01309156,2.453287197,1.322710345
2022-03-04 00:00:00,0.05824,-0.02738811,-1,0,-0.013694055,2.358708189,1.290903023
2022-03-05 00:00:00,0.0603,0.035370879,0,0.5,0,2.477508651,1.290903023
2022-03-06 00:00:00,0.05881,-0.024709784,-1,0,-0.012354892,2.391580161,1.262599163
2022-03-07 00:00:00,0.0585,-0.005271212,-1,0,0,2.373702422,1.262599163
2022-03-08 00:00:00,0.0605,0.034188034,-1,0,0,2.489042676,1.262599163
2022-03-09 00:00:00,0.06073,0.003801653,-1,0,0,2.502306805,1.262599163
2022-03-10 00:00:00,0.05984,-0.01465503,-1,0,0,2.450980392,1.262599163
2022-03-11 00:00:00,0.06018,0.005681818,-1,0,0,2.470588235,1.262599163
2022-03-12 00:00:00,0.0596,-0.009637753,-1,0,0,2.437139562,1.262599163
2022-03-13 00:00:00,0.05926,-0.005704698,-1,0,0,2.417531719,1.262599163
2022-03-14 00:00:00,0.06001,0.012656092,-1,0,0,2.460784314,1.262599163
2022-03-15 00:00:00,0.06045,0.007332111,-1,0,0,2.48615917,1.262599163
2022-03-16 00:00:00,0.06105,0.009925558,-1,0,0,2.520761246,1.262599163
2022-03-17 00:00:00,0.06067,-0.006224406,-1,0,0,2.498846597,1.262599163
2022-03-18 00:00:00,0.0616,0.015328828,-1,0,0,2.552479815,1.262599163
2022-03-19 00:00:00,0.0619,0.00487013,-1,0,0,2.569780854,1.262599163
2022-03-20 00:00:00,0.0615,-0.006462036,-1,0,0,2.546712803,1.262599163
2022-03-21 00:00:00,0.06175,0.004065041,-1,0,0,2.561130334,1.262599163
2022-03-22 00:00:00,0.0634,0.026720648,0,0.5,0,2.656286044,1.262599163
2022-03-23 00:00:00,0.06428,0.013880126,0,0.5,0.006940063,2.707035755,1.278301744
2022-03-24 00:00:00,0.06563,0.021001867,0,0.5,0.010500933,2.784890427,1.302226039
2022-03-25 00:00:00,0.06433,-0.019808015,0,0.5,-0.009904007,2.709919262,1.279424775
2022-03-26 00:00:00,0.06629,0.0304679,0,0.5,0.01523395,2.82295271,1.314149418
2022-03-27 00:00:00,0.06896,0.040277568,0,0.5,0.020138784,2.976931949,1.360753574
2022-03-28 00:00:00,0.06914,0.002610209,0,0.5,0.001305104,2.987312572,1.363834604
2022-03-29 00:00:00,0.0694,0.003760486,0,0.5,0.001880243,3.002306805,1.368279187
2022-03-30 00:00:00,0.07337,0.057204611,0,0.5,0.028602305,3.231257209,1.436017432
2022-03-31 00:00:00,0.07395,0.007905138,0,0.5,0.003952569,3.264705882,1.445645959
2022-04-01 00:00:00,0.07497,0.013793103,0,0.5,0.006896552,3.323529412,1.462512483
2022-04-02 00:00:00,0.07323,-0.023209284,0,0.5,-0.011604642,3.223183391,1.433935908
2022-04-03 00:00:00,0.07313,-0.001365561,0,0.5,-0.00068278,3.217416378,1.432274064
2022-04-04 00:00:00,0.07071,-0.033091754,0,0.5,-0.016545877,3.077854671,1.392029956
2022-04-05 00:00:00,0.06927,-0.020364871,0,0.5,-0.010182435,2.994809689,1.367673266
2022-04-06 00:00:00,0.06301,-0.090371012,0,0.5,-0.045185506,2.633794694,1.260688751
2022-04-07 00:00:00,0.06428,0.020155531,0,0.5,0.010077765,2.707035755,1.283471442
2022-04-08 00:00:00,0.06254,-0.027069073,0,0.5,-0.013534536,2.606689735,1.252565715
2022-04-09 00:00:00,0.06391,0.02190598,0,0.5,0.01095299,2.685697809,1.277238045
2022-04-10 00:00:00,0.06231,-0.025035206,0,0.5,-0.012517603,2.593425606,1.248732483
2022-04-11 00:00:00,0.0582,-0.06596052,-1,0,-0.03298026,2.356401384,1.174568701
2022-04-12 00:00:00,0.05988,0.028865979,0,0.5,0,2.453287197,1.174568701
2022-04-13 00:00:00,0.06147,0.026553106,0,0.5,0.013276553,2.544982699,1.203439478
2022-04-14 00:00:00,0.06009,-0.022449976,-1,0,-0.011224988,2.465397924,1.178705897
2022-04-15 00:00:00,0.06179,0.028290897,0,0.5,0,2.56343714,1.178705897
2022-04-16 00:00:00,0.06185,0.000971031,0,0.5,0.000485515,2.566897347,1.179763692
2022-04-17 00:00:00,0.06003,-0.029426031,-1,0,-0.014713015,2.461937716,1.147692796
2022-04-18 00:00:00,0.06146,0.023821423,-1,0,0,2.544405998,1.147692796
2022-04-19 00:00:00,0.06311,0.02684673,0,0.5,0,2.639561707,1.147692796
2022-04-20 00:00:00,0.0626,-0.008081128,0,0.5,-0.004040564,2.610149942,1.139014905
2022-04-21 00:00:00,0.0711,0.135782748,0,0.5,0.067891374,3.100346021,1.284235566
2022-04-22 00:00:00,0.06656,-0.063853727,0,0.5,-0.031926864,2.838523645,1.211307089
2022-04-23 00:00:00,0.06759,0.01547476,0,0.5,0.00773738,2.897923875,1.228416811
2022-04-24 00:00:00,0.06562,-0.029146323,0,0.5,-0.014573162,2.784313725,1.195941733
2022-04-25 00:00:00,0.06528,-0.005181347,-1,0,-0.002590674,2.764705882,1.190252765
2022-04-26 00:00:00,0.06184,-0.052696078,-1,0,0,2.566320646,1.190252765
2022-04-27 00:00:00,0.06315,0.0211837,-1,0,0,2.641868512,1.190252765
2022-04-28 00:00:00,0.06368,0.008392716,-1,0,0,2.672433679,1.190252765
2022-04-29 00:00:00,0.06363,-0.000785176,-1,0,0,2.669550173,1.190252765
2022-04-30 00:00:00,0.06255,-0.016973126,-1,0,0,2.607266436,1.190252765
2022-05-01 00:00:00,0.07078,0.13157474,-1,0,0,3.08189158,1.190252765
2022-05-02 00:00:00,0.06893,-0.026137327,-1,0,0,2.975201845,1.190252765
2022-05-03 00:00:00,0.07254,0.052371972,-1,0,0,3.183391003,1.190252765
2022-05-04 00:00:00,0.08627,0.189274883,1,1,0,3.975201845,1.190252765
2022-05-05 00:00:00,0.07445,-0.137011707,1,1,-0.137011707,3.293540946,0.890162494
2022-05-06 00:00:00,0.08624,0.158361316,1,1,0.158361316,3.973471742,1.189491114
2022-05-07 00:00:00,0.08346,-0.032235622,1,1,-0.032235622,3.813148789,1.118911507
2022-05-08 00:00:00,0.08796,0.053918045,1,1,0.053918045,4.07266436,1.233159072
2022-05-09 00:00:00,0.07258,-0.174852206,1,1,-0.174852206,3.185697809,0.842686283
2022-05-10 00:00:00,0.07688,0.059244971,1,1,0.059244971,3.433679354,0.951856179
2022-05-11 00:00:00,0.0748,-0.027055151,1,1,-0.027055151,3.31372549,0.899048415
2022-05-12 00:00:00,0.06719,-0.101737968,0,0.5,-0.101737968,2.874855825,0.705843089
2022-05-13 00:00:00,0.07424,0.104926328,1,1,0.052463164,3.281430219,0.795337015
2022-05-14 00:00:00,0.07237,-0.025188578,1,1,-0.025188578,3.173587082,0.750115029
2022-05-15 00:00:00,0.07234,-0.000414536,1,1,-0.000414536,3.171856978,0.749389543
2022-05-16 00:00:00,0.06909,-0.044926735,0,0.5,-0.044926735,2.984429066,0.670795182
2022-05-17 00:00:00,0.07222,0.045303228,1,1,0.022651614,3.164936563,0.70864139
2022-05-18 00:00:00,0.07095,-0.017585156,1,1,-0.017585156,3.091695502,0.678594663
2022-05-19 00:00:00,0.07355,0.036645525,1,1,0.036645525,3.241637832,0.740107646
2022-05-20 00:00:00,0.07114,-0.032766825,1,1,-0.032766825,3.102652826,0.683089843
2022-05-21 00:00:00,0.07397,0.039780714,1,1,0.039780714,3.265859285,0.750044359
2022-05-22 00:00:00,0.07813,0.056239016,1,1,0.056239016,3.505767013,0.848465131
2022-05-23 00:00:00,0.0761,-0.025982337,1,1,-0.025982337,3.388696655,0.800437687
2022-05-24 00:00:00,0.08059,0.059001314,1,1,0.059001314,3.647635525,0.906665876
2022-05-25 00:00:00,0.08467,0.050626629,1,1,0.050626629,3.882929642,1.003193942
2022-05-26 00:00:00,0.08219,-0.029290185,1,1,-0.029290185,3.739907728,0.94452002
2022-05-27 00:00:00,0.08082,-0.016668694,1,1,-0.016668694,3.660899654,0.912107409
2022-05-28 00:00:00,0.08114,0.003959416,1,1,0.003959416,3.679354095,0.919678238
2022-05-29 00:00:00,0.08052,-0.007641114,1,1,-0.007641114,3.643598616,0.905009758
2022-05-30 00:00:00,0.08321,0.033407849,1,1,0.033407849,3.798731257,0.968652036
2022-05-31 00:00:00,0.08443,0.014661699,1,1,0.014661699,3.869088812,0.99751582
2022-06-01 00:00:00,0.08352,-0.010778159,1,1,-0.010778159,3.816608997,0.975986276
2022-06-02 00:00:00,0.08425,0.008740421,1,1,0.008740421,3.858708189,0.993257229
2022-06-03 00:00:00,0.08104,-0.03810089,0,0.5,-0.03810089,3.673587082,0.917312354
2022-06-04 00:00:00,0.08037,-0.008267522,1,1,-0.004133761,3.634948097,0.909386643
2022-06-05 00:00:00,0.08143,0.013189001,0,0.5,0.013189001,3.696078431,0.934569545
2022-06-06 00:00:00,0.08155,0.001473658,0,0.5,0.000736829,3.702998847,0.935994992
2022-06-07 00:00:00,0.08179,0.00294298,0,0.5,0.00147149,3.716839677,0.938843789
2022-06-08 00:00:00,0.08057,-0.014916249,1,1,-0.007458124,3.646482122,0.924383651
2022-06-09 00:00:00,0.08097,0.004964627,1,1,0.004964627,3.669550173,0.933937498
2022-06-10 00:00:00,0.07884,-0.026306039,1,1,-0.026306039,3.546712803,0.883063262
2022-06-11 00:00:00,0.07615,-0.034119736,1,1,-0.034119736,3.391580161,0.818813641
2022-06-12 00:00:00,0.07605,-0.001313198,1,1,-0.001313198,3.385813149,0.816425179
2022-06-13 00:00:00,0.06381,-0.160946746,-1,0,-0.160946746,2.679930796,0.524077458
2022-06-14 00:00:00,0.05555,-0.129446795,-1,0,0,2.203575548,0.524077458
2022-06-15 00:00:00,0.06295,0.133213321,-1,0,0,2.630334487,0.524077458
2022-06-16 00:00:00,0.05919,-0.059729944,-1,0,0,2.41349481,0.524077458
2022-06-17 00:00:00,0.05982,0.01064369,-1,0,0,2.44982699,0.524077458
2022-06-18 00:00:00,0.06082,0.016716817,-1,0,0,2.507497116,0.524077458
2022-06-19 00:00:00,0.06125,0.007070043,-1,0,0,2.532295271,0.524077458
2022-06-20 00:00:00,0.06108,-0.00277551,-1,0,0,2.522491349,0.524077458
2022-06-21 00:00:00,0.06487,0.062049771,0,0.5,0,2.74106113,0.524077458
2022-06-22 00:00:00,0.06301,-0.02867273,0,0.5,-0.014336365,2.633794694,0.502227727
2022-06-23 00:00:00,0.06372,0.011268053,0,0.5,0.005634026,2.674740484,0.510691318
2022-06-24 00:00:00,0.06578,0.032328939,0,0.5,0.01616447,2.793540946,0.535110841
2022-06-25 00:00:00,0.06473,-0.015962299,0,0.5,-0.007981149,2.732987313,0.522858893
2022-06-26 00:00:00,0.06496,0.003553221,0,0.5,0.001776611,2.746251442,0.52556442
2022-06-27 00:00:00,0.06698,0.031096059,0,0.5,0.01554803,2.862745098,0.54928394
2022-06-28 00:00:00,0.0658,-0.017617199,0,0.5,-0.0088086,2.794694348,0.535636919
2022-06-29 00:00:00,0.06482,-0.014893617,0,0.5,-0.007446809,2.738177624,0.524201325
2022-06-30 00:00:00,0.06475,-0.001079914,0,0.5,-0.000539957,2.734140715,0.523378322
2022-07-01 00:00:00,0.06505,0.004633205,0,0.5,0.002316602,2.751441753,0.526907383
2022-07-02 00:00:00,0.06465,-0.006149116,0,0.5,-0.003074558,2.728373702,0.522212818
2022-07-03 00:00:00,0.06622,0.024284609,0,0.5,0.012142305,2.818915802,0.54069599
2022-07-04 00:00:00,0.06729,0.01615826,0,0.5,0.00807913,2.880622837,0.553143473
2022-07-05 00:00:00,0.06806,0.011443008,0,0.5,0.005721504,2.925028835,0.56202979
2022-07-06 00:00:00,0.06749,-0.008374963,0,0.5,-0.004187482,2.892156863,0.555488819
2022-07-07 00:00:00,0.06854,0.01555786,0,0.5,0.00777893,2.952710496,0.567588858
2022-07-08 00:00:00,0.06894,0.005836008,0,0.5,0.002918004,2.975778547,0.572163088
2022-07-09 00:00:00,0.06973,0.01145924,0,0.5,0.00572962,3.021337947,0.581170985
2022-07-10 00:00:00,0.06755,-0.031263445,0,0.5,-0.015631722,2.89561707,0.55645456
2022-07-11 00:00:00,0.06468,-0.042487047,0,0.5,-0.021243523,2.730103806,0.523389981
2022-07-12 00:00:00,0.06453,-0.002319109,0,0.5,-0.001159555,2.721453287,0.521623527
2022-07-13 00:00:00,0.06621,0.026034403,1,1,0.013017201,2.8183391,0.541430807
2022-07-14 00:00:00,0.06674,0.008004833,1,1,0.008004833,2.848904268,0.553769703
2022-07-15 00:00:00,0.06698,0.003596044,1,1,0.003596044,2.862745098,0.559357128
2022-07-16 00:00:00,0.06889,0.028515975,1,1,0.028515975,2.97289504,0.603823716
2022-07-17 00:00:00,0.06738,-0.021919001,1,1,-0.021919001,2.885813149,0.568669502
2022-07-18 00:00:00,0.06876,0.020480855,1,1,0.020480855,2.965397924,0.600797195
2022-07-19 00:00:00,0.06901,0.003635835,1,1,0.003635835,2.979815456,0.606617429
2022-07-20 00:00:00,0.06744,-0.022750326,1,1,-0.022750326,2.889273356,0.570066359
2022-07-21 00:00:00,0.06795,0.007562278,1,1,0.007562278,2.918685121,0.581939636
2022-07-22 00:00:00,0.06692,-0.015158205,1,1,-0.015158205,2.85928489,0.557960272
2022-07-23 00:00:00,0.0669,-0.000298864,1,1,-0.000298864,2.858131488,0.557494653
2022-07-24 00:00:00,0.06677,-0.001943199,1,1,-0.001943199,2.850634371,0.554468131
2022-07-25 00:00:00,0.06359,-0.047626179,-1,0,-0.047626179,2.667243368,0.480434753
2022-07-26 00:00:00,0.0653,0.026891021,0,0.5,0,2.765859285,0.480434753
2022-07-27 00:00:00,0.06862,0.050842266,0,0.5,0.025421133,2.957324106,0.518069082
2022-07-28 00:00:00,0.06962,0.014573011,0,0.5,0.007286505,3.014994233,0.529130501
2022-07-29 00:00:00,0.06918,-0.006320023,0,0.5,-0.003160011,2.989619377,0.524298431
2022-07-30 00:00:00,0.06907,-0.001590055,0,0.5,-0.000795027,2.983275663,0.523086572
2022-07-31 00:00:00,0.06878,-0.004198639,0,0.5,-0.00209932,2.966551326,0.519889126
2022-08-01 00:00:00,0.06979,0.014684501,0,0.5,0.007342251,3.024798155,0.531048533
2022-08-02 00:00:00,0.06823,-0.022352773,0,0.5,-0.011176386,2.934832757,0.513936943
2022-08-03 00:00:00,0.06773,-0.007328155,0,0.5,-0.003664077,2.905997693,0.508389761
2022-08-04 00:00:00,0.06884,0.016388602,1,1,0.008194301,2.970011534,0.520749961
2022-08-05 00:00:00,0.06983,0.014381174,1,1,0.014381174,3.02710496,0.54262013
2022-08-06 00:00:00,0.06939,-0.006301017,1,1,-0.006301017,3.001730104,0.532900055
2022-08-07 00:00:00,0.06955,0.002305808,1,1,0.002305808,3.010957324,0.536434628
2022-08-08 00:00:00,0.07004,0.007045291,1,1,0.007045291,3.039215686,0.547259257
2022-08-09 00:00:00,0.06832,-0.024557396,1,1,-0.024557396,2.940023068,0.509262599
2022-08-10 00:00:00,0.07032,0.029274005,1,1,0.029274005,3.055363322,0.553444759
2022-08-11 00:00:00,0.0703,-0.000284414,1,1,-0.000284414,3.054209919,0.553002938
2022-08-12 00:00:00,0.07038,0.00113798,1,1,0.00113798,3.058823529,0.554770224
2022-08-13 00:00:00,0.0699,-0.006820119,1,1,-0.006820119,3.031141869,0.544166506
2022-08-14 00:00:00,0.07032,0.006008584,1,1,0.006008584,3.055363322,0.553444759
2022-08-15 00:00:00,0.06881,-0.021473265,0,0.5,-0.021473265,2.96828143,0.520087228
2022-08-16 00:00:00,0.06968,0.012643511,1,1,0.006321756,3.018454441,0.529696848
2022-08-17 00:00:00,0.06825,-0.020522388,0,0.5,-0.020522388,2.935986159,0.498303816
2022-08-18 00:00:00,0.06733,-0.013479853,0,0.5,-0.006739927,2.882929642,0.488205358
2022-08-19 00:00:00,0.06398,-0.049754938,-1,0,-0.024877469,2.689734717,0.451182575
2022-08-20 00:00:00,0.06575,0.027664895,-1,0,0,2.791810842,0.451182575
2022-08-21 00:00:00,0.06584,0.001368821,-1,0,0,2.797001153,0.451182575
2022-08-22 00:00:00,0.0656,-0.0036452,-1,0,0,2.783160323,0.451182575
2022-08-23 00:00:00,0.0663,0.010670732,0,0.5,0,2.823529412,0.451182575
2022-08-24 00:00:00,0.06473,-0.023680241,1,1,-0.011840121,2.732987313,0.434000398
2022-08-25 00:00:00,0.06543,0.010814151,1,1,0.010814151,2.773356401,0.449507895
2022-08-26 00:00:00,0.06148,-0.060369861,-1,0,-0.060369861,2.5455594,0.362001305
2022-08-27 00:00:00,0.06283,0.02195836,-1,0,0,2.623414072,0.362001305
2022-08-28 00:00:00,0.06135,-0.023555626,-1,0,0,2.538062284,0.362001305
2022-08-29 00:00:00,0.06333,0.032273839,-1,0,0,2.652249135,0.362001305
2022-08-30 00:00:00,0.06466,0.021001105,-1,0,0,2.728950404,0.362001305
2022-08-31 00:00:00,0.06332,-0.020723786,-1,0,0,2.651672434,0.362001305
2022-09-01 00:00:00,0.06325,-0.001105496,-1,0,0,2.647635525,0.362001305
2022-09-02 00:00:00,0.06254,-0.011225296,-1,0,0,2.606689735,0.362001305
2022-09-03 00:00:00,0.06308,0.008634474,-1,0,0,2.637831603,0.362001305
2022-09-04 00:00:00,0.06347,0.006182625,-1,0,0,2.660322953,0.362001305
2022-09-05 00:00:00,0.0629,-0.008980621,-1,0,0,2.62745098,0.362001305
2022-09-06 00:00:00,0.06062,-0.036248013,-1,0,0,2.495963091,0.362001305
2022-09-07 00:00:00,0.06175,0.018640713,-1,0,0,2.561130334,0.362001305
2022-09-08 00:00:00,0.06121,-0.008744939,-1,0,0,2.529988466,0.362001305
2022-09-09 00:00:00,0.06338,0.035451724,-1,0,0,2.655132641,0.362001305
2022-09-10 00:00:00,0.06474,0.021457873,-1,0,0,2.733564014,0.362001305
2022-09-11 00:00:00,0.06416,-0.008958913,-1,0,0,2.70011534,0.362001305
2022-09-12 00:00:00,0.06382,-0.005299252,-1,0,0,2.680507497,0.362001305
2022-09-13 00:00:00,0.06057,-0.050924475,-1,0,0,2.493079585,0.362001305
2022-09-14 00:00:00,0.06158,0.016674922,-1,0,0,2.551326413,0.362001305
2022-09-15 00:00:00,0.06124,-0.005521273,-1,0,0,2.53171857,0.362001305
2022-09-16 00:00:00,0.06128,0.000653168,-1,0,0,2.534025375,0.362001305
2022-09-17 00:00:00,0.06224,0.015665796,-1,0,0,2.589388697,0.362001305
2022-09-18 00:00:00,0.06068,-0.025064267,-1,0,0,2.499423299,0.362001305
2022-09-19 00:00:00,0.06025,-0.007086355,-1,0,0,2.474625144,0.362001305
2022-09-20 00:00:00,0.05974,-0.00846473,-1,0,0,2.445213379,0.362001305
2022-09-21 00:00:00,0.05897,-0.012889186,-1,0,0,2.400807382,0.362001305
2022-09-22 00:00:00,0.06015,0.020010175,-1,0,0,2.468858131,0.362001305
2022-09-23 00:00:00,0.06038,0.003823774,-1,0,0,2.482122261,0.362001305
2022-09-24 00:00:00,0.05978,-0.009937065,-1,0,0,2.447520185,0.362001305
2022-09-25 00:00:00,0.05966,-0.00200736,-1,0,0,2.440599769,0.362001305
2022-09-26 00:00:00,0.05955,-0.001843781,-1,0,0,2.434256055,0.362001305
2022-09-27 00:00:00,0.05933,-0.003694374,-1,0,0,2.421568627,0.362001305
2022-09-28 00:00:00,0.05949,0.002696781,-1,0,0,2.430795848,0.362001305
2022-09-29 00:00:00,0.06097,0.024878131,-1,0,0,2.516147636,0.362001305
2022-09-30 00:00:00,0.06097,0,-1,0,0,2.516147636,0.362001305
2022-10-01 00:00:00,0.06045,-0.008528785,-1,0,0,2.48615917,0.362001305
2022-10-02 00:00:00,0.06086,0.006782465,-1,0,0,2.509803922,0.362001305
2022-10-03 00:00:00,0.06131,0.007394019,-1,0,0,2.535755479,0.362001305
2022-10-04 00:00:00,0.06231,0.016310553,-1,0,0,2.593425606,0.362001305
2022-10-05 00:00:00,0.0624,0.001444391,-1,0,0,2.598615917,0.362001305
2022-10-06 00:00:00,0.06275,0.005608974,0,0.5,0,2.618800461,0.362001305
2022-10-07 00:00:00,0.06248,-0.004302789,0,0.5,-0.002151394,2.603229527,0.359071103
2022-10-08 00:00:00,0.06202,-0.007362356,0,0.5,-0.003681178,2.576701269,0.35406812
2022-10-09 00:00:00,0.06233,0.004998388,-1,0,0.002499194,2.594579008,0.357452199
2022-10-10 00:00:00,0.06269,0.00577571,-1,0,0,2.615340254,0.357452199
2022-10-11 00:00:00,0.06163,-0.016908598,-1,0,0,2.554209919,0.357452199
2022-10-12 00:00:00,0.06167,0.000649035,0,0.5,0,2.556516724,0.357452199
2022-10-13 00:00:00,0.06096,-0.011512891,0,0.5,-0.005756446,2.515570934,0.349638099
2022-10-14 00:00:00,0.06389,0.048064304,1,1,0.024032152,2.684544406,0.382072808
2022-10-15 00:00:00,0.06172,-0.033964627,1,1,-0.033964627,2.559400231,0.335131221
2022-10-16 00:00:00,0.06181,0.001458198,1,1,0.001458198,2.564590542,0.337078107
2022-10-17 00:00:00,0.06262,0.013104676,1,1,0.013104676,2.611303345,0.354600082
2022-10-18 00:00:00,0.06215,-0.007505589,1,1,-0.007505589,2.584198385,0.34443301
2022-10-19 00:00:00,0.06168,-0.007562349,0,0.5,-0.007562349,2.557093426,0.334265938
2022-10-20 00:00:00,0.0621,0.006809339,0,0.5,0.003404669,2.581314879,0.338808672
2022-10-21 00:00:00,0.06162,-0.007729469,0,0.5,-0.003864734,2.553633218,0.333634532
2022-10-22 00:00:00,0.06155,-0.001135995,0,0.5,-0.000567997,2.549596309,0.332877031
2022-10-23 00:00:00,0.06182,0.004386677,0,0.5,0.002193339,2.565167243,0.335800482
2022-10-24 00:00:00,0.06127,-0.008896797,0,0.5,-0.004448399,2.533448674,0.329858309
2022-10-25 00:00:00,0.06229,0.016647625,0,0.5,0.008323813,2.592272203,0.340927801
2022-10-26 00:00:00,0.06338,0.017498796,0,0.5,0.008749398,2.655132641,0.352660112
2022-10-27 00:00:00,0.06292,-0.00725781,0,0.5,-0.003628905,2.628604383,0.347751437
2022-10-28 00:00:00,0.06351,0.009376987,0,0.5,0.004688493,2.662629758,0.35407036
2022-10-29 00:00:00,0.06423,0.011336797,0,0.5,0.005668399,2.704152249,0.361745771
2022-10-30 00:00:00,0.06307,-0.018060097,0,0.5,-0.009030048,2.637254902,0.349449141
2022-10-31 00:00:00,0.06321,0.002219756,0,0.5,0.001109878,2.64532872,0.350946865
2022-11-01 00:00:00,0.06272,-0.007751938,0,0.5,-0.003875969,2.617070358,0.345710636
2022-11-02 00:00:00,0.06151,-0.019292092,0,0.5,-0.009646046,2.547289504,0.33272985
2022-11-03 00:00:00,0.06165,0.002276053,-1,0,0.001138026,2.555363322,0.334246532
2022-11-04 00:00:00,0.0638,0.03487429,0,0.5,0,2.679354095,0.334246532
2022-11-05 00:00:00,0.06358,-0.003448276,0,0.5,-0.001724138,2.666666667,0.331946106
2022-11-06 00:00:00,0.06263,-0.014941806,0,0.5,-0.007470903,2.611880046,0.321995267
2022-11-07 00:00:00,0.06222,-0.006546384,0,0.5,-0.003273192,2.588235294,0.317668123
2022-11-08 00:00:00,0.05869,-0.056734169,-1,0,-0.028367085,2.384659746,0.28028972
2022-11-09 00:00:00,0.0534,-0.090134606,-1,0,0,2.079584775,0.28028972
2022-11-10 00:00:00,0.05774,0.081273408,-1,0,0,2.329873126,0.28028972
2022-11-11 00:00:00,0.05597,-0.030654659,-1,0,0,2.227797001,0.28028972
2022-11-12 00:00:00,0.05497,-0.017866714,-1,0,0,2.170126874,0.28028972
2022-11-13 00:00:00,0.05078,-0.076223395,-1,0,0,1.928489043,0.28028972
2022-11-14 00:00:00,0.05007,-0.013981883,-1,0,0,1.887543253,0.28028972
2022-11-15 00:00:00,0.0507,0.012582385,-1,0,0,1.923875433,0.28028972
2022-11-16 00:00:00,0.0501,-0.01183432,-1,0,0,1.889273356,0.28028972
2022-11-17 00:00:00,0.05002,-0.001596806,-1,0,0,1.884659746,0.28028972
2022-11-18 00:00:00,0.05065,0.012594962,-1,0,0,1.920991926,0.28028972
2022-11-19 00:00:00,0.0521,0.028627838,-1,0,0,2.00461361,0.28028972
2022-11-20 00:00:00,0.05004,-0.039539347,-1,0,0,1.885813149,0.28028972
2022-11-21 00:00:00,0.05151,0.029376499,-1,0,0,1.970588235,0.28028972
2022-11-22 00:00:00,0.05067,-0.016307513,-1,0,0,1.922145329,0.28028972
2022-11-23 00:00:00,0.05177,0.021709098,-1,0,0,1.985582468,0.28028972
2022-11-24 00:00:00,0.05278,0.019509368,-1,0,0,2.043829296,0.28028972
2022-11-25 00:00:00,0.05293,0.002841986,-1,0,0,2.052479815,0.28028972
2022-11-26 00:00:00,0.05274,-0.003589647,-1,0,0,2.041522491,0.28028972
2022-11-27 00:00:00,0.05324,0.00948047,-1,0,0,2.070357555,0.28028972
2022-11-28 00:00:00,0.05293,-0.00582269,-1,0,0,2.052479815,0.28028972
2022-11-29 00:00:00,0.05323,0.005667863,-1,0,0,2.069780854,0.28028972
2022-11-30 00:00:00,0.05456,0.02498591,-1,0,0,2.146482122,0.28028972
2022-12-01 00:00:00,0.05413,-0.007881232,-1,0,0,2.121683968,0.28028972
2022-12-02 00:00:00,0.05441,0.005172732,-1,0,0,2.137831603,0.28028972
2022-12-03 00:00:00,0.05353,-0.016173498,-1,0,0,2.087081892,0.28028972
2022-12-04 00:00:00,0.05303,-0.009340557,-1,0,0,2.058246828,0.28028972
2022-12-05 00:00:00,0.0533,0.005091458,-1,0,0,2.073817762,0.28028972
2022-12-06 00:00:00,0.05358,0.005253283,-1,0,0,2.089965398,0.28028972
2022-12-07 00:00:00,0.0531,-0.008958567,-1,0,0,2.062283737,0.28028972
2022-12-08 00:00:00,0.05446,0.025612053,-1,0,0,2.14071511,0.28028972
2022-12-09 00:00:00,0.05462,0.002937936,0,0.5,0,2.14994233,0.28028972
2022-12-10 00:00:00,0.05478,0.00292933,-1,0,0.001464665,2.15916955,0.282164915
2022-12-11 00:00:00,0.05393,-0.015516612,-1,0,0,2.110149942,0.282164915
2022-12-12 00:00:00,0.05348,-0.00834415,-1,0,0,2.084198385,0.282164915
2022-12-13 00:00:00,0.05445,0.018137622,0,0.5,0,2.140138408,0.282164915
2022-12-14 00:00:00,0.05554,0.020018365,0,0.5,0.010009183,2.202998847,0.294998338
2022-12-15 00:00:00,0.05575,0.003781059,0,0.5,0.001890529,2.215109573,0.29744657
2022-12-16 00:00:00,0.0529,-0.051121076,0,0.5,-0.025560538,2.050749712,0.264283138
2022-12-17 00:00:00,0.05482,0.036294896,0,0.5,0.018147448,2.161476355,0.28722665
2022-12-18 00:00:00,0.05373,-0.019883254,0,0.5,-0.009941627,2.098615917,0.274429523
2022-12-19 00:00:00,0.05352,-0.003908431,0,0.5,-0.001954216,2.08650519,0.271939013
2022-12-20 00:00:00,0.05494,0.026532138,0,0.5,0.013266069,2.16839677,0.288812643
2022-12-21 00:00:00,0.05489,-0.000910084,0,0.5,-0.000455042,2.165513264,0.28822618
2022-12-22 00:00:00,0.05548,0.01074877,0,0.5,0.005374385,2.199538639,0.295149603
2022-12-23 00:00:00,0.05418,-0.023431867,0,0.5,-0.011715934,2.124567474,0.279975716
2022-12-24 00:00:00,0.05468,0.009228498,0,0.5,0.004614249,2.153402537,0.285881843
2022-12-25 00:00:00,0.05477,0.00164594,0,0.5,0.00082297,2.158592849,0.286940085
2022-12-26 00:00:00,0.05456,-0.003834216,0,0.5,-0.001917108,2.146482122,0.284472882
2022-12-27 00:00:00,0.05412,-0.008064516,0,0.5,-0.004032258,2.121107266,0.279293556
2022-12-28 00:00:00,0.05412,0,0,0.5,0,2.121107266,0.279293556
2022-12-29 00:00:00,0.05397,-0.002771619,0,0.5,-0.001385809,2.112456747,0.277520699
2022-12-30 00:00:00,0.05434,0.006855661,-1,0,0.00342783,2.133794694,0.281899823
2022-12-31 00:00:00,0.05448,0.002576371,0,0.5,0,2.141868512,0.281899823
2023-01-01 00:00:00,0.05475,0.004955947,0,0.5,0.002477974,2.157439446,0.285076337
2023-01-02 00:00:00,0.05515,0.007305936,0,0.5,0.003652968,2.180507497,0.28977068
2023-01-03 00:00:00,0.05477,-0.006890299,0,0.5,-0.00344515,2.158592849,0.285327227
2023-01-04 00:00:00,0.05472,-0.000912909,0,0.5,-0.000456454,2.155709343,0.284740534
2023-01-05 00:00:00,0.05366,-0.019371345,0,0.5,-0.009685673,2.094579008,0.272296958
2023-01-06 00:00:00,0.05244,-0.022735744,-1,0,-0.011367872,2.024221453,0.257833649
2023-01-07 00:00:00,0.05199,-0.008581236,-1,0,0,1.998269896,0.257833649
2023-01-08 00:00:00,0.05439,0.046162724,-1,0,0,2.136678201,0.257833649
2023-01-09 00:00:00,0.05456,0.003125575,-1,0,0,2.146482122,0.257833649
2023-01-10 00:00:00,0.05482,0.004765396,0,0.5,0,2.161476355,0.257833649
2023-01-11 00:00:00,0.05648,0.030280919,0,0.5,0.01514046,2.257208766,0.276877829
2023-01-12 00:00:00,0.05705,0.010092068,0,0.5,0.005046034,2.290080738,0.283320998
2023-01-13 00:00:00,0.06007,0.052936021,0,0.5,0.026468011,2.464244521,0.317287951
2023-01-14 00:00:00,0.06176,0.028133844,1,1,0.014066922,2.561707036,0.335818138
2023-01-15 00:00:00,0.06231,0.00890544,1,1,0.00890544,2.593425606,0.347714187
2023-01-16 00:00:00,0.06237,0.000962927,1,1,0.000962927,2.596885813,0.349011938
2023-01-17 00:00:00,0.0616,-0.012345679,1,1,-0.012345679,2.552479815,0.332357469
2023-01-18 00:00:00,0.05882,-0.04512987,0,0.5,-0.04512987,2.392156863,0.27222835
2023-01-19 00:00:00,0.06006,0.021081265,1,1,0.010540632,2.46366782,0.285638441
2023-01-20 00:00:00,0.06272,0.044289044,1,1,0.044289044,2.617070358,0.342578139
2023-01-21 00:00:00,0.06167,-0.016741071,1,1,-0.016741071,2.556516724,0.320101942
2023-01-22 00:00:00,0.06164,-0.00048646,1,1,-0.00048646,2.554786621,0.319459765
2023-01-23 00:00:00,0.06274,0.017845555,1,1,0.017845555,2.61822376,0.343006257
2023-01-24 00:00:00,0.06014,-0.041440867,1,1,-0.041440867,2.46828143,0.287350913
2023-01-25 00:00:00,0.06178,0.027269704,1,1,0.027269704,2.562860438,0.322456592
2023-01-26 00:00:00,0.06168,-0.001618647,1,1,-0.001618647,2.557093426,0.320316001
2023-01-27 00:00:00,0.06371,0.032911803,1,1,0.032911803,2.674163783,0.363769981
2023-01-28 00:00:00,0.06311,-0.009417674,1,1,-0.009417674,2.639561707,0.350926441
2023-01-29 00:00:00,0.06376,0.010299477,1,1,0.010299477,2.67704729,0.364840276
2023-01-30 00:00:00,0.06229,-0.023055207,1,1,-0.023055207,2.592272203,0.333373601
2023-01-31 00:00:00,0.06215,-0.002247552,1,1,-0.002247552,2.584198385,0.330376775
2023-02-01 00:00:00,0.06311,0.0154465,1,1,0.0154465,2.639561707,0.350926441
2023-02-02 00:00:00,0.06384,0.011567105,1,1,0.011567105,2.6816609,0.366552749
2023-02-03 00:00:00,0.06414,0.004699248,1,1,0.004699248,2.698961938,0.372974519
2023-02-04 00:00:00,0.06383,-0.004833177,1,1,-0.004833177,2.681084198,0.36633869
2023-02-05 00:00:00,0.06409,0.00407332,1,1,0.00407332,2.696078431,0.371904224
2023-02-06 00:00:00,0.06313,-0.014978936,1,1,-0.014978936,2.64071511,0.351354559
2023-02-07 00:00:00,0.06576,0.041660067,1,1,0.041660067,2.792387543,0.407652079
2023-02-08 00:00:00,0.06695,0.018096107,1,1,0.018096107,2.861014994,0.433125102
2023-02-09 00:00:00,0.06259,-0.065123226,1,1,-0.065123226,2.609573241,0.339795372
2023-02-10 00:00:00,0.06323,0.010225276,1,1,0.010225276,2.646482122,0.353495149
2023-02-11 00:00:00,0.06368,0.007116875,0,0.5,0.007116875,2.672433679,0.363127804
2023-02-12 00:00:00,0.06384,0.002512563,1,1,0.001256281,2.6816609,0.364840276
2023-02-13 00:00:00,0.06558,0.027255639,1,1,0.027255639,2.78200692,0.40203987
2023-02-14 00:00:00,0.06672,0.017383349,1,1,0.017383349,2.847750865,0.426412018
2023-02-15 00:00:00,0.07083,0.061600719,1,1,0.061600719,3.084775087,0.514280025
2023-02-16 00:00:00,0.0668,-0.056896795,1,1,-0.056896795,2.852364475,0.428122344
2023-02-17 00:00:00,0.07032,0.052694611,1,1,0.052694611,3.055363322,0.503376696
2023-02-18 00:00:00,0.07014,-0.002559727,1,1,-0.002559727,3.044982699,0.499528462
2023-02-19 00:00:00,0.07037,0.003279156,1,1,0.003279156,3.058246828,0.504445649
2023-02-20 00:00:00,0.07194,0.022310644,1,1,0.022310644,3.148788927,0.5380108
2023-02-21 00:00:00,0.06946,-0.034473172,1,1,-0.034473172,3.005767013,0.484990689
2023-02-22 00:00:00,0.06941,-0.000719839,1,1,-0.000719839,3.002883506,0.483921735
2023-02-23 00:00:00,0.0695,0.001296643,1,1,0.001296643,3.008073818,0.485845852
2023-02-24 00:00:00,0.06784,-0.023884892,1,1,-0.023884892,2.912341407,0.450356585
2023-02-25 00:00:00,0.06778,-0.000884434,1,1,-0.000884434,2.9088812,0.44907384
2023-02-26 00:00:00,0.06947,0.024933609,1,1,0.024933609,3.006343714,0.48520448
2023-02-27 00:00:00,0.0694,-0.001007629,1,1,-0.001007629,3.002306805,0.483707945
2023-02-28 00:00:00,0.06901,-0.005619597,1,1,-0.005619597,2.979815456,0.475370105
2023-03-01 00:00:00,0.0698,0.011447616,1,1,0.011447616,3.025374856,0.492259575
2023-03-02 00:00:00,0.06966,-0.002005731,1,1,-0.002005731,3.017301038,0.489266505
2023-03-03 00:00:00,0.06713,-0.036319265,1,1,-0.036319265,2.871395617,0.43517744
2023-03-04 00:00:00,0.06667,-0.006852376,1,1,-0.006852376,2.844867359,0.425343064
2023-03-05 00:00:00,0.06719,0.00779961,1,1,0.00779961,2.874855825,0.436460184
2023-03-06 00:00:00,0.06735,0.002381307,1,1,0.002381307,2.884083045,0.439880837
2023-03-07 00:00:00,0.06626,-0.016184113,1,1,-0.016184113,2.821222607,0.416577643
2023-03-08 00:00:00,0.06529,-0.0146393,1,1,-0.0146393,2.765282584,0.395839938
2023-03-09 00:00:00,0.05855,-0.103231735,0,0.5,-0.103231735,2.376585928,0.251744959
2023-03-10 00:00:00,0.05727,-0.021861657,-1,0,-0.010930828,2.302768166,0.23806235
2023-03-11 00:00:00,0.05874,0.025667889,0,0.5,0,2.387543253,0.23806235
2023-03-12 00:00:00,0.06461,0.099931903,1,1,0.049965952,2.726066897,0.299923313
2023-03-13 00:00:00,0.0669,0.03544343,1,1,0.03544343,2.858131488,0.345997054
2023-03-14 00:00:00,0.06694,0.000597907,1,1,0.000597907,2.860438293,0.346801836
2023-03-15 00:00:00,0.06515,-0.026740365,0,0.5,-0.026740365,2.757208766,0.310787864
2023-03-16 00:00:00,0.06506,-0.001381427,0,0.5,-0.000690714,2.752018454,0.309882484
2023-03-17 00:00:00,0.06761,0.03919459,0,0.5,0.019597295,2.899077278,0.335552638
2023-03-18 00:00:00,0.06571,-0.028102352,0,0.5,-0.014051176,2.789504037,0.316786553
2023-03-19 00:00:00,0.06646,0.011413788,0,0.5,0.005706894,2.832756632,0.324301314
2023-03-20 00:00:00,0.06497,-0.0224195,0,0.5,-0.01120975,2.746828143,0.309456227
2023-03-21 00:00:00,0.06696,0.030629521,0,0.5,0.015314761,2.861591696,0.329510235
2023-03-22 00:00:00,0.05973,-0.10797491,0,0.5,-0.053987455,2.444636678,0.257733361
2023-03-23 00:00:00,0.06515,0.090741671,0,0.5,0.045370835,2.757208766,0.314797775
2023-03-24 00:00:00,0.0633,-0.028396009,0,0.5,-0.014198005,2.650519031,0.29613027
2023-03-25 00:00:00,0.06363,0.00521327,0,0.5,0.002606635,2.669550173,0.299508808
2023-03-26 00:00:00,0.06405,0.00660066,0,0.5,0.00330033,2.693771626,0.303797616
2023-03-27 00:00:00,0.06346,-0.009211553,0,0.5,-0.004605777,2.659746251,0.297792616
2023-03-28 00:00:00,0.06414,0.010715411,0,0.5,0.005357706,2.698961938,0.304745806
2023-03-29 00:00:00,0.06424,0.001559089,0,0.5,0.000779545,2.70472895,0.305762914
2023-03-30 00:00:00,0.06477,0.008250311,0,0.5,0.004125156,2.735294118,0.311149389
2023-03-31 00:00:00,0.06545,0.010498688,0,0.5,0.005249344,2.774509804,0.318032063
2023-04-01 00:00:00,0.0664,0.014514897,0,0.5,0.007257448,2.829296424,0.327597613
2023-04-02 00:00:00,0.06511,-0.019427711,0,0.5,-0.009713855,2.754901961,0.314701522
2023-04-03 00:00:00,0.06571,0.009215174,0,0.5,0.004607587,2.789504037,0.320759124
2023-04-04 00:00:00,0.06571,0,0,0.5,0,2.789504037,0.320759124
2023-04-05 00:00:00,0.06611,0.006087354,0,0.5,0.003043677,2.812572088,0.324779088
2023-04-06 00:00:00,0.06605,-0.000907578,0,0.5,-0.000453789,2.80911188,0.324177917
2023-04-07 00:00:00,0.06599,-0.000908403,1,1,-0.000454201,2.805651672,0.323576474
2023-04-08 00:00:00,0.06606,0.001060767,1,1,0.001060767,2.809688581,0.32498048
2023-04-09 00:00:00,0.06657,0.007720254,1,1,0.007720254,2.839100346,0.335209666
2023-04-10 00:00:00,0.06726,0.010365029,1,1,0.010365029,2.878892734,0.349049153
2023-04-11 00:00:00,0.06624,-0.015165031,1,1,-0.015165031,2.820069204,0.328590781
2023-04-12 00:00:00,0.06511,-0.017059179,0,0.5,-0.017059179,2.754901961,0.305926113
2023-04-13 00:00:00,0.06519,0.00122869,0,0.5,0.000614345,2.759515571,0.306728402
2023-04-14 00:00:00,0.0662,0.015493174,1,1,0.007746587,2.817762399,0.316851087
2023-04-15 00:00:00,0.06586,-0.005135952,1,1,-0.005135952,2.798154556,0.310087804
2023-04-16 00:00:00,0.06655,0.010476769,0,0.5,0.010476769,2.837946943,0.323813291
2023-04-17 00:00:00,0.06568,-0.013072878,0,0.5,-0.006536439,2.787773933,0.315160266
2023-04-18 00:00:00,0.0668,0.017052375,1,1,0.008526188,2.852364475,0.32637357
2023-04-19 00:00:00,0.06558,-0.018263473,1,1,-0.018263473,2.78200692,0.302149382
2023-04-20 00:00:00,0.06538,-0.00304971,0,0.5,-0.00304971,2.770472895,0.298178203
2023-04-21 00:00:00,0.06494,-0.006729887,1,1,-0.003364943,2.745098039,0.293809907
2023-04-22 00:00:00,0.0661,0.017862642,1,1,0.017862642,2.811995386,0.316920771
2023-04-23 00:00:00,0.06666,0.008472012,1,1,0.008472012,2.844290657,0.32807774
2023-04-24 00:00:00,0.06606,-0.0090009,1,1,-0.0090009,2.809688581,0.316123845
2023-04-25 00:00:00,0.06579,-0.004087193,1,1,-0.004087193,2.794117647,0.310744592
2023-04-26 00:00:00,0.06501,-0.011855905,1,1,-0.011855905,2.749134948,0.295204528
2023-04-27 00:00:00,0.06569,0.010459929,1,1,0.010459929,2.788350634,0.308752276
2023-04-28 00:00:00,0.06665,0.014614097,1,1,0.014614097,2.843713956,0.327878508
2023-04-29 00:00:00,0.06797,0.019804951,1,1,0.019804951,2.919838524,0.354177077
2023-04-30 00:00:00,0.06709,-0.012946888,1,1,-0.012946888,2.869088812,0.336644698
2023-05-01 00:00:00,0.06847,0.020569384,1,1,0.020569384,2.948673587,0.364138656
2023-05-02 00:00:00,0.06919,0.010515554,1,1,0.010515554,2.990196078,0.37848333
2023-05-03 00:00:00,0.06921,0.000289059,1,1,0.000289059,2.991349481,0.378881794
2023-05-04 00:00:00,0.06934,0.001878341,1,1,0.001878341,2.998846597,0.381471804
2023-05-05 00:00:00,0.07091,0.022642054,1,1,0.022642054,3.089388697,0.412751163
2023-05-06 00:00:00,0.0702,-0.010012692,1,1,-0.010012692,3.048442907,0.39860572
2023-05-07 00:00:00,0.06918,-0.014529915,1,1,-0.014529915,2.989619377,0.378284099
2023-05-08 00:00:00,0.06848,-0.010118531,1,1,-0.010118531,2.949250288,0.364337888
2023-05-09 00:00:00,0.06901,0.007739486,1,1,0.007739486,2.979815456,0.374897162
2023-05-10 00:00:00,0.06931,0.004347196,1,1,0.004347196,2.997116494,0.380874109
2023-05-11 00:00:00,0.06765,-0.023950368,1,1,-0.023950368,2.901384083,0.347801666
2023-05-12 00:00:00,0.06905,0.020694752,1,1,0.020694752,2.982122261,0.375694088
2023-05-13 00:00:00,0.0693,0.003620565,1,1,0.003620565,2.996539792,0.380674878
2023-05-14 00:00:00,0.06936,0.000865801,1,1,0.000865801,3,0.381870267
2023-05-15 00:00:00,0.07023,0.012543253,1,1,0.012543253,3.05017301,0.399203415
2023-05-16 00:00:00,0.07052,0.004129289,1,1,0.004129289,3.066897347,0.404981131
2023-05-17 00:00:00,0.07117,0.009217243,1,1,0.009217243,3.10438293,0.417931184
2023-05-18 00:00:00,0.07013,-0.014612899,1,1,-0.014612899,3.044405998,0.397211099
2023-05-19 00:00:00,0.07062,0.006987024,1,1,0.006987024,3.07266436,0.406973447
2023-05-20 00:00:00,0.07253,0.027046163,1,1,0.027046163,3.182814302,0.445026679
2023-05-21 00:00:00,0.07494,0.03322763,1,1,0.03322763,3.321799308,0.493041491
2023-05-22 00:00:00,0.07792,0.039765145,1,1,0.039765145,3.493656286,0.552412503
2023-05-23 00:00:00,0.07842,0.006416838,1,1,0.006416838,3.522491349,0.562374082
2023-05-24 00:00:00,0.07681,-0.020530477,1,1,-0.020530477,3.429642445,0.530297797
2023-05-25 00:00:00,0.07669,-0.001562297,1,1,-0.001562297,3.42272203,0.527907018
2023-05-26 00:00:00,0.07536,-0.017342548,1,1,-0.017342548,3.346020761,0.501409218
2023-05-27 00:00:00,0.0771,0.023089172,1,1,0.023089172,3.446366782,0.536075513
2023-05-28 00:00:00,0.07737,0.003501946,1,1,0.003501946,3.461937716,0.541454766
2023-05-29 00:00:00,0.07606,-0.016931627,1,1,-0.016931627,3.38638985,0.515355429
2023-05-30 00:00:00,0.07626,0.002629503,1,1,0.002629503,3.397923875,0.51934006
2023-05-31 00:00:00,0.07516,-0.014424338,1,1,-0.014424338,3.334486736,0.497424586
2023-06-01 00:00:00,0.07474,-0.005588079,1,1,-0.005588079,3.310265283,0.48905686
2023-06-02 00:00:00,0.08254,0.104361788,1,1,0.104361788,3.760092272,0.644457495
2023-06-03 00:00:00,0.08169,-0.010298037,1,1,-0.010298037,3.711072664,0.62752281
2023-06-04 00:00:00,0.08132,-0.004529318,1,1,-0.004529318,3.689734717,0.620151242
2023-06-05 00:00:00,0.07829,-0.037260207,1,1,-0.037260207,3.514994233,0.559784072
2023-06-06 00:00:00,0.07818,-0.001405033,1,1,-0.001405033,3.508650519,0.557592524
2023-06-07 00:00:00,0.07671,-0.018802763,1,1,-0.018802763,3.423875433,0.528305482
2023-06-08 00:00:00,0.07734,0.008212749,1,1,0.008212749,3.460207612,0.540857071
2023-06-09 00:00:00,0.07198,-0.06930437,1,1,-0.06930437,3.151095732,0.434068942
2023-06-10 00:00:00,0.06951,-0.034315088,1,1,-0.034315088,3.008650519,0.384858741
2023-06-11 00:00:00,0.07018,0.009638901,1,1,0.009638901,3.047289504,0.398207257
2023-06-12 00:00:00,0.07112,0.013394129,1,1,0.013394129,3.101499423,0.416935026
2023-06-13 00:00:00,0.07186,0.010404949,1,1,0.010404949,3.144175317,0.431678163
2023-06-14 00:00:00,0.07097,-0.012385193,1,1,-0.012385193,3.092848904,0.413946552
2023-06-15 00:00:00,0.07094,-0.000422714,1,1,-0.000422714,3.0911188,0.413348858
2023-06-16 00:00:00,0.07048,-0.006484353,0,0.5,-0.006484353,3.064590542,0.404184205
2023-06-17 00:00:00,0.07159,0.015749149,1,1,0.007874574,3.128604383,0.415241558
2023-06-18 00:00:00,0.07008,-0.021092331,-1,0,-0.021092331,3.041522491,0.385390814
2023-06-19 00:00:00,0.06996,-0.001712329,-1,0,0,3.034602076,0.385390814
2023-06-20 00:00:00,0.07053,0.008147513,-1,0,0,3.067474048,0.385390814
2023-06-21 00:00:00,0.07226,0.024528569,0,0.5,0,3.167243368,0.385390814
2023-06-22 00:00:00,0.07219,-0.000968724,0,0.5,-0.000484362,3.163206459,0.384719783
2023-06-23 00:00:00,0.0731,0.012605624,0,0.5,0.006302812,3.215686275,0.393447412
2023-06-24 00:00:00,0.07215,-0.012995896,0,0.5,-0.006497948,3.160899654,0.384392863
2023-06-25 00:00:00,0.0731,0.013167013,0,0.5,0.006583507,3.215686275,0.393507022
2023-06-26 00:00:00,0.07378,0.009302326,0,0.5,0.004651163,3.254901961,0.39998845
2023-06-27 00:00:00,0.07429,0.006912442,0,0.5,0.003456221,3.284313725,0.40482712
2023-06-28 00:00:00,0.0737,-0.00794185,0,0.5,-0.003970925,3.250288351,0.399248657
2023-06-29 00:00:00,0.07441,0.00963365,0,0.5,0.004816825,3.291234141,0.405988593
2023-06-30 00:00:00,0.07614,0.023249563,1,1,0.011624782,3.39100346,0.422332903
2023-07-01 00:00:00,0.0772,0.013921723,1,1,0.013921723,3.452133795,0.442134228
2023-07-02 00:00:00,0.07597,-0.015932642,0,0.5,-0.015932642,3.381199539,0.419157219
2023-07-03 00:00:00,0.07731,0.017638542,0,0.5,0.008819271,3.458477509,0.431673151
2023-07-04 00:00:00,0.07698,-0.004268529,0,0.5,-0.002134265,3.439446367,0.428617582
2023-07-05 00:00:00,0.07704,0.000779423,0,0.5,0.000389712,3.442906574,0.429174331
2023-07-06 00:00:00,0.07702,-0.000259605,0,0.5,-0.000129803,3.441753172,0.42898882
2023-07-07 00:00:00,0.07878,0.022851207,1,1,0.011425604,3.543252595,0.44531588
2023-07-08 00:00:00,0.08004,0.015993907,1,1,0.015993907,3.615916955,0.468432128
2023-07-09 00:00:00,0.07744,-0.032483758,1,1,-0.032483758,3.465974625,0.420731934
2023-07-10 00:00:00,0.07747,0.000387397,1,1,0.000387397,3.467704729,0.421282321
2023-07-11 00:00:00,0.0773,-0.002194398,1,1,-0.002194398,3.457900807,0.418163462
2023-07-12 00:00:00,0.07778,0.006209573,1,1,0.006209573,3.485582468,0.426969651
2023-07-13 00:00:00,0.08172,0.050655696,1,1,0.050655696,3.712802768,0.499253792
2023-07-14 00:00:00,0.07984,-0.023005384,1,1,-0.023005384,3.60438293,0.464762882
2023-07-15 00:00:00,0.0808,0.012024048,1,1,0.012024048,3.659746251,0.482375261
2023-07-16 00:00:00,0.07975,-0.01299505,1,1,-0.01299505,3.599192618,0.463111721
2023-07-17 00:00:00,0.07993,0.002257053,1,1,0.002257053,3.609573241,0.466414043
2023-07-18 00:00:00,0.07974,-0.00237708,1,1,-0.00237708,3.598615917,0.462928259
2023-07-19 00:00:00,0.08025,0.006395786,1,1,0.006395786,3.628027682,0.472284836
2023-07-20 00:00:00,0.08068,0.005358255,1,1,0.005358255,3.652825836,0.480173714
2023-07-21 00:00:00,0.08036,-0.003966287,1,1,-0.003966287,3.634371396,0.474302921
2023-07-22 00:00:00,0.08384,0.043305127,1,1,0.043305127,3.835063437,0.538147796
2023-07-23 00:00:00,0.08332,-0.00620229,1,1,-0.00620229,3.805074971,0.528607757
2023-07-24 00:00:00,0.08142,-0.022803649,1,1,-0.022803649,3.69550173,0.493749923
2023-07-25 00:00:00,0.08186,0.005404078,1,1,0.005404078,3.720876586,0.501822264
2023-07-26 00:00:00,0.08237,0.006230149,1,1,0.006230149,3.750288351,0.51117884
2023-07-27 00:00:00,0.08261,0.002913682,1,1,0.002913682,3.764129181,0.515581935
2023-07-28 00:00:00,0.08503,0.029294274,1,1,0.029294274,3.903690888,0.559979808
2023-07-29 00:00:00,0.0832,-0.021521816,1,1,-0.021521816,3.798154556,0.52640621
2023-07-30 00:00:00,0.07995,-0.0390625,1,1,-0.0390625,3.610726644,0.466780967
2023-07-31 00:00:00,0.07787,-0.02601626,1,1,-0.02601626,3.49077278,0.428620812
2023-08-01 00:00:00,0.07863,0.009759856,1,1,0.009759856,3.534602076,0.442563946
2023-08-02 00:00:00,0.0763,-0.029632456,0,0.5,-0.029632456,3.400230681,0.399817233
2023-08-03 00:00:00,0.07708,0.010222805,1,1,0.005111402,3.445213379,0.406972262
2023-08-04 00:00:00,0.07674,-0.004411002,0,0.5,-0.004411002,3.425605536,0.400766105
2023-08-05 00:00:00,0.0775,0.00990357,1,1,0.004951785,3.469434833,0.407702398
2023-08-06 00:00:00,0.0769,-0.007741935,0,0.5,-0.007741935,3.434832757,0.396804057
2023-08-07 00:00:00,0.07682,-0.001040312,0,0.5,-0.000520156,3.430219146,0.396077501
2023-08-08 00:00:00,0.07672,-0.001301744,0,0.5,-0.000650872,3.424452134,0.395168833
2023-08-09 00:00:00,0.0767,-0.000260688,0,0.5,-0.000130344,3.423298731,0.394986981
2023-08-10 00:00:00,0.07729,0.007692308,0,0.5,0.003846154,3.457324106,0.400352316
2023-08-11 00:00:00,0.0772,-0.001164446,0,0.5,-0.000582223,3.452133795,0.399536999
2023-08-12 00:00:00,0.07749,0.003756477,0,0.5,0.001878238,3.468858131,0.402165663
2023-08-13 00:00:00,0.07705,-0.005678152,0,0.5,-0.002839076,3.443483276,0.398184808
2023-08-14 00:00:00,0.07744,0.005061648,0,0.5,0.002530824,3.465974625,0.401723368
2023-08-15 00:00:00,0.0763,-0.014721074,0,0.5,-0.007360537,3.400230681,0.391405931
2023-08-16 00:00:00,0.07464,-0.021756225,0,0.5,-0.010878113,3.30449827,0.37627006
2023-08-17 00:00:00,0.0726,-0.02733119,0,0.5,-0.013665595,3.186851211,0.357462511
2023-08-18 00:00:00,0.07292,0.004407713,0,0.5,0.002203857,3.205305652,0.360454164
2023-08-19 00:00:00,0.07406,0.015633571,0,0.5,0.007816786,3.271049596,0.371088542
2023-08-20 00:00:00,0.07587,0.024439644,0,0.5,0.012219822,3.375432526,0.387843
2023-08-21 00:00:00,0.07505,-0.010807961,0,0.5,-0.00540398,3.328143022,0.380343124
2023-08-22 00:00:00,0.07544,0.005196536,0,0.5,0.002598268,3.350634371,0.383929625
2023-08-23 00:00:00,0.07755,0.027969247,0,0.5,0.013984624,3.472318339,0.403283359
2023-08-24 00:00:00,0.07659,-0.01237911,0,0.5,-0.006189555,3.416955017,0.39459766
2023-08-25 00:00:00,0.07719,0.007833921,0,0.5,0.00391696,3.451557093,0.400060244
2023-08-26 00:00:00,0.07741,0.00285011,0,0.5,0.001425055,3.464244521,0.402055407
2023-08-27 00:00:00,0.07752,0.001421005,0,0.5,0.000710503,3.470588235,0.40305157
2023-08-28 00:00:00,0.0763,-0.015737874,0,0.5,-0.007868937,3.400230681,0.392011046
2023-08-29 00:00:00,0.07729,0.012975098,0,0.5,0.006487549,3.457324106,0.401041786
2023-08-30 00:00:00,0.07557,-0.022253849,0,0.5,-0.011126925,3.358131488,0.3854525
2023-08-31 00:00:00,0.07668,0.014688368,0,0.5,0.007344184,3.422145329,0.395627518
2023-09-01 00:00:00,0.07605,-0.008215962,0,0.5,-0.004107981,3.385813149,0.389894306
2023-09-02 00:00:00,0.07698,0.012228797,0,0.5,0.006114398,3.439446367,0.398392674
2023-09-03 00:00:00,0.07698,0,1,1,0,3.439446367,0.398392674
2023-09-04 00:00:00,0.07748,0.006495194,0,0.5,0.006495194,3.46828143,0.407475505
2023-09-05 00:00:00,0.07742,-0.000774393,1,1,-0.000387197,3.464821223,0.406930535
2023-09-06 00:00:00,0.07889,0.018987342,1,1,0.018987342,3.549596309,0.433644406
2023-09-07 00:00:00,0.07913,0.003042211,1,1,0.003042211,3.56343714,0.438005854
2023-09-08 00:00:00,0.07912,-0.000126374,1,1,-0.000126374,3.562860438,0.437824127
2023-09-09 00:00:00,0.07912,0,1,1,0,3.562860438,0.437824127
2023-09-10 00:00:00,0.07827,-0.010743175,1,1,-0.010743175,3.51384083,0.422377331
2023-09-11 00:00:00,0.07752,-0.009582215,1,1,-0.009582215,3.470588235,0.408747805
2023-09-12 00:00:00,0.08069,0.040892673,1,1,0.040892673,3.653402537,0.466355269
2023-09-13 00:00:00,0.08115,0.00570083,1,1,0.00570083,3.679930796,0.474714711
2023-09-14 00:00:00,0.08371,0.031546519,1,1,0.031546519,3.827566321,0.521236826
2023-09-15 00:00:00,0.08399,0.003344881,1,1,0.003344881,3.843713956,0.526325183
2023-09-16 00:00:00,0.08347,-0.006191213,1,1,-0.006191213,3.81372549,0.516875378
2023-09-17 00:00:00,0.08327,-0.00239607,1,1,-0.00239607,3.802191465,0.513240838
2023-09-18 00:00:00,0.08379,0.006244746,1,1,0.006244746,3.832179931,0.522690643
2023-09-19 00:00:00,0.08448,0.008234873,1,1,0.008234873,3.871972318,0.535229806
2023-09-20 00:00:00,0.08437,-0.001302083,1,1,-0.001302083,3.865628604,0.533230809
2023-09-21 00:00:00,0.08294,-0.016949153,1,1,-0.016949153,3.783160323,0.507243846
2023-09-22 00:00:00,0.08328,0.004099349,1,1,0.004099349,3.802768166,0.513422565
2023-09-23 00:00:00,0.08358,0.003602305,1,1,0.003602305,3.820069204,0.518874375
2023-09-24 00:00:00,0.08354,-0.000478583,1,1,-0.000478583,3.817762399,0.518147467
2023-09-25 00:00:00,0.08461,0.012808236,1,1,0.012808236,3.879469435,0.537592258
2023-09-26 00:00:00,0.08467,0.000709136,1,1,0.000709136,3.882929642,0.53868262
2023-09-27 00:00:00,0.08545,0.009212236,1,1,0.009212236,3.927912341,0.552857327
2023-09-28 00:00:00,0.08671,0.014745465,1,1,0.014745465,4.000576701,0.57575493
2023-09-29 00:00:00,0.08903,0.026755853,1,1,0.026755853,4.134371396,0.617915597
2023-09-30 00:00:00,0.08851,-0.005840728,1,1,-0.005840728,4.10438293,0.608465793
2023-10-01 00:00:00,0.09006,0.017512146,1,1,0.017512146,4.193771626,0.63663348
2023-10-02 00:00:00,0.08738,-0.029757939,1,1,-0.029757939,4.039215686,0.58793064
2023-10-03 00:00:00,0.09057,0.03650721,1,1,0.03650721,4.223183391,0.645901557
2023-10-04 00:00:00,0.08883,-0.019211659,1,1,-0.019211659,4.12283737,0.614281057
2023-10-05 00:00:00,0.08814,-0.007767646,1,1,-0.007767646,4.083044983,0.601741893
2023-10-06 00:00:00,0.08714,-0.011345587,1,1,-0.011345587,4.025374856,0.583569192
2023-10-07 00:00:00,0.08801,0.009983934,1,1,0.009983934,4.075547866,0.599379442
2023-10-08 00:00:00,0.08797,-0.000454494,1,1,-0.000454494,4.073241061,0.598652534
2023-10-09 00:00:00,0.08609,-0.021370922,1,1,-0.021370922,3.964821223,0.564487856
2023-10-10 00:00:00,0.08615,0.000696945,1,1,0.000696945,3.96828143,0.565578218
2023-10-11 00:00:00,0.08599,-0.001857226,1,1,-0.001857226,3.95905421,0.562670585
2023-10-12 00:00:00,0.08476,-0.014303989,1,1,-0.014303989,3.888119954,0.540318163
2023-10-13 00:00:00,0.08547,0.008376593,1,1,0.008376593,3.929065744,0.553220781
2023-10-14 00:00:00,0.08496,-0.005967006,1,1,-0.005967006,3.899653979,0.543952703
2023-10-15 00:00:00,0.08661,0.019420904,1,1,0.019420904,3.994809689,0.57393766
2023-10-16 00:00:00,0.0888,0.025285764,1,1,0.025285764,4.121107266,0.613735876
2023-10-17 00:00:00,0.08848,-0.003603604,1,1,-0.003603604,4.102652826,0.607920612
2023-10-18 00:00:00,0.08912,0.007233273,1,1,0.007233273,4.139561707,0.619551141
2023-10-19 00:00:00,0.08997,0.009537702,1,1,0.009537702,4.188581315,0.634997937
2023-10-20 00:00:00,0.09067,0.007780371,1,1,0.007780371,4.228950404,0.647718828
2023-10-21 00:00:00,0.09155,0.009705526,1,1,0.009705526,4.279700115,0.663710805
2023-10-22 00:00:00,0.09028,-0.013872201,1,1,-0.013872201,4.206459054,0.640631474
2023-10-23 00:00:00,0.09217,0.020934869,1,1,0.020934869,4.315455594,0.67497788
2023-10-24 00:00:00,0.09235,0.001952913,1,1,0.001952913,4.325836217,0.678248966
2023-10-25 00:00:00,0.0935,0.012452626,1,1,0.012452626,4.392156863,0.699147572
2023-10-26 00:00:00,0.0928,-0.007486631,1,1,-0.007486631,4.351787774,0.686426681
2023-10-27 00:00:00,0.0935,0.007543103,1,1,0.007543103,4.392156863,0.699147572
2023-10-28 00:00:00,0.09428,0.008342246,1,1,0.008342246,4.437139562,0.713322279
2023-10-29 00:00:00,0.09482,0.00572762,1,1,0.00572762,4.46828143,0.723135538
2023-10-30 00:00:00,0.09558,0.008015187,1,1,0.008015187,4.512110727,0.736946791
2023-10-31 00:00:00,0.09715,0.016426031,1,1,0.016426031,4.602652826,0.765477932
2023-11-01 00:00:00,0.10016,0.030983016,1,1,0.030983016,4.776239908,0.820177763
2023-11-02 00:00:00,0.0992,-0.009584665,1,1,-0.009584665,4.720876586,0.80273197
2023-11-03 00:00:00,0.09718,-0.020362903,1,1,-0.020362903,4.60438293,0.766023113
2023-11-04 00:00:00,0.09763,0.004630582,1,1,0.004630582,4.630334487,0.774200829
2023-11-05 00:00:00,0.09804,0.004199529,1,1,0.004199529,4.653979239,0.781651636
2023-11-06 00:00:00,0.09762,-0.004283966,1,1,-0.004283966,4.629757785,0.774019102
2023-11-07 00:00:00,0.09655,-0.010960869,1,1,-0.010960869,4.56805075,0.754574311
2023-11-08 00:00:00,0.09836,0.018746763,1,1,0.018746763,4.672433679,0.787466901
2023-11-09 00:00:00,0.09891,0.005591704,1,1,0.005591704,4.704152249,0.797461886
2023-11-10 00:00:00,0.10623,0.074006673,1,1,0.074006673,5.126297578,0.93048606
2023-11-11 00:00:00,0.10808,0.017415043,1,1,0.017415043,5.232987313,0.964105557
2023-11-12 00:00:00,0.10852,0.004071058,1,1,0.004071058,5.258362168,0.972101546
2023-11-13 00:00:00,0.10687,-0.015204571,1,1,-0.015204571,5.163206459,0.942116589
2023-11-14 00:00:00,0.10226,-0.043136521,1,1,-0.043136521,4.897347174,0.858340436
2023-11-15 00:00:00,0.10414,0.01838451,1,1,0.01838451,5.005767013,0.892505114
2023-11-16 00:00:00,0.10233,-0.017380449,1,1,-0.017380449,4.901384083,0.859612525
2023-11-17 00:00:00,0.10377,0.01407212,1,1,0.01407212,4.984429066,0.885781215
2023-11-18 00:00:00,0.10293,-0.008094825,1,1,-0.008094825,4.935986159,0.870516146
2023-11-19 00:00:00,0.10354,0.005926358,1,1,0.005926358,4.971164937,0.881601493
2023-11-20 00:00:00,0.10089,-0.025593973,1,1,-0.025593973,4.8183391,0.833443835
2023-11-21 00:00:00,0.09605,-0.04797304,1,1,-0.04797304,4.539215686,0.745487961
2023-11-22 00:00:00,0.10114,0.052993233,1,1,0.052993233,4.832756632,0.83798701
2023-11-23 00:00:00,0.10206,0.009096302,1,1,0.009096302,4.885813149,0.854705895
2023-11-24 00:00:00,0.10451,0.024005487,1,1,0.024005487,5.02710496,0.899229014
2023-11-25 00:00:00,0.1089,0.04200555,1,1,0.04200555,5.280276817,0.979007172
2023-11-26 00:00:00,0.10779,-0.010192837,1,1,-0.010192837,5.216262976,0.958835474
2023-11-27 00:00:00,0.10177,-0.055849337,1,1,-0.055849337,4.869088812,0.849435812
2023-11-28 00:00:00,0.10291,0.011201729,1,1,0.011201729,4.934832757,0.870152692
2023-11-29 00:00:00,0.10345,0.005247303,1,1,0.005247303,4.965974625,0.87996595
2023-11-30 00:00:00,0.1035,0.000483325,1,1,0.000483325,4.968858131,0.880874585
2023-12-01 00:00:00,0.10306,-0.004251208,1,1,-0.004251208,4.943483276,0.872878597
2023-12-02 00:00:00,0.10319,0.001261401,1,1,0.001261401,4.950980392,0.875241048
2023-12-03 00:00:00,0.10313,-0.000581452,1,1,-0.000581452,4.947520185,0.874150686
2023-12-04 00:00:00,0.10396,0.008048095,1,1,0.008048095,4.99538639,0.889234028
2023-12-05 00:00:00,0.10358,-0.003655252,1,1,-0.003655252,4.973471742,0.882328401
2023-12-06 00:00:00,0.10475,0.011295617,1,1,0.011295617,5.04094579,0.903590462
2023-12-07 00:00:00,0.1042,-0.005250597,1,1,-0.005250597,5.00922722,0.893595476
2023-12-08 00:00:00,0.10671,0.024088292,1,1,0.024088292,5.153979239,0.939208957
2023-12-09 00:00:00,0.10666,-0.00046856,1,1,-0.00046856,5.151095732,0.938300321
2023-12-10 00:00:00,0.10791,0.011719482,1,1,0.011719482,5.223183391,0.961016198
2023-12-11 00:00:00,0.10379,-0.038179965,0,0.5,-0.038179965,4.985582468,0.886144669
2023-12-12 00:00:00,0.10356,-0.002216013,0,0.5,-0.001108007,4.972318339,0.884054808
2023-12-13 00:00:00,0.10428,0.006952491,0,0.5,0.003476246,5.01384083,0.890604245
2023-12-14 00:00:00,0.10604,0.016877637,1,1,0.008438819,5.115340254,0.906558712
2023-12-15 00:00:00,0.10145,-0.043285553,0,0.5,-0.043285553,4.850634371,0.824032264
2023-12-16 00:00:00,0.10273,0.012617053,1,1,0.006308526,4.924452134,0.83553922
2023-12-17 00:00:00,0.10193,-0.007787404,0,0.5,-0.007787404,4.878316032,0.821245135
2023-12-18 00:00:00,0.10088,-0.010301187,0,0.5,-0.005150594,4.817762399,0.811864641
2023-12-19 00:00:00,0.10055,-0.003271213,0,0.5,-0.001635607,4.798731257,0.808901143
2023-12-20 00:00:00,0.10273,0.021680756,1,1,0.010840378,4.924452134,0.828510315
2023-12-21 00:00:00,0.10469,0.019079139,1,1,0.019079139,5.037485582,0.863396719
2023-12-22 00:00:00,0.10522,0.005062566,1,1,0.005062566,5.06805075,0.872830287
2023-12-23 00:00:00,0.10687,0.015681429,1,1,0.015681429,5.163206459,0.902198943
2023-12-24 00:00:00,0.10628,-0.005520726,1,1,-0.005520726,5.129181084,0.891697423
2023-12-25 00:00:00,0.10595,-0.003105006,0,0.5,-0.003105006,5.110149942,0.885823692
2023-12-26 00:00:00,0.10308,-0.027088249,0,0.5,-0.013544125,4.944636678,0.860281861
2023-12-27 00:00:00,0.10542,0.022700815,1,1,0.011350407,5.079584775,0.881396818
2023-12-28 00:00:00,0.10549,0.000664011,1,1,0.000664011,5.083621684,0.882646086
2023-12-29 00:00:00,0.10569,0.001895914,1,1,0.001895914,5.095155709,0.886215421
2023-12-30 00:00:00,0.10598,0.002743874,1,1,0.002743874,5.111880046,0.891390958
2023-12-31 00:00:00,0.10769,0.01613512,1,1,0.01613512,5.210495963,0.921908778
2024-01-01 00:00:00,0.10779,0.000928591,1,1,0.000928591,5.216262976,0.923693446
2024-01-02 00:00:00,0.10841,0.005751925,1,1,0.005751925,5.252018454,0.934758386
2024-01-03 00:00:00,0.10683,-0.014574301,1,1,-0.014574301,5.160899654,0.906560635
2024-01-04 00:00:00,0.10696,0.001216887,1,1,0.001216887,5.16839677,0.908880703
2024-01-05 00:00:00,0.10437,-0.02421466,0,0.5,-0.02421466,5.019031142,0.862657806
2024-01-06 00:00:00,0.10385,-0.004982275,0,0.5,-0.002491137,4.989042676,0.85801767
2024-01-07 00:00:00,0.1027,-0.011073664,0,0.5,-0.005536832,4.92272203,0.847730138
2024-01-08 00:00:00,0.10415,0.014118793,0,0.5,0.007059396,5.006343714,0.860773998
2024-01-09 00:00:00,0.10273,-0.013634181,0,0.5,-0.006817091,4.924452134,0.848088932
2024-01-10 00:00:00,0.10517,0.023751582,1,1,0.011875791,5.065167243,0.87003645
2024-01-11 00:00:00,0.10617,0.009508415,1,1,0.009508415,5.12283737,0.887817533
2024-01-12 00:00:00,0.10684,0.006310634,1,1,0.006310634,5.161476355,0.899730858
2024-01-13 00:00:00,0.11422,0.069075253,1,1,0.069075253,5.587081892,1.030955247
2024-01-14 00:00:00,0.11118,-0.026615304,1,1,-0.026615304,5.411764706,0.976900756
2024-01-15 00:00:00,0.10867,-0.022576003,1,1,-0.022576003,5.267012687,0.932270239
2024-01-16 00:00:00,0.10802,-0.005981412,1,1,-0.005981412,5.229527105,0.920712535
2024-01-17 00:00:00,0.10837,0.003240141,1,1,0.003240141,5.249711649,0.926935914
2024-01-18 00:00:00,0.1081,-0.002491464,1,1,-0.002491464,5.234140715,0.922135022
2024-01-19 00:00:00,0.11047,0.021924144,1,1,0.021924144,5.370818916,0.964276188
2024-01-20 00:00:00,0.10999,-0.004345071,1,1,-0.004345071,5.343137255,0.955741268
2024-01-21 00:00:00,0.10883,-0.010546413,1,1,-0.010546413,5.276239908,0.935115212
2024-01-22 00:00:00,0.10927,0.004043003,1,1,0.004043003,5.301614764,0.942938888
2024-01-23 00:00:00,0.10719,-0.019035417,1,1,-0.019035417,5.1816609,0.905954237
2024-01-24 00:00:00,0.10882,0.015206642,1,1,0.015206642,5.275663206,0.934937401
2024-01-25 00:00:00,0.11212,0.030325308,1,1,0.030325308,5.465974625,0.993614974
2024-01-26 00:00:00,0.11442,0.020513735,1,1,0.020513735,5.598615917,1.034511464
2024-01-27 00:00:00,0.11237,-0.017916448,1,1,-0.017916448,5.480392157,0.998060244
2024-01-28 00:00:00,0.11218,-0.001690843,1,1,-0.001690843,5.469434833,0.994681839
2024-01-29 00:00:00,0.11296,0.006953111,1,1,0.006953111,5.514417532,1.008551083
2024-01-30 00:00:00,0.11195,-0.008941218,1,1,-0.008941218,5.456170704,0.99059219
2024-01-31 00:00:00,0.11218,0.002054489,1,1,0.002054489,5.469434833,0.994681839
2024-02-01 00:00:00,0.1156,0.030486718,1,1,0.030486718,5.666666667,1.055493141
2024-02-02 00:00:00,0.11618,0.005017301,1,1,0.005017301,5.70011534,1.065806169
2024-02-03 00:00:00,0.11719,0.008693407,1,1,0.008693407,5.758362168,1.083765062
2024-02-04 00:00:00,0.1184,0.010325113,1,1,0.010325113,5.828143022,1.105280172
2024-02-05 00:00:00,0.11892,0.004391892,1,1,0.004391892,5.858131488,1.114526335
2024-02-06 00:00:00,0.12097,0.01723848,1,1,0.01723848,5.976355248,1.150977554
2024-02-07 00:00:00,0.12356,0.021410267,1,1,0.021410267,6.125720877,1.197030558
2024-02-08 00:00:00,0.12183,-0.014001295,1,1,-0.014001295,6.025951557,1.166269285
2024-02-09 00:00:00,0.12367,0.015103012,1,1,0.015103012,6.132064591,1.198986477
2024-02-10 00:00:00,0.12437,0.005660225,1,1,0.005660225,6.172433679,1.211433235
2024-02-11 00:00:00,0.12418,-0.0015277,1,1,-0.0015277,6.161476355,1.208054829
2024-02-12 00:00:00,0.12497,0.006361733,1,1,0.006361733,6.207035755,1.222101884
2024-02-13 00:00:00,0.12696,0.015923822,1,1,0.015923822,6.321799308,1.257486238
2024-02-14 00:00:00,0.12967,0.021345306,1,1,0.021345306,6.478085352,1.305672972
2024-02-15 00:00:00,0.13112,0.011182232,1,1,0.011182232,6.561707036,1.331455542
2024-02-16 00:00:00,0.13298,0.014185479,1,1,0.014185479,6.668973472,1.364528355
2024-02-17 00:00:00,0.136,0.022710182,1,1,0.022710182,6.843137255,1.418227225
2024-02-18 00:00:00,0.13531,-0.005073529,1,1,-0.005073529,6.803344867,1.405958278
2024-02-19 00:00:00,0.13645,0.008425098,1,1,0.008425098,6.869088812,1.426228712
2024-02-20 00:00:00,0.13935,0.021253206,1,1,0.021253206,7.03633218,1.477793851
2024-02-21 00:00:00,0.13984,0.003516326,1,1,0.003516326,7.064590542,1.486506582
2024-02-22 00:00:00,0.13902,-0.005863844,1,1,-0.005863844,7.017301038,1.471926094
2024-02-23 00:00:00,0.13823,-0.005682636,1,1,-0.005682636,6.971741638,1.457879039
2024-02-24 00:00:00,0.13753,-0.005064024,1,1,-0.005064024,6.931372549,1.445432281
2024-02-25 00:00:00,0.13777,0.001745074,1,1,0.001745074,6.945213379,1.449699741
2024-02-26 00:00:00,0.13998,0.016041228,1,1,0.016041228,7.07266436,1.488995933
2024-02-27 00:00:00,0.14304,0.021860266,1,1,0.021860266,7.249134948,1.543406046
2024-02-28 00:00:00,0.14226,-0.00545302,1,1,-0.00545302,7.204152249,1.529536801
2024-02-29 00:00:00,0.14044,-0.012793477,1,1,-0.012793477,7.099192618,1.497175231
2024-03-01 00:00:00,0.14162,0.008402165,1,1,0.008402165,7.167243368,1.518156908
2024-03-02 00:00:00,0.1414,-0.001553453,1,1,-0.001553453,7.15455594,1.51424507
2024-03-03 00:00:00,0.14074,-0.00466761,1,1,-0.00466761,7.116493656,1.502509556
2024-03-04 00:00:00,0.14039,-0.002486855,1,1,-0.002486855,7.096309112,1.496286177
2024-03-05 00:00:00,0.1359,-0.031982335,1,1,-0.031982335,6.837370242,1.416449116
2024-03-06 00:00:00,0.13783,0.014201619,1,1,0.014201619,6.948673587,1.450766606
2024-03-07 00:00:00,0.13717,-0.004788508,1,1,-0.004788508,6.910611303,1.439031091
2024-03-08 00:00:00,0.13655,-0.004519939,1,1,-0.004519939,6.874855825,1.42800682
2024-03-09 00:00:00,0.13583,-0.005272794,1,1,-0.005272794,6.833333333,1.415204441
2024-03-10 00:00:00,0.13377,-0.015166016,1,1,-0.015166016,6.714532872,1.378575411
2024-03-11 00:00:00,0.13383,0.000448531,1,1,0.000448531,6.71799308,1.379642276
2024-03-12 00:00:00,0.13146,-0.017709034,1,1,-0.017709034,6.581314879,1.33750111
2024-03-13 00:00:00,0.13211,0.00494447,1,1,0.00494447,6.618800461,1.349058814
2024-03-14 00:00:00,0.12928,-0.021421543,1,1,-0.021421543,6.455594002,1.29873835
2024-03-15 00:00:00,0.1264,-0.022277228,0,0.5,-0.022277228,6.289504037,1.247528832
2024-03-16 00:00:00,0.1253,-0.008702532,0,0.5,-0.004351266,6.226066897,1.237749237
2024-03-17 00:00:00,0.12634,0.00830008,0,0.5,0.00415004,6.286043829,1.247035986
2024-03-18 00:00:00,0.12417,-0.017175875,0,0.5,-0.008587937,6.160899654,1.227738581
2024-03-19 00:00:00,0.11233,-0.095353145,0,0.5,-0.047676572,5.478085352,1.121527641
2024-03-20 00:00:00,0.12081,0.075491854,0,0.5,0.037745927,5.967128028,1.201606669
2024-03-21 00:00:00,0.12122,0.003393759,0,0.5,0.001696879,5.99077278,1.20534253
2024-03-22 00:00:00,0.11741,-0.031430457,0,0.5,-0.015715229,5.771049596,1.170685069
2024-03-23 00:00:00,0.11822,0.006898901,0,0.5,0.003449451,5.817762399,1.17817274
2024-03-24 00:00:00,0.12023,0.017002199,0,0.5,0.0085011,5.933679354,1.196689603
2024-03-25 00:00:00,0.12049,0.002162522,0,0.5,0.001081261,5.948673587,1.199064798
2024-03-26 00:00:00,0.1209,0.003402772,0,0.5,0.001701386,5.972318339,1.202806256
2024-03-27 00:00:00,0.1195,-0.011579818,0,0.5,-0.005789909,5.891580161,1.190052208
2024-03-28 00:00:00,0.12059,0.009121339,0,0.5,0.004560669,5.9544406,1.200040312
2024-03-29 00:00:00,0.12005,-0.004477983,0,0.5,-0.002238992,5.923298731,1.19511444
2024-03-30 00:00:00,0.12268,0.021907539,0,0.5,0.010953769,6.074971165,1.219159217
2024-03-31 00:00:00,0.12313,0.00366808,0,0.5,0.00183404,6.100922722,1.223229244
2024-04-01 00:00:00,0.12062,-0.020384959,0,0.5,-0.010192479,5.956170704,1.200569025
2024-04-02 00:00:00,0.11667,-0.032747471,0,0.5,-0.016373736,5.728373702,1.16453749
2024-04-03 00:00:00,0.1172,0.004542727,0,0.5,0.002271364,5.75893887,1.169453941
2024-04-04 00:00:00,0.11928,0.01774744,0,0.5,0.00887372,5.878892734,1.188705069
2024-04-05 00:00:00,0.11794,-0.011234071,0,0.5,-0.005617036,5.801614764,1.176411034
2024-04-06 00:00:00,0.11969,0.014838053,0,0.5,0.007419027,5.902537486,1.192557886
2024-04-07 00:00:00,0.12066,0.008104269,0,0.5,0.004052135,5.958477509,1.201442426
2024-04-08 00:00:00,0.12315,0.020636499,0,0.5,0.01031825,6.102076125,1.224157458
2024-04-09 00:00:00,0.12118,-0.015996752,0,0.5,-0.007998376,5.988465975,1.206367811
2024-04-10 00:00:00,0.11924,-0.016009242,0,0.5,-0.008004621,5.876585928,1.188706672
2024-04-11 00:00:00,0.12042,0.009896008,0,0.5,0.004948004,5.944636678,1.199536401
2024-04-12 00:00:00,0.11484,-0.046337818,0,0.5,-0.023168909,5.62283737,1.148575543
2024-04-13 00:00:00,0.11011,-0.041187739,0,0.5,-0.02059387,5.35005767,1.104328058
2024-04-14 00:00:00,0.11241,0.020888203,0,0.5,0.010444101,5.482698962,1.126305874
2024-04-15 00:00:00,0.11141,-0.008896006,0,0.5,-0.004448003,5.425028835,1.116848059
2024-04-16 00:00:00,0.11177,0.003231308,0,0.5,0.001615654,5.445790081,1.120268153
2024-04-17 00:00:00,0.10956,-0.019772748,0,0.5,-0.009886374,5.3183391,1.099306389
2024-04-18 00:00:00,0.10923,-0.003012048,0,0.5,-0.001506024,5.299307958,1.096144783
2024-04-19 00:00:00,0.10981,0.005309897,0,0.5,0.002654948,5.332756632,1.101709939
2024-04-20 00:00:00,0.11102,0.011019033,0,0.5,0.005509516,5.402537486,1.113289345
2024-04-21 00:00:00,0.11127,0.002251847,0,0.5,0.001125923,5.416955017,1.115668746
2024-04-22 00:00:00,0.11214,0.007818819,0,0.5,0.00390941,5.467128028,1.123939762
2024-04-23 00:00:00,0.11319,0.009363296,0,0.5,0.004681648,5.527681661,1.1338833
2024-04-24 00:00:00,0.11324,0.000441735,0,0.5,0.000220868,5.530565167,1.134354606
2024-04-25 00:00:00,0.11722,0.035146591,0,0.5,0.017573296,5.760092272,1.17186225
2024-04-26 00:00:00,0.12012,0.024739805,1,1,0.012369903,5.92733564,1.198727975
2024-04-27 00:00:00,0.11966,-0.003829504,0,0.5,-0.003829504,5.900807382,1.190307938
2024-04-28 00:00:00,0.12118,0.012702658,1,1,0.006351329,5.988465975,1.204219304
2024-04-29 00:00:00,0.11895,-0.018402377,0,0.5,-0.018402377,5.859861592,1.16365643
2024-04-30 00:00:00,0.11955,0.005044136,0,0.5,0.002522068,5.894463668,1.169113319
2024-05-01 00:00:00,0.12042,0.00727729,0,0.5,0.003638645,5.944636678,1.177005952
2024-05-02 00:00:00,0.1222,0.014781598,1,1,0.007390799,6.047289504,1.193095765
2024-05-03 00:00:00,0.12264,0.003600655,1,1,0.003600655,6.07266436,1.200992346
2024-05-04 00:00:00,0.1222,-0.003587736,1,1,-0.003587736,6.047289504,1.193095765
2024-05-05 00:00:00,0.12108,-0.009165303,1,1,-0.009165303,5.982698962,1.172995378
2024-05-06 00:00:00,0.11853,-0.021060456,0,0.5,-0.021060456,5.835640138,1.127231105
2024-05-07 00:00:00,0.12047,0.016367164,0,0.5,0.008183582,5.947520185,1.144639476
2024-05-08 00:00:00,0.1229,0.020170997,0,0.5,0.010085498,6.087658593,1.166269234
2024-05-09 00:00:00,0.12616,0.026525631,1,1,0.013262815,6.275663206,1.195000063
2024-05-10 00:00:00,0.12744,0.010145847,1,1,0.010145847,6.349480969,1.217270196
2024-05-11 00:00:00,0.12631,-0.008866918,1,1,-0.008866918,6.284313725,1.197609844
2024-05-12 00:00:00,0.12734,0.00815454,1,1,0.00815454,6.343713956,1.215530342
2024-05-13 00:00:00,0.12548,-0.014606565,1,1,-0.014606565,6.23644752,1.183169054
2024-05-14 00:00:00,0.12542,-0.000478164,1,1,-0.000478164,6.232987313,1.182125142
2024-05-15 00:00:00,0.12628,0.006856961,1,1,0.006856961,6.282583622,1.197087888
2024-05-16 00:00:00,0.12492,-0.010769718,1,1,-0.010769718,6.204152249,1.173425871
2024-05-17 00:00:00,0.12423,-0.005523535,1,1,-0.005523535,6.164359862,1.161420877
2024-05-18 00:00:00,0.12292,-0.010544957,1,1,-0.010544957,6.088811995,1.138628786
2024-05-19 00:00:00,0.12113,-0.014562317,1,1,-0.014562317,5.985582468,1.107485396
2024-05-20 00:00:00,0.12445,0.027408569,1,1,0.027408569,6.17704729,1.165248556
2024-05-21 00:00:00,0.1236,-0.006830052,1,1,-0.006830052,6.128027682,1.150459795
2024-05-22 00:00:00,0.11999,-0.02920712,1,1,-0.02920712,5.919838524,1.087651058
2024-05-23 00:00:00,0.11536,-0.038586549,1,1,-0.038586549,5.652825836,1.007095809
2024-05-24 00:00:00,0.1155,0.001213592,1,1,0.001213592,5.660899654,1.009531605
2024-05-25 00:00:00,0.11375,-0.015151515,-1,0,-0.015151515,5.559976932,0.979084156
2024-05-26 00:00:00,0.1131,-0.005714286,0,0.5,0,5.522491349,0.979084156
2024-05-27 00:00:00,0.1125,-0.00530504,0,0.5,-0.00265252,5.487889273,0.973834596
2024-05-28 00:00:00,0.1112,-0.011555556,-1,0,-0.005777778,5.412918108,0.962430218
2024-05-29 00:00:00,0.1121,0.008093525,0,0.5,0,5.464821223,0.962430218
2024-05-30 00:00:00,0.11203,-0.000624442,-1,0,-0.000312221,5.460784314,0.961817506
2024-05-31 00:00:00,0.11211,0.000714094,-1,0,0,5.465397924,0.961817506
2024-06-01 00:00:00,0.11265,0.004816698,-1,0,0,5.496539792,0.961817506
2024-06-02 00:00:00,0.11479,0.018996893,-1,0,0,5.619953864,0.961817506
2024-06-03 00:00:00,0.11335,-0.012544647,-1,0,0,5.536908881,0.961817506
2024-06-04 00:00:00,0.11446,0.009792678,-1,0,0,5.600922722,0.961817506
2024-06-05 00:00:00,0.11464,0.001572602,-1,0,0,5.611303345,0.961817506
2024-06-06 00:00:00,0.11483,0.001657362,-1,0,0,5.622260669,0.961817506
2024-06-07 00:00:00,0.1126,-0.019420012,-1,0,0,5.493656286,0.961817506
2024-06-08 00:00:00,0.11477,0.019271758,-1,0,0,5.618800461,0.961817506
2024-06-09 00:00:00,0.11689,0.018471726,-1,0,0,5.74106113,0.961817506
2024-06-10 00:00:00,0.11771,0.007015142,-1,0,0,5.788350634,0.961817506
2024-06-11 00:00:00,0.11657,-0.009684819,-1,0,0,5.72260669,0.961817506
2024-06-12 00:00:00,0.11648,-0.000772068,-1,0,0,5.717416378,0.961817506
2024-06-13 00:00:00,0.11697,0.004206731,-1,0,0,5.74567474,0.961817506
2024-06-14 00:00:00,0.11649,-0.004103616,-1,0,0,5.71799308,0.961817506
2024-06-15 00:00:00,0.11525,-0.010644691,-1,0,0,5.646482122,0.961817506
2024-06-16 00:00:00,0.11731,0.017874187,-1,0,0,5.765282584,0.961817506
2024-06-17 00:00:00,0.11671,-0.005114653,-1,0,0,5.730680507,0.961817506
2024-06-18 00:00:00,0.11541,-0.01113872,-1,0,0,5.655709343,0.961817506
2024-06-19 00:00:00,0.11574,0.002859371,-1,0,0,5.674740484,0.961817506
2024-06-20 00:00:00,0.11675,0.008726456,-1,0,0,5.732987313,0.961817506
2024-06-21 00:00:00,0.1183,0.013276231,-1,0,0,5.822376009,0.961817506
2024-06-22 00:00:00,0.11964,0.011327134,0,0.5,0,5.899653979,0.961817506
2024-06-23 00:00:00,0.11917,-0.003928452,0,0.5,-0.001964226,5.87254902,0.957964053
2024-06-24 00:00:00,0.11901,-0.00134262,0,0.5,-0.00067131,5.863321799,0.956649652
2024-06-25 00:00:00,0.12184,0.023779514,0,0.5,0.011889757,6.026528258,0.979913742
2024-06-26 00:00:00,0.12262,0.006401838,0,0.5,0.003200919,6.071510957,0.986251285
2024-06-27 00:00:00,0.12191,-0.005790246,0,0.5,-0.002895123,6.030565167,0.980500843
2024-06-28 00:00:00,0.12312,0.009925355,0,0.5,0.004962677,6.100346021,0.99032943
2024-06-29 00:00:00,0.12549,0.019249513,0,0.5,0.009624756,6.237024221,1.009485866
2024-06-30 00:00:00,0.1246,-0.007092199,0,0.5,-0.003546099,6.185697809,1.00236003
2024-07-01 00:00:00,0.1277,0.024879615,0,0.5,0.012439807,6.364475202,1.027269003
2024-07-02 00:00:00,0.12923,0.011981206,0,0.5,0.005990603,6.452710496,1.039413566
2024-07-03 00:00:00,0.12865,-0.004488122,0,0.5,-0.002244061,6.419261822,1.034836998
2024-07-04 00:00:00,0.1271,-0.012048193,0,0.5,-0.006024096,6.329873126,1.022578944
2024-07-05 00:00:00,0.12676,-0.002675059,0,0.5,-0.00133753,6.310265283,1.019873685
2024-07-06 00:00:00,0.12991,0.02485011,0,0.5,0.012425055,6.491926182,1.044970727
2024-07-07 00:00:00,0.12452,-0.041490262,0,0.5,-0.020745131,6.181084198,1.002547541
2024-07-08 00:00:00,0.12608,0.012528108,0,0.5,0.006264054,6.271049596,1.015091607
2024-07-09 00:00:00,0.12993,0.030536168,0,0.5,0.015268084,6.493079585,1.045858194
2024-07-10 00:00:00,0.13145,0.011698607,0,0.5,0.005849303,6.580738178,1.057825039
2024-07-11 00:00:00,0.13423,0.021148726,1,1,0.010574363,6.74106113,1.079585228
2024-07-12 00:00:00,0.13726,0.022573195,1,1,0.022573195,6.915801615,1.126528112
2024-07-13 00:00:00,0.13936,0.015299432,1,1,0.015299432,7.036908881,1.159062783
2024-07-14 00:00:00,0.13746,-0.013633754,1,1,-0.013633754,6.92733564,1.129626652
2024-07-15 00:00:00,0.13728,-0.001309472,1,1,-0.001309472,6.916955017,1.126837966
2024-07-16 00:00:00,0.13393,-0.024402681,1,1,-0.024402681,6.723760092,1.074937418
2024-07-17 00:00:00,0.1334,-0.003957291,1,1,-0.003957291,6.693194925,1.066726286
2024-07-18 00:00:00,0.13443,0.007721139,1,1,0.007721139,6.752595156,1.082683768
2024-07-19 00:00:00,0.13453,0.000743882,1,1,0.000743882,6.758362168,1.084233038
2024-07-20 00:00:00,0.13458,0.000371664,1,1,0.000371664,6.761245675,1.085007673
2024-07-21 00:00:00,0.13414,-0.003269431,1,1,-0.003269431,6.735870819,1.078190885
2024-07-22 00:00:00,0.13227,-0.013940659,1,1,-0.013940659,6.628027682,1.049219535
2024-07-23 00:00:00,0.13412,0.013986543,1,1,0.013986543,6.734717416,1.077881031
2024-07-24 00:00:00,0.13428,0.001192962,1,1,0.001192962,6.743944637,1.080359863
2024-07-25 00:00:00,0.13548,0.00893655,1,1,0.00893655,6.813148789,1.098951104
2024-07-26 00:00:00,0.13741,0.014245645,1,1,0.014245645,6.924452134,1.128852017
2024-07-27 00:00:00,0.13717,-0.001746598,1,1,-0.001746598,6.910611303,1.125133768
2024-07-28 00:00:00,0.13845,0.009331486,1,1,0.009331486,6.984429066,1.144964425
2024-07-29 00:00:00,0.13738,-0.007728422,1,1,-0.007728422,6.92272203,1.128387236
2024-07-30 00:00:00,0.13299,-0.031955161,1,1,-0.031955161,6.669550173,1.060374279
2024-07-31 00:00:00,0.12853,-0.033536356,1,1,-0.033536356,6.412341407,0.991276834
2024-08-01 00:00:00,0.12816,-0.002878705,0,0.5,-0.002878705,6.39100346,0.985544534
2024-08-02 00:00:00,0.12357,-0.035814607,0,0.5,-0.017907303,6.126297578,0.949988786
2024-08-03 00:00:00,0.12539,0.014728494,0,0.5,0.007364247,6.231257209,0.964348985
2024-08-04 00:00:00,0.12631,0.007337108,0,0.5,0.003668554,6.284313725,0.971555306
2024-08-05 00:00:00,0.12143,-0.038635104,0,0.5,-0.019317552,6.002883506,0.933469683
2024-08-06 00:00:00,0.12332,0.015564523,0,0.5,0.007782261,6.111880046,0.94851645
2024-08-07 00:00:00,0.12468,0.011028219,0,0.5,0.00551411,6.190311419,0.959260783
2024-08-08 00:00:00,0.12696,0.018286814,0,0.5,0.009143407,6.321799308,0.977175102
2024-08-09 00:00:00,0.12829,0.01047574,0,0.5,0.00523787,6.398500577,0.987531289
2024-08-10 00:00:00,0.12896,0.005222543,0,0.5,0.002611271,6.437139562,0.992721272
2024-08-11 00:00:00,0.12762,-0.010390819,0,0.5,-0.005195409,6.359861592,0.982368269
2024-08-12 00:00:00,0.12664,-0.007679047,0,0.5,-0.003839524,6.303344867,0.974756919
2024-08-13 00:00:00,0.12872,0.01642451,0,0.5,0.008212255,6.423298731,0.990974127
2024-08-14 00:00:00,0.13039,0.012973897,0,0.5,0.006486948,6.519607843,1.003889474
2024-08-15 00:00:00,0.13011,-0.002147404,0,0.5,-0.001073702,6.503460208,1.001737894
2024-08-16 00:00:00,0.13415,0.031050649,1,1,0.015525325,6.73644752,1.032815524
2024-08-17 00:00:00,0.13476,0.004547149,1,1,0.004547149,6.771626298,1.042059039
2024-08-18 00:00:00,0.13508,0.002374592,1,1,0.002374592,6.790080738,1.046908096
2024-08-19 00:00:00,0.14312,0.059520284,1,1,0.059520284,7.253748558,1.168740648
2024-08-20 00:00:00,0.1615,0.1284237,1,1,0.1284237,8.31372549,1.447258347
2024-08-21 00:00:00,0.15379,-0.047739938,1,1,-0.047739938,7.869088812,1.330426385
2024-08-22 00:00:00,0.15542,0.010598869,1,1,0.010598869,7.963091119,1.355126268
2024-08-23 00:00:00,0.15827,0.018337408,1,1,0.018337408,8.12745098,1.39831318
2024-08-24 00:00:00,0.1588,0.003348708,1,1,0.003348708,8.158016148,1.40634443
2024-08-25 00:00:00,0.16629,0.047166247,1,1,0.047166247,8.589965398,1.519842665
2024-08-26 00:00:00,0.16144,-0.029165915,1,1,-0.029165915,8.310265283,1.446349149
2024-08-27 00:00:00,0.1579,-0.021927651,1,1,-0.021927651,8.106113033,1.392706458
2024-08-28 00:00:00,0.15822,0.002026599,1,1,0.002026599,8.124567474,1.397555515
2024-08-29 00:00:00,0.15988,0.01049172,1,1,0.01049172,8.220299885,1.422709997
2024-08-30 00:00:00,0.15998,0.000625469,1,1,0.000625469,8.226066897,1.424225327
2024-08-31 00:00:00,0.15758,-0.015001875,1,1,-0.015001875,8.087658593,1.387857401
2024-09-01 00:00:00,0.15555,-0.012882345,1,1,-0.012882345,7.970588235,1.357096197
2024-09-02 00:00:00,0.1542,-0.008678881,1,1,-0.008678881,7.892733564,1.336639239
2024-09-03 00:00:00,0.15017,-0.02613489,1,1,-0.02613489,7.660322953,1.27557143
2024-09-04 00:00:00,0.14993,-0.001598189,1,1,-0.001598189,7.646482122,1.271934637
2024-09-05 00:00:00,0.1497,-0.001534049,1,1,-0.001534049,7.633217993,1.268449378
2024-09-06 00:00:00,0.14786,-0.012291249,1,1,-0.012291249,7.52710496,1.240567301
2024-09-07 00:00:00,0.15157,0.025091303,1,1,0.025091303,7.74106113,1.296786053
2024-09-08 00:00:00,0.15314,0.01035825,1,1,0.01035825,7.83160323,1.320576738
2024-09-09 00:00:00,0.15452,0.009011362,1,1,0.009011362,7.911188005,1.341488296
2024-09-10 00:00:00,0.15291,-0.010419363,1,1,-0.010419363,7.8183391,1.317091479
2024-09-11 00:00:00,0.15333,0.002746714,1,1,0.002746714,7.842560554,1.323455866
2024-09-12 00:00:00,0.15186,-0.009587165,1,1,-0.009587165,7.757785467,1.301180511
2024-09-13 00:00:00,0.14876,-0.020413539,1,1,-0.020413539,7.579008074,1.254205273
2024-09-14 00:00:00,0.14741,-0.00907502,1,1,-0.00907502,7.501153403,1.233748315
2024-09-15 00:00:00,0.14887,0.009904348,1,1,0.009904348,7.585351788,1.255872137
2024-09-16 00:00:00,0.1489,0.000201518,1,1,0.000201518,7.587081892,1.256326736
2024-09-17 00:00:00,0.14993,0.006917394,1,1,0.006917394,7.646482122,1.271934637
2024-09-18 00:00:00,0.14941,-0.003468285,1,1,-0.003468285,7.616493656,1.26405492
2024-09-19 00:00:00,0.15148,0.013854494,0,0.5,0.013854494,7.735870819,1.295422256
2024-09-20 00:00:00,0.15198,0.003300766,0,0.5,0.001650383,7.764705882,1.299210582
2024-09-21 00:00:00,0.15188,-0.000657981,0,0.5,-0.000328991,7.75893887,1.298454163
2024-09-22 00:00:00,0.15167,-0.001382671,0,0.5,-0.000691335,7.746828143,1.29686516
2024-09-23 00:00:00,0.15225,0.003824092,0,0.5,0.001912046,7.780276817,1.301256872
2024-09-24 00:00:00,0.15112,-0.007422003,0,0.5,-0.003711002,7.715109573,1.292716904
2024-09-25 00:00:00,0.1499,-0.008073055,0,0.5,-0.004036527,7.644752018,1.28346229
2024-09-26 00:00:00,0.15303,0.020880587,0,0.5,0.010440294,7.825259516,1.307302306
2024-09-27 00:00:00,0.15511,0.013592106,0,0.5,0.006796053,7.945213379,1.322982855
2024-09-28 00:00:00,0.15506,-0.000322352,0,0.5,-0.000161176,7.942329873,1.322608446
2024-09-29 00:00:00,0.15635,0.00831936,0,0.5,0.00415968,8.016724337,1.332269754
2024-09-30 00:00:00,0.15589,-0.002942117,0,0.5,-0.001471059,7.990196078,1.328838849
2024-10-01 00:00:00,0.15348,-0.015459619,0,0.5,-0.007729809,7.851211073,1.310837369
2024-10-02 00:00:00,0.15449,0.006580662,1,1,0.003290331,7.909457901,1.318440788
2024-10-03 00:00:00,0.15773,0.020972231,1,1,0.020972231,8.096309112,1.367063665
2024-10-04 00:00:00,0.1564,-0.008432131,1,1,-0.008432131,8.019607843,1.347104274
2024-10-05 00:00:00,0.15339,-0.019245524,1,1,-0.019245524,7.846020761,1.301933022
2024-10-06 00:00:00,0.15424,0.00554143,1,1,0.00554143,7.895040369,1.314689023
2024-10-07 00:00:00,0.15582,0.010243776,1,1,0.010243776,7.98615917,1.338400179
2024-10-08 00:00:00,0.16002,0.026954178,1,1,0.026954178,8.228373702,1.401429833
2024-10-09 00:00:00,0.16052,0.003124609,1,1,0.003124609,8.257208766,1.408933364
2024-10-10 00:00:00,0.15873,-0.011151258,1,1,-0.011151258,8.153979239,1.382070725
2024-10-11 00:00:00,0.15973,0.006300006,1,1,0.006300006,8.211649366,1.397077786
2024-10-12 00:00:00,0.16243,0.016903525,1,1,0.016903525,8.367358708,1.437596849
2024-10-13 00:00:00,0.16254,0.000677215,1,1,0.000677215,8.373702422,1.439247626
2024-10-14 00:00:00,0.16046,-0.01279685,1,1,-0.01279685,8.253748558,1.40803294
2024-10-15 00:00:00,0.15869,-0.011030786,1,1,-0.011030786,8.151672434,1.381470443
2024-10-16 00:00:00,0.16004,0.008507152,1,1,0.008507152,8.229527105,1.401729975
2024-10-17 00:00:00,0.15935,-0.004311422,1,1,-0.004311422,8.189734717,1.391375103
2024-10-18 00:00:00,0.15831,-0.006526514,1,1,-0.006526514,8.129757785,1.37576776
2024-10-19 00:00:00,0.15666,-0.010422589,1,1,-0.010422589,8.034602076,1.35100611
2024-10-20 00:00:00,0.15664,-0.000127665,1,1,-0.000127665,8.033448674,1.350705969
2024-10-21 00:00:00,0.15829,0.010533708,1,1,0.010533708,8.128604383,1.375467618
2024-10-22 00:00:00,0.16032,0.012824563,1,1,0.012824563,8.24567474,1.405931951
2024-10-23 00:00:00,0.16033,6.23752E-05,1,1,6.23752E-05,8.246251442,1.406082022
2024-10-24 00:00:00,0.16465,0.026944427,1,1,0.026944427,8.49538639,1.470912524
2024-10-25 00:00:00,0.16255,-0.012754327,1,1,-0.012754327,8.374279123,1.439397697
2024-10-26 00:00:00,0.16515,0.015995078,1,1,0.015995078,8.524221453,1.478416054
2024-10-27 00:00:00,0.16392,-0.007447775,1,1,-0.007447775,8.453287197,1.45995737
2024-10-28 00:00:00,0.16414,0.001342118,1,1,0.001342118,8.465974625,1.463258923
2024-10-29 00:00:00,0.16637,0.013585963,1,1,0.013585963,8.594579008,1.496724668
2024-10-30 00:00:00,0.16936,0.01797199,1,1,0.01797199,8.767012687,1.541595779
2024-10-31 00:00:00,0.16854,-0.004841757,1,1,-0.004841757,8.719723183,1.529289989
2024-11-01 00:00:00,0.16737,-0.006941972,1,1,-0.006941972,8.652249135,1.511731729
2024-11-02 00:00:00,0.16607,-0.007767222,1,1,-0.007767222,8.57727797,1.49222255
2024-11-03 00:00:00,0.16515,-0.005539833,1,1,-0.005539833,8.524221453,1.478416054
2024-11-04 00:00:00,0.16279,-0.014290039,1,1,-0.014290039,8.388119954,1.442999391
2024-11-05 00:00:00,0.15996,-0.01738436,1,1,-0.01738436,8.224913495,1.40052941
2024-11-06 00:00:00,0.16239,0.015191298,1,1,0.015191298,8.365051903,1.436996567
2024-11-07 00:00:00,0.16001,-0.014656075,0,0.5,-0.014656075,8.227797001,1.401279763
2024-11-08 00:00:00,0.16089,0.005499656,1,1,0.002749828,8.278546713,1.407882869
2024-11-09 00:00:00,0.16204,0.007147741,1,1,0.007147741,8.344867359,1.425093792
2024-11-10 00:00:00,0.16399,0.012034066,1,1,0.012034066,8.457324106,1.45427753
2024-11-11 00:00:00,0.16794,0.024086835,1,1,0.024086835,8.685121107,1.513393306
2024-11-12 00:00:00,0.18753,0.116648803,1,1,0.116648803,9.814878893,1.806577627
2024-11-13 00:00:00,0.17716,-0.055297819,1,1,-0.055297819,9.216839677,1.651380006
2024-11-14 00:00:00,0.17646,-0.003951231,1,1,-0.003951231,9.176470588,1.640903792
2024-11-15 00:00:00,0.19141,0.08472175,1,1,0.08472175,10.03863899,1.864645783
2024-11-16 00:00:00,0.20032,0.046549292,1,1,0.046549292,10.55247982,1.997993016
2024-11-17 00:00:00,0.19963,-0.003444489,1,1,-0.003444489,10.51268743,1.987666463
2024-11-18 00:00:00,0.2022,0.012873817,1,1,0.012873817,10.66089965,2.026129133
2024-11-19 00:00:00,0.19966,-0.01256182,1,1,-0.01256182,10.51441753,1.988115443
2024-11-20 00:00:00,0.19471,-0.024792147,1,1,-0.024792147,10.2289504,1.914033647
2024-11-21 00:00:00,0.19874,0.020697447,1,1,0.020697447,10.46136101,1.974346706
2024-11-22 00:00:00,0.20504,0.031699708,1,1,0.031699708,10.82468281,2.068632628
2024-11-23 00:00:00,0.21218,0.034822474,1,1,0.034822474,11.23644752,2.175490007
2024-11-24 00:00:00,0.2088,-0.015929871,1,1,-0.015929871,11.04152249,2.124904861
2024-11-25 00:00:00,0.19589,-0.061829502,1,1,-0.061829502,10.29700115,1.93169355
2024-11-26 00:00:00,0.19451,-0.00704477,1,1,-0.00704477,10.21741638,1.911040443
2024-11-27 00:00:00,0.2011,0.033880006,1,1,0.033880006,10.59746251,2.009666511
2024-11-28 00:00:00,0.20345,0.011685728,1,1,0.011685728,10.73298731,2.044836657
2024-11-29 00:00:00,0.20446,0.004964365,1,1,0.004964365,10.79123414,2.059952337
2024-11-30 00:00:00,0.20491,0.002200919,1,1,0.002200919,10.8171857,2.066687046
2024-12-01 00:00:00,0.20737,0.012005271,1,1,0.012005271,10.95905421,2.103503453
2024-12-02 00:00:00,0.22136,0.067463953,1,1,0.067463953,11.76585928,2.312878065
2024-12-03 00:00:00,0.43347,0.958212866,1,1,0.958212866,23.9982699,5.487320451
2024-12-04 00:00:00,0.33084,-0.23676379,1,1,-0.23676379,18.07958478,3.951357875
2024-12-05 00:00:00,0.32269,-0.024634264,1,1,-0.024634264,17.60957324,3.829384816
2024-12-06 00:00:00,0.32585,0.00979268,1,1,0.00979268,17.79181084,3.876677438
2024-12-07 00:00:00,0.31908,-0.020776431,1,1,-0.020776431,17.40138408,3.775357486
2024-12-08 00:00:00,0.31866,-0.001316284,1,1,-0.001316284,17.37716263,3.769071758
2024-12-09 00:00:00,0.26273,-0.175516224,1,1,-0.175516224,14.15167243,2.93202229
2024-12-10 00:00:00,0.26934,0.025158908,1,1,0.025158908,14.53287197,3.030947679
2024-12-11 00:00:00,0.28205,0.047189426,1,1,0.047189426,15.26585928,3.221165786
2024-12-12 00:00:00,0.29672,0.052012055,1,1,0.052012055,16.11188005,3.440717291
2024-12-13 00:00:00,0.29061,-0.020591804,1,1,-0.020591804,15.75951557,3.349274912
2024-12-14 00:00:00,0.28224,-0.028801487,1,1,-0.028801487,15.27681661,3.22400933
2024-12-15 00:00:00,0.28556,0.011763039,1,1,0.011763039,15.46828143,3.273696514
2024-12-16 00:00:00,0.29668,0.038941028,1,1,0.038941028,16.10957324,3.44011865
2024-12-17 00:00:00,0.27949,-0.057941216,1,1,-0.057941216,15.11822376,3.182852776
2024-12-18 00:00:00,0.25776,-0.077748757,1,1,-0.077748757,13.8650519,2.857641173
2024-12-19 00:00:00,0.25091,-0.026575109,1,1,-0.026575109,13.47001153,2.75512394
2024-12-20 00:00:00,0.24855,-0.009405763,1,1,-0.009405763,13.33391003,2.719804134
2024-12-21 00:00:00,0.24484,-0.014926574,1,1,-0.014926574,13.11995386,2.664280202
2024-12-22 00:00:00,0.24409,-0.003063225,1,1,-0.003063225,13.07670127,2.653055688
2024-12-23 00:00:00,0.25239,0.034003851,1,1,0.034003851,13.55536332,2.777273649
2024-12-24 00:00:00,0.25626,0.015333413,1,1,0.015333413,13.77854671,2.835192144
2024-12-25 00:00:00,0.25797,0.00667291,1,1,0.00667291,13.87716263,2.860784038
2024-12-26 00:00:00,0.25373,-0.01643602,1,1,-0.01643602,13.63264129,2.797328115
2024-12-27 00:00:00,0.25923,0.021676585,1,1,0.021676585,13.94982699,2.879641222
2024-12-28 00:00:00,0.25821,-0.00393473,1,1,-0.00393473,13.89100346,2.864375882
2024-12-29 00:00:00,0.25776,-0.001742768,1,1,-0.001742768,13.8650519,2.857641173
2024-12-30 00:00:00,0.25339,-0.016953755,1,1,-0.016953755,13.61303345,2.792239668
2024-12-31 00:00:00,0.25456,0.004617388,1,1,0.004617388,13.6805075,2.809749911
2025-01-01 00:00:00,0.25588,0.005185418,1,1,0.005185418,13.75663206,2.829505057
2025-01-02 00:00:00,0.26531,0.036853212,0,0.5,0.036853212,14.30046136,2.97063462
2025-01-03 00:00:00,0.26618,0.003279183,0,0.5,0.001639591,14.35063437,2.977144839