date,close_price_XRPUSDT,return_XRPUSDT,signal_XRPUSDT,position_XRPUSDT,signal_return_XRPUSDT,cum_return_XRPUSDT,cum_signal_return_XRPUSDT
2020-01-06 00:00:00,0.2226,,0,0.5,,,
2020-01-07 00:00:00,0.2138,-0.039532794,0,0.5,-0.019766397,-0.039532794,-0.019766397
2020-01-08 00:00:00,0.2078,-0.028063611,0,0.5,-0.014031805,-0.066486972,-0.033520844
2020-01-09 00:00:00,0.204,-0.018286814,0,0.5,-0.009143407,-0.083557951,-0.042357757
2020-01-10 00:00:00,0.2128,0.043137255,0,0.5,0.021568627,-0.044025157,-0.021702728
2020-01-11 00:00:00,0.2117,-0.005169173,0,0.5,-0.002584586,-0.048966757,-0.024231222
2020-01-12 00:00:00,0.2158,0.019367029,0,0.5,0.009683514,-0.030548068,-0.014782351
2020-01-13 00:00:00,0.2115,-0.019925857,0,0.5,-0.009962929,-0.049865229,-0.024598004
2020-01-14 00:00:00,0.235,0.111111111,0,0.5,0.055555556,0.055705301,0.029590996
2020-01-15 00:00:00,0.2337,-0.005531915,0,0.5,-0.002765957,0.049865229,0.026743191
2020-01-16 00:00:00,0.227,-0.028669234,0,0.5,-0.014334617,0.019766397,0.012025221
2020-01-17 00:00:00,0.2284,0.006167401,0,0.5,0.0030837,0.026055705,0.015146003
2020-01-18 00:00:00,0.2441,0.068739054,0,0.5,0.034369527,0.096585804,0.050036091
2020-01-19 00:00:00,0.236,-0.033183122,0,0.5,-0.016591561,0.060197664,0.032614354
2020-01-20 00:00:00,0.2335,-0.01059322,0,0.5,-0.00529661,0.048966757,0.027144998
2020-01-21 00:00:00,0.2375,0.017130621,0,0.5,0.00856531,0.066936208,0.035942814
2020-01-22 00:00:00,0.2376,0.000421053,0,0.5,0.000210526,0.067385445,0.036160907
2020-01-23 00:00:00,0.2262,-0.047979798,0,0.5,-0.023989899,0.016172507,0.011303511
2020-01-24 00:00:00,0.2224,-0.016799293,0,0.5,-0.008399646,-0.000898473,0.00280892
2020-01-25 00:00:00,0.2197,-0.012140288,0,0.5,-0.006070144,-0.013027853,-0.003278275
2020-01-26 00:00:00,0.2313,0.052799272,0,0.5,0.026399636,0.039083558,0.023034816
2020-01-27 00:00:00,0.2309,-0.001729356,0,0.5,-0.000864678,0.037286613,0.02215022
2020-01-28 00:00:00,0.2393,0.036379385,0,0.5,0.018189693,0.075022462,0.040742818
2020-01-29 00:00:00,0.236,-0.013790221,0,0.5,-0.006895111,0.060197664,0.033566781
2020-01-30 00:00:00,0.2443,0.035169492,0,0.5,0.017584746,0.097484277,0.05174179
2020-01-31 00:00:00,0.2397,-0.018829308,0,0.5,-0.009414654,0.076819407,0.041840005
2020-02-01 00:00:00,0.2416,0.007926575,0,0.5,0.003963287,0.085354897,0.045969117
2020-02-02 00:00:00,0.2515,0.040976821,0,0.5,0.020488411,0.12982929,0.067399361
2020-02-03 00:00:00,0.255,0.013916501,0,0.5,0.00695825,0.145552561,0.074826594
2020-02-04 00:00:00,0.2676,0.049411765,0,0.5,0.024705882,0.202156334,0.101381133
2020-02-05 00:00:00,0.2786,0.041106129,0,0.5,0.020553064,0.251572327,0.12401789
2020-02-06 00:00:00,0.2841,0.019741565,0,0.5,0.009870782,0.276280323,0.135112826
2020-02-07 00:00:00,0.2799,-0.014783527,0,0.5,-0.007391763,0.257412399,0.126722341
2020-02-08 00:00:00,0.2775,-0.008574491,0,0.5,-0.004287245,0.246630728,0.121891806
2020-02-09 00:00:00,0.2828,0.019099099,0,0.5,0.00954955,0.270440252,0.132605367
2020-02-10 00:00:00,0.2736,-0.032531825,0,0.5,-0.016265912,0.229110512,0.114182507
2020-02-11 00:00:00,0.2816,0.029239766,0,0.5,0.014619883,0.265049416,0.130471725
2020-02-12 00:00:00,0.3043,0.080610795,0,0.5,0.040305398,0.367026056,0.176035838
2020-02-13 00:00:00,0.3276,0.076569175,0,0.5,0.038284588,0.471698113,0.221059885
2020-02-14 00:00:00,0.3362,0.026251526,0,0.5,0.013125763,0.510332435,0.237087228
2020-02-15 00:00:00,0.3075,-0.085365854,0,0.5,-0.042682927,0.381401617,0.184284724
2020-02-16 00:00:00,0.2926,-0.048455285,0,0.5,-0.024227642,0.314465409,0.155592297
2020-02-17 00:00:00,0.2877,-0.016746411,0,0.5,-0.008373206,0.29245283,0.145916285
2020-02-18 00:00:00,0.2989,0.03892944,0,0.5,0.01946472,0.342767296,0.168221225
2020-02-19 00:00:00,0.2746,-0.081298093,0,0.5,-0.040649047,0.233602875,0.120734146
2020-02-20 00:00:00,0.271,-0.013109978,0,0.5,-0.006554989,0.217430368,0.113387746
2020-02-21 00:00:00,0.2745,0.012915129,0,0.5,0.006457565,0.233153639,0.120577519
2020-02-22 00:00:00,0.2749,0.001457195,0,0.5,0.000728597,0.234950584,0.121393969
2020-02-23 00:00:00,0.2834,0.030920335,0,0.5,0.015460167,0.273135669,0.138730908
2020-02-24 00:00:00,0.2707,-0.044812985,0,0.5,-0.022406493,0.216082659,0.113215942
2020-02-25 00:00:00,0.2524,-0.067602512,0,0.5,-0.033801256,0.133872417,0.075587845
2020-02-26 00:00:00,0.2292,-0.091917591,0,0.5,-0.045958796,0.029649596,0.026155123
2020-02-27 00:00:00,0.2388,0.041884817,0,0.5,0.020942408,0.07277628,0.047645283
2020-02-28 00:00:00,0.2368,-0.008375209,0,0.5,-0.004187605,0.063791554,0.043258159
2020-02-29 00:00:00,0.2291,-0.032516892,0,0.5,-0.016258446,0.029200359,0.026296402
2020-03-01 00:00:00,0.2274,-0.00742034,0,0.5,-0.00371017,0.021563342,0.022488668
2020-03-02 00:00:00,0.2399,0.054969217,0,0.5,0.027484609,0.07771788,0.050591369
2020-03-03 00:00:00,0.2344,-0.022926219,0,0.5,-0.01146311,0.053009883,0.038548325
2020-03-04 00:00:00,0.2349,0.002133106,0,0.5,0.001066553,0.055256065,0.039655991
2020-03-05 00:00:00,0.2395,0.019582801,0,0.5,0.009791401,0.075920934,0.04983568
2020-03-06 00:00:00,0.2452,0.023799582,0,0.5,0.011899791,0.101527403,0.062328505
2020-03-07 00:00:00,0.2364,-0.03588907,0,0.5,-0.017944535,0.061994609,0.043265514
2020-03-08 00:00:00,0.2042,-0.136209814,0,0.5,-0.068104907,-0.082659479,-0.027785987
2020-03-09 00:00:00,0.2096,0.026444662,0,0.5,0.013222331,-0.058400719,-0.014931051
2020-03-10 00:00:00,0.2119,0.010973282,0,0.5,0.005486641,-0.048068284,-0.009526331
2020-03-11 00:00:00,0.2084,-0.016517225,0,0.5,-0.008258613,-0.063791554,-0.01770627
2020-03-12 00:00:00,0.1346,-0.354126679,0,0.5,-0.17706334,-0.395327942,-0.191634478
2020-03-13 00:00:00,0.1587,0.179049034,0,0.5,0.089524517,-0.287061995,-0.119265945
2020-03-14 00:00:00,0.1458,-0.081285444,0,0.5,-0.040642722,-0.345013477,-0.155061375
2020-03-15 00:00:00,0.1529,0.048696845,0,0.5,0.024348422,-0.3131177,-0.134488452
2020-03-16 00:00:00,0.1408,-0.079136691,0,0.5,-0.039568345,-0.367475292,-0.168735312
2020-03-17 00:00:00,0.1469,0.043323864,0,0.5,0.021661932,-0.340071878,-0.150728513
2020-03-18 00:00:00,0.1473,0.002722941,0,0.5,0.00136147,-0.338274933,-0.149572255
2020-03-19 00:00:00,0.1648,0.11880516,0,0.5,0.05940258,-0.25965858,-0.099054653
2020-03-20 00:00:00,0.1568,-0.048543689,0,0.5,-0.024271845,-0.295597484,-0.120922258
2020-03-21 00:00:00,0.158,0.007653061,0,0.5,0.003826531,-0.290206649,-0.11755844
2020-03-22 00:00:00,0.1476,-0.065822785,0,0.5,-0.032911392,-0.336927224,-0.146600821
2020-03-23 00:00:00,0.1583,0.072493225,0,0.5,0.036246612,-0.28885894,-0.115667992
2020-03-24 00:00:00,0.162,0.023373342,0,0.5,0.011686671,-0.272237197,-0.105333094
2020-03-25 00:00:00,0.1617,-0.001851852,0,0.5,-0.000925926,-0.273584906,-0.10616149
2020-03-26 00:00:00,0.1758,0.087198516,0,0.5,0.043599258,-0.210242588,-0.067190794
2020-03-27 00:00:00,0.1728,-0.017064846,0,0.5,-0.008532423,-0.223719677,-0.075149917
2020-03-28 00:00:00,0.1753,0.014467593,0,0.5,0.007233796,-0.212488769,-0.06845974
2020-03-29 00:00:00,0.1625,-0.073017684,0,0.5,-0.036508842,-0.269991015,-0.102469196
2020-03-30 00:00:00,0.1709,0.051692308,0,0.5,0.025846154,-0.232255166,-0.079271477
2020-03-31 00:00:00,0.1736,0.015798713,0,0.5,0.007899356,-0.220125786,-0.071998314
2020-04-01 00:00:00,0.1747,0.006336406,0,0.5,0.003168203,-0.215184187,-0.069058217
2020-04-02 00:00:00,0.1783,0.020606754,0,0.5,0.010303377,-0.19901168,-0.059466372
2020-04-03 00:00:00,0.1795,0.00673023,0,0.5,0.003365115,-0.193620845,-0.056301368
2020-04-04 00:00:00,0.1811,0.008913649,0,0.5,0.004456825,-0.186433064,-0.052095469
2020-04-05 00:00:00,0.179,-0.011595803,0,0.5,-0.005797902,-0.195867026,-0.057591326
2020-04-06 00:00:00,0.1979,0.105586592,0,0.5,0.052793296,-0.110961366,-0.007838466
2020-04-07 00:00:00,0.1925,-0.027286508,0,0.5,-0.013643254,-0.135220126,-0.021374778
2020-04-08 00:00:00,0.2019,0.048831169,0,0.5,0.024415584,-0.092991914,0.002518928
2020-04-09 00:00:00,0.198,-0.019316493,0,0.5,-0.009658247,-0.110512129,-0.007163647
2020-04-10 00:00:00,0.1876,-0.052525253,0,0.5,-0.026262626,-0.157232704,-0.033238137
2020-04-11 00:00:00,0.1881,0.002665245,0,0.5,0.001332623,-0.154986523,-0.031949808
2020-04-12 00:00:00,0.1893,0.006379585,0,0.5,0.003189793,-0.149595687,-0.028861929
2020-04-13 00:00:00,0.1874,-0.010036978,0,0.5,-0.005018489,-0.158131177,-0.033735575
2020-04-14 00:00:00,0.186,-0.007470651,0,0.5,-0.003735326,-0.164420485,-0.037344887
2020-04-15 00:00:00,0.1805,-0.029569892,0,0.5,-0.014784946,-0.189128482,-0.051577691
2020-04-16 00:00:00,0.1904,0.054847645,0,0.5,0.027423823,-0.144654088,-0.025568326
2020-04-17 00:00:00,0.1886,-0.009453782,0,0.5,-0.004726891,-0.152740341,-0.030174358
2020-04-18 00:00:00,0.1951,0.034464475,0,0.5,0.017232238,-0.123539982,-0.013462092
2020-04-19 00:00:00,0.1889,-0.031778575,0,0.5,-0.015889288,-0.151392633,-0.029137476
2020-04-20 00:00:00,0.1813,-0.040232927,0,0.5,-0.020116464,-0.185534591,-0.048667797
2020-04-21 00:00:00,0.1833,0.01103144,0,0.5,0.00551572,-0.176549865,-0.043420515
2020-04-22 00:00:00,0.188,0.025641026,0,0.5,0.012820513,-0.155435759,-0.031156676
2020-04-23 00:00:00,0.1925,0.02393617,0,0.5,0.011968085,-0.135220126,-0.019561476
2020-04-24 00:00:00,0.1931,0.003116883,0,0.5,0.001558442,-0.132524708,-0.01803352
2020-04-25 00:00:00,0.1941,0.005178664,0,0.5,0.002589332,-0.128032345,-0.015490883
2020-04-26 00:00:00,0.1961,0.010303967,0,0.5,0.005151984,-0.119047619,-0.010418708
2020-04-27 00:00:00,0.1974,0.006629271,0,0.5,0.003314635,-0.113207547,-0.007138607
2020-04-28 00:00:00,0.2143,0.085612969,0,0.5,0.042806484,-0.037286613,0.035362299
2020-04-29 00:00:00,0.2266,0.057396174,0,0.5,0.028698087,0.017969452,0.065075216
2020-04-30 00:00:00,0.2116,-0.06619594,0,0.5,-0.03309797,-0.049415993,0.029823388
2020-05-01 00:00:00,0.2178,0.029300567,0,0.5,0.014650284,-0.021563342,0.044910593
2020-05-02 00:00:00,0.2238,0.027548209,0,0.5,0.013774105,0.005390836,0.059303301
2020-05-03 00:00:00,0.2194,-0.019660411,0,0.5,-0.009830206,-0.014375562,0.048890132
2020-05-04 00:00:00,0.2181,-0.005925251,0,0.5,-0.002962625,-0.020215633,0.045782663
2020-05-05 00:00:00,0.2169,-0.005502063,0,0.5,-0.002751032,-0.025606469,0.042905682
2020-05-06 00:00:00,0.2118,-0.02351314,0,0.5,-0.01175657,-0.04851752,0.030644688
2020-05-07 00:00:00,0.2187,0.032577904,1,1,0.016288952,-0.017520216,0.04743281
2020-05-08 00:00:00,0.2189,0.000914495,1,1,0.000914495,-0.016621743,0.048390682
2020-05-09 00:00:00,0.2167,-0.010050251,1,1,-0.010050251,-0.026504942,0.037854092
2020-05-10 00:00:00,0.1971,-0.090447623,0,0.5,-0.090447623,-0.114555256,-0.056017344
2020-05-11 00:00:00,0.1926,-0.02283105,0,0.5,-0.011415525,-0.134770889,-0.066793402
2020-05-12 00:00:00,0.197,0.022845275,0,0.5,0.011422638,-0.115004492,-0.056133721
2020-05-13 00:00:00,0.2015,0.02284264,0,0.5,0.01142132,-0.094788859,-0.045353522
2020-05-14 00:00:00,0.2036,0.010421836,0,0.5,0.005210918,-0.085354897,-0.040378938
2020-05-15 00:00:00,0.1979,-0.027996071,0,0.5,-0.013998035,-0.110961366,-0.053811747
2020-05-16 00:00:00,0.1996,0.008590197,0,0.5,0.004295099,-0.103324349,-0.049747775
2020-05-17 00:00:00,0.2011,0.00751503,0,0.5,0.003757515,-0.096585804,-0.046177188
2020-05-18 00:00:00,0.2053,0.020885132,0,0.5,0.010442566,-0.07771788,-0.036216831
2020-05-19 00:00:00,0.2049,-0.001948368,0,0.5,-0.000974184,-0.079514825,-0.037155733
2020-05-20 00:00:00,0.2019,-0.014641288,0,0.5,-0.007320644,-0.092991914,-0.044204373
2020-05-21 00:00:00,0.1942,-0.038137692,0,0.5,-0.019068846,-0.127583109,-0.062430293
2020-05-22 00:00:00,0.2004,0.03192585,0,0.5,0.015962925,-0.099730458,-0.047463938
2020-05-23 00:00:00,0.1988,-0.007984032,0,0.5,-0.003992016,-0.106918239,-0.051266477
2020-05-24 00:00:00,0.1923,-0.032696177,-1,0,-0.016348089,-0.136118598,-0.066776457
2020-05-25 00:00:00,0.1961,0.01976079,0,0.5,0,-0.119047619,-0.066776457
2020-05-26 00:00:00,0.1936,-0.012748598,-1,0,-0.006374299,-0.130278527,-0.072725103
2020-05-27 00:00:00,0.1978,0.021694215,0,0.5,0,-0.111410602,-0.072725103
2020-05-28 00:00:00,0.2005,0.013650152,-1,0,0.006825076,-0.099281222,-0.066396381
2020-05-29 00:00:00,0.1977,-0.013965087,-1,0,0,-0.111859838,-0.066396381
2020-05-30 00:00:00,0.2072,0.048052605,-1,0,0,-0.06918239,-0.066396381
2020-05-31 00:00:00,0.2024,-0.023166023,-1,0,0,-0.090745732,-0.066396381
2020-06-01 00:00:00,0.2112,0.043478261,-1,0,0,-0.051212938,-0.066396381
2020-06-02 00:00:00,0.203,-0.038825758,-1,0,0,-0.088050314,-0.066396381
2020-06-03 00:00:00,0.2043,0.006403941,-1,0,0,-0.082210243,-0.066396381
2020-06-04 00:00:00,0.2045,0.000978953,-1,0,0,-0.08131177,-0.066396381
2020-06-05 00:00:00,0.2027,-0.008801956,-1,0,0,-0.089398023,-0.066396381
2020-06-06 00:00:00,0.2037,0.004933399,-1,0,0,-0.08490566,-0.066396381
2020-06-07 00:00:00,0.2034,-0.001472754,-1,0,0,-0.086253369,-0.066396381
2020-06-08 00:00:00,0.2041,0.003441495,-1,0,0,-0.083108715,-0.066396381
2020-06-09 00:00:00,0.2014,-0.013228809,0,0.5,0,-0.095238095,-0.066396381
2020-06-10 00:00:00,0.2029,0.007447865,0,0.5,0.003723932,-0.088499551,-0.062919705
2020-06-11 00:00:00,0.1881,-0.072942336,-1,0,-0.036471168,-0.154986523,-0.097096117
2020-06-12 00:00:00,0.1932,0.027113238,-1,0,0,-0.132075472,-0.097096117
2020-06-13 00:00:00,0.1922,-0.005175983,-1,0,0,-0.136567835,-0.097096117
2020-06-14 00:00:00,0.19,-0.01144641,-1,0,0,-0.146451033,-0.097096117
2020-06-15 00:00:00,0.1922,0.011578947,-1,0,0,-0.136567835,-0.097096117
2020-06-16 00:00:00,0.1923,0.000520291,-1,0,0,-0.136118598,-0.097096117
2020-06-17 00:00:00,0.1929,0.003120125,-1,0,0,-0.133423181,-0.097096117
2020-06-18 00:00:00,0.1897,-0.016588906,-1,0,0,-0.147798742,-0.097096117
2020-06-19 00:00:00,0.187,-0.014232999,-1,0,0,-0.159928122,-0.097096117
2020-06-20 00:00:00,0.1878,0.004278075,-1,0,0,-0.156334232,-0.097096117
2020-06-21 00:00:00,0.186,-0.009584665,-1,0,0,-0.164420485,-0.097096117
2020-06-22 00:00:00,0.1892,0.017204301,-1,0,0,-0.150044924,-0.097096117
2020-06-23 00:00:00,0.1889,-0.001585624,-1,0,0,-0.151392633,-0.097096117
2020-06-24 00:00:00,0.1833,-0.029645315,-1,0,0,-0.176549865,-0.097096117
2020-06-25 00:00:00,0.1814,-0.010365521,-1,0,0,-0.185085355,-0.097096117
2020-06-26 00:00:00,0.1824,0.005512679,-1,0,0,-0.180592992,-0.097096117
2020-06-27 00:00:00,0.175,-0.040570175,-1,0,0,-0.213836478,-0.097096117
2020-06-28 00:00:00,0.1768,0.010285714,-1,0,0,-0.205750225,-0.097096117
2020-06-29 00:00:00,0.1772,0.002262443,-1,0,0,-0.203953279,-0.097096117
2020-06-30 00:00:00,0.1752,-0.011286682,-1,0,0,-0.212938005,-0.097096117
2020-07-01 00:00:00,0.1764,0.006849315,-1,0,0,-0.20754717,-0.097096117
2020-07-02 00:00:00,0.1749,-0.008503401,-1,0,0,-0.214285714,-0.097096117
2020-07-03 00:00:00,0.1762,0.007432819,-1,0,0,-0.208445642,-0.097096117
2020-07-04 00:00:00,0.1781,0.010783201,-1,0,0,-0.199910153,-0.097096117
2020-07-05 00:00:00,0.1769,-0.006737788,-1,0,0,-0.205300988,-0.097096117
2020-07-06 00:00:00,0.1887,0.066704353,-1,0,0,-0.152291105,-0.097096117
2020-07-07 00:00:00,0.1851,-0.019077901,-1,0,0,-0.168463612,-0.097096117
2020-07-08 00:00:00,0.2056,0.110750945,0,0.5,0,-0.076370171,-0.097096117
2020-07-09 00:00:00,0.2029,-0.013132296,0,0.5,-0.006566148,-0.088499551,-0.103024718
2020-07-10 00:00:00,0.1991,-0.018728438,0,0.5,-0.009364219,-0.10557053,-0.111424191
2020-07-11 00:00:00,0.2013,0.011049724,1,1,0.005524862,-0.095687332,-0.106514932
2020-07-12 00:00:00,0.2014,0.000496771,1,1,0.000496771,-0.095238095,-0.106071075
2020-07-13 00:00:00,0.1987,-0.013406157,1,1,-0.013406157,-0.107367475,-0.118055226
2020-07-14 00:00:00,0.1992,0.002516356,1,1,0.002516356,-0.105121294,-0.115835939
2020-07-15 00:00:00,0.1974,-0.009036145,1,1,-0.009036145,-0.113207547,-0.123825373
2020-07-16 00:00:00,0.1946,-0.014184397,1,1,-0.014184397,-0.125786164,-0.136253382
2020-07-17 00:00:00,0.1945,-0.000513875,1,1,-0.000513875,-0.1262354,-0.136697239
2020-07-18 00:00:00,0.2001,0.028791774,1,1,0.028791774,-0.101078167,-0.111841222
2020-07-19 00:00:00,0.1998,-0.00149925,1,1,-0.00149925,-0.102425876,-0.113172794
2020-07-20 00:00:00,0.1946,-0.026026026,1,1,-0.026026026,-0.125786164,-0.136253382
2020-07-21 00:00:00,0.1997,0.026207605,1,1,0.026207605,-0.102875112,-0.113616651
2020-07-22 00:00:00,0.2039,0.021031547,1,1,0.021031547,-0.084007188,-0.094974638
2020-07-23 00:00:00,0.2087,0.023540951,1,1,0.023540951,-0.062443845,-0.07366948
2020-07-24 00:00:00,0.2043,-0.021082894,1,1,-0.021082894,-0.082210243,-0.093199208
2020-07-25 00:00:00,0.215,0.05237396,1,1,0.05237396,-0.034141959,-0.04570646
2020-07-26 00:00:00,0.2156,0.002790698,1,1,0.002790698,-0.031446541,-0.043043315
2020-07-27 00:00:00,0.2248,0.042671614,1,1,0.042671614,0.009883199,-0.002208429
2020-07-28 00:00:00,0.2307,0.026245552,1,1,0.026245552,0.03638814,0.023979161
2020-07-29 00:00:00,0.2436,0.055916775,1,1,0.055916775,0.094339623,0.081236774
2020-07-30 00:00:00,0.2442,0.002463054,1,1,0.002463054,0.09703504,0.083899918
2020-07-31 00:00:00,0.2596,0.063063063,1,1,0.063063063,0.16621743,0.152253967
2020-08-01 00:00:00,0.2912,0.121725732,1,1,0.121725732,0.308176101,0.292512925
2020-08-02 00:00:00,0.2885,-0.009271978,1,1,-0.009271978,0.296046721,0.280528773
2020-08-03 00:00:00,0.3102,0.075216638,1,1,0.075216638,0.393530997,0.376845842
2020-08-04 00:00:00,0.3019,-0.026756931,1,1,-0.026756931,0.356244385,0.340005673
2020-08-05 00:00:00,0.3025,0.001987413,1,1,0.001987413,0.358939802,0.342668818
2020-08-06 00:00:00,0.3035,0.003305785,1,1,0.003305785,0.363432165,0.347107393
2020-08-07 00:00:00,0.2947,-0.028995058,1,1,-0.028995058,0.323899371,0.308047936
2020-08-08 00:00:00,0.2957,0.003393281,1,1,0.003393281,0.328391734,0.312486511
2020-08-09 00:00:00,0.2886,-0.024010822,1,1,-0.024010822,0.296495957,0.280972631
2020-08-10 00:00:00,0.295,0.022176022,1,1,0.022176022,0.32524708,0.309379508
2020-08-11 00:00:00,0.2833,-0.039661017,1,1,-0.039661017,0.272686433,0.257448186
2020-08-12 00:00:00,0.2826,-0.002470879,1,1,-0.002470879,0.269541779,0.254341183
2020-08-13 00:00:00,0.2946,0.042462845,1,1,0.042462845,0.323450135,0.307604079
2020-08-14 00:00:00,0.3006,0.020366599,1,1,0.020366599,0.350404313,0.334235526
2020-08-15 00:00:00,0.2992,-0.004657352,1,1,-0.004657352,0.344115004,0.328021522
2020-08-16 00:00:00,0.3052,0.020053476,1,1,0.020053476,0.371069182,0.354652969
2020-08-17 00:00:00,0.3161,0.035714286,1,1,0.035714286,0.420035939,0.403033433
2020-08-18 00:00:00,0.3029,-0.041758937,1,1,-0.041758937,0.360736748,0.344444248
2020-08-19 00:00:00,0.2899,-0.042918455,1,1,-0.042918455,0.302336029,0.286742778
2020-08-20 00:00:00,0.2923,0.008278717,1,1,0.008278717,0.3131177,0.297395357
2020-08-21 00:00:00,0.2794,-0.04413274,1,1,-0.04413274,0.255166217,0.240137745
2020-08-22 00:00:00,0.2861,0.023979957,1,1,0.023979957,0.285265049,0.269876194
2020-08-23 00:00:00,0.285,-0.00384481,1,1,-0.00384481,0.28032345,0.264993762
2020-08-24 00:00:00,0.2886,0.012631579,1,1,0.012631579,0.296495957,0.280972631
2020-08-25 00:00:00,0.2767,-0.041233541,1,1,-0.041233541,0.243036837,0.228153593
2020-08-26 00:00:00,0.2767,0,1,1,0,0.243036837,0.228153593
2020-08-27 00:00:00,0.2646,-0.043729671,1,1,-0.043729671,0.188679245,0.17444684
2020-08-28 00:00:00,0.2719,0.027588813,1,1,0.027588813,0.221473495,0.206848435
2020-08-29 00:00:00,0.274,0.007723428,1,1,0.007723428,0.230907457,0.216169442
2020-08-30 00:00:00,0.2834,0.034306569,1,1,0.034306569,0.273135669,0.257892043
2020-08-31 00:00:00,0.2815,-0.006704305,0,0.5,-0.006704305,0.26460018,0.249458751
2020-09-01 00:00:00,0.2955,0.04973357,1,1,0.024866785,0.327493261,0.280528773
2020-09-02 00:00:00,0.276,-0.065989848,0,0.5,-0.065989848,0.239892183,0.196026875
2020-09-03 00:00:00,0.2438,-0.116666667,0,0.5,-0.058333333,0.095238095,0.12625864
2020-09-04 00:00:00,0.2537,0.040607055,0,0.5,0.020303527,0.139712489,0.149125664
2020-09-05 00:00:00,0.2374,-0.064249113,0,0.5,-0.032124557,0.066486972,0.112210511
2020-09-06 00:00:00,0.2399,0.01053075,0,0.5,0.005265375,0.07771788,0.118066717
2020-09-07 00:00:00,0.2422,0.009587328,0,0.5,0.004793664,0.088050314,0.123426353
2020-09-08 00:00:00,0.2367,-0.022708505,0,0.5,-0.011354253,0.063342318,0.110670686
2020-09-09 00:00:00,0.239,0.009716941,0,0.5,0.004858471,0.073674753,0.116066847
2020-09-10 00:00:00,0.243,0.016736402,0,0.5,0.008368201,0.091644205,0.125406318
2020-09-11 00:00:00,0.2424,-0.002469136,0,0.5,-0.001234568,0.088948787,0.124016928
2020-09-12 00:00:00,0.2475,0.021039604,0,0.5,0.010519802,0.111859838,0.135841363
2020-09-13 00:00:00,0.242,-0.022222222,0,0.5,-0.011111111,0.087151842,0.123220904
2020-09-14 00:00:00,0.2457,0.015289256,0,0.5,0.007644628,0.103773585,0.13180751
2020-09-15 00:00:00,0.2431,-0.010582011,0,0.5,-0.005291005,0.092093441,0.12581911
2020-09-16 00:00:00,0.2468,0.015220074,0,0.5,0.007610037,0.108715184,0.134386636
2020-09-17 00:00:00,0.2522,0.021880065,0,0.5,0.010940032,0.132973944,0.146796862
2020-09-18 00:00:00,0.2508,-0.00555115,0,0.5,-0.002775575,0.126684636,0.143613841
2020-09-19 00:00:00,0.2511,0.001196172,0,0.5,0.000598086,0.128032345,0.144297821
2020-09-20 00:00:00,0.2466,-0.017921147,0,0.5,-0.008960573,0.107816712,0.134044256
2020-09-21 00:00:00,0.2308,-0.064071371,0,0.5,-0.032035685,0.036837376,0.097714371
2020-09-22 00:00:00,0.2329,0.009098787,0,0.5,0.004549393,0.046271339,0.102708306
2020-09-23 00:00:00,0.2214,-0.049377415,0,0.5,-0.024688708,-0.005390836,0.075483863
2020-09-24 00:00:00,0.2326,0.050587173,0,0.5,0.025293586,0.04492363,0.102686707
2020-09-25 00:00:00,0.2415,0.038263113,0,0.5,0.019131556,0.08490566,0.12378282
2020-09-26 00:00:00,0.2414,-0.000414079,0,0.5,-0.000207039,0.084456424,0.123550152
2020-09-27 00:00:00,0.2435,0.008699254,0,0.5,0.004349627,0.093890386,0.128437177
2020-09-28 00:00:00,0.2412,-0.009445585,0,0.5,-0.004722793,0.083557951,0.123107802
2020-09-29 00:00:00,0.2428,0.006633499,0,0.5,0.00331675,0.090745732,0.126832869
2020-09-30 00:00:00,0.2416,-0.004942339,0,0.5,-0.00247117,0.085354897,0.124048274
2020-10-01 00:00:00,0.2382,-0.014072848,0,0.5,-0.007036424,0.070080863,0.116138994
2020-10-02 00:00:00,0.2338,-0.018471872,0,0.5,-0.009235936,0.050314465,0.105830406
2020-10-03 00:00:00,0.2327,-0.004704876,0,0.5,-0.002352438,0.045372866,0.103229008
2020-10-04 00:00:00,0.2481,0.06617963,0,0.5,0.033089815,0.114555256,0.139734652
2020-10-05 00:00:00,0.2503,0.008867392,1,1,0.004433696,0.124438455,0.144787889
2020-10-06 00:00:00,0.2454,-0.019576508,1,1,-0.019576508,0.102425876,0.12237694
2020-10-07 00:00:00,0.2486,0.013039935,1,1,0.013039935,0.116801438,0.137012662
2020-10-08 00:00:00,0.2515,0.011665326,1,1,0.011665326,0.12982929,0.150276285
2020-10-09 00:00:00,0.253,0.005964215,1,1,0.005964215,0.136567835,0.15713678
2020-10-10 00:00:00,0.2541,0.004347826,1,1,0.004347826,0.141509434,0.162167809
2020-10-11 00:00:00,0.2554,0.005116096,1,1,0.005116096,0.147349506,0.168113571
2020-10-12 00:00:00,0.2561,0.002740799,1,1,0.002740799,0.15049416,0.171315135
2020-10-13 00:00:00,0.2567,0.002342835,1,1,0.002342835,0.153189578,0.174059333
2020-10-14 00:00:00,0.2492,-0.029216985,1,1,-0.029216985,0.119496855,0.13975686
2020-10-15 00:00:00,0.246,-0.012841091,1,1,-0.012841091,0.105121294,0.125121138
2020-10-16 00:00:00,0.2403,-0.023170732,0,0.5,-0.023170732,0.079514825,0.099051258
2020-10-17 00:00:00,0.2408,0.002080732,0,0.5,0.001040366,0.081761006,0.100194673
2020-10-18 00:00:00,0.2422,0.005813953,0,0.5,0.002906977,0.088050314,0.103392914
2020-10-19 00:00:00,0.2457,0.014450867,0,0.5,0.007225434,0.103773585,0.111365406
2020-10-20 00:00:00,0.2434,-0.009361009,0,0.5,-0.004680505,0.09344115,0.106163655
2020-10-21 00:00:00,0.2511,0.031635168,1,1,0.015817584,0.128032345,0.123660492
2020-10-22 00:00:00,0.2572,0.02429311,1,1,0.02429311,0.155435759,0.1509577
2020-10-23 00:00:00,0.2552,-0.00777605,1,1,-0.00777605,0.146451033,0.142007796
2020-10-24 00:00:00,0.2564,0.004702194,1,1,0.004702194,0.151841869,0.147377738
2020-10-25 00:00:00,0.2534,-0.011700468,1,1,-0.011700468,0.13836478,0.133952882
2020-10-26 00:00:00,0.2481,-0.020915549,1,1,-0.020915549,0.114555256,0.110235635
2020-10-27 00:00:00,0.2526,0.018137848,1,1,0.018137848,0.134770889,0.13037292
2020-10-28 00:00:00,0.2454,-0.028503563,1,1,-0.028503563,0.102425876,0.098153264
2020-10-29 00:00:00,0.2424,-0.012224939,0,0.5,-0.012224939,0.088948787,0.084728408
2020-10-30 00:00:00,0.2388,-0.014851485,0,0.5,-0.007425743,0.07277628,0.076673494
2020-10-31 00:00:00,0.2396,0.003350084,1,1,0.001675042,0.076370171,0.078476967
2020-11-01 00:00:00,0.2398,0.000834725,1,1,0.000834725,0.077268643,0.079377198
2020-11-02 00:00:00,0.2353,-0.018765638,1,1,-0.018765638,0.05705301,0.059121996
2020-11-03 00:00:00,0.2394,0.017424564,0,0.5,0.017424564,0.075471698,0.077576736
2020-11-04 00:00:00,0.2373,-0.00877193,0,0.5,-0.004385965,0.066037736,0.072850522
2020-11-05 00:00:00,0.2456,0.034976823,1,1,0.017488411,0.103324349,0.091612973
2020-11-06 00:00:00,0.2588,0.053745928,1,1,0.053745928,0.16262354,0.150282726
2020-11-07 00:00:00,0.249,-0.037867079,0,0.5,-0.037867079,0.118598383,0.106724879
2020-11-08 00:00:00,0.2538,0.019277108,1,1,0.009638554,0.140161725,0.117392107
2020-11-09 00:00:00,0.2507,-0.012214342,0,0.5,-0.012214342,0.1262354,0.103743898
2020-11-10 00:00:00,0.2543,0.014359793,0,0.5,0.007179896,0.142407907,0.111668664
2020-11-11 00:00:00,0.256,0.006685018,0,0.5,0.003342509,0.150044924,0.115384427
2020-11-12 00:00:00,0.2551,-0.003515625,0,0.5,-0.001757813,0.146001797,0.11342379
2020-11-13 00:00:00,0.2662,0.043512348,1,1,0.021756174,0.195867026,0.137647632
2020-11-14 00:00:00,0.2683,0.007888805,1,1,0.007888805,0.205300988,0.146622312
2020-11-15 00:00:00,0.27,0.006336191,1,1,0.006336191,0.212938005,0.15388753
2020-11-16 00:00:00,0.2885,0.068518519,1,1,0.068518519,0.296046721,0.232950194
2020-11-17 00:00:00,0.303,0.050259965,1,1,0.050259965,0.361185984,0.294918228
2020-11-18 00:00:00,0.2934,-0.031683168,1,1,-0.031683168,0.318059299,0.253891116
2020-11-19 00:00:00,0.304,0.036128153,1,1,0.036128153,0.365678347,0.299191886
2020-11-20 00:00:00,0.3306,0.0875,1,1,0.0875,0.485175202,0.412871176
2020-11-21 00:00:00,0.4639,0.403206292,1,1,0.403206292,1.084007188,0.982549723
2020-11-22 00:00:00,0.4465,-0.037508084,1,1,-0.037508084,1.005840072,0.908188082
2020-11-23 00:00:00,0.6157,0.378947368,1,1,0.378947368,1.765947889,1.631290935
2020-11-24 00:00:00,0.6951,0.128958909,1,1,0.128958909,2.122641509,1.970619342
2020-11-25 00:00:00,0.6314,-0.09164149,1,1,-0.09164149,1.836477987,1.698387358
2020-11-26 00:00:00,0.537,-0.149509028,1,1,-0.149509028,1.412398922,1.294954088
2020-11-27 00:00:00,0.5631,0.048603352,1,1,0.048603352,1.529649596,1.406496549
2020-11-28 00:00:00,0.6258,0.111347896,1,1,0.111347896,1.811320755,1.674454876
2020-11-29 00:00:00,0.6059,-0.031799297,1,1,-0.031799297,1.721922731,1.589409091
2020-11-30 00:00:00,0.6648,0.097210761,1,1,0.097210761,1.986522911,1.841127519
2020-12-01 00:00:00,0.6114,-0.08032491,1,1,-0.08032491,1.746630728,1.612914207
2020-12-02 00:00:00,0.6303,0.030912659,1,1,0.030912659,1.831536388,1.693686335
2020-12-03 00:00:00,0.6308,0.000793273,1,1,0.000793273,1.83378257,1.695823163
2020-12-04 00:00:00,0.5534,-0.122701332,1,1,-0.122701332,1.486073675,1.365042071
2020-12-05 00:00:00,0.5853,0.057643657,1,1,0.057643657,1.629380054,1.501371746
2020-12-06 00:00:00,0.6216,0.062019477,1,1,0.062019477,1.79245283,1.656505514
2020-12-07 00:00:00,0.6085,-0.021074646,1,1,-0.021074646,1.733602875,1.600520601
2020-12-08 00:00:00,0.5587,-0.081840592,1,1,-0.081840592,1.509883199,1.387692456
2020-12-09 00:00:00,0.5826,0.042777877,1,1,0.042777877,1.617250674,1.489832871
2020-12-10 00:00:00,0.5708,-0.020254034,1,1,-0.020254034,1.564240791,1.439403712
2020-12-11 00:00:00,0.5127,-0.101786966,1,1,-0.101786966,1.303234501,1.19110421
2020-12-12 00:00:00,0.5065,-0.012092842,1,1,-0.012092842,1.275381851,1.164607534
2020-12-13 00:00:00,0.5138,0.014412636,1,1,0.014412636,1.308176101,1.195805234
2020-12-14 00:00:00,0.498,-0.030751265,1,1,-0.030751265,1.237196765,1.128281445
2020-12-15 00:00:00,0.4685,-0.059236948,1,1,-0.059236948,1.104672058,1.002208548
2020-12-16 00:00:00,0.5686,0.213660619,1,1,0.213660619,1.554357592,1.430001666
2020-12-17 00:00:00,0.5777,0.016004221,1,1,0.016004221,1.595238095,1.468891949
2020-12-18 00:00:00,0.5843,0.011424615,1,1,0.011424615,1.624887691,1.497098089
2020-12-19 00:00:00,0.577,-0.012493582,1,1,-0.012493582,1.592093441,1.465900389
2020-12-20 00:00:00,0.5559,-0.036568458,1,1,-0.036568458,1.497304582,1.375726215
2020-12-21 00:00:00,0.5152,-0.073214607,1,1,-0.073214607,1.314465409,1.201788354
2020-12-22 00:00:00,0.4452,-0.135869565,0,0.5,-0.135869565,1,0.902632328
2020-12-23 00:00:00,0.2588,-0.41868823,-1,0,-0.209344115,0.16262354,0.504327447
2020-12-24 00:00:00,0.3394,0.311437403,0,0.5,0,0.524707996,0.504327447
2020-12-25 00:00:00,0.3178,-0.063641721,0,0.5,-0.03182086,0.427672956,0.456458453
2020-12-26 00:00:00,0.2952,-0.071113908,0,0.5,-0.035556954,0.326145553,0.404671227
2020-12-27 00:00:00,0.2844,-0.036585366,0,0.5,-0.018292683,0.277628032,0.378976022
2020-12-28 00:00:00,0.2473,-0.13045007,-1,0,-0.065225035,0.110961366,0.289032262
2020-12-29 00:00:00,0.2213,-0.105135463,-1,0,0,-0.005840072,0.289032262
2020-12-30 00:00:00,0.2113,-0.045187528,-1,0,0,-0.050763702,0.289032262
2020-12-31 00:00:00,0.2196,0.039280644,-1,0,0,-0.013477089,0.289032262
2021-01-01 00:00:00,0.2377,0.082422587,-1,0,0,0.067834681,0.289032262
2021-01-02 00:00:00,0.221,-0.070256626,-1,0,0,-0.007187781,0.289032262
2021-01-03 00:00:00,0.2265,0.024886878,-1,0,0,0.017520216,0.289032262
2021-01-04 00:00:00,0.2361,0.042384106,-1,0,0,0.0606469,0.289032262
2021-01-05 00:00:00,0.2258,-0.043625582,-1,0,0,0.014375562,0.289032262
2021-01-06 00:00:00,0.2489,0.102302923,0,0.5,0,0.118149146,0.289032262
2021-01-07 00:00:00,0.3243,0.302932905,0,0.5,0.151466452,0.456873315,0.484277406
2021-01-08 00:00:00,0.3206,-0.011409189,0,0.5,-0.005704595,0.440251572,0.475810205
2021-01-09 00:00:00,0.3247,0.012788522,0,0.5,0.006394261,0.458670261,0.48524692
2021-01-10 00:00:00,0.3152,-0.029257776,0,0.5,-0.014628888,0.415992812,0.463519409
2021-01-11 00:00:00,0.2877,-0.087246193,0,0.5,-0.043623096,0.29245283,0.399676161
2021-01-12 00:00:00,0.2928,0.017726799,0,0.5,0.008863399,0.315363881,0.41208205
2021-01-13 00:00:00,0.3059,0.044740437,0,0.5,0.022370219,0.374213836,0.443670634
2021-01-14 00:00:00,0.297,-0.029094475,0,0.5,-0.014547238,0.334231806,0.422669214
2021-01-15 00:00:00,0.2803,-0.056228956,0,0.5,-0.028114478,0.259209344,0.382671612
2021-01-16 00:00:00,0.2797,-0.002140564,0,0.5,-0.001070282,0.256513926,0.381191763
2021-01-17 00:00:00,0.2777,-0.007150518,0,0.5,-0.003575259,0.2475292,0.376253645
2021-01-18 00:00:00,0.2857,0.028808066,0,0.5,0.014404033,0.283468104,0.396077248
2021-01-19 00:00:00,0.2942,0.029751488,0,0.5,0.014875744,0.32165319,0.416844935
2021-01-20 00:00:00,0.296,0.006118287,0,0.5,0.003059143,0.329739443,0.421179267
2021-01-21 00:00:00,0.2684,-0.093243243,0,0.5,-0.046621622,0.205750225,0.354921585
2021-01-22 00:00:00,0.2724,0.01490313,1,1,0.007451565,0.223719677,0.365017871
2021-01-23 00:00:00,0.272,-0.001468429,0,0.5,-0.001468429,0.221922731,0.36301344
2021-01-24 00:00:00,0.2739,0.006985294,0,0.5,0.003492647,0.230458221,0.367773964
2021-01-25 00:00:00,0.2678,-0.022270902,0,0.5,-0.011135451,0.203054807,0.352543185
2021-01-26 00:00:00,0.2686,0.002987304,0,0.5,0.001493652,0.206648697,0.354563413
2021-01-27 00:00:00,0.2507,-0.066641847,1,1,-0.033320923,0.1262354,0.30942811
2021-01-28 00:00:00,0.2645,0.055045872,1,1,0.055045872,0.188230009,0.381506721
2021-01-29 00:00:00,0.2833,0.071077505,1,1,0.071077505,0.272686433,0.479700772
2021-01-30 00:00:00,0.4445,0.569008119,1,1,0.569008119,0.996855346,1.321662524
2021-01-31 00:00:00,0.4959,0.115635546,1,1,0.115635546,1.227762803,1.590129237
2021-02-01 00:00:00,0.3714,-0.251058681,1,1,-0.251058681,0.668463612,0.939854806
2021-02-02 00:00:00,0.3734,0.00538503,1,1,0.00538503,0.677448338,0.950300982
2021-02-03 00:00:00,0.398,0.065881093,1,1,0.065881093,0.787960467,1.078788942
2021-02-04 00:00:00,0.4462,0.121105528,1,1,0.121105528,1.004492363,1.330541773
2021-02-05 00:00:00,0.4535,0.016360377,1,1,0.016360377,1.037286613,1.368670314
2021-02-06 00:00:00,0.4442,-0.020507166,1,1,-0.020507166,0.995507637,1.320095598
2021-02-07 00:00:00,0.4188,-0.05718145,1,1,-0.05718145,0.881401617,1.187429168
2021-02-08 00:00:00,0.4522,0.079751671,1,1,0.079751671,1.031446541,1.3618803
2021-02-09 00:00:00,0.4773,0.055506413,1,1,0.055506413,1.144204852,1.492979804
2021-02-10 00:00:00,0.5055,0.059082338,1,1,0.059082338,1.270889488,1.640270879
2021-02-11 00:00:00,0.5292,0.046884273,1,1,0.046884273,1.377358491,1.76405806
2021-02-12 00:00:00,0.6107,0.154006047,1,1,0.154006047,1.743486074,2.189739715
2021-02-13 00:00:00,0.6348,0.039462911,1,1,0.039462911,1.851752022,2.315616131
2021-02-14 00:00:00,0.5935,-0.065059861,1,1,-0.065059861,1.66621743,2.099902605
2021-02-15 00:00:00,0.55,-0.073294019,1,1,-0.073294019,1.470799641,1.872698286
2021-02-16 00:00:00,0.5203,-0.054,1,1,-0.054,1.33737646,1.717572579
2021-02-17 00:00:00,0.536,0.030174899,1,1,0.030174899,1.407906559,1.799575057
2021-02-18 00:00:00,0.5328,-0.005970149,1,1,-0.005970149,1.393530997,1.782861176
2021-02-19 00:00:00,0.5667,0.063626126,1,1,0.063626126,1.545822102,1.959923852
2021-02-20 00:00:00,0.5117,-0.097053115,1,1,-0.097053115,1.298742138,1.672654024
2021-02-21 00:00:00,0.5459,0.066836037,1,1,0.066836037,1.452380952,1.851283626
2021-02-22 00:00:00,0.5668,0.0382854,1,1,0.0382854,1.546271339,1.960446161
2021-02-23 00:00:00,0.4765,-0.159315455,1,1,-0.159315455,1.140610961,1.488801333
2021-02-24 00:00:00,0.4687,-0.01636936,1,1,-0.01636936,1.10557053,1.448061249
2021-02-25 00:00:00,0.4358,-0.070194154,1,1,-0.070194154,0.957771788,1.27622166
2021-02-26 00:00:00,0.4279,-0.018127581,1,1,-0.018127581,0.92228212,1.234959267
2021-02-27 00:00:00,0.4361,0.019163356,1,1,0.019163356,0.959119497,1.277788587
2021-02-28 00:00:00,0.4159,-0.046319651,1,1,-0.046319651,0.868373765,1.172282213
2021-03-01 00:00:00,0.4458,0.071892282,1,1,0.071892282,1.002695418,1.328452538
2021-03-02 00:00:00,0.4361,-0.021758636,0,0.5,-0.021758636,0.959119497,1.277788587
2021-03-03 00:00:00,0.4486,0.028663151,1,1,0.014331575,1.015274034,1.310432885
2021-03-04 00:00:00,0.4816,0.073562193,1,1,0.073562193,1.163522013,1.480393396
2021-03-05 00:00:00,0.4551,-0.055024917,1,1,-0.055024917,1.044474394,1.343909956
2021-03-06 00:00:00,0.463,0.017358822,1,1,0.017358822,1.079964061,1.384597472
2021-03-07 00:00:00,0.466,0.006479482,1,1,0.006479482,1.09344115,1.400048427
2021-03-08 00:00:00,0.4749,0.019098712,1,1,0.019098712,1.133423181,1.445886262
2021-03-09 00:00:00,0.4858,0.0229522,1,1,0.0229522,1.182389937,1.502024734
2021-03-10 00:00:00,0.4621,-0.048785508,1,1,-0.048785508,1.075920934,1.379962185
2021-03-11 00:00:00,0.4527,-0.020341917,0,0.5,-0.020341917,1.033692722,1.331549191
2021-03-12 00:00:00,0.4399,-0.028274796,0,0.5,-0.014137398,0.976190476,1.298587153
2021-03-13 00:00:00,0.4586,0.042509661,0,0.5,0.021254831,1.060197664,1.347443233
2021-03-14 00:00:00,0.4394,-0.04186655,0,0.5,-0.020933275,0.973944295,1.298303558
2021-03-15 00:00:00,0.4361,-0.007510241,0,0.5,-0.003755121,0.959119497,1.289673151
2021-03-16 00:00:00,0.4607,0.05640908,0,0.5,0.02820454,1.069631626,1.35425233
2021-03-17 00:00:00,0.4707,0.021706099,0,0.5,0.01085305,1.114555256,1.379803147
2021-03-18 00:00:00,0.4696,-0.002336945,0,0.5,-0.001168472,1.109613657,1.377022413
2021-03-19 00:00:00,0.4668,-0.005962521,0,0.5,-0.002981261,1.09703504,1.369935889
2021-03-20 00:00:00,0.5265,0.127892031,0,0.5,0.063946015,1.365229111,1.521483846
2021-03-21 00:00:00,0.5176,-0.016904084,0,0.5,-0.008452042,1.32524708,1.500172159
2021-03-22 00:00:00,0.5449,0.052743431,1,1,0.026371716,1.447888589,1.566105989
2021-03-23 00:00:00,0.5501,0.009543035,0,0.5,0.009543035,1.471248877,1.590594429
2021-03-24 00:00:00,0.48,-0.127431376,-1,0,-0.063715688,1.156334232,1.425532922
2021-03-25 00:00:00,0.511,0.064583333,0,0.5,0,1.295597484,1.425532922
2021-03-26 00:00:00,0.5638,0.10332681,1,1,0.051663405,1.53279425,1.550844212
2021-03-27 00:00:00,0.5479,-0.02820149,0,0.5,-0.02820149,1.461365678,1.478906605
2021-03-28 00:00:00,0.5463,-0.002920241,0,0.5,-0.00146012,1.454177898,1.475287103
2021-03-29 00:00:00,0.5662,0.036426872,0,0.5,0.018213436,1.543575921,1.520370586
2021-03-30 00:00:00,0.5629,-0.005828329,0,0.5,-0.002914165,1.528751123,1.513025811
2021-03-31 00:00:00,0.5708,0.014034464,0,0.5,0.007017232,1.564240791,1.530660297
2021-04-01 00:00:00,0.5714,0.001051156,0,0.5,0.000525578,1.566936208,1.531990356
2021-04-02 00:00:00,0.6078,0.063703185,0,0.5,0.031851593,1.730458221,1.612638282
2021-04-03 00:00:00,0.579,-0.047384008,1,1,-0.023692004,1.601078167,1.550739645
2021-04-04 00:00:00,0.6353,0.097236615,1,1,0.097236615,1.853998203,1.798764933
2021-04-05 00:00:00,0.9176,0.444356997,1,1,0.444356997,3.122192273,3.042415714
2021-04-06 00:00:00,1.1005,0.199324324,1,1,0.199324324,3.943845463,3.848167495
2021-04-07 00:00:00,0.918,-0.165833712,1,1,-0.165833712,3.123989218,3.044177883
2021-04-08 00:00:00,1.0588,0.153376906,1,1,0.153376906,3.756513926,3.664461375
2021-04-09 00:00:00,1.0192,-0.037400831,1,1,-0.037400831,3.578616352,3.490006643
2021-04-10 00:00:00,1.3762,0.350274725,1,1,0.350274725,5.182389937,5.062742486
2021-04-11 00:00:00,1.3563,-0.014460108,1,1,-0.014460108,5.092991914,4.975074578
2021-04-12 00:00:00,1.4706,0.084273391,1,1,0.084273391,5.606469003,5.478614373
2021-04-13 00:00:00,1.7993,0.223514212,1,1,0.223514212,7.083108715,6.926676759
2021-04-14 00:00:00,1.8385,0.02178625,1,1,0.02178625,7.259209344,7.099369322
2021-04-15 00:00:00,1.7599,-0.042752244,1,1,-0.042752244,6.906109614,6.753103111
2021-04-16 00:00:00,1.5515,-0.118415819,1,1,-0.118415819,5.969901168,5.835013056
2021-04-17 00:00:00,1.5409,-0.006832098,1,1,-0.006832098,5.92228212,5.788315577
2021-04-18 00:00:00,1.4105,-0.084625868,1,1,-0.084625868,5.336477987,5.213848479
2021-04-19 00:00:00,1.31,-0.071251329,1,1,-0.071251329,4.884995508,4.771103515
2021-04-20 00:00:00,1.3863,0.058244275,1,1,0.058244275,5.227762803,5.107237254
2021-04-21 00:00:00,1.2912,-0.06859987,1,1,-0.06859987,4.800539084,4.688281571
2021-04-22 00:00:00,1.1557,-0.10494114,1,1,-0.10494114,4.191823899,4.091346818
2021-04-23 00:00:00,1.1703,0.012633036,1,1,0.012633036,4.257412399,4.155665987
2021-04-24 00:00:00,1.0503,-0.102537811,1,1,-0.102537811,3.718328841,3.627015284
2021-04-25 00:00:00,1.0356,-0.013996001,1,1,-0.013996001,3.652291105,3.562255572
2021-04-26 00:00:00,1.3644,0.317497103,1,1,0.317497103,5.129380054,5.0107585
2021-04-27 00:00:00,1.4039,0.028950454,1,1,0.028950454,5.306828392,5.18477269
2021-04-28 00:00:00,1.3594,-0.031697414,1,1,-0.031697414,5.106918239,4.988731388
2021-04-29 00:00:00,1.3985,0.028762689,1,1,0.028762689,5.282569632,5.160983409
2021-04-30 00:00:00,1.6019,0.145441545,1,1,0.145441545,6.196316262,6.057046351
2021-05-01 00:00:00,1.6531,0.031962045,1,1,0.031962045,6.426325247,6.282603985
2021-05-02 00:00:00,1.5618,-0.055229569,1,1,-0.055229569,6.016172507,5.880388908
2021-05-03 00:00:00,1.5582,-0.002305033,1,1,-0.002305033,6,5.864529387
2021-05-04 00:00:00,1.3882,-0.109100244,1,1,-0.109100244,5.236298293,5.115607557
2021-05-05 00:00:00,1.6181,0.165610143,1,1,0.165610143,6.269092543,6.128414196
2021-05-06 00:00:00,1.6051,-0.008034114,1,1,-0.008034114,6.210691824,6.071143703
2021-05-07 00:00:00,1.5811,-0.014952339,1,1,-0.014952339,6.102875112,5.965413563
2021-05-08 00:00:00,1.5635,-0.011131491,1,1,-0.011131491,6.023809524,5.887878126
2021-05-09 00:00:00,1.5365,-0.017268948,1,1,-0.017268948,5.902515723,5.768931718
2021-05-10 00:00:00,1.3909,-0.09476082,1,1,-0.09476082,5.248427673,5.127502197
2021-05-11 00:00:00,1.4808,0.064634409,1,1,0.064634409,5.652291105,5.523549683
2021-05-12 00:00:00,1.2686,-0.143300918,0,0.5,-0.143300918,4.69901168,4.588719022
2021-05-13 00:00:00,1.3657,0.076541069,0,0.5,0.038270534,5.135220126,4.802602286
2021-05-14 00:00:00,1.4003,0.025334993,0,0.5,0.012667497,5.290655885,4.87610673
2021-05-15 00:00:00,1.4927,0.06598586,0,0.5,0.03299293,5.705750225,5.069976709
2021-05-16 00:00:00,1.4503,-0.028404904,0,0.5,-0.014202452,5.515274034,4.983768156
2021-05-17 00:00:00,1.4968,0.032062332,0,0.5,0.016031166,5.724168913,5.079694937
2021-05-18 00:00:00,1.5898,0.062132549,1,1,0.031066275,6.14195867,5.26856841
2021-05-19 00:00:00,1.0578,-0.334633287,0,0.5,-0.334633287,3.752021563,3.170896757
2021-05-20 00:00:00,1.1809,0.116373606,0,0.5,0.058186803,4.305031447,3.413587904
2021-05-21 00:00:00,1.0069,-0.147345245,0,0.5,-0.073672623,3.523360288,3.088427308
2021-05-22 00:00:00,0.9055,-0.100705135,0,0.5,-0.050352567,3.067834681,2.882564497
2021-05-23 00:00:00,0.7899,-0.127664274,0,0.5,-0.063832137,2.54851752,2.634732108
2021-05-24 00:00:00,0.9936,0.257880744,0,0.5,0.128940372,3.46361186,3.103395819
2021-05-25 00:00:00,0.9745,-0.019223027,0,0.5,-0.009611514,3.377807727,3.063955974
2021-05-26 00:00:00,1.0303,0.057260133,0,0.5,0.028630067,3.628481581,3.180307305
2021-05-27 00:00:00,0.9747,-0.053964865,0,0.5,-0.026982432,3.378706199,3.067512446
2021-05-28 00:00:00,0.8988,-0.077870114,0,0.5,-0.038935057,3.037735849,2.909143617
2021-05-29 00:00:00,0.8306,-0.07587895,0,0.5,-0.037939475,2.731356694,2.760832761
2021-05-30 00:00:00,0.9047,0.089212617,0,0.5,0.044606309,3.064240791,2.928589628
2021-05-31 00:00:00,1.041,0.150657677,0,0.5,0.075328838,3.676549865,3.224525721
2021-06-01 00:00:00,1.0109,-0.028914505,0,0.5,-0.014457253,3.541329739,3.163450685
2021-06-02 00:00:00,1.0245,0.013453358,0,0.5,0.006726679,3.602425876,3.191456882
2021-06-03 00:00:00,1.0456,0.020595412,0,0.5,0.010297706,3.697214735,3.234619274
2021-06-04 00:00:00,0.9691,-0.073163734,0,0.5,-0.036581867,3.353548967,3.079708995
2021-06-05 00:00:00,0.9227,-0.047879476,0,0.5,-0.023939738,3.145103324,2.982041831
2021-06-06 00:00:00,0.9466,0.025902243,0,0.5,0.012951122,3.2524708,3.03361374
2021-06-07 00:00:00,0.8617,-0.089689415,0,0.5,-0.044844707,2.871069182,2.852727512
2021-06-08 00:00:00,0.8733,0.013461762,0,0.5,0.006730881,2.923180593,2.878659762
2021-06-09 00:00:00,0.9218,0.055536471,0,0.5,0.027768235,3.141060198,2.986363299
2021-06-10 00:00:00,0.8692,-0.057062269,0,0.5,-0.028531135,2.904761905,2.872627831
2021-06-11 00:00:00,0.8471,-0.025425679,0,0.5,-0.012712839,2.805480683,2.823395735
2021-06-12 00:00:00,0.8326,-0.017117223,0,0.5,-0.008558612,2.74034142,2.790672775
2021-06-13 00:00:00,0.8836,0.061253903,0,0.5,0.030626952,2.969451932,2.906769527
2021-06-14 00:00:00,0.8902,0.007469443,0,0.5,0.003734722,2.999101527,2.921360224
2021-06-15 00:00:00,0.8665,-0.026623231,0,0.5,-0.013311615,2.892632525,2.869160585
2021-06-16 00:00:00,0.8321,-0.039699942,0,0.5,-0.019849971,2.738095238,2.792357859
2021-06-17 00:00:00,0.8415,0.011296719,0,0.5,0.00564836,2.78032345,2.81377846
2021-06-18 00:00:00,0.7971,-0.052762923,0,0.5,-0.026381462,2.580862534,2.71316541
2021-06-19 00:00:00,0.7577,-0.049429181,0,0.5,-0.02471459,2.403863432,2.621396047
2021-06-20 00:00:00,0.7742,0.021776429,0,0.5,0.010888214,2.477987421,2.660826584
2021-06-21 00:00:00,0.6066,-0.216481529,0,0.5,-0.108240765,1.725067385,2.264575915
2021-06-22 00:00:00,0.5464,-0.099241675,-1,0,-0.049620837,1.454627134,2.102584924
2021-06-23 00:00:00,0.638,0.167642753,0,0.5,0,1.866127583,2.102584924
2021-06-24 00:00:00,0.6732,0.055172414,0,0.5,0.027586207,2.02425876,2.188173474
2021-06-25 00:00:00,0.6106,-0.092988711,0,0.5,-0.046494355,1.743036837,2.039941403
2021-06-26 00:00:00,0.6159,0.008679987,0,0.5,0.004339993,1.766846361,2.053134729
2021-06-27 00:00:00,0.648,0.05211885,0,0.5,0.026059425,1.911051213,2.132697665
2021-06-28 00:00:00,0.6439,-0.00632716,0,0.5,-0.00316358,1.892632525,2.122787125
2021-06-29 00:00:00,0.7065,0.097220065,0,0.5,0.048610033,2.173854447,2.274585909
2021-06-30 00:00:00,0.7057,-0.001132343,0,0.5,-0.000566171,2.170260557,2.272731933
2021-07-01 00:00:00,0.659,-0.066175429,0,0.5,-0.033087714,1.960467206,2.164444713
2021-07-02 00:00:00,0.6555,-0.005311077,0,0.5,-0.002655539,1.944743935,2.156041408
2021-07-03 00:00:00,0.6728,0.026392067,0,0.5,0.013196034,2.022461815,2.197688636
2021-07-04 00:00:00,0.6958,0.034185493,0,0.5,0.017092747,2.125786164,2.252345918
2021-07-05 00:00:00,0.6523,-0.062517965,0,0.5,-0.031258982,1.930368374,2.150680894
2021-07-06 00:00:00,0.6647,0.019009658,0,0.5,0.009504829,1.986073675,2.180627578
2021-07-07 00:00:00,0.6516,-0.019708139,0,0.5,-0.00985407,1.92722372,2.149285452
2021-07-08 00:00:00,0.6216,-0.046040516,0,0.5,-0.023020258,1.79245283,2.076788089
2021-07-09 00:00:00,0.6367,0.024292149,0,0.5,0.012146075,1.860287511,2.114158987
2021-07-10 00:00:00,0.6247,-0.018847181,0,0.5,-0.00942359,1.806379155,2.084812428
2021-07-11 00:00:00,0.6363,0.018568913,0,0.5,0.009284457,1.858490566,2.113453235
2021-07-12 00:00:00,0.6285,-0.012258369,0,0.5,-0.006129184,1.823450135,2.094370306
2021-07-13 00:00:00,0.6192,-0.014797136,0,0.5,-0.007398568,1.781671159,2.071476397
2021-07-14 00:00:00,0.6197,0.000807494,0,0.5,0.000403747,1.783917341,2.072716496
2021-07-15 00:00:00,0.5978,-0.03533968,0,0.5,-0.01766984,1.685534591,2.018422086
2021-07-16 00:00:00,0.5894,-0.014051522,0,0.5,-0.007025761,1.647798742,1.997215374
2021-07-17 00:00:00,0.5819,-0.012724805,0,0.5,-0.006362402,1.61410602,1.978145883
2021-07-18 00:00:00,0.5866,0.008076989,0,0.5,0.004038495,1.635220126,1.990173109
2021-07-19 00:00:00,0.5569,-0.050630753,0,0.5,-0.025315377,1.501796945,1.914475751
2021-07-20 00:00:00,0.5283,-0.051355719,-1,0,-0.02567786,1.373315364,1.839638252
2021-07-21 00:00:00,0.5712,0.081203861,0,0.5,0,1.566037736,1.839638252
2021-07-22 00:00:00,0.5921,0.036589636,1,1,0.018294818,1.659928122,1.891588916
2021-07-23 00:00:00,0.6092,0.028880257,0,0.5,0.028880257,1.736747529,1.975098747
2021-07-24 00:00:00,0.6082,-0.001641497,0,0.5,-0.000820749,1.732255166,1.972656939
2021-07-25 00:00:00,0.6064,-0.002959553,0,0.5,-0.001479776,1.724168913,1.968258071
2021-07-26 00:00:00,0.6233,0.027869393,1,1,0.013934697,1.800089847,2.009619847
2021-07-27 00:00:00,0.6448,0.034493823,0,0.5,0.034493823,1.896675651,2.113433142
2021-07-28 00:00:00,0.732,0.135235732,1,1,0.067617866,2.288409704,2.323956846
2021-07-29 00:00:00,0.7492,0.023497268,1,1,0.023497268,2.365678347,2.402060751
2021-07-30 00:00:00,0.752,0.00373732,1,1,0.00373732,2.378256963,2.41477534
2021-07-31 00:00:00,0.7464,-0.007446809,1,1,-0.007446809,2.35309973,2.389346162
2021-08-01 00:00:00,0.7242,-0.029742765,1,1,-0.029742765,2.253369272,2.288537634
2021-08-02 00:00:00,0.7381,0.019193593,1,1,0.019193593,2.315813118,2.351656487
2021-08-03 00:00:00,0.7138,-0.032922368,0,0.5,-0.032922368,2.206648697,2.241312018
2021-08-04 00:00:00,0.7314,0.024656767,0,0.5,0.012328383,2.285714286,2.281272155
2021-08-05 00:00:00,0.7335,0.002871206,0,0.5,0.001435603,2.295148248,2.285982759
2021-08-06 00:00:00,0.7475,0.019086571,0,0.5,0.009543286,2.35804133,2.317341831
2021-08-07 00:00:00,0.817,0.092976589,0,0.5,0.046488294,2.670260557,2.471559394
2021-08-08 00:00:00,0.7796,-0.045777234,0,0.5,-0.022888617,2.502246181,2.392100201
2021-08-09 00:00:00,0.8178,0.048999487,0,0.5,0.024499743,2.673854447,2.475205786
2021-08-10 00:00:00,0.8519,0.041697236,0,0.5,0.020848618,2.827044025,2.547659025
2021-08-11 00:00:00,1.012,0.187932856,0,0.5,0.093966428,3.546271339,2.881019871
2021-08-12 00:00:00,0.9667,-0.044762846,0,0.5,-0.022381423,3.342767296,2.794157124
2021-08-13 00:00:00,1.0909,0.128478328,0,0.5,0.064239164,3.900718778,3.037890606
2021-08-14 00:00:00,1.2805,0.173801448,0,0.5,0.086900724,4.7524708,3.388786224
2021-08-15 00:00:00,1.285,0.003514252,0,0.5,0.001757126,4.772686433,3.396497875
2021-08-16 00:00:00,1.1861,-0.076964981,0,0.5,-0.03848249,4.328391734,3.227309688
2021-08-17 00:00:00,1.0984,-0.073939803,0,0.5,-0.036969901,3.9344115,3.071026466
2021-08-18 00:00:00,1.1439,0.041423889,0,0.5,0.020711945,4.138814016,3.155345341
2021-08-19 00:00:00,1.2357,0.08025177,0,0.5,0.040125885,4.551212938,3.322082251
2021-08-20 00:00:00,1.264,0.022901999,1,1,0.011450999,4.67834681,3.371574412
2021-08-21 00:00:00,1.2172,-0.037025316,1,1,-0.037025316,4.468104223,3.209715486
2021-08-22 00:00:00,1.2266,0.007722642,1,1,0.007722642,4.510332435,3.242225612
2021-08-23 00:00:00,1.2465,0.016223708,1,1,0.016223708,4.599730458,3.311050241
2021-08-24 00:00:00,1.1358,-0.088808664,0,0.5,-0.088808664,4.102425876,2.928191627
2021-08-25 00:00:00,1.1749,0.034425075,0,0.5,0.017212537,4.278077269,2.995805773
2021-08-26 00:00:00,1.0724,-0.087241467,0,0.5,-0.043620734,3.817610063,2.821505793
2021-08-27 00:00:00,1.1925,0.111991794,0,0.5,0.055995897,4.357142857,3.035494438
2021-08-28 00:00:00,1.1471,-0.038071279,0,0.5,-0.019035639,4.153189578,2.958676221
2021-08-29 00:00:00,1.1423,-0.004184465,0,0.5,-0.002092233,4.131626235,2.95039375
2021-08-30 00:00:00,1.101,-0.036155126,0,0.5,-0.018077563,3.946091644,2.878980259
2021-08-31 00:00:00,1.1872,0.078292461,0,0.5,0.039146231,4.333333333,3.030827715
2021-09-01 00:00:00,1.237,0.041947439,0,0.5,0.02097372,4.55705301,3.115369165
2021-09-02 00:00:00,1.2542,0.013904608,0,0.5,0.006952304,4.634321653,3.143980463
2021-09-03 00:00:00,1.2921,0.030218466,0,0.5,0.015109233,4.80458221,3.206592829
2021-09-04 00:00:00,1.2556,-0.028248588,0,0.5,-0.014124294,4.640610961,3.147177676
2021-09-05 00:00:00,1.309,0.042529468,0,0.5,0.021264734,4.880503145,3.235366306
2021-09-06 00:00:00,1.3906,0.062337662,0,0.5,0.031168831,5.247079964,3.367377724
2021-09-07 00:00:00,1.1292,-0.187976413,0,0.5,-0.093988207,4.07277628,2.956895724
2021-09-08 00:00:00,1.1002,-0.025681899,0,0.5,-0.012840949,3.942497754,2.906085427
2021-09-09 00:00:00,1.0878,-0.011270678,0,0.5,-0.005635339,3.886792453,2.884073311
2021-09-10 00:00:00,1.0556,-0.02960103,0,0.5,-0.014800515,3.742138365,2.826587026
2021-09-11 00:00:00,1.0795,0.022641152,0,0.5,0.011320576,3.84950584,2.869906196
2021-09-12 00:00:00,1.1191,0.03668365,0,0.5,0.018341825,4.027403414,2.940887337
2021-09-13 00:00:00,1.0651,-0.04825306,-1,0,-0.02412653,3.784815813,2.8458074
2021-09-14 00:00:00,1.0965,0.0294808,-1,0,0,3.925876011,2.8458074
2021-09-15 00:00:00,1.1216,0.022891017,-1,0,0,4.038634322,2.8458074
2021-09-16 00:00:00,1.0908,-0.02746077,0,0.5,0,3.900269542,2.8458074
2021-09-17 00:00:00,1.0672,-0.021635497,-1,0,-0.010817748,3.794249775,2.804204423
2021-09-18 00:00:00,1.0756,0.007871064,0,0.5,0,3.831985624,2.804204423
2021-09-19 00:00:00,1.0483,-0.025381183,0,0.5,-0.012690591,3.709344115,2.755926819
2021-09-20 00:00:00,0.9216,-0.120862349,0,0.5,-0.060431174,3.140161725,2.528951751
2021-09-21 00:00:00,0.8738,-0.051866319,-1,0,-0.02593316,2.925426774,2.437434882
2021-09-22 00:00:00,1.0031,0.147974365,0,0.5,0,3.506289308,2.437434882
2021-09-23 00:00:00,1.0015,-0.001595055,-1,0,-0.000797528,3.499101527,2.434693432
2021-09-24 00:00:00,0.9439,-0.057513729,-1,0,0,3.24034142,2.434693432
2021-09-25 00:00:00,0.9398,-0.00434368,0,0.5,0,3.221922731,2.434693432
2021-09-26 00:00:00,0.9433,0.003724197,0,0.5,0.001862098,3.237646002,2.441089169
2021-09-27 00:00:00,0.9208,-0.023852433,0,0.5,-0.011926216,3.136567835,2.400049995
2021-09-28 00:00:00,0.8924,-0.030842745,-1,0,-0.015421373,3.008984726,2.347616557
2021-09-29 00:00:00,0.9261,0.037763335,-1,0,0,3.160377358,2.347616557
2021-09-30 00:00:00,0.9531,0.029154519,-1,0,0,3.281671159,2.347616557
2021-10-01 00:00:00,1.0421,0.093379498,-1,0,0,3.681491465,2.347616557
2021-10-02 00:00:00,1.0362,-0.005661645,0,0.5,0,3.654986523,2.347616557
2021-10-03 00:00:00,1.0558,0.018915267,0,0.5,0.009457634,3.743036837,2.379277088
2021-10-04 00:00:00,1.0435,-0.011649934,0,0.5,-0.005824967,3.687780773,2.359592911
2021-10-05 00:00:00,1.0848,0.039578342,0,0.5,0.019789171,3.873315364,2.426076469
2021-10-06 00:00:00,1.0773,-0.006913717,0,0.5,-0.003456858,3.839622642,2.414233008
2021-10-07 00:00:00,1.0686,-0.008075745,0,0.5,-0.004037872,3.800539084,2.400446771
2021-10-08 00:00:00,1.0641,-0.004211117,0,0.5,-0.002105559,3.78032345,2.393286931
2021-10-09 00:00:00,1.1618,0.091814679,1,1,0.04590734,4.219227314,2.549063706
2021-10-10 00:00:00,1.1359,-0.022292994,1,1,-0.022292994,4.102875112,2.469944451
2021-10-11 00:00:00,1.1368,0.000792323,1,1,0.000792323,4.106918239,2.472693769
2021-10-12 00:00:00,1.1023,-0.030348346,0,0.5,-0.030348346,3.951931716,2.367303256
2021-10-13 00:00:00,1.1284,0.023677765,1,1,0.011838882,4.06918239,2.407168363
2021-10-14 00:00:00,1.1345,0.005405884,1,1,0.005405884,4.096585804,2.425587122
2021-10-15 00:00:00,1.1423,0.006875275,1,1,0.006875275,4.131626235,2.449138977
2021-10-16 00:00:00,1.1356,-0.005865359,1,1,-0.005865359,4.101527403,2.428908537
2021-10-17 00:00:00,1.0947,-0.036016203,1,1,-0.036016203,3.917789757,2.305412271
2021-10-18 00:00:00,1.0836,-0.010139764,1,1,-0.010139764,3.867924528,2.27189617
2021-10-19 00:00:00,1.0923,0.008028793,1,1,0.008028793,3.907008086,2.298165547
2021-10-20 00:00:00,1.1464,0.049528518,1,1,0.049528518,4.150044924,2.461518798
2021-10-21 00:00:00,1.0894,-0.049720865,1,1,-0.049720865,3.893980234,2.289409088
2021-10-22 00:00:00,1.0895,9.17936E-05,1,1,9.17936E-05,3.89442947,2.289711035
2021-10-23 00:00:00,1.0948,0.004864617,1,1,0.004864617,3.918238994,2.305714218
2021-10-24 00:00:00,1.083,-0.010778224,1,1,-0.010778224,3.865229111,2.270084489
2021-10-25 00:00:00,1.0957,0.011726685,1,1,0.011726685,3.92228212,2.30843174
2021-10-26 00:00:00,1.1082,0.011408232,1,1,0.011408232,3.978436658,2.346175097
2021-10-27 00:00:00,0.9951,-0.10205739,1,1,-0.10205739,3.470350404,2.004673199
2021-10-28 00:00:00,1.0586,0.063812682,1,1,0.063812682,3.755615454,2.196409455
2021-10-29 00:00:00,1.0833,0.023332704,1,1,0.023332704,3.866576819,2.270990329
2021-10-30 00:00:00,1.0856,0.002123142,1,1,0.002123142,3.876909254,2.277935107
2021-10-31 00:00:00,1.1135,0.025700074,1,1,0.025700074,4.002246181,2.362178281
2021-11-01 00:00:00,1.0927,-0.018679838,1,1,-0.018679838,3.908805031,2.299373334
2021-11-02 00:00:00,1.1361,0.039718129,1,1,0.039718129,4.103773585,2.430418271
2021-11-03 00:00:00,1.2113,0.066191356,1,1,0.066191356,4.441599281,2.65748231
2021-11-04 00:00:00,1.2012,-0.008338149,1,1,-0.008338149,4.396226415,2.626985677
2021-11-05 00:00:00,1.1591,-0.035048285,1,1,-0.035048285,4.207097934,2.499866049
2021-11-06 00:00:00,1.1518,-0.00629799,1,1,-0.00629799,4.174303684,2.477823928
2021-11-07 00:00:00,1.2215,0.060513978,1,1,0.060513978,4.487421384,2.688280889
2021-11-08 00:00:00,1.2832,0.050511666,1,1,0.050511666,4.76460018,2.874582102
2021-11-09 00:00:00,1.2578,-0.019794264,1,1,-0.019794264,4.65049416,2.797887599
2021-11-10 00:00:00,1.1903,-0.05366513,1,1,-0.05366513,4.347259659,2.594073469
2021-11-11 00:00:00,1.2152,0.020919096,1,1,0.020919096,4.459119497,2.669258237
2021-11-12 00:00:00,1.1889,-0.021642528,1,1,-0.021642528,4.34097035,2.589846213
2021-11-13 00:00:00,1.1899,0.000841114,1,1,0.000841114,4.345462713,2.592865682
2021-11-14 00:00:00,1.1892,-0.000588285,1,1,-0.000588285,4.342318059,2.590752054
2021-11-15 00:00:00,1.1729,-0.013706694,1,1,-0.013706694,4.269092543,2.541534716
2021-11-16 00:00:00,1.0881,-0.072299429,0,0.5,-0.072299429,3.888140162,2.285483779
2021-11-17 00:00:00,1.0958,0.007076555,1,1,0.003538278,3.922731357,2.297108733
2021-11-18 00:00:00,1.041,-0.050009126,0,0.5,-0.050009126,3.676549865,2.132223208
2021-11-19 00:00:00,1.0903,0.047358309,0,0.5,0.023679155,3.89802336,2.206391605
2021-11-20 00:00:00,1.0976,0.006695405,1,1,0.003347702,3.93081761,2.21712565
2021-11-21 00:00:00,1.0581,-0.035987609,0,0.5,-0.035987609,3.753369272,2.101348989
2021-11-22 00:00:00,1.0366,-0.020319441,0,0.5,-0.01015972,3.656783468,2.069840151
2021-11-23 00:00:00,1.067,0.029326645,0,0.5,0.014663322,3.793351303,2.114854207
2021-11-24 00:00:00,1.0329,-0.031958763,0,0.5,-0.015979381,3.640161725,2.065080764
2021-11-25 00:00:00,1.0447,0.011424146,0,0.5,0.005712073,3.693171608,2.082588728
2021-11-26 00:00:00,0.9392,-0.100985929,0,0.5,-0.050492964,3.219227314,1.926939685
2021-11-27 00:00:00,0.9455,0.006707836,0,0.5,0.003353918,3.2475292,1.936756401
2021-11-28 00:00:00,0.9686,0.024431518,0,0.5,0.012215759,3.351302785,1.972631109
2021-11-29 00:00:00,0.9901,0.022196985,0,0.5,0.011098493,3.447888589,2.005622834
2021-11-30 00:00:00,0.9989,0.008887991,0,0.5,0.004443996,3.487421384,2.018979808
2021-12-01 00:00:00,0.9906,-0.00830914,0,0.5,-0.00415457,3.450134771,2.006437245
2021-12-02 00:00:00,0.9722,-0.018574601,0,0.5,-0.009287301,3.367475292,1.978515559
2021-12-03 00:00:00,0.9213,-0.052355482,0,0.5,-0.026177741,3.138814016,1.900544749
2021-12-04 00:00:00,0.8449,-0.0829263,0,0.5,-0.04146315,2.795597484,1.780279028
2021-12-05 00:00:00,0.8041,-0.048289738,-1,0,-0.024144869,2.612309075,1.713149554
2021-12-06 00:00:00,0.8251,0.026116155,0,0.5,0,2.706648697,1.713149554
2021-12-07 00:00:00,0.8154,-0.011756151,-1,0,-0.005878075,2.663072776,1.697201456
2021-12-08 00:00:00,0.862,0.057149865,0,0.5,0,2.872416891,1.697201456
2021-12-09 00:00:00,0.8582,-0.004408353,-1,0,-0.002204176,2.855345912,1.691256349
2021-12-10 00:00:00,0.7985,-0.069564204,-1,0,0,2.587151842,1.691256349
2021-12-11 00:00:00,0.8388,0.050469631,-1,0,0,2.76819407,1.691256349
2021-12-12 00:00:00,0.8393,0.00059609,-1,0,0,2.770440252,1.691256349
2021-12-13 00:00:00,0.7815,-0.068866913,-1,0,0,2.510781671,1.691256349
2021-12-14 00:00:00,0.8101,0.036596289,-1,0,0,2.639263252,1.691256349
2021-12-15 00:00:00,0.8259,0.019503765,-1,0,0,2.710242588,1.691256349
2021-12-16 00:00:00,0.8045,-0.025911127,-1,0,0,2.61410602,1.691256349
2021-12-17 00:00:00,0.7963,-0.010192666,-1,0,0,2.577268643,1.691256349
2021-12-18 00:00:00,0.8261,0.037423082,-1,0,0,2.71114106,1.691256349
2021-12-19 00:00:00,0.8346,0.010289311,-1,0,0,2.749326146,1.691256349
2021-12-20 00:00:00,0.879,0.053199137,-1,0,0,2.948787062,1.691256349
2021-12-21 00:00:00,0.9462,0.076450512,-1,0,0,3.250673854,1.691256349
2021-12-22 00:00:00,0.9531,0.007292327,-1,0,0,3.281671159,1.691256349
2021-12-23 00:00:00,0.9937,0.042597839,-1,0,0,3.464061096,1.691256349
2021-12-24 00:00:00,0.9126,-0.081614169,-1,0,0,3.099730458,1.691256349
2021-12-25 00:00:00,0.9252,0.013806706,-1,0,0,3.156334232,1.691256349
2021-12-26 00:00:00,0.9201,-0.005512322,-1,0,0,3.133423181,1.691256349
2021-12-27 00:00:00,0.9271,0.007607869,-1,0,0,3.164869721,1.691256349
2021-12-28 00:00:00,0.8514,-0.081652465,-1,0,0,2.824797844,1.691256349
2021-12-29 00:00:00,0.8169,-0.040521494,-1,0,0,2.669811321,1.691256349
2021-12-30 00:00:00,0.8382,0.026074183,-1,0,0,2.765498652,1.691256349
2021-12-31 00:00:00,0.8292,-0.010737294,-1,0,0,2.725067385,1.691256349
2022-01-01 00:00:00,0.8507,0.025928606,-1,0,0,2.82165319,1.691256349
2022-01-02 00:00:00,0.8583,0.008933819,-1,0,0,2.855795148,1.691256349
2022-01-03 00:00:00,0.8324,-0.030175929,-1,0,0,2.739442947,1.691256349
2022-01-04 00:00:00,0.8228,-0.011532917,0,0.5,0,2.696316262,1.691256349
2022-01-05 00:00:00,0.7718,-0.061983471,-1,0,-0.030991736,2.46720575,1.607849644
2022-01-06 00:00:00,0.7787,0.00894014,-1,0,0,2.498203055,1.607849644
2022-01-07 00:00:00,0.7634,-0.019648132,-1,0,0,2.429469901,1.607849644
2022-01-08 00:00:00,0.745,-0.024102698,-1,0,0,2.346810422,1.607849644
2022-01-09 00:00:00,0.7529,0.010604027,-1,0,0,2.38230009,1.607849644
2022-01-10 00:00:00,0.7393,-0.018063488,-1,0,0,2.321203953,1.607849644
2022-01-11 00:00:00,0.77,0.041525768,-1,0,0,2.459119497,1.607849644
2022-01-12 00:00:00,0.7982,0.036623377,0,0.5,0,2.585804133,1.607849644
2022-01-13 00:00:00,0.7674,-0.03858682,-1,0,-0.01929341,2.447439353,1.557535331
2022-01-14 00:00:00,0.7727,0.006906437,-1,0,0,2.471248877,1.557535331
2022-01-15 00:00:00,0.7788,0.007894396,-1,0,0,2.498652291,1.557535331
2022-01-16 00:00:00,0.778,-0.001027221,-1,0,0,2.495058401,1.557535331
2022-01-17 00:00:00,0.7614,-0.021336761,-1,0,0,2.420485175,1.557535331
2022-01-18 00:00:00,0.7504,-0.014447071,-1,0,0,2.371069182,1.557535331
2022-01-19 00:00:00,0.7379,-0.016657783,-1,0,0,2.314914645,1.557535331
2022-01-20 00:00:00,0.7194,-0.025071148,-1,0,0,2.23180593,1.557535331
2022-01-21 00:00:00,0.6364,-0.115373923,-1,0,0,1.858939802,1.557535331
2022-01-22 00:00:00,0.5962,-0.063167819,-1,0,0,1.67834681,1.557535331
2022-01-23 00:00:00,0.6281,0.053505535,-1,0,0,1.82165319,1.557535331
2022-01-24 00:00:00,0.6116,-0.026269702,-1,0,0,1.7475292,1.557535331
2022-01-25 00:00:00,0.6175,0.009646828,-1,0,0,1.774034142,1.557535331
2022-01-26 00:00:00,0.619,0.00242915,-1,0,0,1.780772686,1.557535331
2022-01-27 00:00:00,0.6084,-0.017124394,-1,0,0,1.733153639,1.557535331
2022-01-28 00:00:00,0.6108,0.003944773,-1,0,0,1.74393531,1.557535331
2022-01-29 00:00:00,0.6173,0.010641781,-1,0,0,1.773135669,1.557535331
2022-01-30 00:00:00,0.601,-0.026405313,-1,0,0,1.699910153,1.557535331
2022-01-31 00:00:00,0.6173,0.027121464,-1,0,0,1.773135669,1.557535331
2022-02-01 00:00:00,0.628,0.017333549,-1,0,0,1.821203953,1.557535331
2022-02-02 00:00:00,0.6003,-0.04410828,-1,0,0,1.696765499,1.557535331
2022-02-03 00:00:00,0.6096,0.015492254,-1,0,0,1.738544474,1.557535331
2022-02-04 00:00:00,0.6555,0.075295276,-1,0,0,1.944743935,1.557535331
2022-02-05 00:00:00,0.6653,0.01495042,-1,0,0,1.988769093,1.557535331
2022-02-06 00:00:00,0.6825,0.025852999,-1,0,0,2.066037736,1.557535331
2022-02-07 00:00:00,0.8307,0.217142857,0,0.5,0,2.73180593,1.557535331
2022-02-08 00:00:00,0.8755,0.05393042,0,0.5,0.02696521,2.933063792,1.626499808
2022-02-09 00:00:00,0.8694,-0.006967447,0,0.5,-0.003483724,2.905660377,1.617349809
2022-02-10 00:00:00,0.8249,-0.051184725,0,0.5,-0.025592363,2.705750225,1.550365644
2022-02-11 00:00:00,0.7585,-0.080494605,-1,0,-0.040247303,2.407457323,1.447720306
2022-02-12 00:00:00,0.8222,0.083981543,0,0.5,0,2.693620845,1.447720306
2022-02-13 00:00:00,0.8051,-0.020797859,0,0.5,-0.01039893,2.616801438,1.422266634
2022-02-14 00:00:00,0.8007,-0.00546516,0,0.5,-0.00273258,2.59703504,1.415647598
2022-02-15 00:00:00,0.8512,0.063069814,0,0.5,0.031534907,2.823899371,1.49182482
2022-02-16 00:00:00,0.8364,-0.017387218,0,0.5,-0.008693609,2.757412399,1.470161869
2022-02-17 00:00:00,0.768,-0.081779053,0,0.5,-0.040889527,2.450134771,1.36915812
2022-02-18 00:00:00,0.7835,0.020182292,0,0.5,0.010091146,2.519766397,1.39306564
2022-02-19 00:00:00,0.8215,0.048500319,0,0.5,0.02425016,2.69047619,1.451097863
2022-02-20 00:00:00,0.7764,-0.054899574,0,0.5,-0.027449787,2.48787062,1.383815749
2022-02-21 00:00:00,0.7013,-0.09672849,0,0.5,-0.048364245,2.15049416,1.2685243
2022-02-22 00:00:00,0.7203,0.027092542,0,0.5,0.013546271,2.235849057,1.299254345
2022-02-23 00:00:00,0.696,-0.033735943,0,0.5,-0.016867972,2.126684636,1.260470588
2022-02-24 00:00:00,0.6958,-0.000287356,0,0.5,-0.000143678,2.125786164,1.260145808
2022-02-25 00:00:00,0.7696,0.106064961,0,0.5,0.053032481,2.457322552,1.380006946
2022-02-26 00:00:00,0.7505,-0.024818087,0,0.5,-0.012409044,2.371518419,1.350473336
2022-02-27 00:00:00,0.7209,-0.039440373,0,0.5,-0.019720187,2.238544474,1.304121564
2022-02-28 00:00:00,0.7807,0.082951866,0,0.5,0.041475933,2.507187781,1.399687155
2022-03-01 00:00:00,0.7836,0.003714615,0,0.5,0.001857308,2.520215633,1.404144112
2022-03-02 00:00:00,0.7686,-0.01914242,0,0.5,-0.00957121,2.452830189,1.381133544
2022-03-03 00:00:00,0.751,-0.022898777,0,0.5,-0.011449388,2.3737646,1.353871021
2022-03-04 00:00:00,0.7122,-0.051664447,0,0.5,-0.025832224,2.199460916,1.293065298
2022-03-05 00:00:00,0.7537,0.058270149,0,0.5,0.029135074,2.38589398,1.359873927
2022-03-06 00:00:00,0.7248,-0.038344169,0,0.5,-0.019172084,2.25606469,1.314630224
2022-03-07 00:00:00,0.7192,-0.007726269,0,0.5,-0.003863135,2.230907457,1.305688496
2022-03-08 00:00:00,0.7205,0.001807564,0,0.5,0.000903782,2.236747529,1.307772336
2022-03-09 00:00:00,0.7659,0.063011797,-1,0,0.031505899,2.440700809,1.380480777
2022-03-10 00:00:00,0.7359,-0.039169604,-1,0,0,2.305929919,1.380480777
2022-03-11 00:00:00,0.8025,0.090501427,-1,0,0,2.605121294,1.380480777
2022-03-12 00:00:00,0.7853,-0.021433022,-1,0,0,2.52785265,1.380480777
2022-03-13 00:00:00,0.7598,-0.032471667,0,0.5,0,2.413297394,1.380480777
2022-03-14 00:00:00,0.7742,0.018952356,-1,0,0.009476178,2.477987421,1.403038637
2022-03-15 00:00:00,0.7654,-0.011366572,-1,0,0,2.438454627,1.403038637
2022-03-16 00:00:00,0.7915,0.034099817,-1,0,0,2.555705301,1.403038637
2022-03-17 00:00:00,0.7931,0.002021478,-1,0,0,2.562893082,1.403038637
2022-03-18 00:00:00,0.7966,0.004413063,-1,0,0,2.578616352,1.403038637
2022-03-19 00:00:00,0.8192,0.028370575,0,0.5,0,2.680143756,1.403038637
2022-03-20 00:00:00,0.8052,-0.017089844,0,0.5,-0.008544922,2.617250674,1.382504859
2022-03-21 00:00:00,0.8371,0.039617486,0,0.5,0.019808743,2.760557053,1.429699286
2022-03-22 00:00:00,0.8363,-0.00095568,0,0.5,-0.00047784,2.756963163,1.428538278
2022-03-23 00:00:00,0.8375,0.001434892,0,0.5,0.000717446,2.762353998,1.430280623
2022-03-24 00:00:00,0.8427,0.006208955,0,0.5,0.003104478,2.785714286,1.437825375
2022-03-25 00:00:00,0.824,-0.022190578,0,0.5,-0.011095289,2.701707098,1.410776998
2022-03-26 00:00:00,0.8327,0.010558252,0,0.5,0.005279126,2.740790656,1.423503794
2022-03-27 00:00:00,0.8578,0.030142909,0,0.5,0.015071454,2.853548967,1.460029521
2022-03-28 00:00:00,0.864,0.007227792,0,0.5,0.003613896,2.881401617,1.468919812
2022-03-29 00:00:00,0.8576,-0.007407407,0,0.5,-0.003703704,2.852650494,1.459775664
2022-03-30 00:00:00,0.8615,0.004547575,0,0.5,0.002273787,2.87017071,1.465368671
2022-03-31 00:00:00,0.8146,-0.05443993,0,0.5,-0.027219965,2.659478886,1.398261421
2022-04-01 00:00:00,0.8276,0.015958753,0,0.5,0.007979376,2.717879605,1.417398052
2022-04-02 00:00:00,0.8239,-0.004470759,0,0.5,-0.002235379,2.701257862,1.41199425
2022-04-03 00:00:00,0.8431,0.023303799,0,0.5,0.0116519,2.787511231,1.440098565
2022-04-04 00:00:00,0.8259,-0.020400901,1,1,-0.010200451,2.710242588,1.41520846
2022-04-05 00:00:00,0.8163,-0.011623683,0,0.5,-0.011623683,2.667115903,1.387134841
2022-04-06 00:00:00,0.7591,-0.070072277,0,0.5,-0.035036139,2.41015274,1.303498854
2022-04-07 00:00:00,0.787,0.036754051,0,0.5,0.018377025,2.535489668,1.345830311
2022-04-08 00:00:00,0.7546,-0.041168996,-1,0,-0.020584498,2.389937107,1.297542572
2022-04-09 00:00:00,0.7622,0.010071561,0,0.5,0,2.424079066,1.297542572
2022-04-10 00:00:00,0.7538,-0.011020729,-1,0,-0.005510365,2.386343217,1.284882274
2022-04-11 00:00:00,0.6945,-0.078668082,-1,0,0,2.119946092,1.284882274
2022-04-12 00:00:00,0.7147,0.029085673,-1,0,0,2.210691824,1.284882274
2022-04-13 00:00:00,0.7228,0.011333427,-1,0,0,2.247079964,1.284882274
2022-04-14 00:00:00,0.7259,0.004288877,-1,0,0,2.261006289,1.284882274
2022-04-15 00:00:00,0.7853,0.081829453,-1,0,0,2.52785265,1.284882274
2022-04-16 00:00:00,0.7803,-0.006366994,-1,0,0,2.505390836,1.284882274
2022-04-17 00:00:00,0.7516,-0.036780725,-1,0,0,2.376460018,1.284882274
2022-04-18 00:00:00,0.7693,0.023549761,-1,0,0,2.455974843,1.284882274
2022-04-19 00:00:00,0.7744,0.006629403,-1,0,0,2.478885894,1.284882274
2022-04-20 00:00:00,0.7513,-0.029829545,-1,0,0,2.375112309,1.284882274
2022-04-21 00:00:00,0.7321,-0.025555703,-1,0,0,2.28885894,1.284882274
2022-04-22 00:00:00,0.7177,-0.019669444,-1,0,0,2.224168913,1.284882274
2022-04-23 00:00:00,0.7053,-0.017277414,-1,0,0,2.168463612,1.284882274
2022-04-24 00:00:00,0.6979,-0.010491989,-1,0,0,2.135220126,1.284882274
2022-04-25 00:00:00,0.6926,-0.007594211,-1,0,0,2.111410602,1.284882274
2022-04-26 00:00:00,0.6416,-0.073635576,-1,0,0,1.88230009,1.284882274
2022-04-27 00:00:00,0.6517,0.015741895,-1,0,0,1.927672956,1.284882274
2022-04-28 00:00:00,0.6424,-0.01427037,-1,0,0,1.88589398,1.284882274
2022-04-29 00:00:00,0.6112,-0.04856787,-1,0,0,1.745732255,1.284882274
2022-04-30 00:00:00,0.5839,-0.04466623,-1,0,0,1.623090746,1.284882274
2022-05-01 00:00:00,0.6066,0.03887652,-1,0,0,1.725067385,1.284882274
2022-05-02 00:00:00,0.6141,0.012363996,-1,0,0,1.758760108,1.284882274
2022-05-03 00:00:00,0.6044,-0.015795473,-1,0,0,1.715184187,1.284882274
2022-05-04 00:00:00,0.6457,0.06833223,-1,0,0,1.900718778,1.284882274
2022-05-05 00:00:00,0.5976,-0.074492799,-1,0,0,1.684636119,1.284882274
2022-05-06 00:00:00,0.6019,0.007195448,-1,0,0,1.703953279,1.284882274
2022-05-07 00:00:00,0.5804,-0.035720219,-1,0,0,1.607367475,1.284882274
2022-05-08 00:00:00,0.5659,-0.024982771,-1,0,0,1.542228212,1.284882274
2022-05-09 00:00:00,0.4868,-0.139777346,-1,0,0,1.1868823,1.284882274
2022-05-10 00:00:00,0.5128,0.053410025,-1,0,0,1.303683738,1.284882274
2022-05-11 00:00:00,0.4163,-0.188182527,-1,0,0,0.87017071,1.284882274
2022-05-12 00:00:00,0.3851,-0.074945952,-1,0,0,0.730008985,1.284882274
2022-05-13 00:00:00,0.4227,0.097636977,-1,0,0,0.898921833,1.284882274
2022-05-14 00:00:00,0.4259,0.007570381,-1,0,0,0.913297394,1.284882274
2022-05-15 00:00:00,0.4478,0.051420521,-1,0,0,1.011680144,1.284882274
2022-05-16 00:00:00,0.4228,-0.055828495,-1,0,0,0.899371069,1.284882274
2022-05-17 00:00:00,0.4375,0.034768212,-1,0,0,0.965408805,1.284882274
2022-05-18 00:00:00,0.405,-0.074285714,-1,0,0,0.819407008,1.284882274
2022-05-19 00:00:00,0.4204,0.038024691,-1,0,0,0.888589398,1.284882274
2022-05-20 00:00:00,0.4099,-0.024976213,-1,0,0,0.841419587,1.284882274
2022-05-21 00:00:00,0.4142,0.010490364,-1,0,0,0.860736748,1.284882274
2022-05-22 00:00:00,0.4216,0.017865765,-1,0,0,0.893980234,1.284882274
2022-05-23 00:00:00,0.4048,-0.039848197,-1,0,0,0.818508535,1.284882274
2022-05-24 00:00:00,0.4084,0.008893281,-1,0,0,0.834681042,1.284882274
2022-05-25 00:00:00,0.4059,-0.00612145,-1,0,0,0.823450135,1.284882274
2022-05-26 00:00:00,0.3918,-0.03473762,-1,0,0,0.760107817,1.284882274
2022-05-27 00:00:00,0.3818,-0.025523226,-1,0,0,0.715184187,1.284882274
2022-05-28 00:00:00,0.386,0.011000524,-1,0,0,0.734052111,1.284882274
2022-05-29 00:00:00,0.3888,0.007253886,-1,0,0,0.746630728,1.284882274
2022-05-30 00:00:00,0.4186,0.076646091,-1,0,0,0.880503145,1.284882274
2022-05-31 00:00:00,0.4213,0.006450072,-1,0,0,0.892632525,1.284882274
2022-06-01 00:00:00,0.3977,-0.05601709,-1,0,0,0.786612758,1.284882274
2022-06-02 00:00:00,0.405,0.018355544,-1,0,0,0.819407008,1.284882274
2022-06-03 00:00:00,0.3901,-0.036790123,-1,0,0,0.7524708,1.284882274
2022-06-04 00:00:00,0.3923,0.00563958,-1,0,0,0.762353998,1.284882274
2022-06-05 00:00:00,0.3951,0.007137395,-1,0,0,0.774932615,1.284882274
2022-06-06 00:00:00,0.4023,0.018223235,-1,0,0,0.807277628,1.284882274
2022-06-07 00:00:00,0.4073,0.012428536,-1,0,0,0.829739443,1.284882274
2022-06-08 00:00:00,0.4003,-0.017186349,-1,0,0,0.798292902,1.284882274
2022-06-09 00:00:00,0.4,-0.000749438,-1,0,0,0.796945193,1.284882274
2022-06-10 00:00:00,0.3811,-0.04725,-1,0,0,0.712039533,1.284882274
2022-06-11 00:00:00,0.3596,-0.056415639,-1,0,0,0.615453729,1.284882274
2022-06-12 00:00:00,0.343,-0.046162403,-1,0,0,0.540880503,1.284882274
2022-06-13 00:00:00,0.3115,-0.091836735,-1,0,0,0.399371069,1.284882274
2022-06-14 00:00:00,0.3212,0.031139647,-1,0,0,0.44294699,1.284882274
2022-06-15 00:00:00,0.3433,0.068804483,-1,0,0,0.542228212,1.284882274
2022-06-16 00:00:00,0.3129,-0.088552287,-1,0,0,0.405660377,1.284882274
2022-06-17 00:00:00,0.3208,0.025247683,-1,0,0,0.441150045,1.284882274
2022-06-18 00:00:00,0.3072,-0.042394015,-1,0,0,0.380053908,1.284882274
2022-06-19 00:00:00,0.3262,0.061848958,-1,0,0,0.465408805,1.284882274
2022-06-20 00:00:00,0.3225,-0.011342735,-1,0,0,0.448787062,1.284882274
2022-06-21 00:00:00,0.329,0.020155039,-1,0,0,0.477987421,1.284882274
2022-06-22 00:00:00,0.3222,-0.020668693,-1,0,0,0.447439353,1.284882274
2022-06-23 00:00:00,0.3355,0.041278709,-1,0,0,0.507187781,1.284882274
2022-06-24 00:00:00,0.3668,0.093293592,-1,0,0,0.647798742,1.284882274
2022-06-25 00:00:00,0.3674,0.001635769,-1,0,0,0.65049416,1.284882274
2022-06-26 00:00:00,0.3589,-0.023135547,-1,0,0,0.612309075,1.284882274
2022-06-27 00:00:00,0.3535,-0.015045974,-1,0,0,0.588050314,1.284882274
2022-06-28 00:00:00,0.3372,-0.046110325,-1,0,0,0.514824798,1.284882274
2022-06-29 00:00:00,0.3293,-0.023428233,-1,0,0,0.47933513,1.284882274
2022-06-30 00:00:00,0.3318,0.007591862,-1,0,0,0.490566038,1.284882274
2022-07-01 00:00:00,0.3138,-0.054249548,-1,0,0,0.409703504,1.284882274
2022-07-02 00:00:00,0.3155,0.005417463,-1,0,0,0.417340521,1.284882274
2022-07-03 00:00:00,0.3214,0.018700475,-1,0,0,0.443845463,1.284882274
2022-07-04 00:00:00,0.3284,0.021779714,-1,0,0,0.475292004,1.284882274
2022-07-05 00:00:00,0.3249,-0.010657734,-1,0,0,0.459568733,1.284882274
2022-07-06 00:00:00,0.3321,0.022160665,-1,0,0,0.491913747,1.284882274
2022-07-07 00:00:00,0.3419,0.029509184,-1,0,0,0.535938904,1.284882274
2022-07-08 00:00:00,0.3399,-0.005849664,-1,0,0,0.526954178,1.284882274
2022-07-09 00:00:00,0.3444,0.013239188,-1,0,0,0.547169811,1.284882274
2022-07-10 00:00:00,0.3253,-0.055458769,-1,0,0,0.461365678,1.284882274
2022-07-11 00:00:00,0.3147,-0.032585306,-1,0,0,0.413746631,1.284882274
2022-07-12 00:00:00,0.3114,-0.010486177,-1,0,0,0.398921833,1.284882274
2022-07-13 00:00:00,0.3235,0.038856776,0,0.5,0,0.453279425,1.284882274
2022-07-14 00:00:00,0.3336,0.03122102,0,0.5,0.01561051,0.498652291,1.320550452
2022-07-15 00:00:00,0.3339,0.000899281,-1,0,0.00044964,0.5,1.321593865
2022-07-16 00:00:00,0.3503,0.049116502,0,0.5,0,0.573674753,1.321593865
2022-07-17 00:00:00,0.3431,-0.020553811,0,0.5,-0.010276906,0.541329739,1.297735064
2022-07-18 00:00:00,0.3649,0.063538327,0,0.5,0.031769164,0.639263252,1.370732185
2022-07-19 00:00:00,0.3726,0.021101672,0,0.5,0.010550836,0.673854447,1.395745391
2022-07-20 00:00:00,0.3631,-0.025496511,0,0.5,-0.012748256,0.631176999,1.365203817
2022-07-21 00:00:00,0.3666,0.009639218,0,0.5,0.004819609,0.64690027,1.376603174
2022-07-22 00:00:00,0.3576,-0.024549918,0,0.5,-0.012274959,0.606469003,1.347430467
2022-07-23 00:00:00,0.3588,0.003355705,0,0.5,0.001677852,0.611859838,1.351369109
2022-07-24 00:00:00,0.3584,-0.001114827,-1,0,-0.000557414,0.610062893,1.350058424
2022-07-25 00:00:00,0.3358,-0.063058036,-1,0,0,0.50853549,1.350058424
2022-07-26 00:00:00,0.3369,0.003275759,-1,0,0,0.513477089,1.350058424
2022-07-27 00:00:00,0.3592,0.066191748,0,0.5,0,0.613656783,1.350058424
2022-07-28 00:00:00,0.3734,0.039532294,0,0.5,0.019766147,0.677448338,1.396510024
2022-07-29 00:00:00,0.3677,-0.015265131,0,0.5,-0.007632566,0.651841869,1.378218504
2022-07-30 00:00:00,0.3879,0.054936089,0,0.5,0.027468045,0.742587601,1.443543516
2022-07-31 00:00:00,0.3789,-0.023201856,0,0.5,-0.011600928,0.702156334,1.415196144
2022-08-01 00:00:00,0.3787,-0.000527844,0,0.5,-0.000263922,0.701257862,1.41455872
2022-08-02 00:00:00,0.3712,-0.019804595,0,0.5,-0.009902297,0.667565139,1.390649042
2022-08-03 00:00:00,0.3692,-0.005387931,0,0.5,-0.002693966,0.658580413,1.384208716
2022-08-04 00:00:00,0.3709,0.00460455,0,0.5,0.002302275,0.66621743,1.389697821
2022-08-05 00:00:00,0.3761,0.014019951,0,0.5,0.007009976,0.689577718,1.406449544
2022-08-06 00:00:00,0.3711,-0.013294337,0,0.5,-0.006647168,0.667115903,1.390453469
2022-08-07 00:00:00,0.3719,0.002155753,0,0.5,0.001077877,0.670709793,1.393030083
2022-08-08 00:00:00,0.3785,0.017746706,0,0.5,0.008873353,0.700359389,1.414264284
2022-08-09 00:00:00,0.3671,-0.03011889,0,0.5,-0.015059445,0.649146451,1.377906803
2022-08-10 00:00:00,0.3813,0.038681558,0,0.5,0.019340779,0.712938005,1.423897373
2022-08-11 00:00:00,0.38,-0.003409389,0,0.5,-0.001704694,0.707097934,1.419765369
2022-08-12 00:00:00,0.3794,-0.001578947,0,0.5,-0.000789474,0.704402516,1.417855028
2022-08-13 00:00:00,0.3776,-0.004744333,0,0.5,-0.002372167,0.696316262,1.412119473
2022-08-14 00:00:00,0.3754,-0.005826271,0,0.5,-0.002913136,0.686433064,1.405092642
2022-08-15 00:00:00,0.375,-0.00106553,0,0.5,-0.000532765,0.684636119,1.403811292
2022-08-16 00:00:00,0.3768,0.0048,0,0.5,0.0024,0.692722372,1.40958044
2022-08-17 00:00:00,0.3794,0.006900212,0,0.5,0.003450106,0.704402516,1.417893748
2022-08-18 00:00:00,0.37,-0.024775962,-1,0,-0.012387981,0.662174304,1.387940926
2022-08-19 00:00:00,0.3341,-0.097027027,-1,0,0,0.500898473,1.387940926
2022-08-20 00:00:00,0.3364,0.006884166,-1,0,0,0.511230907,1.387940926
2022-08-21 00:00:00,0.3445,0.024078478,-1,0,0,0.547619048,1.387940926
2022-08-22 00:00:00,0.3436,-0.002612482,-1,0,0,0.543575921,1.387940926
2022-08-23 00:00:00,0.3471,0.010186263,-1,0,0,0.559299191,1.387940926
2022-08-24 00:00:00,0.3454,-0.004897724,0,0.5,0,0.551662174,1.387940926
2022-08-25 00:00:00,0.3486,0.009264621,0,0.5,0.00463231,0.566037736,1.39900261
2022-08-26 00:00:00,0.3391,-0.027251865,-1,0,-0.013625932,0.523360288,1.366313962
2022-08-27 00:00:00,0.3344,-0.013860218,-1,0,0,0.502246181,1.366313962
2022-08-28 00:00:00,0.3223,-0.036184211,-1,0,0,0.447888589,1.366313962
2022-08-29 00:00:00,0.3335,0.034750233,-1,0,0,0.498203055,1.366313962
2022-08-30 00:00:00,0.3266,-0.020689655,-1,0,0,0.46720575,1.366313962
2022-08-31 00:00:00,0.3273,0.002143295,-1,0,0,0.470350404,1.366313962
2022-09-01 00:00:00,0.3329,0.017109685,-1,0,0,0.495507637,1.366313962
2022-09-02 00:00:00,0.3311,-0.005407029,-1,0,0,0.487421384,1.366313962
2022-09-03 00:00:00,0.3294,-0.0051344,-1,0,0,0.479784367,1.366313962
2022-09-04 00:00:00,0.3315,0.006375228,-1,0,0,0.489218329,1.366313962
2022-09-05 00:00:00,0.3327,0.00361991,-1,0,0,0.494609164,1.366313962
2022-09-06 00:00:00,0.321,-0.035166817,-1,0,0,0.442048518,1.366313962
2022-09-07 00:00:00,0.3367,0.048909657,-1,0,0,0.512578616,1.366313962
2022-09-08 00:00:00,0.3394,0.008019008,-1,0,0,0.524707996,1.366313962
2022-09-09 00:00:00,0.3565,0.050383029,-1,0,0,0.601527403,1.366313962
2022-09-10 00:00:00,0.3572,0.001963534,-1,0,0,0.604672058,1.366313962
2022-09-11 00:00:00,0.3548,-0.006718925,-1,0,0,0.593890386,1.366313962
2022-09-12 00:00:00,0.3596,0.013528749,-1,0,0,0.615453729,1.366313962
2022-09-13 00:00:00,0.3323,-0.075917686,-1,0,0,0.492812219,1.366313962
2022-09-14 00:00:00,0.3413,0.02708396,-1,0,0,0.533243486,1.366313962
2022-09-15 00:00:00,0.326,-0.044828597,-1,0,0,0.464510332,1.366313962
2022-09-16 00:00:00,0.3551,0.089263804,-1,0,0,0.595238095,1.366313962
2022-09-17 00:00:00,0.3761,0.059138271,0,0.5,0,0.689577718,1.366313962
2022-09-18 00:00:00,0.3576,-0.049189045,0,0.5,-0.024594523,0.606469003,1.3081156
2022-09-19 00:00:00,0.3844,0.074944072,0,0.5,0.037472036,0.726864331,1.39460539
2022-09-20 00:00:00,0.4135,0.075702393,1,1,0.037851197,0.857592093,1.48524407
2022-09-21 00:00:00,0.3932,-0.049093108,0,0.5,-0.049093108,0.766397125,1.363235715
2022-09-22 00:00:00,0.4857,0.235249237,1,1,0.117624619,1.181940701,1.641210415
2022-09-23 00:00:00,0.5063,0.042413012,1,1,0.042413012,1.274483378,1.753232104
2022-09-24 00:00:00,0.4877,-0.036737112,1,1,-0.036737112,1.190925427,1.652086307
2022-09-25 00:00:00,0.4912,0.007176543,1,1,0.007176543,1.206648697,1.671119118
2022-09-26 00:00:00,0.4679,-0.047434853,1,1,-0.047434853,1.10197664,1.544414974
2022-09-27 00:00:00,0.4454,-0.048087198,1,1,-0.048087198,1.000898473,1.422061187
2022-09-28 00:00:00,0.4488,0.007633588,1,1,0.007633588,1.016172507,1.440550204
2022-09-29 00:00:00,0.4874,0.08600713,1,1,0.08600713,1.189577718,1.650454923
2022-09-30 00:00:00,0.4797,-0.015798112,1,1,-0.015798112,1.154986523,1.608582738
2022-10-01 00:00:00,0.4751,-0.009589327,1,1,-0.009589327,1.134321653,1.583568186
2022-10-02 00:00:00,0.4482,-0.056619659,1,1,-0.056619659,1.013477089,1.437287436
2022-10-03 00:00:00,0.4617,0.030120482,1,1,0.030120482,1.074123989,1.510699709
2022-10-04 00:00:00,0.4792,0.0379034,1,1,0.0379034,1.152740341,1.605863765
2022-10-05 00:00:00,0.4885,0.019407346,1,1,0.019407346,1.194519317,1.656436664
2022-10-06 00:00:00,0.4931,0.009416581,1,1,0.009416581,1.215184187,1.681451216
2022-10-07 00:00:00,0.5173,0.049077266,1,1,0.049077266,1.323899371,1.813049511
2022-10-08 00:00:00,0.5168,-0.000966557,1,1,-0.000966557,1.32165319,1.810330538
2022-10-09 00:00:00,0.5324,0.030185759,1,1,0.030185759,1.391734052,1.895162497
2022-10-10 00:00:00,0.4938,-0.072501878,1,1,-0.072501878,1.218328841,1.685257778
2022-10-11 00:00:00,0.4858,-0.016200891,1,1,-0.016200891,1.182389937,1.641754209
2022-10-12 00:00:00,0.4879,0.004322767,1,1,0.004322767,1.191823899,1.653173896
2022-10-13 00:00:00,0.4788,-0.018651363,1,1,-0.018651363,1.150943396,1.603688587
2022-10-14 00:00:00,0.488,0.019214703,1,1,0.019214703,1.192273136,1.653717691
2022-10-15 00:00:00,0.4817,-0.012909836,1,1,-0.012909836,1.163971249,1.61945863
2022-10-16 00:00:00,0.4762,-0.011417895,1,1,-0.011417895,1.139263252,1.589549927
2022-10-17 00:00:00,0.48,0.00797984,1,1,0.00797984,1.156334232,1.610214122
2022-10-18 00:00:00,0.4656,-0.03,1,1,-0.03,1.091644205,1.531907698
2022-10-19 00:00:00,0.45,-0.033505155,1,1,-0.033505155,1.021563342,1.447075739
2022-10-20 00:00:00,0.4462,-0.008444444,1,1,-0.008444444,1.004492363,1.426411544
2022-10-21 00:00:00,0.4611,0.033393097,1,1,0.033393097,1.071428571,1.507436941
2022-10-22 00:00:00,0.4651,0.008674908,0,0.5,0.008674908,1.089398023,1.529188725
2022-10-23 00:00:00,0.4687,0.007740271,0,0.5,0.003870135,1.10557053,1.538977028
2022-10-24 00:00:00,0.4527,-0.034136975,0,0.5,-0.017068487,1.033692722,1.495640531
2022-10-25 00:00:00,0.4603,0.01678816,0,0.5,0.00839408,1.067834681,1.516589137
2022-10-26 00:00:00,0.4686,0.018031718,1,1,0.009015859,1.105121294,1.539278351
2022-10-27 00:00:00,0.4612,-0.01579172,1,1,-0.01579172,1.071877808,1.499178778
2022-10-28 00:00:00,0.4741,0.027970512,1,1,0.027970512,1.12982929,1.569082087
2022-10-29 00:00:00,0.4698,-0.009069816,0,0.5,-0.009069816,1.110512129,1.545780984
2022-10-30 00:00:00,0.4578,-0.025542784,0,0.5,-0.012771392,1.056603774,1.513267817
2022-10-31 00:00:00,0.4642,0.013979904,0,0.5,0.006989952,1.085354897,1.530835438
2022-11-01 00:00:00,0.4633,-0.001938819,1,1,-0.00096941,1.08131177,1.528382022
2022-11-02 00:00:00,0.4494,-0.030002158,0,0.5,-0.030002158,1.018867925,1.452525104
2022-11-03 00:00:00,0.4546,0.011570984,0,0.5,0.005785492,1.042228212,1.466714167
2022-11-04 00:00:00,0.506,0.113066432,1,1,0.056533216,1.273135669,1.606165452
2022-11-05 00:00:00,0.4929,-0.025889328,0,0.5,-0.025889328,1.214285714,1.53869358
2022-11-06 00:00:00,0.4706,-0.045242443,0,0.5,-0.022621221,1.11410602,1.481265231
2022-11-07 00:00:00,0.4644,-0.013174671,0,0.5,-0.006587335,1.086253369,1.464920304
2022-11-08 00:00:00,0.4054,-0.12704565,0,0.5,-0.063522825,0.821203953,1.308341603
2022-11-09 00:00:00,0.3321,-0.180809077,0,0.5,-0.090404539,0.491913747,1.099657045
2022-11-10 00:00:00,0.3941,0.186690756,0,0.5,0.093345378,0.770440252,1.295650325
2022-11-11 00:00:00,0.3841,-0.02537427,0,0.5,-0.012687135,0.725516622,1.266525099
2022-11-12 00:00:00,0.3634,-0.053892216,0,0.5,-0.026946108,0.632524708,1.20545107
2022-11-13 00:00:00,0.3405,-0.06301596,-1,0,-0.03150798,0.529649596,1.135961761
2022-11-14 00:00:00,0.3772,0.107782673,0,0.5,0,0.694519317,1.135961761
2022-11-15 00:00:00,0.3885,0.029957582,0,0.5,0.014978791,0.745283019,1.167955886
2022-11-16 00:00:00,0.3749,-0.035006435,0,0.5,-0.017503218,0.684186882,1.130009683
2022-11-17 00:00:00,0.3817,0.01813817,0,0.5,0.009069085,0.714734951,1.149326922
2022-11-18 00:00:00,0.3827,0.002619859,0,0.5,0.001309929,0.719227314,1.152142388
2022-11-19 00:00:00,0.3839,0.003135615,0,0.5,0.001567808,0.724618149,1.155516533
2022-11-20 00:00:00,0.3607,-0.060432404,0,0.5,-0.030216202,0.620395328,1.09038501
2022-11-21 00:00:00,0.3643,0.009980593,0,0.5,0.004990297,0.636567835,1.100816651
2022-11-22 00:00:00,0.3756,0.031018391,0,0.5,0.015509196,0.687331536,1.133398628
2022-11-23 00:00:00,0.3813,0.015175719,0,0.5,0.007587859,0.712938005,1.149586557
2022-11-24 00:00:00,0.4017,0.05350118,0,0.5,0.02675059,0.80458221,1.207089266
2022-11-25 00:00:00,0.4076,0.014687578,0,0.5,0.007343789,0.831087152,1.223297663
2022-11-26 00:00:00,0.3958,-0.028949951,0,0.5,-0.014474975,0.778077269,1.191115484
2022-11-27 00:00:00,0.3961,0.000757959,0,0.5,0.000378979,0.779424978,1.191945872
2022-11-28 00:00:00,0.3884,-0.019439535,0,0.5,-0.009719768,0.744833783,1.170640667
2022-11-29 00:00:00,0.3977,0.023944387,0,0.5,0.011972194,0.786612758,1.196627997
2022-11-30 00:00:00,0.4074,0.024390244,0,0.5,0.012195122,0.830188679,1.223416143
2022-12-01 00:00:00,0.3966,-0.026509573,0,0.5,-0.013254786,0.781671159,1.193945237
2022-12-02 00:00:00,0.3957,-0.002269289,0,0.5,-0.001134644,0.777628032,1.191455889
2022-12-03 00:00:00,0.3868,-0.022491787,0,0.5,-0.011245893,0.737646002,1.16681101
2022-12-04 00:00:00,0.3893,0.006463289,0,0.5,0.003231644,0.748876909,1.173813373
2022-12-05 00:00:00,0.389,-0.000770614,0,0.5,-0.000385307,0.7475292,1.172975787
2022-12-06 00:00:00,0.3911,0.005398458,0,0.5,0.002699229,0.756963163,1.178841146
2022-12-07 00:00:00,0.383,-0.020710816,0,0.5,-0.010355408,0.720575022,1.156278357
2022-12-08 00:00:00,0.3938,0.028198433,0,0.5,0.014099217,0.769092543,1.186680193
2022-12-09 00:00:00,0.3886,-0.013204672,1,1,-0.006602336,0.745732255,1.172242995
2022-12-10 00:00:00,0.3861,-0.00643335,0,0.5,-0.00643335,0.734501348,1.158268195
2022-12-11 00:00:00,0.3806,-0.014245014,0,0.5,-0.007122507,0.709793351,1.142895914
2022-12-12 00:00:00,0.387,0.016815554,1,1,0.008407777,0.738544474,1.160912906
2022-12-13 00:00:00,0.395,0.020671835,1,1,0.020671835,0.774483378,1.20558294
2022-12-14 00:00:00,0.3849,-0.02556962,1,1,-0.02556962,0.729110512,1.149187022
2022-12-15 00:00:00,0.3776,-0.018965965,-1,0,-0.018965965,0.696316262,1.108425615
2022-12-16 00:00:00,0.3508,-0.070974576,-1,0,0,0.575920934,1.108425615
2022-12-17 00:00:00,0.3542,0.009692132,0,0.5,0,0.591194969,1.108425615
2022-12-18 00:00:00,0.3495,-0.013269339,0,0.5,-0.00663467,0.570080863,1.094436908
2022-12-19 00:00:00,0.3385,-0.031473534,-1,0,-0.015736767,0.52066487,1.061477243
2022-12-20 00:00:00,0.3482,0.028655835,0,0.5,0,0.564240791,1.061477243
2022-12-21 00:00:00,0.3445,-0.010626077,-1,0,-0.005313038,0.547619048,1.050524535
2022-12-22 00:00:00,0.3489,0.012772134,0,0.5,0,0.567385445,1.050524535
2022-12-23 00:00:00,0.354,0.014617369,0,0.5,0.007308684,0.590296496,1.065511172
2022-12-24 00:00:00,0.3515,-0.007062147,0,0.5,-0.003531073,0.579065588,1.0582177
2022-12-25 00:00:00,0.3455,-0.017069701,0,0.5,-0.008534851,0.552111411,1.040651119
2022-12-26 00:00:00,0.3655,0.05788712,0,0.5,0.02894356,0.64195867,1.099714827
2022-12-27 00:00:00,0.3674,0.005198358,0,0.5,0.002599179,0.65049416,1.105172363
2022-12-28 00:00:00,0.3556,-0.032117583,0,0.5,-0.016058792,0.597484277,1.071365838
2022-12-29 00:00:00,0.342,-0.038245219,0,0.5,-0.01912261,0.53638814,1.031755918
2022-12-30 00:00:00,0.3447,0.007894737,0,0.5,0.003947368,0.54851752,1.039776007
2022-12-31 00:00:00,0.3388,-0.017116333,0,0.5,-0.008558167,0.522012579,1.022319264
2023-01-01 00:00:00,0.3385,-0.000885478,0,0.5,-0.000442739,0.52066487,1.021423905
2023-01-02 00:00:00,0.3479,0.027769572,0,0.5,0.013884786,0.562893082,1.049490943
2023-01-03 00:00:00,0.3434,-0.012934751,0,0.5,-0.006467376,0.542677448,1.036236115
2023-01-04 00:00:00,0.347,0.010483401,0,0.5,0.005241701,0.558849955,1.046909455
2023-01-05 00:00:00,0.3377,-0.026801153,0,0.5,-0.013400576,0.517070979,1.019479688
2023-01-06 00:00:00,0.344,0.018655611,0,0.5,0.009327806,0.545372866,1.038317003
2023-01-07 00:00:00,0.3441,0.000290698,-1,0,0.000145349,0.545822102,1.03861327
2023-01-08 00:00:00,0.3451,0.002906132,-1,0,0,0.550314465,1.03861327
2023-01-09 00:00:00,0.3486,0.010141988,-1,0,0,0.566037736,1.03861327
2023-01-10 00:00:00,0.3507,0.006024096,-1,0,0,0.575471698,1.03861327
2023-01-11 00:00:00,0.3727,0.062731679,0,0.5,0,0.674303684,1.03861327
2023-01-12 00:00:00,0.3746,0.005097934,0,0.5,0.002548967,0.682839173,1.043809628
2023-01-13 00:00:00,0.3856,0.029364656,1,1,0.014682328,0.732255166,1.073817511
2023-01-14 00:00:00,0.3952,0.024896266,1,1,0.024896266,0.775381851,1.125447822
2023-01-15 00:00:00,0.3845,-0.027074899,1,1,-0.027074899,0.727313567,1.067901537
2023-01-16 00:00:00,0.3854,0.002340702,1,1,0.002340702,0.731356694,1.072741879
2023-01-17 00:00:00,0.3868,0.00363259,1,1,0.00363259,0.737646002,1.0802713
2023-01-18 00:00:00,0.378,-0.022750776,0,0.5,-0.022750776,0.698113208,1.032943514
2023-01-19 00:00:00,0.3927,0.038888889,0,0.5,0.019444444,0.764150943,1.072472971
2023-01-20 00:00:00,0.4125,0.050420168,0,0.5,0.025210084,0.85309973,1.124720189
2023-01-21 00:00:00,0.4032,-0.022545455,0,0.5,-0.011272727,0.811320755,1.100768798
2023-01-22 00:00:00,0.4002,-0.007440476,0,0.5,-0.003720238,0.797843666,1.092953438
2023-01-23 00:00:00,0.4234,0.057971014,0,0.5,0.028985507,0.902066487,1.153618755
2023-01-24 00:00:00,0.4075,-0.037553141,0,0.5,-0.018776571,0.830637916,1.11318118
2023-01-25 00:00:00,0.4169,0.023067485,0,0.5,0.011533742,0.872866128,1.137554067
2023-01-26 00:00:00,0.409,-0.018949388,0,0.5,-0.009474694,0.83737646,1.117301396
2023-01-27 00:00:00,0.4128,0.009290954,0,0.5,0.004645477,0.854447439,1.127137271
2023-01-28 00:00:00,0.4075,-0.012839147,0,0.5,-0.006419574,0.830637916,1.113481956
2023-01-29 00:00:00,0.4133,0.014233129,0,0.5,0.007116564,0.856693621,1.128522687
2023-01-30 00:00:00,0.3932,-0.048632954,0,0.5,-0.024316477,0.766397125,1.076764514
2023-01-31 00:00:00,0.4056,0.031536114,0,0.5,0.015768057,0.822102426,1.109511055
2023-02-01 00:00:00,0.4132,0.018737673,0,0.5,0.009368836,0.856244385,1.129274718
2023-02-02 00:00:00,0.4099,-0.007986447,0,0.5,-0.003993224,0.841419587,1.120772048
2023-02-03 00:00:00,0.4117,0.004391315,0,0.5,0.002195657,0.84950584,1.125428537
2023-02-04 00:00:00,0.4106,-0.002671848,0,0.5,-0.001335924,0.844564241,1.122589126
2023-02-05 00:00:00,0.3983,-0.029956162,0,0.5,-0.014978081,0.789308176,1.090796814
2023-02-06 00:00:00,0.392,-0.015817223,0,0.5,-0.007908612,0.761006289,1.074261514
2023-02-07 00:00:00,0.4036,0.029591837,0,0.5,0.014795918,0.8131177,1.104952118
2023-02-08 00:00:00,0.3977,-0.014618434,0,0.5,-0.007309217,0.786612758,1.089566567
2023-02-09 00:00:00,0.3816,-0.040482776,0,0.5,-0.020241388,0.714285714,1.047270839
2023-02-10 00:00:00,0.3815,-0.000262055,0,0.5,-0.000131027,0.713836478,1.047002591
2023-02-11 00:00:00,0.383,0.003931848,0,0.5,0.001965924,0.720575022,1.051026842
2023-02-12 00:00:00,0.3744,-0.022454308,-1,0,-0.011227154,0.681940701,1.027999648
2023-02-13 00:00:00,0.3704,-0.010683761,-1,0,0,0.663971249,1.027999648
2023-02-14 00:00:00,0.3818,0.030777538,-1,0,0,0.715184187,1.027999648
2023-02-15 00:00:00,0.4012,0.050811943,0,0.5,0,0.802336029,1.027999648
2023-02-16 00:00:00,0.3839,-0.043120638,-1,0,-0.021560319,0.724618149,0.984275328
2023-02-17 00:00:00,0.395,0.02891378,0,0.5,0,0.774483378,0.984275328
2023-02-18 00:00:00,0.394,-0.002531646,0,0.5,-0.001265823,0.769991015,0.981763588
2023-02-19 00:00:00,0.3859,-0.020558376,-1,0,-0.010279188,0.733602875,0.961392667
2023-02-20 00:00:00,0.3986,0.03291008,-1,0,0,0.790655885,0.961392667
2023-02-21 00:00:00,0.3918,-0.017059709,-1,0,0,0.760107817,0.961392667
2023-02-22 00:00:00,0.3953,0.008933129,-1,0,0,0.775831087,0.961392667
2023-02-23 00:00:00,0.3881,-0.018214015,-1,0,0,0.743486074,0.961392667
2023-02-24 00:00:00,0.3781,-0.025766555,-1,0,0,0.698562444,0.961392667
2023-02-25 00:00:00,0.3775,-0.001586882,-1,0,0,0.695867026,0.961392667
2023-02-26 00:00:00,0.3776,0.000264901,-1,0,0,0.696316262,0.961392667
2023-02-27 00:00:00,0.3783,0.001853814,-1,0,0,0.699460916,0.961392667
2023-02-28 00:00:00,0.376,-0.006079831,-1,0,0,0.689128482,0.961392667
2023-03-01 00:00:00,0.3834,0.019680851,-1,0,0,0.722371968,0.961392667
2023-03-02 00:00:00,0.3771,-0.016431925,-1,0,0,0.694070081,0.961392667
2023-03-03 00:00:00,0.377,-0.000265182,-1,0,0,0.693620845,0.961392667
2023-03-04 00:00:00,0.3733,-0.009814324,-1,0,0,0.676999102,0.961392667
2023-03-05 00:00:00,0.3666,-0.017948031,-1,0,0,0.64690027,0.961392667
2023-03-06 00:00:00,0.3694,0.007637752,-1,0,0,0.659478886,0.961392667
2023-03-07 00:00:00,0.3799,0.028424472,-1,0,0,0.706648697,0.961392667
2023-03-08 00:00:00,0.3888,0.023427218,-1,0,0,0.746630728,0.961392667
2023-03-09 00:00:00,0.3705,-0.047067901,0,0.5,0,0.664420485,0.961392667
2023-03-10 00:00:00,0.3697,-0.002159244,-1,0,-0.001079622,0.660826595,0.959275104
2023-03-11 00:00:00,0.3635,-0.016770354,-1,0,0,0.632973944,0.959275104
2023-03-12 00:00:00,0.371,0.020632737,0,0.5,0,0.666666667,0.959275104
2023-03-13 00:00:00,0.3722,0.003234501,0,0.5,0.001617251,0.672057502,0.962443743
2023-03-14 00:00:00,0.3724,0.000537346,-1,0,0.000268673,0.672955975,0.962970999
2023-03-15 00:00:00,0.3588,-0.036519871,-1,0,0,0.611859838,0.962970999
2023-03-16 00:00:00,0.3644,0.015607581,-1,0,0,0.637017071,0.962970999
2023-03-17 00:00:00,0.3799,0.042535675,-1,0,0,0.706648697,0.962970999
2023-03-18 00:00:00,0.3739,-0.01579363,-1,0,0,0.679694519,0.962970999
2023-03-19 00:00:00,0.386,0.032361594,0,0.5,0,0.734052111,0.962970999
2023-03-20 00:00:00,0.3733,-0.032901554,0,0.5,-0.016450777,0.676999102,0.9306786
2023-03-21 00:00:00,0.4694,0.257433699,1,1,0.12871685,1.108715184,1.179189467
2023-03-22 00:00:00,0.4212,-0.102684278,1,1,-0.102684278,0.892183288,0.955420971
2023-03-23 00:00:00,0.4435,0.05294397,1,1,0.05294397,0.992362983,1.058948719
2023-03-24 00:00:00,0.4256,-0.040360767,1,1,-0.040360767,0.911949686,0.97584797
2023-03-25 00:00:00,0.4427,0.040178571,1,1,0.040178571,0.988769093,1.055234719
2023-03-26 00:00:00,0.4477,0.01129433,1,1,0.01129433,1.011230907,1.078447219
2023-03-27 00:00:00,0.4786,0.069019433,1,1,0.069019433,1.150044924,1.221900467
2023-03-28 00:00:00,0.5145,0.075010447,1,1,0.075010447,1.311320755,1.388566214
2023-03-29 00:00:00,0.5421,0.053644315,1,1,0.053644315,1.435309973,1.516699212
2023-03-30 00:00:00,0.5316,-0.01936912,1,1,-0.01936912,1.388140162,1.467952963
2023-03-31 00:00:00,0.5374,0.010910459,1,1,0.010910459,1.414195867,1.494879463
2023-04-01 00:00:00,0.5092,-0.052474879,1,1,-0.052474879,1.287511231,1.363960965
2023-04-02 00:00:00,0.5177,0.016692852,1,1,0.016692852,1.325696316,1.403422214
2023-04-03 00:00:00,0.4957,-0.042495654,1,1,-0.042495654,1.226864331,1.301287215
2023-04-04 00:00:00,0.5026,0.01391971,1,1,0.01391971,1.257861635,1.333320465
2023-04-05 00:00:00,0.5052,0.0051731,1,1,0.0051731,1.269541779,1.345390965
2023-04-06 00:00:00,0.5027,-0.004948535,1,1,-0.004948535,1.258310872,1.333784715
2023-04-07 00:00:00,0.5123,0.019096877,1,1,0.019096877,1.301437556,1.378352714
2023-04-08 00:00:00,0.5045,-0.015225454,1,1,-0.015225454,1.266397125,1.342141215
2023-04-09 00:00:00,0.505,0.00099108,1,1,0.00099108,1.268643306,1.344462465
2023-04-10 00:00:00,0.5173,0.024356436,1,1,0.024356436,1.323899371,1.401565214
2023-04-11 00:00:00,0.5163,-0.001933114,1,1,-0.001933114,1.319407008,1.396922714
2023-04-12 00:00:00,0.5046,-0.022661243,1,1,-0.022661243,1.266846361,1.342605465
2023-04-13 00:00:00,0.5121,0.014863258,1,1,0.014863258,1.300539084,1.377424214
2023-04-14 00:00:00,0.5227,0.020699082,1,1,0.020699082,1.348158131,1.426634714
2023-04-15 00:00:00,0.5195,-0.006122059,1,1,-0.006122059,1.33378257,1.411778714
2023-04-16 00:00:00,0.5207,0.002309913,1,1,0.002309913,1.339173405,1.417349714
2023-04-17 00:00:00,0.5108,-0.019012867,1,1,-0.019012867,1.294699012,1.371388964
2023-04-18 00:00:00,0.5327,0.042873923,1,1,0.042873923,1.393081761,1.473059713
2023-04-19 00:00:00,0.4908,-0.078655904,1,1,-0.078655904,1.204851752,1.278538966
2023-04-20 00:00:00,0.4747,-0.032803586,1,1,-0.032803586,1.132524708,1.203794717
2023-04-21 00:00:00,0.4485,-0.055192753,1,1,-0.055192753,1.014824798,1.082161219
2023-04-22 00:00:00,0.4717,0.051727982,1,1,0.051727982,1.119047619,1.189867217
2023-04-23 00:00:00,0.4642,-0.015899936,1,1,-0.015899936,1.085354897,1.155048468
2023-04-24 00:00:00,0.4606,-0.007755278,1,1,-0.007755278,1.06918239,1.138335468
2023-04-25 00:00:00,0.4694,0.019105515,1,1,0.019105515,1.108715184,1.179189467
2023-04-26 00:00:00,0.4611,-0.017682147,0,0.5,-0.017682147,1.071428571,1.140656718
2023-04-27 00:00:00,0.4662,0.011060507,0,0.5,0.005530254,1.094339623,1.152495093
2023-04-28 00:00:00,0.4794,0.028314028,0,0.5,0.014157014,1.153638814,1.182967996
2023-04-29 00:00:00,0.4777,-0.003546099,0,0.5,-0.00177305,1.146001797,1.179097486
2023-04-30 00:00:00,0.4703,-0.015490894,0,0.5,-0.007745447,1.112758311,1.162219402
2023-05-01 00:00:00,0.4647,-0.011907293,0,0.5,-0.005953647,1.087601078,1.149346311
2023-05-02 00:00:00,0.464,-0.001506348,0,0.5,-0.000753174,1.084456424,1.147727479
2023-05-03 00:00:00,0.463,-0.002155172,0,0.5,-0.001077586,1.079964061,1.145413118
2023-05-04 00:00:00,0.4606,-0.005183585,0,0.5,-0.002591793,1.06918239,1.139852652
2023-05-05 00:00:00,0.4668,0.013460703,0,0.5,0.006730352,1.09703504,1.154254613
2023-05-06 00:00:00,0.4579,-0.019065981,0,0.5,-0.009532991,1.05705301,1.133718124
2023-05-07 00:00:00,0.4487,-0.020091723,0,0.5,-0.010045862,1.01572327,1.112283087
2023-05-08 00:00:00,0.4279,-0.04635614,0,0.5,-0.02317807,0.92228212,1.063324442
2023-05-09 00:00:00,0.4284,0.001168497,0,0.5,0.000584249,0.924528302,1.064529937
2023-05-10 00:00:00,0.4298,0.003267974,0,0.5,0.001633987,0.93081761,1.067903351
2023-05-11 00:00:00,0.4204,-0.021870638,0,0.5,-0.010935319,0.888589398,1.045290169
2023-05-12 00:00:00,0.4303,0.023549001,0,0.5,0.0117745,0.933063792,1.069372439
2023-05-13 00:00:00,0.4238,-0.01510574,0,0.5,-0.00755287,0.903863432,1.053742738
2023-05-14 00:00:00,0.425,0.002831524,0,0.5,0.001415762,0.909254268,1.056650349
2023-05-15 00:00:00,0.427,0.004705882,0,0.5,0.002352941,0.918238994,1.061489527
2023-05-16 00:00:00,0.4424,0.036065574,0,0.5,0.018032787,0.987421384,1.098663928
2023-05-17 00:00:00,0.4482,0.013110307,0,0.5,0.006555154,1.013477089,1.112420992
2023-05-18 00:00:00,0.4595,0.025211959,0,0.5,0.012605979,1.064240791,1.139050128
2023-05-19 00:00:00,0.4671,0.016539717,0,0.5,0.008269859,1.098382749,1.15673977
2023-05-20 00:00:00,0.4684,0.00278313,0,0.5,0.001391565,1.104222821,1.159741014
2023-05-21 00:00:00,0.4572,-0.023911187,1,1,-0.011955594,1.053908356,1.133920028
2023-05-22 00:00:00,0.4614,0.009186352,0,0.5,0.009186352,1.07277628,1.153522968
2023-05-23 00:00:00,0.4649,0.007585609,1,1,0.003792805,1.088499551,1.16169086
2023-05-24 00:00:00,0.4528,-0.026027103,0,0.5,-0.026027103,1.034141959,1.10542831
2023-05-25 00:00:00,0.4535,0.001545936,0,0.5,0.000772968,1.037286613,1.107055739
2023-05-26 00:00:00,0.4681,0.032194046,1,1,0.016097023,1.102875112,1.140973064
2023-05-27 00:00:00,0.4712,0.006622517,1,1,0.006622517,1.116801438,1.155151693
2023-05-28 00:00:00,0.482,0.022920204,1,1,0.022920204,1.165318958,1.204548209
2023-05-29 00:00:00,0.4942,0.025311203,1,1,0.025311203,1.220125786,1.260347977
2023-05-30 00:00:00,0.5202,0.052610279,1,1,0.052610279,1.336927224,1.379265516
2023-05-31 00:00:00,0.5166,-0.006920415,1,1,-0.006920415,1.320754717,1.36280001
2023-06-01 00:00:00,0.5061,-0.020325203,1,1,-0.020325203,1.273584906,1.31477562
2023-06-02 00:00:00,0.5241,0.035566094,1,1,0.035566094,1.354447439,1.397103146
2023-06-03 00:00:00,0.5186,-0.01049418,1,1,-0.01049418,1.329739443,1.371947513
2023-06-04 00:00:00,0.5354,0.032394909,1,1,0.032394909,1.405211141,1.448786538
2023-06-05 00:00:00,0.5085,-0.050242809,1,1,-0.050242809,1.284366577,1.325752623
2023-06-06 00:00:00,0.5297,0.041691249,1,1,0.041691249,1.379604672,1.422716155
2023-06-07 00:00:00,0.5179,-0.02227676,1,1,-0.02227676,1.326594789,1.368745887
2023-06-08 00:00:00,0.5233,0.010426723,1,1,0.010426723,1.350853549,1.393444145
2023-06-09 00:00:00,0.5375,0.027135486,1,1,0.027135486,1.414645103,1.458391416
2023-06-10 00:00:00,0.5065,-0.057674419,1,1,-0.057674419,1.275381851,1.31660512
2023-06-11 00:00:00,0.5207,0.028035538,1,1,0.028035538,1.339173405,1.381552391
2023-06-12 00:00:00,0.5247,0.007681967,1,1,0.007681967,1.357142857,1.399847397
2023-06-13 00:00:00,0.5189,-0.011053936,1,1,-0.011053936,1.331087152,1.373319639
2023-06-14 00:00:00,0.4797,-0.075544421,1,1,-0.075544421,1.154986523,1.194028581
2023-06-15 00:00:00,0.4798,0.000208464,1,1,0.000208464,1.155435759,1.194485956
2023-06-16 00:00:00,0.4752,-0.009587328,1,1,-0.009587328,1.134770889,1.173446699
2023-06-17 00:00:00,0.479,0.007996633,1,1,0.007996633,1.151841869,1.190826955
2023-06-18 00:00:00,0.4865,0.01565762,1,1,0.01565762,1.185534591,1.225130091
2023-06-19 00:00:00,0.4934,0.014182939,1,1,0.014182939,1.216531896,1.256688976
2023-06-20 00:00:00,0.4925,-0.001824078,1,1,-0.001824078,1.212488769,1.2525726
2023-06-21 00:00:00,0.4999,0.015025381,1,1,0.015025381,1.245732255,1.286418361
2023-06-22 00:00:00,0.4936,-0.012602521,1,1,-0.012602521,1.217430368,1.257603726
2023-06-23 00:00:00,0.4959,0.004659643,1,1,0.004659643,1.227762803,1.268123355
2023-06-24 00:00:00,0.4862,-0.019560395,1,1,-0.019560395,1.184186882,1.223757965
2023-06-25 00:00:00,0.4899,0.007610037,1,1,0.007610037,1.200808625,1.240680846
2023-06-26 00:00:00,0.4788,-0.022657685,1,1,-0.022657685,1.150943396,1.189912205
2023-06-27 00:00:00,0.4836,0.010025063,1,1,0.010025063,1.172506739,1.211866212
2023-06-28 00:00:00,0.4645,-0.039495451,0,0.5,-0.039495451,1.086702606,1.124507559
2023-06-29 00:00:00,0.4743,0.021097955,0,0.5,0.010548977,1.130727763,1.146918941
2023-06-30 00:00:00,0.4729,-0.002951718,0,0.5,-0.001475859,1.124438455,1.143750391
2023-07-01 00:00:00,0.4732,0.000634384,0,0.5,0.000317192,1.125786164,1.144430371
2023-07-02 00:00:00,0.4843,0.023457312,0,0.5,0.011728656,1.175651393,1.169581657
2023-07-03 00:00:00,0.4888,0.009291761,0,0.5,0.004645881,1.195867026,1.179661274
2023-07-04 00:00:00,0.487,-0.003682488,0,0.5,-0.001841244,1.187780773,1.175647986
2023-07-05 00:00:00,0.4773,-0.019917864,0,0.5,-0.009958932,1.144204852,1.153980855
2023-07-06 00:00:00,0.4618,-0.032474335,0,0.5,-0.016237167,1.074573226,1.119006308
2023-07-07 00:00:00,0.4683,0.014075357,0,0.5,0.007037679,1.103773585,1.133919193
2023-07-08 00:00:00,0.4702,0.004057228,0,0.5,0.002028614,1.112309075,1.138248092
2023-07-09 00:00:00,0.4677,-0.005316886,0,0.5,-0.002658443,1.101078167,1.132563681
2023-07-10 00:00:00,0.4775,0.020953603,0,0.5,0.010476801,1.145103324,1.154906127
2023-07-11 00:00:00,0.4749,-0.005445026,0,0.5,-0.002722513,1.133423181,1.149039367
2023-07-12 00:00:00,0.4707,-0.008843967,0,0.5,-0.004421984,1.114555256,1.13953635
2023-07-13 00:00:00,0.8154,0.732313576,1,1,0.366156788,2.663072776,1.922942107
2023-07-14 00:00:00,0.7177,-0.119818494,1,1,-0.119818494,2.224168913,1.572719586
2023-07-15 00:00:00,0.7144,-0.004598021,1,1,-0.004598021,2.209344115,1.560890166
2023-07-16 00:00:00,0.7463,0.044652856,1,1,0.044652856,2.352650494,1.675241225
2023-07-17 00:00:00,0.737,-0.012461477,1,1,-0.012461477,2.310871518,1.641903769
2023-07-18 00:00:00,0.7776,0.055088195,1,1,0.055088195,2.493261456,1.78744148
2023-07-19 00:00:00,0.8193,0.053626543,1,1,0.053626543,2.680592992,1.936922331
2023-07-20 00:00:00,0.794,-0.03088002,1,1,-0.03088002,2.566936208,1.846230112
2023-07-21 00:00:00,0.7709,-0.029093199,1,1,-0.029093199,2.463162624,1.763424173
2023-07-22 00:00:00,0.7326,-0.04968219,1,1,-0.04968219,2.291105121,1.626131209
2023-07-23 00:00:00,0.7379,0.007234507,1,1,0.007234507,2.314914645,1.645129974
2023-07-24 00:00:00,0.7017,-0.049058138,1,1,-0.049058138,2.152291105,1.515364823
2023-07-25 00:00:00,0.7084,0.00954824,1,1,0.00954824,2.182389937,1.53938213
2023-07-26 00:00:00,0.7156,0.010163749,1,1,0.010163749,2.214734951,1.565191773
2023-07-27 00:00:00,0.7136,-0.002794857,1,1,-0.002794857,2.205750225,1.558022428
2023-07-28 00:00:00,0.7116,-0.002802691,1,1,-0.002802691,2.196765499,1.550853082
2023-07-29 00:00:00,0.712,0.000562114,1,1,0.000562114,2.198562444,1.552286951
2023-07-30 00:00:00,0.7045,-0.010533708,1,1,-0.010533708,2.164869721,1.525401906
2023-07-31 00:00:00,0.6973,-0.010220014,1,1,-0.010220014,2.132524708,1.499592263
2023-08-01 00:00:00,0.7066,0.013337158,1,1,0.013337158,2.174303684,1.532929719
2023-08-02 00:00:00,0.6846,-0.031135013,1,1,-0.031135013,2.075471698,1.45406692
2023-08-03 00:00:00,0.6627,-0.031989483,1,1,-0.031989483,1.977088949,1.375562588
2023-08-04 00:00:00,0.6353,-0.041346009,1,1,-0.041346009,1.853998203,1.277342557
2023-08-05 00:00:00,0.6285,-0.010703605,1,1,-0.010703605,1.823450135,1.252966782
2023-08-06 00:00:00,0.6239,-0.007319014,1,1,-0.007319014,1.802785265,1.236477288
2023-08-07 00:00:00,0.6232,-0.001121975,1,1,-0.001121975,1.799640611,1.233968017
2023-08-08 00:00:00,0.6415,0.02936457,1,1,0.02936457,1.881850854,1.299567527
2023-08-09 00:00:00,0.6431,0.002494154,1,1,0.002494154,1.889038634,1.305303004
2023-08-10 00:00:00,0.6329,-0.015860675,1,1,-0.015860675,1.843216532,1.268739342
2023-08-11 00:00:00,0.6314,-0.002370043,1,1,-0.002370043,1.836477987,1.263362333
2023-08-12 00:00:00,0.6274,-0.006335128,0,0.5,-0.006335128,1.818508535,1.249023642
2023-08-13 00:00:00,0.6252,-0.003506535,0,0.5,-0.001753267,1.808625337,1.245080502
2023-08-14 00:00:00,0.6339,0.013915547,0,0.5,0.006957774,1.847708895,1.260701264
2023-08-15 00:00:00,0.6099,-0.037860861,0,0.5,-0.018930431,1.739892183,1.217905216
2023-08-16 00:00:00,0.5887,-0.034759797,0,0.5,-0.017379898,1.644654088,1.179358248
2023-08-17 00:00:00,0.5057,-0.140988619,0,0.5,-0.070494309,1.27178796,1.025725893
2023-08-18 00:00:00,0.5058,0.000197746,0,0.5,9.88728E-05,1.272237197,1.025926183
2023-08-19 00:00:00,0.5198,0.027678924,0,0.5,0.013839462,1.335130279,1.053963912
2023-08-20 00:00:00,0.5383,0.035590612,0,0.5,0.017795306,1.418238994,1.090514828
2023-08-21 00:00:00,0.5239,-0.026750882,0,0.5,-0.013375441,1.353548967,1.06255327
2023-08-22 00:00:00,0.5206,-0.006298912,0,0.5,-0.003149456,1.338724169,1.056057349
2023-08-23 00:00:00,0.5298,0.017671917,0,0.5,0.008835959,1.380053908,1.074224586
2023-08-24 00:00:00,0.5184,-0.021517554,0,0.5,-0.010758777,1.32884097,1.051908467
2023-08-25 00:00:00,0.5255,0.013695988,0,0.5,0.006847994,1.360736748,1.065959923
2023-08-26 00:00:00,0.5227,-0.005328259,0,0.5,-0.002664129,1.348158131,1.060455939
2023-08-27 00:00:00,0.5232,0.000956572,0,0.5,0.000478286,1.350404313,1.061441425
2023-08-28 00:00:00,0.5227,-0.000955657,0,0.5,-0.000477829,1.348158131,1.06045641
2023-08-29 00:00:00,0.5395,0.032140807,0,0.5,0.016070404,1.423629829,1.093568776
2023-08-30 00:00:00,0.5279,-0.02150139,0,0.5,-0.010750695,1.371518419,1.071061456
2023-08-31 00:00:00,0.5106,-0.032771358,0,0.5,-0.016385679,1.293800539,1.037125708
2023-09-01 00:00:00,0.4975,-0.025656091,0,0.5,-0.012828045,1.234950584,1.010993367
2023-09-02 00:00:00,0.4985,0.00201005,0,0.5,0.001005025,1.239442947,1.013014466
2023-09-03 00:00:00,0.5044,0.011835507,0,0.5,0.005917753,1.265947889,1.024926988
2023-09-04 00:00:00,0.5083,0.007731959,0,0.5,0.003865979,1.283468104,1.032755314
2023-09-05 00:00:00,0.5051,-0.006295495,0,0.5,-0.003147747,1.269092543,1.026356714
2023-09-06 00:00:00,0.503,-0.004157593,0,0.5,-0.002078796,1.25965858,1.022144331
2023-09-07 00:00:00,0.5046,0.003180915,0,0.5,0.001590457,1.266846361,1.025360466
2023-09-08 00:00:00,0.5046,0,0,0.5,0,1.266846361,1.025360466
2023-09-09 00:00:00,0.5035,-0.002179945,0,0.5,-0.001089972,1.261904762,1.023152879
2023-09-10 00:00:00,0.4967,-0.013505462,0,0.5,-0.006752731,1.231356694,1.009491072
2023-09-11 00:00:00,0.474,-0.045701631,0,0.5,-0.022850815,1.129380054,0.963572562
2023-09-12 00:00:00,0.4799,0.012447257,0,0.5,0.006223629,1.155884996,0.975793109
2023-09-13 00:00:00,0.4829,0.006251302,0,0.5,0.003125651,1.169362084,0.981968749
2023-09-14 00:00:00,0.4888,0.01221785,0,0.5,0.006108925,1.195867026,0.994076448
2023-09-15 00:00:00,0.5001,0.02311784,0,0.5,0.01155892,1.246630728,1.017125818
2023-09-16 00:00:00,0.4995,-0.00119976,0,0.5,-0.00059988,1.24393531,1.015915784
2023-09-17 00:00:00,0.4922,-0.014614615,0,0.5,-0.007307307,1.21114106,1.001184868
2023-09-18 00:00:00,0.5027,0.021332792,0,0.5,0.010666396,1.258310872,1.022530298
2023-09-19 00:00:00,0.5134,0.021285061,0,0.5,0.01064253,1.306379155,1.044055138
2023-09-20 00:00:00,0.5209,0.014608492,0,0.5,0.007304246,1.340071878,1.05898542
2023-09-21 00:00:00,0.5068,-0.027068535,0,0.5,-0.013534268,1.27672956,1.03111856
2023-09-22 00:00:00,0.512,0.010260458,0,0.5,0.005130229,1.300089847,1.041538663
2023-09-23 00:00:00,0.5073,-0.009179688,0,0.5,-0.004589844,1.278975741,1.03216832
2023-09-24 00:00:00,0.5017,-0.011038833,0,0.5,-0.005519417,1.253818509,1.020951936
2023-09-25 00:00:00,0.5051,0.006776958,0,0.5,0.003388479,1.269092543,1.02779989
2023-09-26 00:00:00,0.5015,-0.007127302,0,0.5,-0.003563651,1.252920036,1.020573519
2023-09-27 00:00:00,0.4992,-0.004586241,-1,0,-0.002293121,1.242587601,1.0159401
2023-09-28 00:00:00,0.5093,0.020232372,-1,0,0,1.287960467,1.0159401
2023-09-29 00:00:00,0.5211,0.023169056,0,0.5,0,1.34097035,1.0159401
2023-09-30 00:00:00,0.5146,-0.012473614,0,0.5,-0.006236807,1.311769991,1.003367072
2023-10-01 00:00:00,0.524,0.018266615,1,1,0.009133307,1.353998203,1.021664439
2023-10-02 00:00:00,0.5119,-0.023091603,0,0.5,-0.023091603,1.299640611,0.974980966
2023-10-03 00:00:00,0.5386,0.052158625,1,1,0.026079312,1.419586703,1.026487112
2023-10-04 00:00:00,0.5323,-0.011696992,1,1,-0.011696992,1.391284816,1.002783308
2023-10-05 00:00:00,0.5223,-0.018786399,1,1,-0.018786399,1.346361186,0.965158222
2023-10-06 00:00:00,0.5251,0.005360904,1,1,0.005360904,1.358939802,0.975693246
2023-10-07 00:00:00,0.5212,-0.007427157,0,0.5,-0.007427157,1.341419587,0.961019463
2023-10-08 00:00:00,0.5172,-0.007674597,1,1,-0.003837299,1.323450135,0.953494446
2023-10-09 00:00:00,0.5023,-0.028808971,-1,0,-0.028808971,1.256513926,0.89721628
2023-10-10 00:00:00,0.4962,-0.012144137,-1,0,0,1.229110512,0.89721628
2023-10-11 00:00:00,0.4884,-0.015719468,0,0.5,0,1.194070081,0.89721628
2023-10-12 00:00:00,0.4828,-0.011466011,1,1,-0.005733006,1.168912848,0.886339528
2023-10-13 00:00:00,0.4849,0.004349627,1,1,0.004349627,1.17834681,0.894544402
2023-10-14 00:00:00,0.4862,0.002680965,0,0.5,0.002680965,1.184186882,0.899623609
2023-10-15 00:00:00,0.4871,0.00185109,0,0.5,0.000925545,1.188230009,0.901381797
2023-10-16 00:00:00,0.4973,0.020940259,0,0.5,0.010470129,1.234052111,0.92128951
2023-10-17 00:00:00,0.4908,-0.013070581,-1,0,-0.006535291,1.204851752,0.908733325
2023-10-18 00:00:00,0.4874,-0.006927465,-1,0,0,1.189577718,0.908733325
2023-10-19 00:00:00,0.5193,0.065449323,1,1,0,1.332884097,0.908733325
2023-10-20 00:00:00,0.5146,-0.009050645,0,0.5,-0.009050645,1.311769991,0.891458057
2023-10-21 00:00:00,0.5205,0.011465216,1,1,0.005732608,1.338274933,0.902301044
2023-10-22 00:00:00,0.5225,0.003842459,1,1,0.003842459,1.347259659,0.909610558
2023-10-23 00:00:00,0.5476,0.048038278,1,1,0.048038278,1.460017969,1.00134496
2023-10-24 00:00:00,0.5586,0.020087655,1,1,0.020087655,1.509433962,1.041547288
2023-10-25 00:00:00,0.5551,-0.006265664,1,1,-0.006265664,1.493710692,1.028755638
2023-10-26 00:00:00,0.5535,-0.002882364,1,1,-0.002882364,1.486522911,1.022908027
2023-10-27 00:00:00,0.5432,-0.018608853,1,1,-0.018608853,1.440251572,0.985264029
2023-10-28 00:00:00,0.5447,0.002761414,1,1,0.002761414,1.446990117,0.990746165
2023-10-29 00:00:00,0.5564,0.021479714,1,1,0.021479714,1.499550764,1.033506822
2023-10-30 00:00:00,0.5786,0.039899353,1,1,0.039899353,1.599281222,1.114642429
2023-10-31 00:00:00,0.5997,0.036467335,1,1,0.036467335,1.694070081,1.191757803
2023-11-01 00:00:00,0.6091,0.015674504,1,1,0.015674504,1.736298293,1.226112519
2023-11-02 00:00:00,0.6057,-0.005582006,1,1,-0.005582006,1.721024259,1.213686345
2023-11-03 00:00:00,0.6124,0.011061582,1,1,0.011061582,1.751123091,1.238173217
2023-11-04 00:00:00,0.6156,0.005225343,1,1,0.005225343,1.765498652,1.24986844
2023-11-05 00:00:00,0.661,0.073749188,1,1,0.073749188,1.969451932,1.41579441
2023-11-06 00:00:00,0.7153,0.08214826,1,1,0.08214826,2.213387242,1.614247717
2023-11-07 00:00:00,0.6852,-0.042080246,1,1,-0.042080246,2.078167116,1.50423953
2023-11-08 00:00:00,0.6876,0.003502627,1,1,0.003502627,2.088948787,1.513010947
2023-11-09 00:00:00,0.667,-0.029959279,1,1,-0.029959279,1.99640611,1.437722952
2023-11-10 00:00:00,0.6599,-0.010644678,0,0.5,-0.010644678,1.964510332,1.411774177
2023-11-11 00:00:00,0.6634,0.005303834,0,0.5,0.002651917,1.980233603,1.418170002
2023-11-12 00:00:00,0.6618,-0.002411818,0,0.5,-0.001205909,1.973045822,1.415253909
2023-11-13 00:00:00,0.6706,0.013297069,0,0.5,0.006648534,2.012578616,1.431311807
2023-11-14 00:00:00,0.6294,-0.061437519,0,0.5,-0.030718759,1.827493261,1.356624925
2023-11-15 00:00:00,0.6482,0.029869717,0,0.5,0.014934859,1.911949686,1.391820785
2023-11-16 00:00:00,0.612,-0.055846961,0,0.5,-0.02792348,1.749326146,1.325032824
2023-11-17 00:00:00,0.6133,0.002124183,0,0.5,0.001062092,1.755166217,1.327502222
2023-11-18 00:00:00,0.611,-0.003750204,0,0.5,-0.001875102,1.744833783,1.323137918
2023-11-19 00:00:00,0.626,0.024549918,0,0.5,0.012274959,1.812219227,1.351654341
2023-11-20 00:00:00,0.6122,-0.022044728,0,0.5,-0.011022364,1.750224618,1.32573355
2023-11-21 00:00:00,0.5786,-0.054884025,0,0.5,-0.027442012,1.599281222,1.261910741
2023-11-22 00:00:00,0.6113,0.056515728,0,0.5,0.028257864,1.746181491,1.325827507
2023-11-23 00:00:00,0.6211,0.016031408,0,0.5,0.008015704,1.790206649,1.344470652
2023-11-24 00:00:00,0.6212,0.000161005,0,0.5,8.05023E-05,1.790655885,1.344659388
2023-11-25 00:00:00,0.6227,0.002414681,0,0.5,0.001207341,1.797394429,1.34749019
2023-11-26 00:00:00,0.6159,-0.010920186,0,0.5,-0.005460093,1.766846361,1.334672675
2023-11-27 00:00:00,0.6038,-0.019646046,0,0.5,-0.009823023,1.712488769,1.311739131
2023-11-28 00:00:00,0.6105,0.01109639,0,0.5,0.005548195,1.742587601,1.32456511
2023-11-29 00:00:00,0.6091,-0.002293202,0,0.5,-0.001146601,1.736298293,1.321899761
2023-11-30 00:00:00,0.6065,-0.004268593,0,0.5,-0.002134297,1.724618149,1.316944139
2023-12-01 00:00:00,0.6129,0.01055235,0,0.5,0.005276175,1.753369272,1.329168741
2023-12-02 00:00:00,0.6213,0.013705335,0,0.5,0.006852668,1.791105121,1.34512976
2023-12-03 00:00:00,0.6236,0.003701915,0,0.5,0.001850958,1.801437556,1.349470496
2023-12-04 00:00:00,0.625,0.002245029,1,1,0.001122514,1.807726864,1.352107811
2023-12-05 00:00:00,0.6216,-0.00544,-1,0,-0.00544,1.79245283,1.339312344
2023-12-06 00:00:00,0.6405,0.030405405,-1,0,0,1.877358491,1.339312344
2023-12-07 00:00:00,0.6438,0.005152225,0,0.5,0,1.892183288,1.339312344
2023-12-08 00:00:00,0.6729,0.045200373,0,0.5,0.022600186,2.022911051,1.392181239
2023-12-09 00:00:00,0.6587,-0.02110269,0,0.5,-0.010551345,1.959119497,1.36694051
2023-12-10 00:00:00,0.6622,0.005313496,1,1,0.002656748,1.974842767,1.373228875
2023-12-11 00:00:00,0.6189,-0.0653881,-1,0,-0.0653881,1.78032345,1.218047947
2023-12-12 00:00:00,0.6197,0.001292616,-1,0,0,1.783917341,1.218047947
2023-12-13 00:00:00,0.6277,0.012909472,0,0.5,0,1.819856244,1.218047947
2023-12-14 00:00:00,0.6321,0.007009718,1,1,0.003504859,1.839622642,1.225821892
2023-12-15 00:00:00,0.6158,-0.025787059,0,0.5,-0.025787059,1.766397125,1.168424492
2023-12-16 00:00:00,0.6207,0.007957129,1,1,0.003978564,1.788409704,1.177051708
2023-12-17 00:00:00,0.6107,-0.016110843,0,0.5,-0.016110843,1.743486074,1.141977571
2023-12-18 00:00:00,0.6127,0.00327493,1,1,0.001637465,1.7524708,1.145484985
2023-12-19 00:00:00,0.6048,-0.012893749,0,0.5,-0.012893749,1.716981132,1.11782164
2023-12-20 00:00:00,0.6174,0.020833333,1,1,0.010416667,1.773584906,1.139882282
2023-12-21 00:00:00,0.6246,0.011661808,1,1,0.011661808,1.805929919,1.164837177
2023-12-22 00:00:00,0.6251,0.000800512,1,1,0.000800512,1.808176101,1.166570156
2023-12-23 00:00:00,0.62,-0.008158695,0,0.5,-0.008158695,1.785265049,1.148893772
2023-12-24 00:00:00,0.6129,-0.011451613,0,0.5,-0.005725806,1.753369272,1.136589622
2023-12-25 00:00:00,0.6467,0.055147659,1,1,0.027573829,1.905211141,1.19550358
2023-12-26 00:00:00,0.6225,-0.037420752,1,1,-0.037420752,1.796495957,1.113346186
2023-12-27 00:00:00,0.6349,0.019919679,1,1,0.019919679,1.852201258,1.155443363
2023-12-28 00:00:00,0.6352,0.000472515,1,1,0.000472515,1.853548967,1.156461843
2023-12-29 00:00:00,0.6232,-0.018891688,1,1,-0.018891688,1.799640611,1.115722639
2023-12-30 00:00:00,0.6212,-0.003209243,1,1,-0.003209243,1.790655885,1.108932772
2023-12-31 00:00:00,0.6157,-0.008853831,1,1,-0.008853831,1.765947889,1.090260637
2024-01-01 00:00:00,0.6303,0.023712847,1,1,0.023712847,1.831536388,1.139826668
2024-01-02 00:00:00,0.625,-0.008408694,1,1,-0.008408694,1.807726864,1.12183352
2024-01-03 00:00:00,0.5822,-0.06848,0,0.5,-0.06848,1.615453729,0.976530361
2024-01-04 00:00:00,0.5868,0.007901065,0,0.5,0.003950532,1.636118598,0.984338708
2024-01-05 00:00:00,0.5756,-0.019086571,0,0.5,-0.009543286,1.585804133,0.965401597
2024-01-06 00:00:00,0.5679,-0.013377345,0,0.5,-0.006688673,1.551212938,0.952255669
2024-01-07 00:00:00,0.5511,-0.029582673,0,0.5,-0.014791337,1.47574124,0.923379198
2024-01-08 00:00:00,0.5776,0.048085647,0,0.5,0.024042823,1.594788859,0.969622665
2024-01-09 00:00:00,0.5669,-0.018524931,0,0.5,-0.009262465,1.546720575,0.951379103
2024-01-10 00:00:00,0.6011,0.0603281,0,0.5,0.03016405,1.700359389,1.0102406
2024-01-11 00:00:00,0.602,0.001497255,0,0.5,0.000748628,1.704402516,1.011745522
2024-01-12 00:00:00,0.5698,-0.053488372,0,0.5,-0.026744186,1.559748428,0.957943025
2024-01-13 00:00:00,0.5748,0.008775009,0,0.5,0.004387504,1.582210243,0.966533509
2024-01-14 00:00:00,0.5765,0.00295755,0,0.5,0.001478775,1.58984726,0.96944157
2024-01-15 00:00:00,0.5757,-0.001387684,0,0.5,-0.000693842,1.586253369,0.968075088
2024-01-16 00:00:00,0.5758,0.000173702,0,0.5,8.68508E-05,1.586702606,0.968246017
2024-01-17 00:00:00,0.5688,-0.012156999,0,0.5,-0.006078499,1.555256065,0.956282035
2024-01-18 00:00:00,0.5521,-0.029360056,0,0.5,-0.014680028,1.480233603,0.927563759
2024-01-19 00:00:00,0.5443,-0.014127875,0,0.5,-0.007063938,1.445193172,0.913947569
2024-01-20 00:00:00,0.5535,0.016902444,0,0.5,0.008451222,1.486522911,0.930122764
2024-01-21 00:00:00,0.5465,-0.012646793,0,0.5,-0.006323397,1.45507637,0.917917833
2024-01-22 00:00:00,0.5276,-0.034583715,0,0.5,-0.017291857,1.37017071,0.884753471
2024-01-23 00:00:00,0.518,-0.018195603,0,0.5,-0.009097801,1.327044025,0.867606359
2024-01-24 00:00:00,0.5181,0.00019305,0,0.5,9.65251E-05,1.327493261,0.867786629
2024-01-25 00:00:00,0.5138,-0.008299556,0,0.5,-0.004149778,1.308176101,0.860035729
2024-01-26 00:00:00,0.532,0.035422343,0,0.5,0.017711172,1.389937107,0.892979142
2024-01-27 00:00:00,0.5301,-0.003571429,0,0.5,-0.001785714,1.381401617,0.889598822
2024-01-28 00:00:00,0.5239,-0.011695906,0,0.5,-0.005847953,1.353548967,0.878548536
2024-01-29 00:00:00,0.5348,0.020805497,0,0.5,0.010402749,1.402515723,0.898090604
2024-01-30 00:00:00,0.5106,-0.045250561,-1,0,-0.02262528,1.293800539,0.855145772
2024-01-31 00:00:00,0.5031,-0.014688602,-1,0,0,1.260107817,0.855145772
2024-02-01 00:00:00,0.5056,0.004969191,-1,0,0,1.271338724,0.855145772
2024-02-02 00:00:00,0.5102,0.009098101,-1,0,0,1.292003594,0.855145772
2024-02-03 00:00:00,0.5186,0.016464132,-1,0,0,1.329739443,0.855145772
2024-02-04 00:00:00,0.5029,-0.030273814,-1,0,0,1.259209344,0.855145772
2024-02-05 00:00:00,0.5065,0.007158481,-1,0,0,1.275381851,0.855145772
2024-02-06 00:00:00,0.5048,-0.003356367,0,0.5,0,1.267744834,0.855145772
2024-02-07 00:00:00,0.5136,0.017432647,0,0.5,0.008716323,1.307277628,0.871315822
2024-02-08 00:00:00,0.5144,0.001557632,0,0.5,0.000778816,1.310871518,0.872773233
2024-02-09 00:00:00,0.526,0.022550544,0,0.5,0.011275272,1.362982929,0.893889261
2024-02-10 00:00:00,0.5239,-0.003992395,0,0.5,-0.001996198,1.353548967,0.890108684
2024-02-11 00:00:00,0.526,0.004008399,0,0.5,0.002004199,1.362982929,0.893896838
2024-02-12 00:00:00,0.5317,0.010836502,0,0.5,0.005418251,1.388589398,0.904158447
2024-02-13 00:00:00,0.525,-0.012601091,0,0.5,-0.006300545,1.358490566,0.89216121
2024-02-14 00:00:00,0.538,0.024761905,0,0.5,0.012380952,1.416891285,0.915587968
2024-02-15 00:00:00,0.5625,0.045539033,0,0.5,0.022769517,1.526954178,0.95920498
2024-02-16 00:00:00,0.5646,0.003733333,0,0.5,0.001866667,1.53638814,0.962862163
2024-02-17 00:00:00,0.55,-0.025859015,0,0.5,-0.012929508,1.470799641,0.937483321
2024-02-18 00:00:00,0.5577,0.014,1,1,0.007,1.505390836,0.951045705
2024-02-19 00:00:00,0.563,0.009503317,1,1,0.009503317,1.529200359,0.969587111
2024-02-20 00:00:00,0.5628,-0.00035524,1,1,-0.00035524,1.528301887,0.968887435
2024-02-21 00:00:00,0.5495,-0.023631841,0,0.5,-0.023631841,1.468553459,0.922359001
2024-02-22 00:00:00,0.5413,-0.014922657,0,0.5,-0.007461328,1.431716083,0.908015649
2024-02-23 00:00:00,0.5345,-0.01256235,0,0.5,-0.006281175,1.401168014,0.896031069
2024-02-24 00:00:00,0.5453,0.0202058,1,1,0.0101029,1.449685535,0.915186481
2024-02-25 00:00:00,0.5431,-0.004034476,0,0.5,-0.004034476,1.439802336,0.907459706
2024-02-26 00:00:00,0.5512,0.01491438,0,0.5,0.00745719,1.476190476,0.921683996
2024-02-27 00:00:00,0.5869,0.064767779,1,1,0.03238389,1.636567835,0.983915598
2024-02-28 00:00:00,0.5755,-0.019424093,0,0.5,-0.019424093,1.585354897,0.945379838
2024-02-29 00:00:00,0.5872,0.020330148,0,0.5,0.010165074,1.637915544,0.965154768
2024-03-01 00:00:00,0.6019,0.02503406,0,0.5,0.01251703,1.703953279,0.989752669
2024-03-02 00:00:00,0.6449,0.071440439,1,1,0.035720219,1.897124888,1.060827071
2024-03-03 00:00:00,0.6272,-0.027446116,1,1,-0.027446116,1.817610063,1.004265372
2024-03-04 00:00:00,0.6484,0.03380102,0,0.5,0.03380102,1.912848158,1.072011587
2024-03-05 00:00:00,0.5915,-0.087754473,0,0.5,-0.043877236,1.657232704,0.981097445
2024-03-06 00:00:00,0.6128,0.036010144,0,0.5,0.018005072,1.752920036,1.016767247
2024-03-07 00:00:00,0.628,0.024804178,0,0.5,0.012402089,1.821203953,1.041779373
2024-03-08 00:00:00,0.6204,-0.012101911,0,0.5,-0.006050955,1.787061995,1.029424657
2024-03-09 00:00:00,0.6206,0.000322373,0,0.5,0.000161186,1.787960467,1.029751773
2024-03-10 00:00:00,0.6086,-0.019336126,0,0.5,-0.009668063,1.734052111,1.010128005
2024-03-11 00:00:00,0.7243,0.190108446,1,1,0.095054223,2.253818509,1.20119916
2024-03-12 00:00:00,0.6886,-0.049288969,1,1,-0.049288969,2.09344115,1.092704323
2024-03-13 00:00:00,0.6898,0.001742666,1,1,0.001742666,2.098831986,1.096351209
2024-03-14 00:00:00,0.6698,-0.028993911,1,1,-0.028993911,2.008984726,1.035569788
2024-03-15 00:00:00,0.6348,-0.052254404,1,1,-0.052254404,1.851752022,0.929202301
2024-03-16 00:00:00,0.6036,-0.049149338,0,0.5,-0.049149338,1.711590296,0.834383284
2024-03-17 00:00:00,0.6198,0.026838966,1,1,0.013419483,1.784366577,0.85899976
2024-03-18 00:00:00,0.6457,0.041787673,1,1,0.041787673,1.900718778,0.936683035
2024-03-19 00:00:00,0.585,-0.094006505,0,0.5,-0.094006505,1.628032345,0.754622232
2024-03-20 00:00:00,0.6112,0.044786325,1,1,0.022393162,1.745732255,0.793913773
2024-03-21 00:00:00,0.6412,0.04908377,1,1,0.04908377,1.880503145,0.881965823
2024-03-22 00:00:00,0.6119,-0.045695571,0,0.5,-0.045695571,1.748876909,0.795968321
2024-03-23 00:00:00,0.6172,0.008661546,0,0.5,0.004330773,1.772686433,0.803746252
2024-03-24 00:00:00,0.6333,0.026085548,1,1,0.013042774,1.845013477,0.827272106
2024-03-25 00:00:00,0.6408,0.011842729,1,1,0.011842729,1.878706199,0.848911994
2024-03-26 00:00:00,0.6323,-0.013264669,1,1,-0.013264669,1.840521114,0.824386788
2024-03-27 00:00:00,0.6123,-0.031630555,1,1,-0.031630555,1.750673854,0.766680421
2024-03-28 00:00:00,0.6252,0.021068104,1,1,0.021068104,1.808625337,0.803901028
2024-03-29 00:00:00,0.6308,0.008957134,1,1,0.008957134,1.83378257,0.82005881
2024-03-30 00:00:00,0.6217,-0.014426126,1,1,-0.014426126,1.792902066,0.793802413
2024-03-31 00:00:00,0.6297,0.012867943,1,1,0.012867943,1.82884097,0.81688496
2024-04-01 00:00:00,0.6115,-0.028902652,-1,0,-0.028902652,1.747079964,0.764372166
2024-04-02 00:00:00,0.5858,-0.0420278,-1,0,0,1.631626235,0.764372166
2024-04-03 00:00:00,0.5746,-0.019119153,-1,0,0,1.58131177,0.764372166
2024-04-04 00:00:00,0.5937,0.033240515,0,0.5,0,1.667115903,0.764372166
2024-04-05 00:00:00,0.5872,-0.01094829,-1,0,-0.005474145,1.637915544,0.754713737
2024-04-06 00:00:00,0.5932,0.010217984,-1,0,0,1.664869721,0.754713737
2024-04-07 00:00:00,0.5948,0.002697235,-1,0,0,1.672057502,0.754713737
2024-04-08 00:00:00,0.6152,0.034297243,-1,0,0,1.763701707,0.754713737
2024-04-09 00:00:00,0.6145,-0.001137841,0,0.5,0,1.760557053,0.754713737
2024-04-10 00:00:00,0.6176,0.005044752,-1,0,0.002522376,1.774483378,0.759139785
2024-04-11 00:00:00,0.6089,-0.014086788,-1,0,0,1.73539982,0.759139785
2024-04-12 00:00:00,0.5469,-0.101822959,-1,0,0,1.456873315,0.759139785
2024-04-13 00:00:00,0.4786,-0.12488572,-1,0,0,1.150044924,0.759139785
2024-04-14 00:00:00,0.5029,0.050773088,-1,0,0,1.259209344,0.759139785
2024-04-15 00:00:00,0.4973,-0.011135415,-1,0,0,1.234052111,0.759139785
2024-04-16 00:00:00,0.496,-0.002614116,-1,0,0,1.22821204,0.759139785
2024-04-17 00:00:00,0.4947,-0.002620968,-1,0,0,1.222371968,0.759139785
2024-04-18 00:00:00,0.5022,0.015160703,-1,0,0,1.25606469,0.759139785
2024-04-19 00:00:00,0.5027,0.000995619,-1,0,0,1.258310872,0.759139785
2024-04-20 00:00:00,0.5285,0.051322857,-1,0,0,1.374213836,0.759139785
2024-04-21 00:00:00,0.5243,-0.00794702,-1,0,0,1.355345912,0.759139785
2024-04-22 00:00:00,0.5558,0.060080107,-1,0,0,1.496855346,0.759139785
2024-04-23 00:00:00,0.5443,-0.020690896,-1,0,0,1.445193172,0.759139785
2024-04-24 00:00:00,0.5271,-0.03160022,-1,0,0,1.367924528,0.759139785
2024-04-25 00:00:00,0.5251,-0.003794346,-1,0,0,1.358939802,0.759139785
2024-04-26 00:00:00,0.5257,0.001142639,-1,0,0,1.36163522,0.759139785
2024-04-27 00:00:00,0.5176,-0.015408027,-1,0,0,1.32524708,0.759139785
2024-04-28 00:00:00,0.5099,-0.014876352,-1,0,0,1.290655885,0.759139785
2024-04-29 00:00:00,0.5147,0.009413611,-1,0,0,1.312219227,0.759139785
2024-04-30 00:00:00,0.5004,-0.027783175,-1,0,0,1.247978437,0.759139785
2024-05-01 00:00:00,0.5173,0.033772982,-1,0,0,1.323899371,0.759139785
2024-05-02 00:00:00,0.5178,0.000966557,-1,0,0,1.326145553,0.759139785
2024-05-03 00:00:00,0.5312,0.025878718,-1,0,0,1.386343217,0.759139785
2024-05-04 00:00:00,0.5299,-0.002447289,-1,0,0,1.380503145,0.759139785
2024-05-05 00:00:00,0.5292,-0.001321004,-1,0,0,1.377358491,0.759139785
2024-05-06 00:00:00,0.5398,0.020030234,-1,0,0,1.424977538,0.759139785
2024-05-07 00:00:00,0.5242,-0.028899592,-1,0,0,1.354896676,0.759139785
2024-05-08 00:00:00,0.5168,-0.014116749,-1,0,0,1.32165319,0.759139785
2024-05-09 00:00:00,0.5206,0.007352941,-1,0,0,1.338724169,0.759139785
2024-05-10 00:00:00,0.5019,-0.035920092,-1,0,0,1.254716981,0.759139785
2024-05-11 00:00:00,0.5057,0.007571229,-1,0,0,1.27178796,0.759139785
2024-05-12 00:00:00,0.4989,-0.013446708,-1,0,0,1.241239892,0.759139785
2024-05-13 00:00:00,0.505,0.012226899,0,0.5,0,1.268643306,0.759139785
2024-05-14 00:00:00,0.4999,-0.01009901,-1,0,-0.005049505,1.245732255,0.750256999
2024-05-15 00:00:00,0.5186,0.037407481,0,0.5,0,1.329739443,0.750256999
2024-05-16 00:00:00,0.5155,-0.005977632,0,0.5,-0.002988816,1.315813118,0.745025803
2024-05-17 00:00:00,0.5231,0.014742968,0,0.5,0.007371484,1.349955076,0.757889233
2024-05-18 00:00:00,0.521,-0.004014529,0,0.5,-0.002007264,1.340521114,0.754360685
2024-05-19 00:00:00,0.5091,-0.022840691,0,0.5,-0.011420345,1.287061995,0.734325279
2024-05-20 00:00:00,0.5379,0.056570418,0,0.5,0.028285209,1.416442049,0.783381033
2024-05-21 00:00:00,0.5372,-0.001301357,1,1,-0.000650679,1.413297394,0.782220625
2024-05-22 00:00:00,0.5272,-0.018615041,0,0.5,-0.018615041,1.368373765,0.749044515
2024-05-23 00:00:00,0.529,0.003414264,0,0.5,0.001707132,1.376460018,0.752030365
2024-05-24 00:00:00,0.5364,0.013988658,1,1,0.006994329,1.409703504,0.764284642
2024-05-25 00:00:00,0.542,0.01043997,1,1,0.01043997,1.434860737,0.782703721
2024-05-26 00:00:00,0.5285,-0.024907749,0,0.5,-0.024907749,1.374213836,0.738300584
2024-05-27 00:00:00,0.5343,0.010974456,1,1,0.005487228,1.400269542,0.747839035
2024-05-28 00:00:00,0.5291,-0.00973236,0,0.5,-0.00973236,1.376909254,0.730828436
2024-05-29 00:00:00,0.5239,-0.00982801,1,1,-0.004914005,1.353548967,0.722323137
2024-05-30 00:00:00,0.519,-0.00935293,1,1,-0.00935293,1.331536388,0.706214369
2024-05-31 00:00:00,0.5179,-0.002119461,1,1,-0.002119461,1.326594789,0.702598115
2024-06-01 00:00:00,0.5189,0.001930875,1,1,0.001930875,1.331087152,0.705885619
2024-06-02 00:00:00,0.5137,-0.010021199,-1,0,-0.010021199,1.307726864,0.6887906
2024-06-03 00:00:00,0.5203,0.012847966,0,0.5,0,1.33737646,0.6887906
2024-06-04 00:00:00,0.526,0.010955218,0,0.5,0.005477609,1.362982929,0.698041135
2024-06-05 00:00:00,0.5263,0.000570342,0,0.5,0.000285171,1.364330638,0.698525367
2024-06-06 00:00:00,0.5218,-0.008550257,0,0.5,-0.004275128,1.344115004,0.691263953
2024-06-07 00:00:00,0.4989,-0.043886547,-1,0,-0.021943273,1.241239892,0.654152086
2024-06-08 00:00:00,0.4926,-0.012627781,-1,0,0,1.212938005,0.654152086
2024-06-09 00:00:00,0.4985,0.011977263,-1,0,0,1.239442947,0.654152086
2024-06-10 00:00:00,0.497,-0.003009027,-1,0,0,1.232704403,0.654152086
2024-06-11 00:00:00,0.4803,-0.03360161,-1,0,0,1.157681941,0.654152086
2024-06-12 00:00:00,0.4915,0.023318759,-1,0,0,1.207996406,0.654152086
2024-06-13 00:00:00,0.4768,-0.029908444,-1,0,0,1.14195867,0.654152086
2024-06-14 00:00:00,0.4745,-0.004823826,-1,0,0,1.131626235,0.654152086
2024-06-15 00:00:00,0.4906,0.033930453,-1,0,0,1.203953279,0.654152086
2024-06-16 00:00:00,0.4889,-0.003465145,-1,0,0,1.196316262,0.654152086
2024-06-17 00:00:00,0.5044,0.031703825,-1,0,0,1.265947889,0.654152086
2024-06-18 00:00:00,0.4907,-0.027160983,-1,0,0,1.204402516,0.654152086
2024-06-19 00:00:00,0.493,0.004687182,-1,0,0,1.214734951,0.654152086
2024-06-20 00:00:00,0.4885,-0.009127789,-1,0,0,1.194519317,0.654152086
2024-06-21 00:00:00,0.4888,0.000614125,-1,0,0,1.195867026,0.654152086
2024-06-22 00:00:00,0.4864,-0.004909984,-1,0,0,1.185085355,0.654152086
2024-06-23 00:00:00,0.4796,-0.013980263,-1,0,0,1.154537287,0.654152086
2024-06-24 00:00:00,0.4738,-0.012093411,-1,0,0,1.128481581,0.654152086
2024-06-25 00:00:00,0.4755,0.003588012,-1,0,0,1.136118598,0.654152086
2024-06-26 00:00:00,0.4696,-0.012407992,-1,0,0,1.109613657,0.654152086
2024-06-27 00:00:00,0.4752,0.011925043,-1,0,0,1.134770889,0.654152086
2024-06-28 00:00:00,0.4715,-0.007786195,-1,0,0,1.118149146,0.654152086
2024-06-29 00:00:00,0.4724,0.001908802,-1,0,0,1.122192273,0.654152086
2024-06-30 00:00:00,0.476,0.00762066,-1,0,0,1.13836478,0.654152086
2024-07-01 00:00:00,0.4768,0.001680672,-1,0,0,1.14195867,0.654152086
2024-07-02 00:00:00,0.4853,0.017827181,-1,0,0,1.180143756,0.654152086
2024-07-03 00:00:00,0.4668,-0.03812075,-1,0,0,1.09703504,0.654152086
2024-07-04 00:00:00,0.4326,-0.073264781,-1,0,0,0.943396226,0.654152086
2024-07-05 00:00:00,0.4249,-0.017799353,-1,0,0,0.908805031,0.654152086
2024-07-06 00:00:00,0.4487,0.05601318,-1,0,0,1.01572327,0.654152086
2024-07-07 00:00:00,0.4194,-0.065299755,-1,0,0,0.884097035,0.654152086
2024-07-08 00:00:00,0.4314,0.028612303,-1,0,0,0.938005391,0.654152086
2024-07-09 00:00:00,0.4355,0.009503941,-1,0,0,0.956424079,0.654152086
2024-07-10 00:00:00,0.4385,0.006888634,-1,0,0,0.969901168,0.654152086
2024-07-11 00:00:00,0.4488,0.023489168,-1,0,0,1.016172507,0.654152086
2024-07-12 00:00:00,0.4742,0.056595365,-1,0,0,1.130278527,0.654152086
2024-07-13 00:00:00,0.5255,0.108182202,0,0.5,0,1.360736748,0.654152086
2024-07-14 00:00:00,0.5202,-0.010085633,0,0.5,-0.005042816,1.336927224,0.645810501
2024-07-15 00:00:00,0.5368,0.031910804,0,0.5,0.015955402,1.411500449,0.672070069
2024-07-16 00:00:00,0.5791,0.078800298,0,0.5,0.039400149,1.601527403,0.737949879
2024-07-17 00:00:00,0.6257,0.080469694,1,1,0.040234847,1.810871518,0.807876027
2024-07-18 00:00:00,0.5693,-0.090139044,0,0.5,-0.090139044,1.557502246,0.644915809
2024-07-19 00:00:00,0.5729,0.006323555,0,0.5,0.003161778,1.573674753,0.650116667
2024-07-20 00:00:00,0.5936,0.03613196,0,0.5,0.01806598,1.666666667,0.679927642
2024-07-21 00:00:00,0.5984,0.008086253,0,0.5,0.004043127,1.688230009,0.686719803
2024-07-22 00:00:00,0.6076,0.015374332,0,0.5,0.007687166,1.729559748,0.699685897
2024-07-23 00:00:00,0.5972,-0.017116524,0,0.5,-0.008558262,1.682839173,0.68513954
2024-07-24 00:00:00,0.6175,0.033991962,0,0.5,0.016995981,1.774034142,0.71378014
2024-07-25 00:00:00,0.5993,-0.029473684,0,0.5,-0.014736842,1.692273136,0.688524433
2024-07-26 00:00:00,0.6032,0.006507592,0,0.5,0.003253796,1.709793351,0.694018547
2024-07-27 00:00:00,0.5954,-0.012931034,0,0.5,-0.006465517,1.67475292,0.683065841
2024-07-28 00:00:00,0.601,0.009405442,0,0.5,0.004702721,1.699910153,0.69098083
2024-07-29 00:00:00,0.6016,0.000998336,0,0.5,0.000499168,1.702605571,0.691824913
2024-07-30 00:00:00,0.6274,0.042885638,1,1,0.021442819,1.818508535,0.728102409
2024-07-31 00:00:00,0.623,-0.00701307,1,1,-0.00701307,1.798742138,0.715983106
2024-08-01 00:00:00,0.5962,-0.043017657,1,1,-0.043017657,1.67834681,0.642165534
2024-08-02 00:00:00,0.5605,-0.059879235,0,0.5,-0.059879235,1.517969452,0.543833918
2024-08-03 00:00:00,0.5556,-0.008742194,0,0.5,-0.004371097,1.495956873,0.53708567
2024-08-04 00:00:00,0.5227,-0.059215263,0,0.5,-0.029607631,1.348158131,0.491576204
2024-08-05 00:00:00,0.4887,-0.065046872,0,0.5,-0.032523436,1.19541779,0.443065021
2024-08-06 00:00:00,0.5057,0.034786167,0,0.5,0.017393084,1.27178796,0.468164371
2024-08-07 00:00:00,0.6001,0.18667194,0,0.5,0.09333597,1.695867026,0.605196917
2024-08-08 00:00:00,0.6164,0.02716214,0,0.5,0.01358107,1.769092543,0.626997208
2024-08-09 00:00:00,0.5801,-0.058890331,0,0.5,-0.029445165,1.606019766,0.579090006
2024-08-10 00:00:00,0.5837,0.006205827,1,1,0.003102913,1.622192273,0.583989786
2024-08-11 00:00:00,0.5525,-0.053452116,1,1,-0.053452116,1.482030548,0.49932218
2024-08-12 00:00:00,0.568,0.028054299,1,1,0.028054299,1.551662174,0.541384613
2024-08-13 00:00:00,0.5765,0.014964789,1,1,0.014964789,1.58984726,0.564451108
2024-08-14 00:00:00,0.5684,-0.014050304,1,1,-0.014050304,1.553459119,0.542470095
2024-08-15 00:00:00,0.5605,-0.013898663,0,0.5,-0.013898663,1.517969452,0.521031823
2024-08-16 00:00:00,0.5634,0.005173952,0,0.5,0.002586976,1.530997305,0.524966695
2024-08-17 00:00:00,0.5661,0.004792332,0,0.5,0.002396166,1.543126685,0.528620769
2024-08-18 00:00:00,0.5628,-0.005829359,0,0.5,-0.002914679,1.528301887,0.52416533
2024-08-19 00:00:00,0.598,0.062544421,1,1,0.03127221,1.686433064,0.571829348
2024-08-20 00:00:00,0.5933,-0.007859532,0,0.5,-0.007859532,1.665318958,0.559475506
2024-08-21 00:00:00,0.5997,0.010787123,0,0.5,0.005393561,1.694070081,0.567886633
2024-08-22 00:00:00,0.5974,-0.003835251,1,1,-0.001917625,1.683737646,0.564880013
2024-08-23 00:00:00,0.6105,0.021928356,0,0.5,0.021928356,1.742587601,0.59919526
2024-08-24 00:00:00,0.6121,0.002620803,1,1,0.001310401,1.749775382,0.601290847
2024-08-25 00:00:00,0.5996,-0.0204215,0,0.5,-0.0204215,1.693620845,0.568590087
2024-08-26 00:00:00,0.5871,-0.020847231,0,0.5,-0.010423616,1.637466307,0.552239706
2024-08-27 00:00:00,0.5662,-0.035598706,0,0.5,-0.017799353,1.543575921,0.524610844
2024-08-28 00:00:00,0.569,0.004945249,0,0.5,0.002472625,1.556154537,0.528380634
2024-08-29 00:00:00,0.5615,-0.013181019,0,0.5,-0.00659051,1.522461815,0.518307827
2024-08-30 00:00:00,0.5665,0.00890472,0,0.5,0.00445236,1.54492363,0.52506788
2024-08-31 00:00:00,0.5661,-0.00070609,0,0.5,-0.000353045,1.543126685,0.524529462
2024-09-01 00:00:00,0.5467,-0.034269564,0,0.5,-0.017134782,1.455974843,0.498406982
2024-09-02 00:00:00,0.5674,0.037863545,1,1,0.018931772,1.548966757,0.526774482
2024-09-03 00:00:00,0.5569,-0.018505464,1,1,-0.018505464,1.501796945,0.498520813
2024-09-04 00:00:00,0.5576,0.001256958,1,1,0.001256958,1.504941599,0.500404391
2024-09-05 00:00:00,0.5441,-0.024210904,1,1,-0.024210904,1.444294699,0.464078244
2024-09-06 00:00:00,0.5206,-0.04319059,0,0.5,-0.04319059,1.338724169,0.400843841
2024-09-07 00:00:00,0.5246,0.007683442,0,0.5,0.003841721,1.356693621,0.406225493
2024-09-08 00:00:00,0.5292,0.008768586,0,0.5,0.004384293,1.377358491,0.412390797
2024-09-09 00:00:00,0.5392,0.018896447,0,0.5,0.009448224,1.42228212,0.425735381
2024-09-10 00:00:00,0.5405,0.002410979,0,0.5,0.00120549,1.428122192,0.42745409
2024-09-11 00:00:00,0.5346,-0.010915819,0,0.5,-0.005457909,1.401617251,0.419663175
2024-09-12 00:00:00,0.5624,0.052001496,0,0.5,0.026000748,1.526504942,0.45657548
2024-09-13 00:00:00,0.5722,0.01742532,1,1,0.00871266,1.570530099,0.469266127
2024-09-14 00:00:00,0.5953,0.0403705,1,1,0.0403705,1.674303684,0.528581135
2024-09-15 00:00:00,0.5703,-0.041995632,1,1,-0.041995632,1.561994609,0.464387403
2024-09-16 00:00:00,0.5861,0.027704717,1,1,0.027704717,1.632973944,0.504957842
2024-09-17 00:00:00,0.5836,-0.004265484,1,1,-0.004265484,1.621743037,0.498538469
2024-09-18 00:00:00,0.5851,0.002570254,0,0.5,0.002570254,1.628481581,0.502390092
2024-09-19 00:00:00,0.5867,0.002734575,0,0.5,0.001367288,1.635669362,0.504444292
2024-09-20 00:00:00,0.5847,-0.003408897,0,0.5,-0.001704449,1.626684636,0.501880044
2024-09-21 00:00:00,0.5973,0.021549513,0,0.5,0.010774756,1.68328841,0.518062435
2024-09-22 00:00:00,0.5869,-0.017411686,0,0.5,-0.008705843,1.636567835,0.504846422
2024-09-23 00:00:00,0.5845,-0.004089283,0,0.5,-0.002044641,1.625786164,0.501769551
2024-09-24 00:00:00,0.5909,0.01094953,0,0.5,0.005474765,1.654537287,0.509991386
2024-09-25 00:00:00,0.5827,-0.013877137,0,0.5,-0.006938568,1.61769991,0.499514208
2024-09-26 00:00:00,0.5903,0.013042732,1,1,0.006521366,1.651841869,0.509293089
2024-09-27 00:00:00,0.5885,-0.003049297,1,1,-0.003049297,1.643755615,0.504690806
2024-09-28 00:00:00,0.6136,0.042650807,1,1,0.042650807,1.756513926,0.568867083
2024-09-29 00:00:00,0.6412,0.044980443,1,1,0.044980443,1.880503145,0.63943542
2024-09-30 00:00:00,0.6113,-0.046631316,1,1,-0.046631316,1.746181491,0.562986388
2024-10-01 00:00:00,0.5966,-0.024047113,1,1,-0.024047113,1.680143756,0.525401079
2024-10-02 00:00:00,0.5379,-0.098390882,0,0.5,-0.098390882,1.416442049,0.375315522
2024-10-03 00:00:00,0.5214,-0.030674847,-1,0,-0.015337423,1.342318059,0.354221725
2024-10-04 00:00:00,0.5338,0.023782125,0,0.5,0,1.39802336,0.354221725
2024-10-05 00:00:00,0.5291,-0.008804796,0,0.5,-0.004402398,1.376909254,0.348259902
2024-10-06 00:00:00,0.5334,0.008127008,1,1,0.004063504,1.396226415,0.353738562
2024-10-07 00:00:00,0.5282,-0.009748781,1,1,-0.009748781,1.372866128,0.340541261
2024-10-08 00:00:00,0.5308,0.004922378,1,1,0.004922378,1.384546271,0.347139911
2024-10-09 00:00:00,0.5241,-0.012622457,0,0.5,-0.012622457,1.354447439,0.330135696
2024-10-10 00:00:00,0.5303,0.011829803,0,0.5,0.005914902,1.38230009,0.338003318
2024-10-11 00:00:00,0.5386,0.015651518,1,1,0.007825759,1.419586703,0.34847421
2024-10-12 00:00:00,0.539,0.000742666,0,0.5,0.000742666,1.421383648,0.349475676
2024-10-13 00:00:00,0.5316,-0.013729128,0,0.5,-0.006864564,1.388140162,0.340212114
2024-10-14 00:00:00,0.5484,0.031602709,0,0.5,0.015801354,1.46361186,0.36138928
2024-10-15 00:00:00,0.5415,-0.012582057,0,0.5,-0.006291028,1.432614555,0.352824742
2024-10-16 00:00:00,0.5481,0.012188366,0,0.5,0.006094183,1.462264151,0.361069103
2024-10-17 00:00:00,0.5439,-0.007662835,0,0.5,-0.003831418,1.443396226,0.355854279
2024-10-18 00:00:00,0.5465,0.00478029,0,0.5,0.002390145,1.45507637,0.359094967
2024-10-19 00:00:00,0.5438,-0.004940531,0,0.5,-0.002470265,1.44294699,0.355737642
2024-10-20 00:00:00,0.5483,0.008275101,0,0.5,0.004137551,1.463162624,0.361347075
2024-10-21 00:00:00,0.5448,-0.006383367,0,0.5,-0.003191683,1.447439353,0.357002086
2024-10-22 00:00:00,0.5336,-0.020558003,0,0.5,-0.010279001,1.397124888,0.34305346
2024-10-23 00:00:00,0.5257,-0.014805097,0,0.5,-0.007402549,1.36163522,0.333111441
2024-10-24 00:00:00,0.5322,0.012364466,0,0.5,0.006182233,1.39083558,0.341353047
2024-10-25 00:00:00,0.5017,-0.057309282,0,0.5,-0.028654641,1.253818509,0.302917057
2024-10-26 00:00:00,0.5133,0.023121387,0,0.5,0.011560694,1.305929919,0.317979682
2024-10-27 00:00:00,0.5167,0.006623807,0,0.5,0.003311903,1.321203953,0.322344703
2024-10-28 00:00:00,0.5192,0.004838398,0,0.5,0.002419199,1.332434861,0.325543718
2024-10-29 00:00:00,0.5286,0.018104777,0,0.5,0.009052388,1.374663073,0.337543054
2024-10-30 00:00:00,0.5231,-0.010404843,0,0.5,-0.005202421,1.349955076,0.330584592
2024-10-31 00:00:00,0.5095,-0.025998853,0,0.5,-0.012999426,1.28885894,0.313287755
2024-11-01 00:00:00,0.513,0.00686948,0,0.5,0.00343474,1.30458221,0.317798557
2024-11-02 00:00:00,0.5103,-0.005263158,0,0.5,-0.002631579,1.29245283,0.314330666
2024-11-03 00:00:00,0.5029,-0.014501274,0,0.5,-0.007250637,1.259209344,0.304800932
2024-11-04 00:00:00,0.5032,0.00059654,0,0.5,0.00029827,1.260557053,0.305190115
2024-11-05 00:00:00,0.514,0.021462639,0,0.5,0.01073132,1.309074573,0.319196527
2024-11-06 00:00:00,0.5421,0.054669261,1,1,0.02733463,1.435309973,0.355256276
2024-11-07 00:00:00,0.5559,0.025456558,1,1,0.025456558,1.497304582,0.389756436
2024-11-08 00:00:00,0.5541,-0.003237992,1,1,-0.003237992,1.489218329,0.385256415
2024-11-09 00:00:00,0.5596,0.009926006,1,1,0.009926006,1.513926325,0.399006479
2024-11-10 00:00:00,0.5888,0.052180129,1,1,0.052180129,1.645103324,0.472006817
2024-11-11 00:00:00,0.6216,0.055706522,1,1,0.055706522,1.79245283,0.554007197
2024-11-12 00:00:00,0.7048,0.133848134,1,1,0.133848134,2.16621743,0.76200816
2024-11-13 00:00:00,0.6901,-0.020856981,1,1,-0.020856981,2.100179695,0.72525799
2024-11-14 00:00:00,0.7741,0.12172149,1,1,0.12172149,2.477538185,0.935258962
2024-11-15 00:00:00,0.8924,0.152822633,1,1,0.152822633,3.008984726,1.231010332
2024-11-16 00:00:00,1.122,0.257283729,1,1,0.257283729,4.040431267,1.80501299
2024-11-17 00:00:00,1.055,-0.059714795,1,1,-0.059714795,3.739442947,1.637512214
2024-11-18 00:00:00,1.1151,0.056966825,1,1,0.056966825,4.009433962,1.78776291
2024-11-19 00:00:00,1.1012,-0.01246525,1,1,-0.01246525,3.946990117,1.753012749
2024-11-20 00:00:00,1.1045,0.002996731,1,1,0.002996731,3.961814915,1.761262787
2024-11-21 00:00:00,1.2477,0.129651426,1,1,0.129651426,4.605121294,2.119264445
2024-11-22 00:00:00,1.4739,0.18129358,1,1,0.18129358,5.621293801,2.684767064
2024-11-23 00:00:00,1.4697,-0.002849583,1,1,-0.002849583,5.602425876,2.674267015
2024-11-24 00:00:00,1.4334,-0.024698918,1,1,-0.024698918,5.4393531,2.583516595
2024-11-25 00:00:00,1.4151,-0.012766848,1,1,-0.012766848,5.357142857,2.537766383
2024-11-26 00:00:00,1.3993,-0.011165289,1,1,-0.011165289,5.286163522,2.4982662
2024-11-27 00:00:00,1.4709,0.051168441,1,1,0.051168441,5.607816712,2.677267029
2024-11-28 00:00:00,1.5431,0.049085594,1,1,0.049085594,5.932165319,2.857767865
2024-11-29 00:00:00,1.8019,0.167714341,1,1,0.167714341,7.094788859,3.504770862
2024-11-30 00:00:00,1.953,0.08385593,1,1,0.08385593,7.773584906,3.882522611
2024-12-01 00:00:00,2.2942,0.174705581,1,1,0.174705581,9.306379155,4.735526561
2024-12-02 00:00:00,2.7243,0.187472757,1,1,0.187472757,11.23854447,5.810781541
2024-12-03 00:00:00,2.5127,-0.077671328,1,1,-0.077671328,10.28796047,5.281779091
2024-12-04 00:00:00,2.36,-0.060771282,1,1,-0.060771282,9.60197664,4.900027323
2024-12-05 00:00:00,2.2455,-0.048516949,1,1,-0.048516949,9.087601078,4.613775997
2024-12-06 00:00:00,2.4266,0.080650189,1,1,0.080650189,9.901168014,5.066528094
2024-12-07 00:00:00,2.612,0.076403198,1,1,0.076403198,10.73405211,5.53003024
2024-12-08 00:00:00,2.6031,-0.003407351,1,1,-0.003407351,10.69407008,5.507780137
2024-12-09 00:00:00,2.2122,-0.150167108,1,1,-0.150167108,8.938005391,4.530525612
2024-12-10 00:00:00,2.3688,0.07078926,1,1,0.07078926,9.641509434,4.922027425
2024-12-11 00:00:00,2.3939,0.010596082,1,1,0.010596082,9.754267745,4.984777715
2024-12-12 00:00:00,2.3377,-0.023476336,1,1,-0.023476336,9.501796945,4.844277065
2024-12-13 00:00:00,2.422,0.036061086,1,1,0.036061086,9.880503145,5.055028041
2024-12-14 00:00:00,2.3997,-0.009207267,1,1,-0.009207267,9.78032345,4.999277783
2024-12-15 00:00:00,2.4473,0.019835813,1,1,0.019835813,9.994159928,5.118278334
2024-12-16 00:00:00,2.4847,0.015282148,1,1,0.015282148,10.1621743,5.211778767
2024-12-17 00:00:00,2.5655,0.032519016,1,1,0.032519016,10.52515723,5.413779702
2024-12-18 00:00:00,2.309,-0.099980511,1,1,-0.099980511,9.372866128,4.772526733
2024-12-19 00:00:00,2.2386,-0.030489389,1,1,-0.030489389,9.056603774,4.596525917
2024-12-20 00:00:00,2.2786,0.017868311,1,1,0.017868311,9.236298293,4.696526381
2024-12-21 00:00:00,2.2374,-0.018081278,1,1,-0.018081278,9.051212938,4.593525904
2024-12-22 00:00:00,2.2025,-0.015598463,1,1,-0.015598463,8.89442947,4.5062755
2024-12-23 00:00:00,2.2611,0.026606129,1,1,0.026606129,9.157681941,4.652776178
2024-12-24 00:00:00,2.3224,0.027110698,1,1,0.027110698,9.433063792,4.806026888
2024-12-25 00:00:00,2.2968,-0.01102308,1,1,-0.01102308,9.318059299,4.742026591
2024-12-26 00:00:00,2.1549,-0.061781609,1,1,-0.061781609,8.680592992,4.387274948
2024-12-27 00:00:00,2.1454,-0.004408557,1,1,-0.004408557,8.637915544,4.363524838
2024-12-28 00:00:00,2.1836,0.017805537,1,1,0.017805537,8.80952381,4.459025281
2024-12-29 00:00:00,2.0926,-0.041674299,1,1,-0.041674299,8.400718778,4.231524227
2024-12-30 00:00:00,2.0988,0.002962821,1,1,0.002962821,8.428571429,4.247024299