date,close_price_BTCUSDT,close_price_ETHUSDT,close_price_SOLUSDT,return_BTCUSDT,return_ETHUSDT,return_SOLUSDT,signal_BTCUSDT,signal_ETHUSDT,signal_SOLUSDT,position_BTCUSDT,position_ETHUSDT,position_SOLUSDT,signal_return_BTCUSDT,signal_return_ETHUSDT,signal_return_SOLUSDT,signal_basket_return,cum_signal_basket_return
9/14/2020,10664.1,377.13,3.2661,0.032570596,0.0297346,,0,0,0,0,0,0,0,0,,0,0
9/15/2020,10776.78,364.06,2.9332,0.010566293,-0.034656485,-0.101925844,0,0,0,0,0,0,0,0,0,0,0
9/16/2020,10948.17,364.95,2.5395,0.015903637,0.002444652,-0.13422201,0,0,0,0,0,0,0,0,0,0,0
9/17/2020,10935.33,389.24,2.8855,-0.001172799,0.066557063,0.136247293,0,0,0,0,0,0,0,0,0,0,0
9/18/2020,10926.29,384.44,3.108,-0.000826678,-0.012331723,0.077109686,0,0,0,0,0,0,0,0,0,0,0
9/19/2020,11073.74,384.96,3.0193,0.013494974,0.001352617,-0.028539254,0,0,0,0,0,0,0,0,0,0,0
9/20/2020,10914.28,370.85,2.8635,-0.014399832,-0.036653159,-0.051601365,0,0,0,0,0,0,0,0,0,0,0
9/21/2020,10414.73,340.19,2.7539,-0.045770312,-0.082674936,-0.038274838,0,0,0,0,0,0,0,0,0,0,0
9/22/2020,10523.32,344.06,2.9183,0.010426579,0.011375996,0.059697157,0,0,0,0,0,0,0,0,0,0,0
9/23/2020,10237.91,320.64,2.8313,-0.027121669,-0.068069523,-0.029811877,0,0,0,0,0,0,0,0,0,0,0
9/24/2020,10724.92,348.77,3.1392,0.047569279,0.087730788,0.108748631,0,0,0,0,0,0,0,0,0,0,0
9/25/2020,10683.51,351.88,3.1821,-0.003861101,0.008917051,0.013665902,0,0,0,0,0,0,0,0,0,0,0
9/26/2020,10726.5,353.88,3.1262,0.004023958,0.005683756,-0.017567015,0,0,0,0,0,0,0,0,0,0,0
9/27/2020,10768,357.4,3.1617,0.003868923,0.009946875,0.011355639,0,0,0,0,0,0,0,0,0,0,0
9/28/2020,10691.45,353.85,2.9564,-0.007109027,-0.009932848,-0.064933422,0,0,0,0,0,0,0,0,0,0,0
9/29/2020,10836.98,359.7,2.9517,0.013611811,0.016532429,-0.001589771,0,0,0,0,0,0,0,0,0,0,0
9/30/2020,10773,359.71,2.9004,-0.005903859,2.78E-05,-0.017379815,0,0,0,0,0,0,0,0,0,0,0
10/1/2020,10612.63,352.53,2.8701,-0.01488629,-0.019960524,-0.010446835,0,0,0,0,0,0,0,0,0,0,0
10/2/2020,10565.15,345.41,2.6236,-0.004473915,-0.020196863,-0.085885509,0,0,0,0,0,0,0,0,0,0,0
10/3/2020,10537.96,345.72,2.5454,-0.002573556,0.000897484,-0.029806373,1,0,0,1,0,0,0,0,0,0,0
10/4/2020,10660.16,352.23,2.5236,0.011596172,0.018830267,-0.008564469,1,0,0,1,0,0,0.011596172,0,0,0.011596,0.011596
10/5/2020,10785,353.45,2.6495,0.011710894,0.003463646,0.049889047,1,1,0,0.5,0.410276437,0,0.011710894,0,0,0.011711,0.023443
10/6/2020,10593.65,340.65,2.1732,-0.017742235,-0.036214457,-0.179769768,1,0,0,1,0,0,-0.008871117,-0.014857939,0,-0.023729,-0.000842
10/7/2020,10658.75,341.41,2.3027,0.006145191,0.002231029,0.059589545,1,0,0,1,0,0,0.006145191,0,0,0.006145,0.005297
10/8/2020,10919.45,351.08,2.3716,0.024458778,0.028323716,0.029921397,1,1,0,0.5,0.424225396,0,0.024458778,0,0,0.024459,0.029886
10/9/2020,11050.47,365.04,2.5363,0.011998773,0.039763017,0.069446787,1,1,0,0.5,0.424126716,0,0.005999386,0.016868482,0,0.022868,0.053437
10/10/2020,11294.79,370.68,2.407,0.022109467,0.015450362,-0.050979774,1,1,0,0.5,0.435368925,0,0.011054733,0.006552911,0,0.017608,0.071986
10/11/2020,11369.59,374.39,2.4257,0.006622522,0.010008633,0.007769007,1,1,0,0.5,0.436156409,0,0.003311261,0.004357448,0,0.007669,0.080207
10/12/2020,11530.36,386.73,2.5825,0.014140352,0.032960282,0.064641135,1,0,0,1,0,0,0.007070176,0.014375838,0,0.021446,0.103373
10/13/2020,11419.36,381.12,2.4048,-0.009626759,-0.014506245,-0.068809293,1,1,0,0.5,0.456612884,0,-0.009626759,0,0,-0.009627,0.092751
10/14/2020,11417.13,378.75,2.3087,-0.000195282,-0.006218514,-0.039961743,1,1,0,0.5,0.461701688,0,-9.76E-05,-0.002839454,0,-0.002937,0.089542
10/15/2020,11502,377.63,2.267,0.007433567,-0.002957096,-0.018062113,1,1,0,0.5,0.470700675,0,0.003716783,-0.001365296,0,0.002351,0.092103
10/16/2020,11318.92,365.41,2.1404,-0.015917232,-0.032359717,-0.055844729,1,1,0,0.5,0.462717422,0,-0.007958616,-0.015231741,0,-0.02319,0.066778
10/17/2020,11356.25,368.26,2.2062,0.003298018,0.007799458,0.030741917,1,0,0,1,0,0,0.001649009,0.003608945,0,0.005258,0.072387
10/18/2020,11501.1,378.29,2.2186,0.012755091,0.027236192,0.005620524,1,0,0,1,0,0,0.012755091,0,0,0.012755,0.086065
10/19/2020,11745,379.47,2.0578,0.021206667,0.0031193,-0.072478139,1,0,0,1,0,0,0.021206667,0,0,0.021207,0.109097
10/20/2020,11900.03,368.74,1.8905,0.013199659,-0.02827628,-0.081300418,1,0,0,1,0,0,0.013199659,0,0,0.0132,0.123737
10/21/2020,12796.07,390.96,1.8933,0.075297289,0.060259261,0.00148109,1,1,0,0.5,0.5,0,0.075297289,0,0,0.075297,0.208351
10/22/2020,12968.87,414.39,1.9619,0.013504146,0.059929405,0.036233032,1,1,0,0.5,0.5,0,0.006752073,0.029964702,0,0.036717,0.252718
10/23/2020,12925.82,409.4,1.9645,-0.003319487,-0.012041796,0.001325246,1,1,0,0.5,0.5,0,-0.001659744,-0.006020898,0,-0.007681,0.243096
10/24/2020,13110.88,412.34,1.9196,0.01431708,0.007181241,-0.022855688,1,1,0,0.5,0.5,0,0.00715854,0.00359062,0,0.010749,0.256458
10/25/2020,13023.81,406.14,1.7937,-0.006641049,-0.015036135,-0.065586581,1,1,0,0.5,0.5,0,-0.003320525,-0.007518068,0,-0.010839,0.242839
10/26/2020,13047.24,392.43,1.6786,0.001799013,-0.033756833,-0.064169036,1,1,0,0.5,0.5,0,0.000899506,-0.016878416,0,-0.015979,0.22298
10/27/2020,13629.38,403.6,1.7135,0.044617866,0.028463675,0.020791135,1,1,0,0.5,0.5,0,0.022308933,0.014231838,0,0.036541,0.267669
10/28/2020,13256.17,388.17,1.5196,-0.027382757,-0.038230922,-0.113160198,1,1,0,0.5,0.5,0,-0.013691378,-0.019115461,0,-0.032807,0.226081
10/29/2020,13446.65,386.94,1.4325,0.014369158,-0.003168715,-0.057317715,1,1,0,0.5,0.5,0,0.007184579,-0.001584357,0,0.0056,0.232947
10/30/2020,13549.12,382.4,1.4378,0.007620485,-0.011733085,0.003699825,1,1,0,0.5,0.5,0,0.003810243,-0.005866543,0,-0.002056,0.230412
10/31/2020,13783.73,386.29,1.5472,0.017315516,0.010172594,0.076088468,1,1,0,0.5,0.5,0,0.008657758,0.005086297,0,0.013744,0.247322
11/1/2020,13752.86,396.82,1.6076,-0.002239597,0.027259313,0.039038263,1,1,0,0.5,0.5,0,-0.001119798,0.013629656,0,0.01251,0.262926
11/2/2020,13540.54,383.16,1.4741,-0.015438243,-0.034423668,-0.083043046,1,1,0,0.5,0.5,0,-0.007719122,-0.017211834,0,-0.024931,0.23144
11/3/2020,14016.55,388.11,1.4131,0.035154433,0.012918885,-0.041381182,1,1,0,0.5,0.5,0,0.017577216,0.006459443,0,0.024037,0.261041
11/4/2020,14134.31,402.92,1.391,0.008401497,0.038159285,-0.015639374,1,1,0,0.5,0.5,0,0.004200748,0.019079642,0,0.02328,0.290398
11/5/2020,15598.75,417.14,1.4011,0.103608878,0.035292366,0.007260963,1,1,0,0.5,0.5,0,0.051804439,0.017646183,0,0.069451,0.380017
11/6/2020,15590.96,456.38,1.8998,-0.000499399,0.094069137,0.355934623,1,1,0,0.5,0.5,0,-0.000249699,0.047034569,0,0.046785,0.444581
11/7/2020,14824.34,435.58,2.0283,-0.049170802,-0.045576055,0.067638699,1,1,0,0.5,0.479016107,0,-0.024585401,-0.022788028,0,-0.047373,0.376147
11/8/2020,15473.2,454.75,2.1571,0.043769908,0.044010285,0.063501454,1,1,0,0.5,0.476805898,0,0.021884954,0.021081635,0,0.042967,0.435276
11/9/2020,15328.72,444.72,2.0393,-0.009337435,-0.022056075,-0.054610356,1,1,0,0.5,0.470921343,0,-0.004668718,-0.010516467,0,-0.015185,0.413481
11/10/2020,15294.68,450.67,2.2652,-0.002220668,0.013379205,0.110773305,1,1,0,0.5,0.470674363,0,-0.001110334,0.006300553,0,0.00519,0.420817
11/11/2020,15690.24,463.35,2.003,0.025862588,0.028135887,-0.115751369,1,1,0,0.5,0.47236473,0,0.012931294,0.01324284,0,0.026174,0.458006
11/12/2020,16289.02,462.68,1.9083,0.038162578,-0.001445991,-0.047279081,1,1,0,0.5,0.475232342,0,0.019081289,-0.000683035,0,0.018398,0.48483
11/13/2020,16320.54,476.8,2.0191,0.001935046,0.030517853,0.05806215,1,1,0,0.5,0.472751902,0,0.000967523,0.014503071,0,0.015471,0.507802
11/14/2020,16064.51,461,1.92,-0.015687594,-0.033137584,-0.049081274,1,1,0,0.5,0.461661736,0,-0.007843797,-0.015665856,0,-0.02351,0.472353
11/15/2020,15952.27,448.16,2.0431,-0.00698683,-0.027852495,0.064114583,1,1,0,0.5,0.463999124,0,-0.003493415,-0.012858431,0,-0.016352,0.448278
11/16/2020,16707.07,460.72,2.268,0.04731615,0.028025705,0.110077823,1,1,0,0.5,0.461142642,0,0.023658075,0.013003903,0,0.036662,0.501374
11/17/2020,17670.01,482.49,2.207,0.057636677,0.047252127,-0.026895944,1,1,0,0.5,0.453418114,0,0.028818339,0.021789971,0,0.050608,0.577356
11/18/2020,17788.32,478.61,2.1166,0.006695525,-0.008041617,-0.04096058,1,1,0,0.5,0.451827702,0,0.003347763,-0.003646215,0,-0.000298,0.576886
11/19/2020,17811.68,471.38,2.0797,0.001313221,-0.015106245,-0.01743362,1,1,0,0.5,0.45705655,0,0.000656611,-0.00682542,0,-0.006169,0.567158
11/20/2020,18664.31,510.37,2.1052,0.047869151,0.082714583,0.012261384,1,1,0,0.5,0.43944067,0,0.023934576,0.037805242,0,0.06174,0.663914
11/21/2020,18721.99,554.1,2.3991,0.00309039,0.085682936,0.139606688,1,1,0,0.5,0.421406892,0,0.001545195,0.037652567,0,0.039198,0.729136
11/22/2020,18435.2,560.42,2.1502,-0.01531835,0.011405883,-0.103747239,1,1,0,0.5,0.424156505,0,-0.007659175,0.004806518,0,-0.002853,0.724203
11/23/2020,18382.07,609.12,2.2826,-0.002881987,0.086899111,0.061575667,1,1,0,0.5,0.397509855,0,-0.001440993,0.036858823,0,0.035418,0.785271
11/24/2020,19179.64,605.72,2.2894,0.043388476,-0.005581823,0.002979059,1,1,0,0.5,0.399542815,0,0.021694238,-0.00221883,0,0.019475,0.820039
11/25/2020,18741.67,569.79,2.2673,-0.022835152,-0.059317837,-0.009653184,1,1,0,0.5,0.386475791,0,-0.011417576,-0.023700015,0,-0.035118,0.756123
11/26/2020,17155.34,520.25,1.9032,-0.08464187,-0.086944313,-0.160587483,1,1,0,0.445039101,0.353425227,0,-0.042320935,-0.033601872,0,-0.075923,0.622793
11/27/2020,17144.1,518.92,1.8558,-0.00065519,-0.002556463,-0.024905422,1,1,0,0.452732698,0.360324301,0,-0.000291585,-0.000903519,0,-0.001195,0.620854
11/28/2020,17717.74,537.46,1.8821,0.033459907,0.035728051,0.014171786,1,1,0,0.449204452,0.359058719,0,0.015148394,0.012873685,0,0.028022,0.666273
11/29/2020,18181.09,576.38,1.9093,0.026151755,0.072414691,0.014451942,1,1,0,0.447626186,0.350136568,0,0.011747485,0.026001126,0,0.037749,0.729173
11/30/2020,19720,617.42,1.959,0.08464344,0.071203026,0.026030482,1,1,0,0.417644837,0.341343155,0,0.03788862,0.024930783,0,0.062819,0.837798
12/1/2020,18772.7,585.98,1.9695,-0.048037525,-0.050921577,0.005359877,1,1,0,0.40135831,0.330059214,0,-0.020062624,-0.017381732,0,-0.037444,0.768984
12/2/2020,19207.01,596.96,2.116,0.023135191,0.018737841,0.074384362,1,1,0,0.40416105,0.336353814,0,0.009285501,0.006184597,0,0.01547,0.79635
12/3/2020,19434.3,616.2,2.0989,0.0118337,0.032229965,-0.008081285,1,1,0,0.406646619,0.335706318,0,0.004782721,0.010840672,0,0.015623,0.824414
12/4/2020,18664.2,567.68,1.8463,-0.039625816,-0.078740669,-0.120348754,1,1,0,0.395190847,0.315991589,0,-0.016113704,-0.02643374,0,-0.042547,0.746791
12/5/2020,19147.62,596.97,1.9776,0.025900923,0.05159597,0.071115203,1,1,0,0.439109685,0.31382063,0,0.010235808,0.016303892,0,0.02654,0.793151
12/6/2020,19375.02,601.86,1.8515,0.01187615,0.008191366,-0.063764159,1,1,0,0.439402079,0.329526711,0,0.005214932,0.00257062,0,0.007786,0.807112
12/7/2020,19172.88,591.84,1.8299,-0.010433021,-0.01664839,-0.011666217,1,1,0,0.458156717,0.335773324,0,-0.004584291,-0.005486089,0,-0.01007,0.788915
12/8/2020,18319.32,555.17,1.6617,-0.044519133,-0.061959313,-0.091917591,1,1,0,0.448850931,0.325834788,0,-0.02039674,-0.020804285,0,-0.041201,0.71521
12/9/2020,18537.98,573.27,1.6553,0.011936033,0.032602626,-0.003851477,1,1,0,0.450281327,0.326745884,0,0.005357499,0.01062307,0,0.015981,0.74262
12/10/2020,18253.51,559.71,1.5686,-0.015345253,-0.023653776,-0.052377213,1,1,0,0.447704696,0.324221667,0,-0.006909681,-0.007728774,0,-0.014638,0.717112
12/11/2020,18031.47,544.74,1.4406,-0.012164236,-0.026745993,-0.081601428,1,1,0,0.448170703,0.322464792,0,-0.005445985,-0.008671631,0,-0.014118,0.69287
12/12/2020,18800,568.34,1.4886,0.042621594,0.04332342,0.03331945,1,1,0,0.446214571,0.319638693,0,0.01910175,0.013970278,0,0.033072,0.748856
12/13/2020,19175.07,590.91,1.5636,0.019950532,0.039712144,0.05038291,1,1,0,0.445043281,0.318514365,0,0.008902218,0.012693538,0,0.021596,0.786625
12/14/2020,19270.7,586.33,1.5936,0.004987205,-0.007750757,0.019186493,1,1,0,0.448051367,0.32192014,0,0.002219522,-0.002468728,0,-0.000249,0.78618
12/15/2020,19424.91,588.8,1.7534,0.008002304,0.004212645,0.100276104,1,1,0,0.449266899,0.325193405,0,0.003585443,0.001356135,0,0.004942,0.795007
12/16/2020,21346.8,637.8,1.7869,0.098939455,0.083220109,0.019105737,1,1,0,0.411895905,0.314003037,0,0.044450222,0.02706263,0,0.071513,0.923373
12/17/2020,22816.99,643.12,1.6808,0.068871681,0.008341173,-0.059376574,1,1,0,0.406074268,0.316792579,0,0.028367963,0.002619154,0,0.030987,0.982973
12/18/2020,23124.35,654.51,1.7003,0.013470664,0.017710536,0.011601618,1,1,0,0.406030084,0.317528249,0,0.00547009,0.005610566,0,0.011081,1.004946
12/19/2020,23847.28,658.81,1.6683,0.031262717,0.0065698,-0.018820208,1,1,0,0.404278208,0.319121643,0,0.012693603,0.002086097,0,0.01478,1.034579
12/20/2020,23472.96,638.27,1.5638,-0.015696549,-0.031177426,-0.062638614,1,1,0,0.408240548,0.327336344,0,-0.006345773,-0.009949391,0,-0.016295,1.001426
12/21/2020,22730.1,608.18,1.5347,-0.031647479,-0.047143059,-0.018608518,1,1,0,0.40113307,0.336072558,0,-0.012919784,-0.015431636,0,-0.028351,0.944683
12/22/2020,23826.99,637.2,1.4905,0.048257157,0.047716137,-0.028800417,1,1,0,0.396514821,0.331393867,0,0.019357541,0.016036084,0,0.035394,1.013514
12/23/2020,23238.27,585.34,1.1975,-0.024708115,-0.08138732,-0.196578329,1,0,0,0.784502964,0,0,-0.009797134,-0.026971259,0,-0.036768,0.939481
12/24/2020,23737.44,612.31,1.3638,0.021480515,0.046075785,0.138872651,1,1,0,0.396801739,0.32650434,0,0.016851527,0,0,0.016852,0.972165
12/25/2020,24730,627.18,1.4448,0.041814113,0.024285084,0.059392873,1,1,0,0.396502926,0.33513577,0,0.016591913,0.007929185,0,0.024521,1.020524
12/26/2020,26508.83,637.9,1.3215,0.071930044,0.017092382,-0.085340532,1,1,0,0.425298635,0.360087011,0,0.028520473,0.005728269,0,0.034249,1.089725
12/27/2020,26305.64,685.97,1.3023,-0.007664993,0.075356639,-0.014528944,1,1,0,0.423850636,0.346927032,0,-0.003259911,0.027134947,0,0.023875,1.139617
12/28/2020,27102.66,731.07,1.5169,0.030298446,0.065746315,0.16478538,1,1,0,0.424421031,0.340138137,0,0.012842015,0.022809174,0,0.035651,1.215897
12/29/2020,27402.83,733.45,1.666,0.011075297,0.003255502,0.09829257,1,1,0,0.425058756,0.351175653,0,0.004700589,0.00110732,0,0.005808,1.228767
12/30/2020,28906.99,753.04,1.5304,0.054890681,0.026709387,-0.081392557,1,1,0,0.444113263,0.362674462,0,0.023331765,0.009379686,0,0.032711,1.301672
12/31/2020,28951.68,737.19,1.504,0.001545993,-0.021048019,-0.017250392,1,1,0,0.468804024,0.371782147,0,0.000686596,-0.007633579,0,-0.006947,1.285682
1/1/2021,29337.16,729.77,1.8382,0.013314599,-0.010065248,0.222207447,1,1,0,0.469273485,0.371012186,0,0.006241937,-0.003742079,0,0.0025,1.291397
1/2/2021,32199.91,775.02,1.7976,0.09758102,0.062005837,-0.022086824,1,1,0,0.42776388,0.36297987,0,0.045792185,0.023004921,0,0.068797,1.449038
1/3/2021,33054.53,980.24,2.1767,0.026541068,0.264793167,0.210892301,1,1,0,0.447316613,0.256886274,0,0.01135331,0.096114589,0,0.107468,1.712231
1/4/2021,32031.07,1043.11,2.4832,-0.030962776,0.064137354,0.140809482,1,1,0,0.432824187,0.25577483,0,-0.013850164,0.016476006,0,0.002626,1.719353
1/5/2021,33999.52,1101.29,2.1355,0.061454394,0.055775517,-0.140020941,1,1,0,0.423087372,0.254587138,0,0.026598948,0.014265973,0,0.040865,1.83048
1/6/2021,36823.68,1212.64,1.8753,0.083064702,0.1011087,-0.121845001,1,1,0,0.408804647,0.249772878,0,0.035143627,0.025740975,0,0.060885,2.002813
1/7/2021,39498.92,1227.12,2.3651,0.07264999,0.011940889,0.261184877,1,1,0,0.421181537,0.258629117,0,0.029699654,0.00298251,0,0.032682,2.100951
1/8/2021,40637.23,1218.39,3.222,0.028818763,-0.007114219,0.362310262,1,1,0,0.422332083,0.257198081,0,0.012137931,-0.001839944,0,0.010298,2.132885
1/9/2021,40136.04,1279.96,3.3776,-0.012333272,0.050533901,0.048292986,1,1,0,0.423640451,0.259868593,0,-0.005208736,0.012997222,0,0.007788,2.157284
1/10/2021,38221.67,1257.96,3.446,-0.047697032,-0.017188037,0.020251066,1,1,0,0.403752501,0.261089877,0,-0.020206392,-0.004466631,0,-0.024673,2.079384
1/11/2021,35408.46,1086.94,3.0988,-0.073602488,-0.135950269,-0.100754498,1,1,0,0.367051704,0.233501587,0,-0.029717189,-0.035495239,0,-0.065212,1.878571
1/12/2021,34056.9,1050.82,3.6276,-0.038170539,-0.033230905,0.170646702,1,1,1,0.236955658,0.154009802,0.081047282,-0.014010561,-0.007759469,0,-0.02177,1.815905
1/13/2021,37421.07,1130.4,3.5291,0.098780864,0.075731334,-0.027152939,1,1,1,0.225966394,0.152954245,0.080744595,0.023406685,0.011663368,-0.002200672,0.032869,1.908461
1/14/2021,39163.31,1234.86,3.2949,0.046557728,0.092409766,-0.066362529,1,1,1,0.225512557,0.150760616,0.080341231,0.010520482,0.014134466,-0.005358415,0.019297,1.964585
1/15/2021,36755.24,1168.79,3.2464,-0.061487908,-0.053504041,-0.014719718,1,1,1,0.223642408,0.149297674,0.080197307,-0.013866295,-0.008066302,-0.0011826,-0.023115,1.896059
1/16/2021,36025.66,1230.19,3.4259,-0.019849687,0.052532961,0.055292016,1,1,1,0.225753725,0.148972464,0.0807944,-0.004439232,0.007843049,0.004434271,0.007838,1.918758
1/17/2021,35869.83,1233.71,3.8328,-0.004325528,0.002861347,0.11877171,1,1,1,0.225016672,0.148762989,0.080234661,-0.000976504,0.000426262,0.009596089,0.009046,1.945161
1/18/2021,36686.86,1262.99,3.7933,0.022777638,0.023733292,-0.010305782,1,1,1,0.225363914,0.148919023,0.080303767,0.005125348,0.003530635,-0.000826881,0.007829,1.968219
1/19/2021,35891.03,1367.51,3.6276,-0.021692508,0.082756,-0.043682282,1,1,1,0.224631465,0.148955664,0.080579877,-0.004888708,0.012323943,-0.003507852,0.003927,1.979875
1/20/2021,35500,1379.24,3.7133,-0.010894923,0.008577634,0.023624435,1,1,1,0.227413969,0.151830295,0.080819297,-0.002447342,0.001277687,0.001903654,0.000734,1.982062
1/21/2021,30879.97,1111.23,2.9793,-0.13014169,-0.19431716,-0.197667843,1,1,1,0.198446782,0.130769845,0.076964791,-0.029596038,-0.029503232,-0.015975376,-0.075075,1.758184
1/22/2021,32986.34,1234.55,3.3286,0.06821153,0.110976126,0.117242305,1,1,1,0.196163425,0.13217257,0.080672212,0.013536359,0.014512331,0.009023529,0.037072,1.860436
1/23/2021,32086.48,1235.66,3.5094,-0.027279777,0.000899113,0.05431713,1,1,1,0.19442427,0.132042822,0.081461392,-0.005351295,0.000118838,0.004381883,-0.000851,1.858001
1/24/2021,32275.63,1394.24,3.6369,0.005895006,0.128336274,0.036330997,1,1,1,0.195508654,0.128575181,0.081495696,0.001146132,0.016945884,0.002959574,0.021052,1.918168
1/25/2021,32253.68,1318.61,3.7044,-0.00068008,-0.054244606,0.018559762,1,1,1,0.200201292,0.126364893,0.08283497,-0.000132961,-0.00697451,0.001512541,-0.005595,1.901841
1/26/2021,32474.14,1368.4,4.0447,0.006835189,0.037759459,0.09186373,1,1,1,0.200514893,0.12707262,0.08293614,0.001368414,0.00477147,0.007609529,0.013749,1.941738
1/27/2021,30381.04,1238.55,3.6727,-0.064454363,-0.094891844,-0.091972211,1,1,1,0.195012234,0.123265477,0.082703825,-0.01292406,-0.012058155,-0.00762782,-0.03261,1.845808
1/28/2021,33399.75,1329.86,3.8139,0.099361641,0.073723305,0.03844583,1,1,1,0.185722058,0.122600662,0.083048741,0.019376736,0.009087538,0.003179617,0.031644,1.935861
1/29/2021,34269.35,1381.99,3.8409,0.026036123,0.039199615,0.007079368,1,1,1,0.187658922,0.122533931,0.084251564,0.004835482,0.004805899,0.000587933,0.010229,1.965892
1/30/2021,34289.85,1380.48,4.2462,0.000598202,-0.001092627,0.105522143,1,1,1,0.187646887,0.122944285,0.08416054,0.000112258,-0.000133884,0.008890406,0.008869,1.992196
1/31/2021,33126.21,1313.12,4.2628,-0.033935407,-0.048794622,0.003909378,1,1,1,0.186028885,0.12175272,0.087385767,-0.006367873,-0.00599902,0.000329015,-0.012038,1.956176
2/1/2021,33546.09,1376.48,4.6234,0.01267516,0.048251493,0.084592287,1,1,1,0.195465104,0.122003781,0.087508875,0.002357946,0.00587475,0.007392162,0.015625,2.002366
2/2/2021,35504.06,1516.26,5.2529,0.058366564,0.101548878,0.13615521,1,1,1,0.192600355,0.140812537,0.089738506,0.011408626,0.012389347,0.011914789,0.035713,2.10959
2/3/2021,37652.51,1666,5.7373,0.060512798,0.09875615,0.092215728,1,1,1,0.190689712,0.13892144,0.090650552,0.011654786,0.013906104,0.008275302,0.033836,2.214806
2/4/2021,36976.93,1596,6.4358,-0.017942496,-0.042016807,0.121747163,1,1,1,0.193561495,0.138098848,0.093740921,-0.003421449,-0.005837035,0.011036448,0.001778,2.220522
2/5/2021,38362.65,1721.16,6.7101,0.037475258,0.078421053,0.042620964,1,1,1,0.199756395,0.139527707,0.097612167,0.007253767,0.010829857,0.003995328,0.022079,2.291628
2/6/2021,39249.54,1679.34,6.1325,0.02311858,-0.024297567,-0.086079194,0,1,1,0,0.208362648,0.153753202,0.004618084,-0.003390184,-0.008402377,-0.007174,2.268014
2/7/2021,38849.25,1611.99,6.7037,-0.010198591,-0.040105041,0.09314309,0,1,1,0,0.206859676,0.190321281,0,-0.008356393,0.014321048,0.005965,2.287507
2/8/2021,46451.32,1755.61,7.8917,0.195681255,0.089094846,0.177215568,1,1,1,0.169060721,0.136129849,0.120548976,0,0.018430131,0.033727894,0.052158,2.458977
2/9/2021,46492.54,1770.79,7.8335,0.000887381,0.008646567,-0.007374837,1,1,1,0.17139047,0.136505285,0.120163086,0.000150021,0.001177056,-0.000889029,0.000438,2.460492
2/10/2021,44850,1743.31,9.1102,-0.035329109,-0.015518497,0.162979511,1,1,1,0.175369289,0.146358625,0.120849074,-0.006055073,-0.002118357,0.019584121,0.011411,2.49998
2/11/2021,48060.21,1789.32,9.2215,0.071576589,0.026392323,0.012217075,1,1,1,0.174391482,0.14771957,0.125884214,0.012552335,0.003862744,0.001476422,0.017892,2.562602
2/12/2021,47361.03,1843.08,9.2344,-0.014548001,0.030044933,0.001398905,1,1,1,0.180518839,0.149285095,0.126758941,-0.002537048,0.004438225,0.0001761,0.002077,2.570001
2/13/2021,47221.62,1818.02,8.7627,-0.002943559,-0.013596805,-0.051080742,1,1,1,0.181737967,0.151823308,0.127698497,-0.000531368,-0.0020298,-0.006474941,-0.009036,2.537743
2/14/2021,48655.21,1803.59,8.7306,0.030358764,-0.007937206,-0.003663254,1,1,1,0.186218873,0.154228421,0.128031505,0.00551734,-0.001205053,-0.000467792,0.003844,2.551342
2/15/2021,47981.58,1781.34,8.8695,-0.013844972,-0.012336507,0.015909559,1,1,1,0.186559227,0.154553134,0.128017894,-0.002578195,-0.00190264,0.002036925,-0.002444,2.542662
2/16/2021,49197.94,1784.31,8.3036,0.025350562,0.001667284,-0.06380292,1,1,1,0.186623163,0.154535924,0.127426543,0.004729381,0.000257684,-0.008167915,-0.003181,2.531393
2/17/2021,52194.62,1849.86,8.2533,0.06091068,0.03673689,-0.006057614,1,1,1,0.184390687,0.154304445,0.127530759,0.011367344,0.005677169,-0.000771901,0.016273,2.588859
2/18/2021,51619.7,1941.26,8.9956,-0.011014928,0.049409144,0.089939782,1,1,1,0.185022953,0.15633095,0.128289378,-0.00203105,0.007624051,0.011470089,0.017063,2.650096
2/19/2021,56004.1,1958.58,11.5096,0.084936565,0.00892204,0.279469963,1,1,1,0.181006286,0.156333117,0.112506659,0.015715214,0.001394791,0.035853028,0.052963,2.843416
2/20/2021,55917.41,1914.58,9.9965,-0.001547922,-0.022465255,-0.131464169,1,1,1,0.205612522,0.191139177,0.119242242,-0.000280184,-0.003512063,-0.014790594,-0.018583,2.771994
2/21/2021,57487.43,1934.75,11.0851,0.028077481,0.010534948,0.108898114,1,1,1,0.208716021,0.201325972,0.119548332,0.005773082,0.002013641,0.012985255,0.020772,2.850346
2/22/2021,54121.1,1778.3,14.3413,-0.058557671,-0.080863161,0.293745659,1,1,1,0.203361005,0.19068872,0.106061837,-0.012221924,-0.016279854,0.035116803,0.006615,2.875816
2/23/2021,48930,1579.75,15.2413,-0.09591638,-0.111651577,0.062755817,1,1,1,0.188446517,0.190011313,0.106094713,-0.019505651,-0.021290696,0.006655997,-0.03414,2.743495
2/24/2021,49702.03,1623.98,17.2227,0.015778255,0.027998101,0.130002034,1,1,1,0.188728562,0.193690422,0.105302698,0.002973357,0.005319956,0.013792528,0.022086,2.826174
2/25/2021,47089.37,1482.09,13.8484,-0.052566465,-0.087371766,-0.195921662,1,1,1,0.184149021,0.185360914,0.095755657,-0.009920793,-0.016923074,-0.02063108,-0.047475,2.644527
2/26/2021,46313.13,1445.28,13.5941,-0.0164844,-0.024836548,-0.018363132,1,1,1,0.189586747,0.195260761,0.097939246,-0.003035586,-0.004603725,-0.001758374,-0.009398,2.610275
2/27/2021,46102.63,1458.65,13.19,-0.004545147,0.009250803,-0.029726131,1,1,1,0.197541693,0.200938003,0.097057064,-0.0008617,0.001806319,-0.002911355,-0.001967,2.603174
2/28/2021,45163.36,1419.77,13.1072,-0.020373458,-0.026654784,-0.006277483,1,1,1,0.196592417,0.201439221,0.096877058,-0.004024607,-0.005355959,-0.000609274,-0.00999,2.567178
3/1/2021,49592.7,1571.2,15.0036,0.098073748,0.106658121,0.144683838,1,1,1,0.188465919,0.189144745,0.096022503,0.019280555,0.021485129,0.014016545,0.054782,2.762595
3/2/2021,48450.57,1486.28,13.9565,-0.023030204,-0.054047862,-0.069789917,1,1,1,0.189449007,0.188508953,0.094417624,-0.004340409,-0.010222869,-0.006701402,-0.021265,2.682584
3/3/2021,50373.75,1568.63,14.0941,0.039693651,0.055406787,0.009859205,1,1,1,0.188783738,0.187817665,0.094466517,0.007519923,0.010444676,0.000930883,0.018895,2.752166
3/4/2021,48385.77,1540.69,13.0784,-0.039464602,-0.017811721,-0.072065616,1,1,1,0.187964043,0.198052531,0.094027913,-0.007450275,-0.003345356,-0.006807788,-0.017603,2.686117
3/5/2021,48770.57,1529.88,12.5659,0.007952751,-0.007016337,-0.039186751,1,0,1,0.285865578,0,0.140638018,0.001494831,-0.001389603,-0.003684648,-0.003579,2.672924
3/6/2021,48908.21,1651.73,13.0512,0.002822194,0.07964677,0.038620393,1,1,1,0.191394435,0.204722578,0.094841656,0.000806768,0,0.005431496,0.006238,2.695836
3/7/2021,50995.27,1727.23,13.845,0.042672999,0.04570965,0.060821993,1,1,1,0.191059991,0.210255582,0.094734363,0.008167375,0.009357797,0.005768459,0.023294,2.781927
3/8/2021,52429.43,1834.3,13.6344,0.028123393,0.061989428,-0.015211268,1,1,1,0.190899617,0.20630964,0.096325391,0.005373255,0.013033623,-0.00144103,0.016966,2.846091
3/9/2021,54917.78,1873.31,14.9102,0.047460939,0.021266968,0.093572141,1,1,1,0.190073759,0.208837681,0.096318037,0.009060275,0.004387581,0.009013373,0.022461,2.932478
3/10/2021,55947.98,1796.8,14.2333,0.018758952,-0.040842146,-0.045398452,1,1,1,0.243530679,0.216729776,0.098735427,0.003565585,-0.008529379,-0.00437269,-0.009336,2.895764
3/11/2021,57844.52,1829,16.0763,0.033898275,0.017920748,0.129485081,1,1,1,0.242083419,0.216397282,0.097363884,0.00825527,0.00388396,0.012784765,0.024924,2.992862
3/12/2021,57291.03,1767.44,14.5742,-0.009568581,-0.033657736,-0.093435679,1,1,1,0.245739562,0.214880345,0.098079177,-0.002316395,-0.007283443,-0.009097261,-0.018697,2.918208
3/13/2021,61267.41,1924.94,15.3216,0.069406677,0.089111936,0.051282403,1,1,1,0.24636466,0.204842897,0.097962244,0.017055966,0.019148404,0.005029736,0.041234,3.079771
3/14/2021,59037.12,1850.54,14.4642,-0.036402551,-0.038650555,-0.055960213,1,1,1,0.242930688,0.2035794,0.097147492,-0.008968302,-0.007917292,-0.005481988,-0.022368,2.988515
3/15/2021,55646.61,1794.89,14.184,-0.057430139,-0.030072303,-0.019371967,1,0,1,0.351295153,0,0.146497763,-0.013951543,-0.006122101,-0.001881938,-0.021956,2.900943
3/16/2021,56954.19,1807.25,13.6639,0.023497927,0.006886216,-0.036668077,1,1,1,0.234769881,0.202645421,0.09727034,0.008254708,0,-0.005371791,0.002883,2.91219
3/17/2021,58959,1825.77,14.2288,0.035200395,0.010247614,0.041342516,1,1,1,0.234046751,0.202810143,0.097212522,0.008263993,0.002076632,0.004021401,0.014362,2.968376
3/18/2021,57700.01,1777.54,14.2183,-0.021353653,-0.026416252,-0.00073794,1,0,1,0.349643138,0,0.147332737,-0.004997753,-0.005357484,-7.17E-05,-0.010427,2.926998
3/19/2021,58089.11,1811.04,14.1535,0.0067435,0.018846271,-0.004557507,1,0,1,0.359228605,0,0.147351948,0.002357818,0,-0.00067147,0.001686,2.933619
3/20/2021,58145.61,1807.35,14.1892,0.000972644,-0.002037503,0.002522344,1,0,1,0.359986031,0,0.148313408,0.000349401,0,0.000371672,0.000721,2.936455
3/21/2021,57415.18,1784.67,14.3395,-0.012562083,-0.012548759,0.010592563,1,0,1,0.382948277,0,0.167239853,-0.004522175,0,0.001571019,-0.002951,2.924839
3/22/2021,54129.56,1681.69,14.7957,-0.057225633,-0.057702544,0.031814219,0,0,1,0,0,0.349054254,-0.021914457,0,0.005320605,-0.016594,2.85971
3/23/2021,54400,1669.33,14.142,0.004996161,-0.007349749,-0.044181756,0,0,1,0,0,0.353224462,0,0,-0.01542183,-0.015422,2.800186
3/24/2021,52311.54,1582.11,13.5875,-0.038390809,-0.052248507,-0.039209447,0,0,0,0,0,0,0,0,-0.013849736,-0.01385,2.747553
3/25/2021,51325.21,1587.5,12.9776,-0.018854922,0.003406843,-0.044886845,1,1,0,0.420722224,0.341807999,0,0,0,0,0,2.747553
3/26/2021,55030,1699.13,14.7725,0.072182656,0.07031811,0.138307545,1,1,0,0.398636218,0.331152641,0,0.030368848,0.024035293,0,0.054404,2.951435
3/27/2021,55828,1714.34,16.4803,0.014501181,0.00895164,0.115606702,1,1,1,0.275935136,0.236445217,0.161300786,0.005780696,0.002964359,0,0.008745,2.98599
3/28/2021,55805.08,1688.3,18.1022,-0.000410547,-0.015189519,0.098414471,1,1,1,0.277552855,0.237493998,0.15682249,-0.000113284,-0.003591489,0.015874331,0.01217,3.0345
3/29/2021,57677.64,1818.44,18.9811,0.033555368,0.077083457,0.04855211,1,1,1,0.275786161,0.227844511,0.157162439,0.009313388,0.018306858,0.007614063,0.035234,3.176651
3/30/2021,58794.16,1843.43,19.0933,0.019357935,0.013742549,0.005911143,1,1,1,0.278271624,0.230211757,0.157381316,0.005338651,0.003131164,0.00092901,0.009399,3.215908
3/31/2021,58807.24,1923.07,19.4044,0.000222471,0.043202074,0.016293674,1,1,1,0.31049769,0.248279417,0.169311497,6.19E-05,0.009945625,0.00256432,0.012572,3.26891
4/1/2021,58794.01,1969.74,19.0497,-0.000224972,0.024268487,-0.018279359,1,1,1,0.314494142,0.257773497,0.173837315,-6.99E-05,0.006025366,-0.003094906,0.002861,3.281123
4/2/2021,59031.36,2138.01,19.8353,0.004036976,0.085427518,0.041239495,1,1,1,0.320030706,0.248625106,0.173172121,0.001269605,0.02202095,0.007168963,0.03046,3.411526
4/3/2021,57134.65,2012.63,22.4904,-0.032130549,-0.058643318,0.133857315,1,1,1,0.323235099,0.239522142,0.168555243,-0.010282762,-0.014580201,0.023180355,-0.001683,3.404102
4/4/2021,58234.61,2077.73,23.7879,0.019252065,0.032345737,0.057691282,1,1,1,0.322355716,0.239156441,0.170395169,0.006222943,0.00774752,0.009724168,0.023695,3.508457
4/5/2021,59243.39,2110.35,23.018,0.017322688,0.015699826,-0.032365194,1,1,1,0.321838268,0.250220518,0.168338212,0.005584068,0.003754715,-0.005514873,0.003824,3.525697
4/6/2021,58059.99,2114.47,25.0987,-0.019975224,0.001952283,0.090394474,1,1,1,0.325496034,0.253637995,0.165982139,-0.006428792,0.000488501,0.015216844,0.009277,3.567682
4/7/2021,56018.18,1965.4,26.5699,-0.035167247,-0.070499936,0.058616582,1,1,1,0.320596134,0.247334404,0.166132656,-0.011446799,-0.017881462,0.009729306,-0.019599,3.47816
4/8/2021,58122.26,2082.08,26.9589,0.037560663,0.05936705,0.014640627,1,1,1,0.324777753,0.240964581,0.169788596,0.012041803,0.014683514,0.002432286,0.029158,3.608734
4/9/2021,58176.03,2068.02,27.6623,0.000925119,-0.006752863,0.026091569,1,1,1,0.32627733,0.245406077,0.173491535,0.000300458,-0.001627201,0.004430051,0.003103,3.623035
4/10/2021,59832.43,2135.96,26.8349,0.028472208,0.03285268,-0.029910745,1,1,1,0.328039645,0.244058269,0.181428126,0.009289836,0.008062247,-0.005189261,0.012163,3.679265
4/11/2021,60090.2,2155.05,27.9493,0.004308199,0.008937433,0.04152801,1,1,1,0.328732122,0.247874128,0.194664742,0.00141326,0.002181254,0.007534349,0.011129,3.731341
4/12/2021,59911.18,2139.25,28.585,-0.002979188,-0.007331616,0.022744756,0,1,1,0,0.398753168,0.293418673,-0.000979355,-0.001817318,0.004427602,0.001631,3.739058
4/13/2021,63649.71,2303.15,27.5083,0.062401208,0.076615636,-0.037666608,1,1,1,0.333333333,0.257526201,0.198675263,0,0.030550728,-0.011052086,0.019499,3.831464
4/14/2021,63019.1,2437.08,26.4194,-0.009907508,0.058150793,-0.039584416,1,1,1,0.333333333,0.255438782,0.19612735,-0.003302503,0.014975353,-0.007864444,0.003808,3.849863
4/15/2021,63232.55,2519.85,27.7857,0.003387068,0.033962775,0.051715785,1,1,1,0.333333333,0.254181415,0.199621577,0.001129023,0.00867541,0.01014288,0.019947,3.946603
4/16/2021,61424.67,2427.29,25.3449,-0.028590971,-0.036732345,-0.087843747,1,1,1,0.333333333,0.248454055,0.18614478,-0.009530324,-0.009336679,-0.017535507,-0.036403,3.766532
4/17/2021,60090.14,2319.8,24.8423,-0.021726287,-0.044283955,-0.01983042,1,1,1,0.333333333,0.244626096,0.184959794,-0.007242096,-0.011002528,-0.003691329,-0.021936,3.661973
4/18/2021,56140.05,2235.32,32.3492,-0.065736076,-0.036416932,0.302182165,0,1,1,0,0.360377114,0.205930934,-0.021912025,-0.008908532,0.055891551,0.025071,3.778853
4/19/2021,55634.39,2162.75,31.5856,-0.009007117,-0.03246515,-0.023604911,0,1,1,0,0.355557262,0.204647395,0,-0.011699697,-0.004860981,-0.016561,3.699711
4/20/2021,56410.56,2329.96,31.7022,0.013951263,0.077313605,0.003691556,0,1,1,0,0.342755871,0.204462607,0,0.027489414,0.000755467,0.028245,3.832454
4/21/2021,53800,2358.9,32.6637,-0.04627786,0.012420814,0.030329125,0,1,1,0,0.356911159,0.204465622,0,0.004257307,0.006201172,0.010458,3.882992
4/22/2021,51714.61,2398.94,38.9341,-0.038761896,0.016974013,0.191968454,0,1,1,0,0.35813353,0.193883897,0,0.006058215,0.03925095,0.045309,4.104235
4/23/2021,51122.62,2368.67,37.3702,-0.011447249,-0.012618073,-0.040167873,0,1,1,0,0.370500821,0.193808827,0,-0.004518955,-0.007787904,-0.012307,4.041418
4/24/2021,50092.4,2215.54,40.8663,-0.020151941,-0.064648094,0.093553152,0,1,1,0,0.350925554,0.195981776,0,-0.023952172,0.018131427,-0.005821,4.012071
4/25/2021,49063.94,2320.71,47.3823,-0.020531258,0.04746924,0.159446781,0,1,1,0,0.357622173,0.193649198,0,0.016658169,0.031248663,0.047907,4.252185
4/26/2021,53984.33,2534.25,43.9698,0.10028526,0.092014944,-0.072020565,0,1,1,0,0.339119797,0.190382649,0,0.032906584,-0.013946725,0.01896,4.351766
4/27/2021,55006.25,2668.39,43.2296,0.018929938,0.052930847,-0.016834282,0,1,1,0,0.337792116,0.191104973,0,0.017949898,-0.003204955,0.014745,4.430678
4/28/2021,54861.77,2748.33,44.8884,-0.002626611,0.02995814,0.038371856,0,1,1,0,0.347849913,0.191216559,0,0.010119623,0.007333053,0.017453,4.52546
4/29/2021,53558.8,2759.14,42.4925,-0.023750054,0.003933298,-0.053374591,0,1,1,0,0.347513265,0.188116145,0,0.001368197,-0.010206106,-0.008838,4.476626
4/30/2021,57684.16,2773.15,42.8771,0.077024877,0.005077669,0.009051009,0,1,1,0,0.349832383,0.187999588,0,0.001764557,0.001702641,0.003467,4.495613
5/1/2021,57836.34,2947.01,49.7035,0.002638159,0.062694048,0.159208529,0,1,1,0,0.343215435,0.182081407,0,0.021932408,0.029931138,0.051864,4.780638
5/2/2021,56630.33,2950.98,46.9593,-0.020852115,0.001347128,-0.055211404,0,1,1,0,0.358576015,0.178820595,0,0.000462355,-0.01005297,-0.009591,4.725195
5/3/2021,57214.83,3433.36,46.0232,0.010321324,0.163464341,-0.019934284,1,1,1,0.295060535,0.210030091,0.121488334,0,0.058614392,-0.00356466,0.05505,5.040367
5/4/2021,53263.32,3243.67,42.6551,-0.069064437,-0.055249085,-0.073182656,0,1,1,0,0.304451655,0.178684496,-0.02037819,-0.01160397,-0.008890839,-0.040873,4.793479
5/5/2021,57497.77,3528.49,45.0381,0.079500302,0.087807946,0.055866708,0,1,1,0,0.295124195,0.179591456,0,0.026733274,0.009982514,0.036716,5.006193
5/6/2021,56435.35,3493.16,43.5641,-0.018477586,-0.010012782,-0.032727846,0,1,1,0,0.294163772,0.1800799,0,-0.002955014,-0.005877642,-0.008833,4.95314
5/7/2021,57350.88,3480.98,43.2345,0.016222634,-0.003486814,-0.007565863,1,1,1,0.263322129,0.205730272,0.120223873,0,-0.001025694,-0.00136246,-0.002388,4.938924
5/8/2021,58924.98,3914.47,45.7022,0.027446833,0.124531023,0.057077103,1,1,1,0.265150241,0.194203938,0.11986689,0.007227358,0.025619801,0.00686203,0.039709,5.174753
5/9/2021,58292.53,3928.01,44.3591,-0.010733139,0.003458961,-0.029388082,1,1,1,0.26474721,0.194781519,0.119215733,-0.002845894,0.000671744,-0.003522658,-0.005697,5.139575
5/10/2021,55869.67,3950.33,42.8909,-0.041563816,0.005682267,-0.033098057,0,1,1,0,0.291866149,0.178694475,-0.011003904,0.001106801,-0.003945809,-0.013843,5.054585
5/11/2021,56710.43,4175.91,44.624,0.015048594,0.05710409,0.040407173,0,1,1,0,0.290178025,0.178714003,0,0.016666751,0.007220539,0.023887,5.199211
5/12/2021,49595.76,3828.99,43.484,-0.125456111,-0.083076503,-0.025546791,0,1,1,0,0.274120876,0.17795883,0,-0.024106976,-0.004565569,-0.028673,5.021461
5/13/2021,49707.9,3719.45,41.052,0.00226108,-0.028608066,-0.055928617,0,1,1,0,0.275534129,0.177044712,0,-0.007842068,-0.009952991,-0.017795,4.914309
5/14/2021,49873.27,4079.99,42.741,0.003326835,0.096933686,0.041142941,0,1,1,0,0.269046014,0.178149275,0,0.026708539,0.00728414,0.033993,5.115354
5/15/2021,46793.41,3648.98,43.53,-0.061753721,-0.105639965,0.018460027,0,1,1,0,0.251085375,0.178572825,0,-0.028422011,0.00328864,-0.025133,4.961657
5/16/2021,46429.28,3581.39,46.866,-0.007781651,-0.018522985,0.076636802,0,1,1,0,0.252803679,0.182194073,0,-0.004650851,0.01368525,0.009034,5.015515
5/17/2021,43566.18,3283.58,46.74,-0.061665828,-0.083154864,-0.002688516,0,1,1,0,0.246224406,0.182711112,0,-0.021021856,-0.000489832,-0.021512,4.886109
5/18/2021,42882.53,3376.35,55.95,-0.015692218,0.0282527,0.197047497,0,1,1,0,0.248793193,0.207234357,0,0.006956504,0.036002767,0.042959,5.13897
5/19/2021,36689.14,2442.98,34.952,-0.14442688,-0.276443497,-0.375299374,0,1,1,0,0.190722623,0.150080471,0,-0.06877726,-0.077774924,-0.146552,4.239292
5/20/2021,40500.3,2768.42,44.431,0.10387706,0.133214353,0.271200504,0,1,1,0,0.185683225,0.13652537,0,0.025406991,0.040701899,0.066109,4.585656
5/21/2021,37211.02,2431.01,38.921,-0.081216189,-0.121878183,-0.124012514,0,1,1,0,0.178654597,0.133216998,0,-0.022630734,-0.016930854,-0.039562,4.364676
5/22/2021,37432.58,2295.15,31.225,0.00595415,-0.055886237,-0.197733871,0,0,0,0,0,0,0,-0.009984333,-0.026341513,-0.036326,4.169799
5/23/2021,34651.6,2096.63,24.517,-0.074293036,-0.086495436,-0.214827862,0,0,0,0,0,0,0,0,0,0,4.169799
5/24/2021,38779.66,2649.27,31.417,0.11913043,0.263584896,0.28143737,0,1,0,0,0.310548495,0,0,0,0,0,4.169799
5/25/2021,38326.84,2706.83,30.007,-0.01167674,0.02172674,-0.04488016,0,1,0,0,0.311197256,0,0,0.006747206,0,0.006747,4.20468
5/26/2021,39224.2,2884.27,35.42,0.023413357,0.065552694,0.180391242,0,1,0,0,0.313140556,0,0,0.020399819,0,0.0204,4.310855
5/27/2021,38527.38,2742.77,33.779,-0.017765053,-0.049059207,-0.046329757,0,1,0,0,0.312522936,0,0,-0.015362427,0,-0.015362,4.22927
5/28/2021,35670.99,2411.66,28.993,-0.074139223,-0.120721023,-0.141685663,0,0,0,0,0,0,0,-0.037728089,0,-0.037728,4.03198
5/29/2021,34611.94,2277.99,27.38,-0.029689392,-0.055426553,-0.055634119,0,0,0,0,0,0,0,0,0,0,4.03198
5/30/2021,35651.81,2386.11,28.59,0.030043679,0.047462895,0.044192841,0,0,0,0,0,0,0,0,0,0,4.03198
5/31/2021,37243.38,2706.33,32.749,0.044642053,0.134201692,0.145470444,0,0,0,0,0,0,0,0,0,0,4.03198
6/1/2021,36693.41,2634.63,30.955,-0.01476692,-0.026493443,-0.054780299,0,0,0,0,0,0,0,0,0,0,4.03198
6/2/2021,37569.99,2707.22,33.994,0.023889303,0.027552256,0.09817477,0,0,0,0,0,0,0,0,0,0,4.03198
6/3/2021,39247.4,2858.34,39.627,0.044647603,0.055821101,0.165705713,0,0,0,0,0,0,0,0,0,0,4.03198
6/4/2021,36828.03,2689.21,37.37,-0.061644083,-0.059170707,-0.056956116,-1,0,0,-0.543555251,0,0,0,0,0,0,4.03198
6/5/2021,35498.62,2627.45,39.658,-0.036097777,-0.022965852,0.061225582,-1,0,0,-0.542185359,0,0,0.019621136,0,0,0.019621,4.130713
6/6/2021,35801.71,2711.4,42.199,0.008538078,0.031951131,0.064072823,-1,0,0,-0.543310343,0,0,-0.004629221,0,0,-0.004629,4.106962
6/7/2021,33550.96,2592.96,38.247,-0.062867109,-0.043682231,-0.093651508,-1,0,0,-0.54216606,0,0,0.03415635,0,0,0.034156,4.281396
6/8/2021,33372.58,2506.19,41.229,-0.005316688,-0.033463686,0.077966899,-1,0,0,-0.541899675,0,0,0.002882528,0,0,0.002883,4.296622
6/9/2021,37368.45,2610.2,42.024,0.119735124,0.041501243,0.019282544,-1,0,0,-0.499688885,0,0,-0.064884425,0,0,-0.064884,3.952956
6/10/2021,36669.66,2471.11,41.09,-0.0187,-0.053287104,-0.022225395,-1,0,0,-0.501186591,0,0,0.009344182,0,0,0.009344,3.999237
6/11/2021,37300.42,2354.25,36.162,0.017201141,-0.047290489,-0.119931857,-1,0,0,-0.531322138,0,0,-0.008620981,0,0,-0.008621,3.956138
6/12/2021,35537.05,2370.59,36.474,-0.047274803,0.006940639,0.008627841,-1,0,0,-0.527742619,0,0,0.025118149,0,0,0.025118,4.080626
6/13/2021,38993.65,2508.71,38.708,0.0972675,0.058263976,0.061249109,-1,0,0,-0.501731955,0,0,-0.051332205,0,0,-0.051332,3.819828
6/14/2021,40489.1,2579.82,39.672,0.038351116,0.028345245,0.024904413,-1,0,0,-0.504895156,0,0,-0.01924198,0,0,-0.019242,3.727085
6/15/2021,40132.86,2544.17,39.54,-0.008798417,-0.013818794,-0.003327284,-1,0,0,-0.504870776,0,0,0.004442278,0,0,0.004442,3.748082
6/16/2021,38344.97,2366.84,39.677,-0.04454928,-0.069700531,0.003464846,-1,0,0,-0.508798608,0,0,0.022491629,0,0,0.022492,3.854876
6/17/2021,38060.71,2372.51,39.269,-0.007413228,0.002395599,-0.010283036,-1,0,0,-0.509152901,0,0,0.00377184,0,0,0.003772,3.873189
6/18/2021,35811.41,2231.68,36.8,-0.059097689,-0.059359075,-0.062874023,-1,0,1,-0.277156332,0,0.129869012,0.03008976,0,0,0.03009,4.019823
6/19/2021,35483,2163.36,35.151,-0.009170541,-0.030613708,-0.044809783,-1,0,0,-0.590181063,0,0,0.002541673,0,-0.005819402,-0.003278,4.003368
6/20/2021,35588.64,2242.7,35.228,0.0029772,0.036674432,0.002190549,-1,0,0,-0.614248512,0,0,-0.001757087,0,0,-0.001757,3.994577
6/21/2021,31606,1884.77,26.578,-0.11190762,-0.159597806,-0.245543318,-1,-1,0,-0.285422807,-0.198391996,0,0.068739089,0,0,0.068739,4.337899
6/22/2021,32496,1878.46,26.956,0.02815921,-0.003347889,0.014222289,-1,0,1,-0.292542411,0,0.151282057,-0.008037281,0.000664194,0,-0.007373,4.298543
6/23/2021,33649,1966.51,30.774,0.03548129,0.046873503,0.141638225,-1,0,0,-0.638040151,0,0,-0.010379782,0,0.021427322,0.011048,4.357081
6/24/2021,34644.64,1989.5,31.151,0.029588992,0.011690762,0.012250601,-1,0,1,-0.316828311,0,0.168256516,-0.018878965,0,0,-0.018879,4.255945
6/25/2021,31568.07,1808,28.591,-0.088803636,-0.091228952,-0.082180347,-1,0,0,-0.606860022,0,0,0.028135506,0,-0.013827379,0.014308,4.331147
6/26/2021,32255.56,1828.88,29.639,0.021778018,0.011548673,0.036654891,-1,0,0,-0.604628159,0,0,-0.013216209,0,0,-0.013216,4.260691
6/27/2021,34687.71,1980.83,31.853,0.075402504,0.083083636,0.074698876,-1,0,1,-0.300744814,0,0.184072314,-0.045590477,0,0,-0.04559,4.020856
6/28/2021,34487.22,2083.56,33.013,-0.005779857,0.051862098,0.036417292,-1,0,1,-0.30244355,0,0.185529458,0.001738262,0,0.006703415,0.008442,4.063242
6/29/2021,35911.26,2165.15,33.949,0.041291818,0.03915894,0.028352467,0,0,1,0,0,0.371815958,-0.012488444,0,0.005260218,-0.007228,4.026645
6/30/2021,35031.39,2275,35.493,-0.024501229,0.050735515,0.045479985,-1,0,1,-0.3035422,0,0.194337875,0,0,0.016910184,0.01691,4.111645
7/1/2021,33489.96,2105.24,33.254,-0.044001394,-0.07461978,-0.063082861,-1,0,1,-0.300373685,0,0.19378805,0.01335628,0,-0.012259389,0.001097,4.117253
7/2/2021,33760.94,2152.64,33.97,0.00809138,0.022515248,0.021531244,-1,0,0,-0.602911372,0,0,-0.002430438,0,0.004172498,0.001742,4.126167
7/3/2021,34652.94,2226.63,34.5,0.026421065,0.034371748,0.015602002,-1,0,0,-0.608301598,0,0,-0.015929561,0,0,-0.01593,4.044507
7/4/2021,35280.16,2321.95,34.29,0.018100052,0.042809088,-0.006086957,-1,0,0,-0.621419711,0,0,-0.01101029,0,0,-0.01101,3.988967
7/5/2021,33672.72,2195.38,32.887,-0.045562152,-0.054510218,-0.040915719,-1,0,0,-0.618230518,0,0,0.028313219,0,0,0.028313,4.13022
7/6/2021,34206.01,2322.04,34.206,0.015837449,0.057693884,0.040107033,-1,0,0,-0.617473432,0,0,-0.009791195,0,0,-0.009791,4.07999
7/7/2021,33845.64,2314.65,36.659,-0.010535283,-0.003182546,0.071712565,0,0,0,0,0,0,0.006505257,0,0,0.006505,4.113035
7/8/2021,32852.04,2114.88,33.128,-0.029356809,-0.086306785,-0.09632014,-1,0,0,-0.630286907,0,0,0,0,0,0,4.113035
7/9/2021,33805.01,2147.53,33.325,0.02900794,0.015438228,0.005946631,-1,0,0,-0.700121291,0,0,-0.018283325,0,0,-0.018283,4.019553
7/10/2021,33497.98,2111.14,31.688,-0.009082382,-0.016945048,-0.049122281,-1,0,0,-0.701475498,0,0,0.006358769,0,0,0.006359,4.051473
7/11/2021,34253.81,2140.27,32.173,0.02256345,0.013798232,0.015305478,-1,0,0,-0.700067601,0,0,-0.015827707,0,0,-0.015828,3.971518
7/12/2021,33070.87,2030.85,30.751,-0.034534553,-0.051124391,-0.044198552,-1,0,0,-0.706146724,0,0,0.024176521,0,0,0.024177,4.091714
7/13/2021,32709.09,1940.32,29.147,-0.010939537,-0.044577394,-0.052160905,-1,0,0,-0.777458035,0,0,0.007724918,0,0,0.007725,4.131048
7/14/2021,32803.01,1993.82,31.355,0.002871373,0.027572772,0.075753937,-1,0,0,-0.793217485,0,0,-0.002232372,0,0,-0.002232,4.119595
7/15/2021,31866.43,1919.35,28.572,-0.028551648,-0.037350413,-0.088757774,-1,0,0,-0.789069226,0,0,0.022647667,0,0,0.022648,4.235544
7/16/2021,31382.95,1876.1,26.259,-0.015172079,-0.02253367,-0.080953381,-1,0,0,-0.801189098,0,0,0.011971821,0,0,0.011972,4.298224
7/17/2021,31496.65,1898.55,26.79,0.003622986,0.011966313,0.020221638,-1,0,0,-0.800433035,0,0,-0.002902697,0,0,-0.002903,4.282843
7/18/2021,31767,1890.66,26.662,0.008583453,-0.004155803,-0.004777902,-1,0,0,-0.827012036,0,0,-0.006870479,0,0,-0.00687,4.24655
7/19/2021,30823.62,1818.4,24.511,-0.029696855,-0.038219458,-0.080676618,-1,0,0,-0.820663885,0,0,0.024559657,0,0,0.02456,4.375405
7/20/2021,29775.9,1785.04,23.466,-0.033990816,-0.018345799,-0.042633919,-1,0,0,-0.812961655,0,0,0.027895035,0,0,0.027895,4.525352
7/21/2021,32120,1995.49,26.675,0.07872474,0.117896518,0.136751044,0,1,1,0,0.317576603,0.248734002,-0.064000195,0,0,-0.064,4.17173
7/22/2021,32268.11,2023.55,27.679,0.004611146,0.014061709,0.037638238,-1,1,1,-0.29314259,0.211614814,0.165038308,0,0.00446567,0.00936191,0.013828,4.243244
7/23/2021,33634.46,2124.33,28.519,0.042343664,0.049803563,0.030347917,-1,1,0,-0.436612658,0.316839032,0,-0.012412731,0.010539172,0.005008569,0.003135,4.259682
7/24/2021,34230,2183.53,28.621,0.017706245,0.02786761,0.003576563,-1,1,0,-0.439862191,0.315712066,0,-0.007730771,0.008829547,0,0.001099,4.265462
7/25/2021,35370.66,2188.11,28.232,0.033323401,0.002097521,-0.013591419,0,1,0,0,0.67742184,0,-0.014657704,0.000662213,0,-0.013995,4.191772
7/26/2021,37218.09,2227.41,28.18,0.052230578,0.017960706,-0.001841882,0,1,0,0,0.676918259,0,0,0.012166974,0,0.012167,4.254941
7/27/2021,39442.33,2298.04,28.102,0.059762336,0.031709474,-0.002767921,0,1,0,0,0.707017263,0,0,0.021464722,0,0.021465,4.367738
7/28/2021,40003.08,2300.08,27.875,0.014216959,0.000887713,-0.008077717,0,1,0,0,0.720833697,0,0,0.000627628,0,0.000628,4.371109
7/29/2021,40012.9,2382.45,31.25,0.000245481,0.035811798,0.121076233,0,1,0,0,0.722298804,0,0,0.025814351,0,0.025814,4.509759
7/30/2021,42203.25,2461.72,32.35,0.054741096,0.033272472,0.0352,0,1,0,0,0.731249082,0,0,0.024032666,0,0.024033,4.642175
7/31/2021,41448.11,2530.49,36.721,-0.017892935,0.027935752,0.13511592,0,1,1,0,0.387466666,0.255639403,0,0.020427993,0,0.020428,4.757433
8/1/2021,39846.78,2554.71,34.164,-0.038634572,0.009571269,-0.06963318,0,1,1,0,0.388451621,0.249949846,0,0.003708548,-0.017800985,-0.014092,4.676299
8/2/2021,39147.48,2607.09,33.194,-0.017549724,0.020503306,-0.02839246,0,1,0,0,0.781759296,0,0,0.007964542,-0.007096691,0.000868,4.681226
8/3/2021,38203.26,2506.87,34.136,-0.02411956,-0.038441327,0.028378623,0,1,0,0,0.778376455,0,0,-0.030051865,0,-0.030052,4.510494
8/4/2021,39731.31,2725,35.771,0.039997895,0.087012889,0.047896649,0,1,1,0,0.377429962,0.248419407,0,0.067728784,0,0.067729,4.883714
8/5/2021,40882.4,2826.8,37.399,0.028971861,0.037357798,0.045511727,0,1,1,0,0.383668356,0.247980084,0,0.014099952,0.011305996,0.025406,5.033196
8/6/2021,42825.43,2892.3,39.546,0.047527298,0.023171077,0.057407952,0,1,1,0,0.383216044,0.249828265,0,0.008890009,0.014236029,0.023126,5.17272
8/7/2021,44601.11,3163.26,39.489,0.041463215,0.093683228,-0.001441359,0,1,1,0,0.394408661,0.262017815,0,0.035900916,-0.000360092,0.035541,5.392104
8/8/2021,43787.71,3014.06,37.688,-0.018237214,-0.047166531,-0.045607638,0,1,1,0,0.379660347,0.258642028,0,-0.018602888,-0.011950014,-0.030553,5.196806
8/9/2021,46259.7,3163.43,38.68,0.056453968,0.049557739,0.026321376,0,1,1,0,0.37812827,0.262088533,0,0.018815109,0.006807814,0.025623,5.355587
8/10/2021,45589.99,3143.98,40.676,-0.01447718,-0.00614839,0.051602896,0,1,1,0,0.376595011,0.259879427,0,-0.00232488,0.013524527,0.0112,5.42677
8/11/2021,45522.12,3161.52,41.65,-0.001488704,0.005578916,0.023945324,0,1,1,0,0.393528931,0.263436642,0,0.002100992,0.006222897,0.008324,5.480266
8/12/2021,44385.09,3046.74,41.122,-0.024977527,-0.036305321,-0.012677071,0,1,1,0,0.397551278,0.268092308,0,-0.014287194,-0.003339605,-0.017627,5.366038
8/13/2021,47792.52,3324.12,44.9,0.076769699,0.091041572,0.091872963,0,1,1,0,0.375843252,0.265086595,0,0.036193693,0.024630435,0.060824,5.753246
8/14/2021,47083.74,3266.31,44.141,-0.014830354,-0.017391069,-0.016904232,0,1,1,0,0.382805216,0.278752979,0,-0.006536316,-0.004481085,-0.011017,5.678846
8/15/2021,47006.02,3312.31,53.565,-0.001650676,0.01408317,0.213497655,0,1,1,0,0.389740756,0.24545809,0,0.005391111,0.059513107,0.064904,6.11233
8/16/2021,45926.23,3146.83,62.128,-0.022971313,-0.049959092,0.15986185,0,1,1,0,0.371673029,0.229346879,0,-0.019471094,0.039239384,0.019768,6.252926
8/17/2021,44704.84,3014.64,64.218,-0.026594606,-0.042007353,0.033640227,0,1,1,0,0.361187984,0.230441931,0,-0.015613,0.007715281,-0.007898,6.195643
8/18/2021,44714.09,3014.25,72.787,0.000206913,-0.000129369,0.133436108,0,1,1,0,0.370678518,0.233825781,0,-4.67E-05,0.030749274,0.030703,6.41657
8/19/2021,46772,3186.8,72.873,0.046023748,0.057244754,0.00118153,0,1,1,0,0.370486321,0.238709202,0,0.021219401,0.000276272,0.021496,6.575997
8/20/2021,49332.74,3286.62,78.771,0.054749423,0.031322957,0.080935326,0,1,1,0,0.410418961,0.246429111,0,0.011604727,0.019320007,0.030925,6.810285
8/21/2021,48848.29,3226.4,73.904,-0.009820051,-0.018322775,-0.061786698,0,1,1,0,0.404579386,0.236825262,0,-0.007520014,-0.015226041,-0.022746,6.632632
8/22/2021,49273.28,3241.29,72.806,0.008700202,0.004615051,-0.014857112,0,1,1,0,0.409512534,0.23460884,0,0.001867154,-0.003518539,-0.001651,6.62003
8/23/2021,49523.91,3323.01,75.702,0.00508653,0.025212184,0.039776941,1,1,1,0.316377792,0.273207557,0.156961867,0,0.010324705,0.009332022,0.019657,6.769817
8/24/2021,47719.36,3173.98,70.511,-0.036437955,-0.044847894,-0.068571504,0,1,1,0,0.394701348,0.228246979,-0.01152816,-0.012252784,-0.010763111,-0.034544,6.501417
8/25/2021,48992.65,3227.9,72.028,0.026682881,0.016988135,0.021514374,0,1,1,0,0.394737009,0.22917267,0,0.00670524,0.004910591,0.011616,6.588553
8/26/2021,46853.06,3093.77,74.875,-0.043671653,-0.041553332,0.039526295,0,1,1,0,0.384502136,0.230337694,0,-0.016402638,0.009058347,-0.007344,6.532823
8/27/2021,49083.98,3273.91,87.954,0.047615246,0.058226694,0.174677796,0,1,1,0,0.3766156,0.217469542,0,0.022388288,0.040234881,0.062623,7.004551
8/28/2021,48931.99,3247.29,96.225,-0.00309653,-0.00813095,0.094037792,0,1,1,0,0.377243794,0.220106401,0,-0.003062243,0.020450356,0.017388,7.143734
8/29/2021,48795.41,3225.47,94.239,-0.002791221,-0.006719449,-0.020639127,0,1,1,0,0.378070361,0.217464731,0,-0.00253487,-0.004542804,-0.007078,7.086093
8/30/2021,47024.7,3230.43,110.318,-0.036288454,0.00153776,0.170619383,0,1,1,0,0.379134296,0.211885399,0,0.000581382,0.037103698,0.037685,7.390817
8/31/2021,47150.32,3430.49,108.341,0.002671362,0.061929836,-0.01792092,0,0,1,0,0,0.435894874,0,0.023479725,-0.003797181,0.019683,7.555974
9/1/2021,48842.94,3831.44,110.894,0.035898378,0.116878347,0.023564486,0,1,1,0,0.336050242,0.221400931,0,0,0.010271639,0.010272,7.643861
9/2/2021,49299.14,3788.95,128.329,0.009340142,-0.011089825,0.157222212,0,1,1,0,0.341883948,0.212683174,0,-0.003726738,0.034809144,0.031082,7.912529
9/3/2021,50027.08,3942.79,146.403,0.014765775,0.040602278,0.140841119,0,1,1,0,0.355559703,0.207243138,0,0.013881267,0.029954536,0.043836,8.303219
9/4/2021,49940.74,3889.71,139.155,-0.001725865,-0.013462548,-0.049507182,0,1,1,0,0.355395597,0.201451274,0,-0.00478674,-0.010260024,-0.015047,8.163233
9/5/2021,51799.57,3952.56,142.14,0.037220714,0.016158017,0.0214509,0,1,1,0,0.355755683,0.201144052,0,0.005742488,0.004321311,0.010064,8.255452
9/6/2021,52683.97,3929,164.272,0.017073501,-0.005960694,0.155705642,0,1,1,0,0.379328311,0.196283916,0,-0.002120551,0.031319264,0.029199,8.525702
9/7/2021,46864.39,3435,173.644,-0.110462063,-0.125731738,0.057051719,0,0,1,0,0,0.403318218,0,-0.047693608,0.011198335,-0.036495,8.178061
9/8/2021,46062.29,3497.99,191.215,-0.017115341,0.0183377,0.101189791,-1,0,1,-0.440701779,0,0.201015902,0,0,0.040811686,0.040812,8.552636
9/9/2021,46413.88,3426.42,188.127,0.007632925,-0.020460321,-0.016149361,0,0,1,0,0,0.396216009,-0.003363844,0,-0.003246278,-0.00661,8.489493
9/10/2021,44860.83,3209.84,179.756,-0.033460896,-0.06320883,-0.044496537,-1,0,1,-0.43499534,0,0.193485915,0,0,-0.01763024,-0.01763,8.322194
9/11/2021,45193.78,3267.23,179.243,0.007421842,0.017879396,-0.002853869,0,0,1,0,0,0.38818886,-0.003228467,0,-0.000552183,-0.003781,8.286946
9/12/2021,46046.73,3405.21,174.507,0.018873172,0.042231493,-0.026422231,-1,0,1,-0.475170828,0,0.191886729,0,0,-0.010256816,-0.010257,8.19169
9/13/2021,44975.96,3284.41,169.656,-0.023253986,-0.035475051,-0.027798312,-1,0,1,-0.472886749,0,0.191121797,0.011049616,0,-0.005334127,0.005715,8.244221
9/14/2021,47087.18,3435.42,158.806,0.046941077,0.045977816,-0.06395294,1,1,1,0.304865557,0.225197348,0.133294661,-0.022197813,0,-0.012222801,-0.034421,7.926025
9/15/2021,48106.12,3614.72,158.991,0.021639436,0.052191581,0.001164943,1,1,1,0.305684176,0.226253011,0.138750581,0.006597119,0.011753406,0.000155281,0.018506,8.09121
9/16/2021,47745.55,3570.46,152.365,-0.007495304,-0.012244379,-0.041675315,1,1,1,0.30908593,0.229953381,0.13645512,-0.002291196,-0.002770328,-0.005782474,-0.010844,7.992625
9/17/2021,47303.11,3400.99,147.626,-0.009266623,-0.047464472,-0.031102944,1,1,1,0.308459714,0.224760436,0.139444556,-0.002864183,-0.010914616,-0.004244156,-0.018023,7.830551
9/18/2021,48285.15,3435.35,169.228,0.02076058,0.010102941,0.146329237,1,1,1,0.31604832,0.229876688,0.13419486,0.006403803,0.002270741,0.020404816,0.029079,8.087335
9/19/2021,47256.91,3328.72,152.973,-0.02129516,-0.03103905,-0.096053845,0,1,1,0,0.343982825,0.19441942,-0.0067303,-0.007135154,-0.012889932,-0.026755,7.844203
9/20/2021,43026.6,2978.34,132.834,-0.089517279,-0.105259679,-0.131650683,0,0,1,0,0,0.372557906,0,-0.036207522,-0.02559545,-0.061803,7.297605
9/21/2021,40726.1,2765.48,124.248,-0.053466925,-0.071469342,-0.064637066,0,0,1,0,0,0.367104575,0,0,-0.02408105,-0.024081,7.09779
9/22/2021,43520,3076.62,147.952,0.068602199,0.112508498,0.190779731,0,0,1,0,0,0.345337094,0,0,0.070036112,0.070036,7.664927
9/23/2021,44828.29,3150.7,149.897,0.030061811,0.024078372,0.013146156,0,0,1,0,0,0.352056479,0,0,0.004539855,0.00454,7.704266
9/24/2021,42798.49,2926.37,139.147,-0.045279443,-0.071200051,-0.071715912,0,0,1,0,0,0.344795033,0,0,-0.025248051,-0.025248,7.484501
9/25/2021,42651.58,2921.08,136.079,-0.003432598,-0.0018077,-0.022048625,0,0,1,0,0,0.343369163,0,0,-0.007602256,-0.007602,7.420001
9/26/2021,43150,3057.63,135.619,0.011685851,0.046746409,-0.003380389,0,0,1,0,0,0.360920493,0,0,-0.001160721,-0.001161,7.410226
9/27/2021,42122.69,2923.6,136.308,-0.023807879,-0.043834604,0.005080409,0,0,1,0,0,0.365845533,0,0,0.001833624,0.001834,7.42565
9/28/2021,41006.32,2803.5,132.158,-0.026502818,-0.041079491,-0.030445755,0,0,1,0,0,0.365168328,0,0,-0.011138444,-0.011138,7.331805
9/29/2021,41499.71,2848.38,135.265,0.012032048,0.016008561,0.023509738,0,0,1,0,0,0.388450377,0,0,0.008585012,0.008585,7.403334
9/30/2021,43796.57,2999.45,141.358,0.055346411,0.053037165,0.045044912,0,0,1,0,0,0.388106087,0,0,0.017497713,0.017498,7.550375
10/1/2021,48123.94,3308.58,161.597,0.098806139,0.103062228,0.143175484,0,0,1,0,0,0.372169525,0,0,0.055567277,0.055567,8.025494
10/2/2021,47626.61,3387.25,168.889,-0.010334357,0.023777572,0.0451246,0,0,1,0,0,0.391124888,0,0,0.016794001,0.016794,8.177068
10/3/2021,48187.3,3418.25,173.045,0.01177262,0.009151967,0.024607879,0,0,1,0,0,0.410034067,0,0,0.009624754,0.009625,8.265398
10/4/2021,49198.22,3386.12,167.244,0.020978972,-0.009399547,-0.033523072,0,0,1,0,0,0.411977787,0,0,-0.013745602,-0.013746,8.138035
10/5/2021,51455.12,3517.64,164.745,0.045873611,0.038840915,-0.01494224,0,0,1,0,0,0.411534767,0,0,-0.006155871,-0.006156,8.081782
10/6/2021,55321.6,3576.85,154.005,0.075142765,0.016832308,-0.06519166,1,0,0,0.693499513,0,0,0,0,-0.026828635,-0.026829,7.838126
10/7/2021,53814.99,3589.85,154.38,-0.027233666,0.003634483,0.002434986,1,1,0,0.388636094,0.313560939,0,-0.018886534,0,0,-0.018887,7.671201
10/8/2021,53975,3563.81,158.932,0.002973335,-0.007253785,0.029485685,1,1,0,0.390765812,0.313924195,0,0.001155545,-0.002274504,0,-0.001119,7.661498
10/9/2021,54960.77,3577.8,156.943,0.018263455,0.003925574,-0.012514786,1,1,0,0.390173027,0.31503816,0,0.007136734,0.001232333,0,0.008369,7.733986
10/10/2021,54700,3415.01,147.62,-0.004744657,-0.045500028,-0.059403733,1,1,0,0.396529083,0.319570407,0,-0.001851237,-0.014334245,0,-0.016185,7.592626
10/11/2021,57500.01,3543.1,144.888,0.051188483,0.037507943,-0.018506977,1,1,0,0.388681664,0.317429989,0,0.020297722,0.011986429,0,0.032284,7.870031
10/12/2021,56011.84,3492.91,152.328,-0.025881213,-0.014165561,0.051350008,1,1,0,0.38448677,0.320264242,0,-0.010059553,-0.004496574,0,-0.014556,7.740918
10/13/2021,57393.65,3610.05,148.08,0.024669963,0.033536507,-0.027887191,1,1,0,0.38735367,0.321580327,0,0.009485274,0.010740544,0,0.020226,7.917712
10/14/2021,57378.19,3794.19,150.164,-0.000269368,0.051007604,0.014073474,1,1,0,0.393310619,0.320553621,0,-0.000104341,0.016403042,0,0.016299,8.063062
10/15/2021,61702.33,3872.71,163.236,0.075362084,0.020694799,0.08705149,1,1,1,0.250745437,0.216916377,0.147985945,0.029640708,0.006633793,0,0.036275,8.391825
10/16/2021,60925.56,3833.3,157.686,-0.01258899,-0.010176336,-0.033999853,1,1,1,0.250263617,0.21701387,0.148309343,-0.003156632,-0.002207414,-0.0050315,-0.010396,8.294187
10/17/2021,61571.45,3851.01,160.291,0.010601298,0.00462004,0.016520173,1,1,1,0.251116592,0.221465909,0.148877586,0.002653119,0.001002613,0.002450096,0.006106,8.350938
10/18/2021,62037.92,3748.31,157.263,0.007576076,-0.026668329,-0.018890643,1,1,0,0.37714177,0.329793449,0,0.001902478,-0.005906126,-0.002812393,-0.006816,8.287202
10/19/2021,64316.7,3881.48,155.941,0.03673205,0.035528011,-0.0084063,1,1,1,0.25214718,0.220503741,0.167143306,0.01385319,0.011716905,0,0.02557,8.524675
10/20/2021,66064.24,4164.14,176.821,0.027170859,0.072822738,0.133896794,1,1,1,0.283095832,0.237562107,0.16944407,0.006851056,0.016057686,0.022379953,0.045289,8.956038
10/21/2021,62260.33,4057.26,190.647,-0.057578956,-0.025666764,0.07819207,1,1,1,0.281048747,0.250416162,0.170979707,-0.016300363,-0.006097451,0.013249183,-0.009149,8.86495
10/22/2021,60734.27,3975.56,196.446,-0.024510953,-0.020136743,0.030417473,1,1,1,0.286878187,0.276825012,0.20244787,-0.006888773,-0.005042566,0.005200771,-0.006731,8.798549
10/23/2021,61325.11,4170.5,197.88,0.00972828,0.049034601,0.007299716,1,1,1,0.288160368,0.272453635,0.202441437,0.002790831,0.013574004,0.001477812,0.017843,8.973385
10/24/2021,60902.82,4084.61,202.386,-0.006886086,-0.020594653,0.022771377,1,1,1,0.299765926,0.292835991,0.212120244,-0.001984297,-0.005611088,0.00460987,-0.002986,8.943604
10/25/2021,63127.04,4224.14,209.949,0.036520805,0.034159932,0.037369186,1,1,1,0.29859645,0.291763723,0.2133853,0.010947693,0.010003258,0.007926761,0.028878,9.230756
10/26/2021,60358.75,4133.39,199.998,-0.043852682,-0.021483663,-0.047397225,1,1,1,0.285998269,0.292184143,0.208156467,-0.013094255,-0.006268153,-0.010113871,-0.029476,8.929194
10/27/2021,58449.36,3923.57,184.468,-0.031634022,-0.050762207,-0.077650777,1,1,1,0.283750988,0.289086405,0.19750224,-0.009047275,-0.014831912,-0.016163511,-0.040043,8.531599
10/28/2021,60622.03,4288.96,195.5,0.037171836,0.093126923,0.059804411,1,1,1,0.287176752,0.276394525,0.197126366,0.010547545,0.026921727,0.011811505,0.049281,9.001326
10/29/2021,62308.22,4421.53,200.529,0.027814806,0.030909591,0.025723785,1,1,1,0.286483707,0.275580324,0.197072387,0.007987766,0.008543242,0.005070836,0.021602,9.217375
10/30/2021,61895.19,4324.82,195.85,-0.00662882,-0.021872519,-0.023333283,1,1,1,0.291722226,0.27626563,0.196655625,-0.001899049,-0.006027636,-0.004598346,-0.012525,9.089402
10/31/2021,61348.61,4288.86,202.668,-0.008830735,-0.008314797,0.034812356,1,1,1,0.326014458,0.307738109,0.22085634,-0.002576122,-0.002297093,0.006846046,0.001973,9.109309
11/1/2021,60942.87,4322.72,204.144,-0.006613679,0.007894872,0.007282847,1,1,1,0.32671261,0.30874269,0.223227466,-0.002156155,0.002429553,0.001608463,0.001882,9.128334
11/2/2021,63266.69,4593.88,221.044,0.038131122,0.062729022,0.082784701,1,1,1,0.322244797,0.296449707,0.214530176,0.012457918,0.019367127,0.018479819,0.050305,9.63784
11/3/2021,62946.45,4606.59,243.25,-0.005061747,0.002766724,0.100459637,1,1,1,0.321908375,0.297857236,0.205951795,-0.001631122,0.000820195,0.021551624,0.020741,9.85848
11/4/2021,61431.86,4535.37,246.995,-0.024061563,-0.01546046,0.015395683,1,1,1,0.324372033,0.298625972,0.207134865,-0.007745619,-0.00460501,0.003170769,-0.00918,9.758799
11/5/2021,61006,4477.29,236.231,-0.006932234,-0.012806011,-0.04357983,1,1,1,0.333333333,0.297004589,0.211470139,-0.002248623,-0.003824208,-0.009026902,-0.0151,9.596341
11/6/2021,61511.3,4521.4,258.336,0.008282792,0.009851942,0.093573663,1,1,1,0.333333333,0.297079535,0.203541335,0.002760931,0.002926072,0.019788036,0.025475,9.866283
11/7/2021,63316.4,4616.5,249.746,0.029345828,0.021033308,-0.03325127,1,1,1,0.333333333,0.297521629,0.200387852,0.009781943,0.006248565,-0.006768008,0.009263,9.966937
11/8/2021,67606.96,4814.3,248.42,0.067763802,0.042846312,-0.005309394,1,1,1,0.333121924,0.293265137,0.200854638,0.022587934,0.012747705,-0.001063938,0.034272,10.342796
11/9/2021,67009.98,4734.98,239.301,-0.008830156,-0.016475916,-0.036707995,1,1,1,0.332452999,0.303451422,0.204733554,-0.002941519,-0.004831812,-0.007372971,-0.015146,10.170998
11/10/2021,64920.13,4632.21,233.233,-0.031187146,-0.021704421,-0.025357186,1,1,1,0.333333333,0.302092643,0.204010832,-0.01036826,-0.006586237,-0.005191467,-0.022146,9.923605
11/11/2021,64831.3,4721.19,233.469,-0.001368297,0.019208974,0.001011864,1,1,1,0.333333333,0.304310488,0.205339874,-0.000456099,0.00580289,0.000206431,0.005553,9.984264
11/12/2021,64156.08,4665.99,228.572,-0.010415031,-0.011691967,-0.020974947,1,1,1,0.333333333,0.304720831,0.206099225,-0.003471677,-0.003557988,-0.004306993,-0.011337,9.859735
11/13/2021,64427,4644.42,241.568,0.004222827,-0.004622813,0.056857358,1,1,1,0.333333333,0.312418474,0.203899692,0.001407609,-0.001408667,0.011718257,0.011717,9.986979
11/14/2021,65568.39,4629.44,238.737,0.01771602,-0.003225376,-0.011719267,1,1,1,0.333333333,0.312841725,0.20998405,0.00590534,-0.001007667,-0.002389555,0.002508,10.014534
11/15/2021,63654.49,4567.01,238.282,-0.02918937,-0.013485432,-0.001905863,1,1,1,0.333333333,0.312260854,0.21308141,-0.00972979,-0.004218806,-0.000400201,-0.014349,9.856487
11/16/2021,60106.03,4209.42,219.043,-0.055745636,-0.078298493,-0.080740467,0,1,1,0,0.425301356,0.301157051,-0.018581879,-0.024449554,-0.017204293,-0.060236,9.202535
11/17/2021,60366.96,4287.99,219.073,0.004341162,0.018665279,0.000136959,0,1,1,0,0.429447496,0.302727629,0,0.007938369,4.12E-05,0.00798,9.283951
11/18/2021,56921.05,3997.72,195.18,-0.057082715,-0.067693721,-0.109064102,0,1,1,0,0.408756691,0.278782662,0,-0.029070899,-0.033016717,-0.062088,8.645441
11/19/2021,58069.51,4293.44,215.369,0.020176367,0.073972164,0.103437852,0,1,1,0,0.407971973,0.289540632,0,0.030236617,0.02883668,0.059073,9.215227
11/20/2021,59716.29,4412.55,217.695,0.028358772,0.027742323,0.010800069,0,1,1,0,0.408776953,0.298547503,0,0.01131809,0.003127059,0.014445,9.362786
11/21/2021,58661.39,4259.23,230.788,-0.017665197,-0.034746348,0.060143779,0,1,1,0,0.404557623,0.294322491,0,-0.014203506,0.017955775,0.003752,9.401667
11/22/2021,56268.31,4086.57,215.61,-0.040794806,-0.040537844,-0.065765984,0,0,1,0,0,0.571323693,0,-0.016399894,-0.019356408,-0.035756,9.029745
11/23/2021,57574.23,4341.36,221.918,0.023208801,0.062348131,0.029256528,0,1,1,0,0.392436097,0.285206592,0,0,0.016714948,0.016715,9.197392
11/24/2021,57165.08,4271.29,205.779,-0.007106478,-0.016140104,-0.072725061,0,1,0,0,0.790932508,0,0,-0.006333959,-0.020741667,-0.027076,8.921287
11/25/2021,58988.21,4527.86,210.181,0.031892372,0.060068504,0.021391882,0,1,1,0,0.384118616,0.28135783,0,0.047510132,0,0.04751,9.392648
11/26/2021,53755.65,4040.66,192.423,-0.088705184,-0.1076005,-0.084489083,0,1,1,0,0.351748306,0.27958311,0,-0.041331355,-0.023771665,-0.065103,8.716055
11/27/2021,54738.77,4095.33,192.775,0.018288682,0.013529968,0.001829303,0,0,0,0,0,0,0,0.004759143,0.000511442,0.005271,8.767268
11/28/2021,57315.73,4296.6,200.713,0.047077419,0.049146223,0.041177539,0,0,1,0,0,0.566490696,0,0,0,0,8.767268
11/29/2021,57827.98,4445.1,204.275,0.008937337,0.034562212,0.017746733,0,1,1,0,0.372626961,0.283899332,0,0,0.010053359,0.010053,8.865459
11/30/2021,56975,4631.51,208.617,-0.014750299,0.041936064,0.02125566,0,1,1,0,0.367573074,0.285006627,0,0.015626508,0.006034468,0.021661,9.079155
12/1/2021,57209.29,4586.66,229.812,0.004112154,-0.009683667,0.101597665,0,1,1,0,0.36707818,0.270751408,0,-0.003559455,0.028956008,0.025397,9.335135
12/2/2021,56513.57,4514.32,233.677,-0.012160962,-0.015771825,0.016818095,0,0,1,0,0,0.5589053,0,-0.005789493,0.004553523,-0.001236,9.322361
12/3/2021,53612,4213.66,211.607,-0.05134289,-0.066601393,-0.094446608,0,0,0,0,0,0,0,0,-0.05278671,-0.052787,8.777474
12/4/2021,49135.66,4115.79,200.583,-0.083495113,-0.023226838,-0.052096575,0,0,0,0,0,0,0,0,0,0,8.777474
12/5/2021,49376.6,4197.53,196.317,0.004903567,0.0198601,-0.021268004,0,0,0,0,0,0,0,0,0,0,8.777474
12/6/2021,50424.72,4345.2,193.518,0.021227059,0.035180213,-0.014257553,0,0,0,0,0,0,0,0,0,0,8.777474
12/7/2021,50577.2,4305.82,190.155,0.003023914,-0.009062874,-0.017378228,0,0,0,0,0,0,0,0,0,0,8.777474
12/8/2021,50455.61,4435.33,194.539,-0.002404048,0.030077895,0.023054876,0,0,0,0,0,0,0,0,0,0,8.777474
12/9/2021,47539.76,4103.8,181.04,-0.057790402,-0.074747539,-0.069389685,0,0,0,0,0,0,0,0,0,0,8.777474
12/10/2021,47136.35,3895.95,167.229,-0.008485739,-0.05064818,-0.076287008,0,0,0,0,0,0,0,0,0,0,8.777474
12/11/2021,49381.15,4089.81,172.09,0.047623543,0.049759365,0.029067925,0,0,0,0,0,0,0,0,0,0,8.777474
12/12/2021,50057.01,4129,172.799,0.013686599,0.009582352,0.004119937,0,0,0,0,0,0,0,0,0,0,8.777474
12/13/2021,46679.93,3780.63,155.19,-0.067464677,-0.084371519,-0.101904525,-1,0,0,-0.837803105,0,0,0,0,0,0,8.777474
12/14/2021,48324.04,3856.66,161.16,0.035220918,0.020110405,0.038468974,0,0,0,0,0,0,-0.029508195,0,0,-0.029508,8.48896
12/15/2021,48870.48,4019.01,178.43,0.011307829,0.042096011,0.107160586,0,0,0,0,0,0,0,0,0,0,8.48896
12/16/2021,47624.5,3958.67,176.92,-0.025495555,-0.015013648,-0.008462702,0,0,0,0,0,0,0,0,0,0,8.48896
12/17/2021,46125.33,3873.93,175.51,-0.031478966,-0.021406179,-0.007969704,-1,0,0,-0.841188428,0,0,0,0,0,0,8.48896
12/18/2021,46815.99,3957.64,182.68,0.014973551,0.021608547,0.040852373,-1,0,0,-0.863027679,0,0,-0.012595578,0,0,-0.012596,8.369437
12/19/2021,46668.63,3922.51,179.86,-0.003147643,-0.008876502,-0.015436829,-1,0,0,-0.870859484,0,0,0.002716503,0,0,0.002717,8.394894
12/20/2021,46898.14,3943.48,173.91,0.004917865,0.005346067,-0.033081285,-1,0,0,-0.883946295,0,0,-0.004282769,0,0,-0.004283,8.354656
12/21/2021,48875.15,4014.38,179.56,0.042155403,0.017979044,0.032488069,-1,0,0,-0.858185888,0,0,-0.037263112,0,0,-0.037263,8.006073
12/22/2021,48569.69,3978.62,178.37,-0.006249802,-0.008907976,-0.006627311,0,0,0,0,0,0,0.005363492,0,0,0.005363,8.054373
12/23/2021,50817.92,4111.3,190.11,0.046288745,0.033348246,0.065818243,0,0,0,0,0,0,0,0,0,0,8.054373
12/24/2021,50808.55,4045,190.36,-0.000184384,-0.016126286,0.001315028,0,0,0,0,0,0,0,0,0,0,8.054373
12/25/2021,50403.64,4093.87,193,-0.007969328,0.012081582,0.01386846,0,0,0,0,0,0,0,0,0,0,8.054373
12/26/2021,50765.73,4062.24,197.8,0.007183807,-0.007726186,0.024870466,0,1,1,0,0.441272518,0.318959683,0,0,0,0,8.054373
12/27/2021,50707.72,4037.36,195.71,-0.0011427,-0.0061247,-0.010566229,0,0,1,0,0,0.637216425,0,-0.002702662,-0.003370201,-0.006073,7.999386
12/28/2021,47522.03,3791.99,177.2,-0.062824556,-0.060774863,-0.094578713,0,0,0,0,0,0,0,0,-0.06026711,-0.060267,7.45702
12/29/2021,46436.54,3628.55,170.66,-0.022841827,-0.043101379,-0.036907449,-1,0,0,-0.955312694,0,0,0,0,0,0,7.45702
12/30/2021,47095.02,3708.37,172.48,0.014180212,0.021997768,0.010664479,-1,-1,0,-0.475038598,-0.446377758,0,-0.013546537,0,0,-0.013547,7.342453
12/31/2021,46210.56,3676.02,169.98,-0.01878033,-0.008723509,-0.014494434,-1,-1,0,-0.474639825,-0.446406998,0,0.008921381,0.003893981,0,0.012815,7.449361
1/1/2022,47704.35,3763.06,179.05,0.032325728,0.023677782,0.053359219,-1,-1,0,-0.464407796,-0.441562066,0,-0.015343078,-0.010569928,0,-0.025913,7.230413
1/2/2022,47280,3826.21,176.29,-0.008895415,0.016781555,-0.015414689,-1,-1,0,-0.480524021,-0.464140078,0,0.0041311,-0.007410098,0,-0.003279,7.203425
1/3/2022,46445.81,3764.07,170.18,-0.017643613,-0.016240614,-0.034658801,-1,-1,0,-0.5,-0.465830001,0,0.00847818,0.00753792,0,0.016016,7.334811
1/4/2022,45833.42,3785.6,167.83,-0.013185043,0.005719872,-0.013808908,-1,-1,0,-0.5,-0.468946873,0,0.006592521,-0.002664488,0,0.003928,7.36755
1/5/2022,43421.69,3537.71,154.38,-0.052619464,-0.065482354,-0.080140618,-1,0,-1,-0.5,0,-0.330480988,0.026309732,0.030707745,0,0.057017,7.844643
1/6/2022,43080.01,3404.6,150.26,-0.007868878,-0.037626035,-0.026687395,-1,-1,-1,-0.333333333,-0.298791597,-0.219837392,0.003934439,0,0.008819677,0.012754,7.957448
1/7/2022,41553.86,3196.58,136.43,-0.035425943,-0.061099689,-0.092040463,-1,-1,-1,-0.333333333,-0.293719553,-0.210514181,0.011808648,0.018256074,0.020233935,0.050299,8.407998
1/8/2022,41688.05,3080.03,142.15,0.003229303,-0.036460843,0.041926263,-1,-1,-1,-0.333333333,-0.308860752,-0.212180732,-0.001076434,0.010709262,-0.008826073,0.000807,8.415591
1/9/2022,41851.22,3150,140.77,0.003914071,0.022717311,-0.009708055,-1,-1,-1,-0.333333333,-0.313190362,-0.220057217,-0.00130469,-0.007016486,0.002059862,-0.006261,8.35664
1/10/2022,41801.55,3081.31,135.73,-0.001186823,-0.021806349,-0.035803083,-1,-1,-1,-0.333333333,-0.329357446,-0.220565907,0.000395608,0.006829538,0.007878727,0.015104,8.497962
1/11/2022,42700.68,3236.86,140.13,0.021509489,0.050481776,0.032417299,-1,-1,-1,-0.333333333,-0.313066816,-0.218254672,-0.00716983,-0.016626549,-0.007150151,-0.030947,8.204029
1/12/2022,43880.72,3369.93,151.48,0.027635157,0.04111083,0.080996218,-1,-1,-1,-0.333333333,-0.333333333,-0.222991605,-0.009211719,-0.012870437,-0.017677803,-0.03976,7.838077
1/13/2022,42534.32,3240.36,146.1,-0.030683179,-0.03844887,-0.03551624,-1,-1,-1,-0.333333333,-0.331442996,-0.223626429,0.010227726,0.01281629,0.007919823,0.030964,8.111739
1/14/2022,43042.4,3305.6,146.13,0.011945177,0.020133565,0.000205339,-1,-1,-1,-0.333333333,-0.333333333,-0.249108228,-0.003981726,-0.006673129,-4.59E-05,-0.010701,8.014234
1/15/2022,43070.51,3324.05,147.57,0.000653077,0.005581438,0.009854239,-1,-1,-1,-0.333333333,-0.333333333,-0.248561105,-0.000217692,-0.001860479,-0.002454772,-0.004533,7.973373
1/16/2022,43060.66,3345.49,147.92,-0.000228695,0.006449963,0.002371756,-1,-1,-1,-0.333333333,-0.333333333,-0.248451801,7.62E-05,-0.002149988,-0.000589526,-0.002663,7.949476
1/17/2022,42176.34,3208.61,139.74,-0.02053661,-0.040914784,-0.055300162,-1,-1,-1,-0.333333333,-0.333333333,-0.248078694,0.006845537,0.013638261,0.013739425,0.034223,8.255754
1/18/2022,42337.58,3159.32,141.19,0.003822996,-0.015361792,0.010376413,-1,0,0,-1,0,0,-0.001274332,0.005120597,-0.002574167,0.001272,8.267528
1/19/2022,41657.89,3082.81,135.21,-0.016054059,-0.024217237,-0.042354274,0,0,0,0,0,0,0.016054059,0,0,0.016054,8.416309
1/20/2022,40661.69,2999.92,127.45,-0.023913837,-0.026887807,-0.057392205,-1,-1,-1,-0.333333333,-0.333333333,-0.244663925,0,0,0,0,8.416309
1/21/2022,36425.98,2566.91,112.2,-0.104169551,-0.144340516,-0.119654767,-1,-1,-1,-0.333333333,-0.26507361,-0.221848239,0.034723184,0.048113505,0.029275205,0.112112,9.47199
1/22/2022,35043.73,2410.96,94.46,-0.037946817,-0.06075398,-0.158110517,-1,-1,-1,-0.333333333,-0.265948298,-0.20290343,0.012648939,0.016104277,0.03507654,0.06383,10.140417
1/23/2022,36230.01,2538.41,99.67,0.033851419,0.05286276,0.055155621,-1,-1,-1,-0.333333333,-0.25304175,-0.196300915,-0.011283806,-0.014058761,-0.011191265,-0.036534,9.733413
1/24/2022,36648.31,2438.13,91.85,0.011545677,-0.039505044,-0.078458914,-1,-1,-1,-0.333333333,-0.253489473,-0.193958326,-0.003848559,0.009996426,0.015401557,0.021549,9.964707
1/25/2022,36934.26,2457.37,94.54,0.007802543,0.007891294,0.029286881,-1,-1,-1,-0.333333333,-0.252211176,-0.193453465,-0.002600848,-0.00200036,-0.005680434,-0.010282,9.851968
1/26/2022,36787.43,2461.61,92.06,-0.003975442,0.001725422,-0.026232283,-1,-1,-1,-0.333333333,-0.251681107,-0.193621224,0.001325147,-0.000435171,0.005074726,0.005965,9.9167
1/27/2022,37131,2422.61,89.43,0.009339331,-0.01584329,-0.028568325,-1,-1,-1,-0.333333333,-0.257168134,-0.199836109,-0.00311311,0.003987457,0.005531434,0.006406,9.986632
1/28/2022,37696.21,2543.34,91.29,0.015222052,0.049834682,0.02079839,-1,-1,-1,-0.333333333,-0.249649375,-0.198100122,-0.005074017,-0.012815892,-0.004156269,-0.022046,9.744421
1/29/2022,38150.01,2599.94,96.11,0.012038345,0.022254201,0.052798773,-1,-1,-1,-0.333333333,-0.249607939,-0.19311459,-0.004012782,-0.005555747,-0.010459443,-0.020028,9.529232
1/30/2022,37870.01,2600.45,93.15,-0.007339448,0.000196158,-0.030798044,-1,-1,-1,-0.333333333,-0.249325989,-0.192946783,0.002446483,-4.90E-05,0.005947552,0.008345,9.617098
1/31/2022,38439.04,2685.34,99.48,0.015025874,0.03264435,0.067954911,-1,-1,-1,-0.333333333,-0.247655137,-0.190399126,-0.005008625,-0.008139085,-0.013111682,-0.026259,9.338304
2/1/2022,38680.51,2786.38,109.97,0.006281895,0.03762652,0.105448331,-1,-1,-1,-0.333333333,-0.244035567,-0.17618356,-0.002093965,-0.009318401,-0.02007727,-0.03149,9.012751
2/2/2022,36892.03,2678,101.84,-0.046237239,-0.038896346,-0.073929253,-1,-1,-1,-0.333333333,-0.24223245,-0.173555052,0.015412413,0.009492092,0.013025119,0.03793,9.392534
2/3/2022,37289.86,2694.37,101.76,0.01078363,0.006112771,-0.000785546,-1,-1,-1,-0.333333333,-0.242203889,-0.173391412,-0.003594543,-0.001480711,0.000136335,-0.004939,9.341206
2/4/2022,41550,2993.65,112.57,0.114243926,0.111076059,0.106230346,-1,-1,-1,-0.302925821,-0.221399269,-0.166309116,-0.038081309,-0.026903053,-0.01841943,-0.083404,8.478708
2/5/2022,41374.69,3011.59,113.66,-0.004219254,0.005992685,0.009682864,-1,-1,-1,-0.303092405,-0.223223073,-0.166340244,0.001278121,-0.001326776,-0.001610349,-0.001659,8.462983
2/6/2022,42361.35,3054.26,115.18,0.023846946,0.014168595,0.013373218,0,-1,-1,0,-0.343764101,-0.257626391,-0.007227828,-0.003162757,-0.002224504,-0.012615,8.343607
2/7/2022,43829.99,3138.55,117.46,0.034669339,0.02759752,0.019795103,0,0,-1,0,0,-0.518999921,0,-0.009487036,-0.005099741,-0.014587,8.207312
2/8/2022,44021.57,3115.23,113.37,0.00437098,-0.007430183,-0.034820364,0,-1,-1,0,-0.346739475,-0.258443725,0,0,0.018071766,0.018072,8.373706
2/9/2022,44358.08,3241.82,113.9,0.007644207,0.040635844,0.004674958,0,0,-1,0,0,-0.519025547,0,-0.014090051,-0.001208214,-0.015298,8.230307
2/10/2022,43471.29,3070.9,106.09,-0.019991623,-0.05272347,-0.06856892,0,-1,-1,0,-0.342717193,-0.256510948,0,0,0.035589021,0.035589,8.558805
2/11/2022,42366,2926.04,96.44,-0.025425747,-0.047171839,-0.090960505,-1,-1,-1,-0.301384605,-0.228198733,-0.17245043,0,0.0161666,0.023332365,0.039499,8.936368
2/12/2022,42199.87,2916.93,95.88,-0.003921305,-0.003113423,-0.005806719,-1,-1,-1,-0.305420121,-0.230575696,-0.172837277,0.001181821,0.000710479,0.001001371,0.002894,8.965124
2/13/2022,42041.13,2870.32,92.8,-0.003761623,-0.015979129,-0.032123488,-1,-1,-1,-0.30599188,-0.231297596,-0.172664436,0.001148875,0.003684399,0.005552136,0.010385,9.068612
2/14/2022,42525.14,2928.87,96.37,0.011512773,0.020398422,0.038469828,-1,-1,-1,-0.305394367,-0.230355752,-0.170979711,-0.003522815,-0.004718106,-0.006642371,-0.014883,8.918761
2/15/2022,44529.6,3183.73,105.44,0.047135882,0.087016494,0.094116426,0,-1,-1,0,-0.324950271,-0.244587357,-0.014395033,-0.02004475,-0.016091999,-0.050532,8.417546
2/16/2022,43860.7,3121.8,101.78,-0.015021469,-0.019452026,-0.034711684,0,-1,-1,0,-0.328088687,-0.246125071,0,0.006320941,0.008490039,0.014811,8.557029
2/17/2022,40491.7,2890.8,93.46,-0.07681136,-0.073995772,-0.08174494,-1,-1,-1,-0.2751815,-0.210711088,-0.160894861,0,0.024277176,0.020119479,0.044397,8.981332
2/18/2022,39966.8,2778.46,89.82,-0.01296315,-0.038861215,-0.038947143,-1,-1,-1,-0.27546115,-0.209448577,-0.161025106,0.003567219,0.008188489,0.006266395,0.018022,9.161216
2/19/2022,40052.6,2761.89,91.25,0.002146782,-0.005963735,0.01592073,-1,-1,-1,-0.277302842,-0.210333977,-0.162045722,-0.000591355,0.001249096,-0.002563637,-0.001906,9.141849
2/20/2022,38368.1,2620.72,90.63,-0.042057195,-0.051113549,-0.006794521,0,0,-1,0,0,-0.51374975,0.01166258,0.010750916,0.001101023,0.023515,9.380334
2/21/2022,36986.4,2566.88,82.89,-0.036011687,-0.020543973,-0.085402185,0,0,-1,0,0,-0.559865944,0,0,0.043875351,0.043875,9.835772
2/22/2022,38212,2635.57,86.34,0.033136504,0.026760113,0.041621426,0,0,-1,0,0,-0.564187413,0,0,-0.023302419,-0.023302,9.583276
2/23/2022,37227.8,2578.02,84.53,-0.025756307,-0.021835884,-0.020963632,0,0,-1,0,0,-0.582113081,0,0,0.011827417,0.011827,9.708445
2/24/2022,38315.1,2595.47,89.35,0.029206668,0.006768761,0.057021176,0,0,-1,0,0,-0.573865081,0,0,-0.033192772,-0.033193,9.352999
2/25/2022,39205.4,2766.36,92.69,0.02323627,0.065841639,0.037381086,0,0,0,0,0,0,0,0,-0.0214517,-0.021452,9.130907
2/26/2022,39099.3,2778.15,90.21,-0.00270626,0.004261918,-0.026755853,0,0,0,0,0,0,0,0,0,0,9.130907
2/27/2022,37672,2615.99,85.58,-0.03650449,-0.058369778,-0.051324687,-1,0,-1,-0.452551814,0,-0.282411355,0,0,0,0,9.130907
2/28/2022,43155,2920.1,99.62,0.145545763,0.116250444,0.164057023,0,0,0,0,0,0,-0.065866999,0,-0.046331566,-0.112199,7.994229
3/1/2022,44394.1,2975.61,98.61,0.02871278,0.019009623,-0.010138526,0,0,0,0,0,0,0,0,0,0,7.994229
3/2/2022,43885.7,2947.47,100.69,-0.011451972,-0.009456884,0.021093195,0,0,0,0,0,0,0,0,0,0,7.994229
3/3/2022,42449.5,2832.97,95.58,-0.032725922,-0.038846875,-0.050749826,0,0,-1,0,0,-0.534927594,0,0,0,0,7.994229
3/4/2022,39127.7,2620.25,88.26,-0.078252983,-0.075087276,-0.07658506,0,-1,-1,0,-0.322204658,-0.266952359,0,0,0.040967462,0.040967,8.362696
3/5/2022,39375.1,2663.55,89.59,0.006322886,0.016525141,0.015069114,0,-1,-1,0,-0.321682458,-0.266531451,0,-0.005324477,-0.004022736,-0.009347,8.275183
3/6/2022,38401.1,2549.37,84.53,-0.024736445,-0.042867602,-0.056479518,-1,-1,-1,-0.254571388,-0.233998378,-0.187047994,0,0.013789755,0.015053568,0.028843,8.542707
3/7/2022,37963.8,2489.9,81.62,-0.011387695,-0.023327332,-0.034425648,-1,-1,-1,-0.25435374,-0.233551371,-0.186720407,0.002898981,0.005458558,0.006439248,0.014797,8.68391
3/8/2022,38709.9,2575.49,82.25,0.019652933,0.034374874,0.007718696,-1,-1,-1,-0.25487405,-0.231213852,-0.186954009,-0.004998797,-0.008028299,-0.001441238,-0.014468,8.543803
3/9/2022,41937.5,2726.37,88.04,0.083379187,0.058583027,0.070395137,-1,-1,-1,-0.240799903,-0.225720124,-0.181583782,-0.021251191,-0.013545207,-0.013160653,-0.047957,8.086111
3/10/2022,39407.2,2605.44,82.81,-0.060335022,-0.044355682,-0.059404816,-1,-1,-1,-0.233649021,-0.222885509,-0.179817,0.014528668,0.01001197,0.010786951,0.035328,8.407105
3/11/2022,38713,2555.89,80.64,-0.01761607,-0.019017901,-0.026204565,-1,-1,-1,-0.233464189,-0.226437661,-0.179735789,0.004115978,0.004238815,0.004712026,0.013067,8.530028
3/12/2022,38792.6,2567.64,81.38,0.002056157,0.004597224,0.009176587,-1,-1,-1,-0.233973773,-0.230335104,-0.182817584,-0.000480039,-0.001040985,-0.001649361,-0.00317,8.499818
3/13/2022,37743.7,2514.07,78.69,-0.027038662,-0.020863517,-0.033054805,-1,-1,-1,-0.233822077,-0.233377589,-0.189355986,0.006326338,0.0048056,0.006043,0.017175,8.662977
3/14/2022,39653.8,2588.96,81.2,0.050607121,0.029788351,0.031897319,-1,-1,-1,-0.228455787,-0.231187792,-0.187943326,-0.011833062,-0.006951934,-0.006039948,-0.024825,8.423094
3/15/2022,39271,2617.29,82.83,-0.009653551,0.010942618,0.020073892,-1,-1,-1,-0.228333719,-0.231185163,-0.18825291,0.00220541,-0.0025298,-0.003772754,-0.004097,8.384487
3/16/2022,41105.8,2772.78,87.73,0.046721499,0.059408778,0.05915731,-1,-1,-1,-0.224500988,-0.225158126,-0.186085181,-0.010668094,-0.013734428,-0.011136536,-0.035539,8.050972
3/17/2022,40898.1,2810.74,87.83,-0.005052815,0.013690231,0.001139861,-1,-1,-1,-0.228707268,-0.240362752,-0.196473026,0.001134362,-0.003082467,-0.000212111,-0.00216,8.031422
3/18/2022,41751.5,2938.02,89.77,0.020866495,0.045283448,0.022088125,-1,-1,-1,-0.22814606,-0.236208699,-0.196816354,-0.004772319,-0.010884454,-0.004339721,-0.019996,7.85083
3/19/2022,42188.2,2950,92.31,0.010459504,0.004077576,0.02829453,0,0,-1,0,0,-0.61193635,-0.002386295,-0.000963159,-0.005568826,-0.008918,7.771898
3/20/2022,41261,2860.47,88.58,-0.021977709,-0.030349153,-0.040407323,0,0,-1,0,0,-0.611463334,0,0,0.02472671,0.024727,7.988801
3/21/2022,40982,2889.08,88.55,-0.006761833,0.010001853,-0.000338677,0,0,-1,0,0,-0.612411842,0,0,0.000207089,0.000207,7.990661
3/22/2022,42349.8,2968.49,90.44,0.033375628,0.027486259,0.021343874,0,0,-1,0,0,-0.610933319,0,0,-0.013071241,-0.013071,7.873144
3/23/2022,42867.9,3035.55,94.83,0.012233824,0.02259061,0.048540469,0,0,0,0,0,0,0,0,-0.02965499,-0.029655,7.610011
3/24/2022,43973.4,3109.89,102.33,0.025788527,0.024489796,0.079088896,0,0,0,0,0,0,0,0,0,0,7.610011
3/25/2022,44290.6,3101.37,98.55,0.007213452,-0.002739647,-0.036939314,0,0,0,0,0,0,0,0,0,0,7.610011
3/26/2022,44489.2,3143.47,101.68,0.004484021,0.013574646,0.031760528,0,0,0,0,0,0,0,0,0,0,7.610011
3/27/2022,46820.8,3295.01,106.94,0.052408225,0.048207872,0.051730921,0,0,0,0,0,0,0,0,0,0,7.610011
3/28/2022,47121.9,3333.62,105.73,0.006430903,0.011717719,-0.011314756,0,0,0,0,0,0,0,0,0,0,7.610011
3/29/2022,47418.5,3399,111.56,0.006294313,0.019612313,0.055140452,0,0,0,0,0,0,0,0,0,0,7.610011
3/30/2022,47053.2,3385.1,120.85,-0.007703744,-0.004089438,0.083273575,0,0,0,0,0,0,0,0,0,0,7.610011
3/31/2022,45506,3281.43,122.85,-0.032881929,-0.030625388,0.016549441,0,0,0,0,0,0,0,0,0,0,7.610011
4/1/2022,46266.2,3454.33,134.53,0.016705489,0.052690443,0.095075295,0,0,0,0,0,0,0,0,0,0,7.610011
4/2/2022,45794.6,3443.07,132.48,-0.010193186,-0.003259677,-0.015238237,0,0,0,0,0,0,0,0,0,0,7.610011
4/3/2022,46392.4,3520.76,136.85,0.013053941,0.022564165,0.032986111,0,0,0,0,0,0,0,0,0,0,7.610011
4/4/2022,46580.9,3518.96,132.09,0.004063166,-0.000511253,-0.034782609,0,0,0,0,0,0,0,0,0,0,7.610011
4/5/2022,45477.4,3405.04,126.84,-0.023689967,-0.032373201,-0.039745628,0,0,0,0,0,0,0,0,0,0,7.610011
4/6/2022,43159.7,3166.78,112.87,-0.050963775,-0.069972746,-0.110138757,0,0,0,0,0,0,0,0,0,0,7.610011
4/7/2022,43417.1,3225.15,118.41,0.005963897,0.018431972,0.049083016,0,0,0,0,0,0,0,0,0,0,7.610011
4/8/2022,42229.2,3191.26,109.83,-0.027360188,-0.010508038,-0.072460096,0,0,0,0,0,0,0,0,0,0,7.610011
4/9/2022,42727.7,3257.53,112.89,0.011804628,0.020766092,0.02786124,0,0,0,0,0,0,0,0,0,0,7.610011
4/10/2022,42140.4,3200.24,111.04,-0.013745182,-0.017586945,-0.016387634,0,0,0,0,0,0,0,0,0,0,7.610011
4/11/2022,39505.6,2978.69,99.62,-0.062524323,-0.069229183,-0.102845821,0,0,0,0,0,0,0,0,0,0,7.610011
4/12/2022,40060.7,3026.3,103.17,0.014051172,0.015983536,0.035635415,0,0,0,0,0,0,0,0,0,0,7.610011
4/13/2022,41129.8,3116.45,104.89,0.026687002,0.029788851,0.016671513,0,0,0,0,0,0,0,0,0,0,7.610011
4/14/2022,39915.9,3019.82,100.72,-0.02951388,-0.031006434,-0.039755935,0,0,0,0,0,0,0,0,0,0,7.610011
4/15/2022,40529.5,3039.19,101.33,0.01537232,0.00641429,0.006056394,-1,0,0,-1,0,0,0,0,0,0,7.610011
4/16/2022,40361,3057.99,102.02,-0.004157466,0.006185859,0.006809435,-1,0,0,-1,0,0,0.004157466,0,0,0.004157,7.645803
4/17/2022,39649.1,2986.03,100.08,-0.017638314,-0.023531797,-0.019015879,-1,0,0,-1,0,0,0.017638314,0,0,0.017638,7.798298
4/18/2022,40785.6,3054.02,102.35,0.028663955,0.022769363,0.022681855,-1,0,0,-1,0,0,-0.028663955,0,0,-0.028664,7.546103
4/19/2022,41472.9,3100.42,108.45,0.016851536,0.01519309,0.059599414,0,0,0,0,0,0,-0.016851536,0,0,-0.016852,7.402084
4/20/2022,41327.7,3074.01,105.52,-0.003501081,-0.008518201,-0.027017059,0,0,0,0,0,0,0,0,0,0,7.402084
4/21/2022,40449.8,2981.31,101.69,-0.021242411,-0.03015605,-0.036296437,-1,0,0,-1,0,0,0,0,0,0,7.402084
4/22/2022,39674.2,2960.38,100.5,-0.019174384,-0.007020404,-0.011702232,-1,-1,0,-0.5,-0.5,0,0.019174384,0,0,0.019174,7.563186
4/23/2022,39415.1,2930.28,100.61,-0.006530692,-0.010167614,0.001094527,-1,-1,-1,-0.333333333,-0.333333333,-0.213378462,0.003265346,0.005083807,0,0.008349,7.63468
4/24/2022,39433.4,2918.97,99.13,0.000464289,-0.003859699,-0.014710267,-1,-1,0,-0.5,-0.5,0,-0.000154763,0.001286566,0.003138854,0.004271,7.671559
4/25/2022,40411,3006.11,100.94,0.024791167,0.029852996,0.018258852,-1,-1,-1,-0.333333333,-0.333333333,-0.216242435,-0.012395583,-0.014926498,0,-0.027322,7.434634
4/26/2022,38093.7,2807.88,95.65,-0.057343298,-0.065942364,-0.052407371,-1,-1,-1,-0.333333333,-0.333333333,-0.216406371,0.019114433,0.021980788,0.011332697,0.052428,7.876845
4/27/2022,39209,2887.57,98.3,0.029277807,0.028380842,0.027705175,-1,-1,-1,-0.333333333,-0.333333333,-0.215158869,-0.009759269,-0.009460281,-0.005995576,-0.025215,7.653016
4/28/2022,39732.5,2935.39,98.18,0.013351526,0.016560637,-0.001220753,-1,-1,-1,-0.333333333,-0.333333333,-0.220503663,-0.004450509,-0.005520212,0.000262656,-0.009708,7.569012
4/29/2022,38572.2,2815.37,93.94,-0.029202794,-0.040887242,-0.043185985,-1,-1,-1,-0.333333333,-0.333333333,-0.232158957,0.009734265,0.013629081,0.009522668,0.032886,7.850813
4/30/2022,37614.5,2725.1,84.5,-0.024828763,-0.032063281,-0.100489674,-1,-1,-1,-0.333333333,-0.333333333,-0.21843106,0.008276254,0.01068776,0.023329578,0.042294,8.225149
5/1/2022,38440.5,2823.38,89.61,0.021959617,0.036064732,0.060473373,-1,-1,-1,-0.333333333,-0.333333333,-0.229369498,-0.007319872,-0.012021577,-0.013209263,-0.032551,7.924861
5/2/2022,38525.6,2855.16,87.44,0.002213811,0.011256012,-0.024216047,-1,-1,-1,-0.333333333,-0.333333333,-0.229125764,-0.000737937,-0.003752004,0.005554423,0.001064,7.934357
5/3/2022,37712.9,2780.91,85.81,-0.021095064,-0.026005548,-0.018641354,-1,-1,-1,-0.333333333,-0.333333333,-0.233290975,0.007031688,0.008668516,0.004271215,0.019971,8.112785
5/4/2022,39684,2939.76,92.7,0.052265936,0.05712159,0.080293672,-1,-1,-1,-0.333333333,-0.325195116,-0.218590292,-0.017421979,-0.01904053,-0.018731789,-0.055194,7.609814
5/5/2022,36534.7,2746.37,84.48,-0.07935944,-0.065784282,-0.088673139,-1,-1,-1,-0.333333333,-0.310664892,-0.210565749,0.026453147,0.021392727,0.019383087,0.067229,8.188644
5/6/2022,35995.3,2691.59,81.63,-0.014764046,-0.019946329,-0.033735795,-1,-1,-1,-0.333333333,-0.331008118,-0.225749777,0.004921349,0.006196624,0.007103603,0.018222,8.356079
5/7/2022,35466.7,2634.82,78.8,-0.014685251,-0.021091622,-0.034668627,-1,-1,-1,-0.333333333,-0.33293892,-0.231507353,0.004895084,0.006981498,0.007826435,0.019703,8.540422
5/8/2022,34032,2518.9,75.34,-0.04045203,-0.043995415,-0.043908629,-1,-1,-1,-0.333333333,-0.325256349,-0.236833813,0.01348401,0.014647786,0.010165171,0.038297,8.905791
5/9/2022,30056.6,2227.48,62.08,-0.116813587,-0.115693358,-0.176002124,-1,-1,-1,-0.293615828,-0.280583217,-0.198353679,0.038937862,0.037629999,0.041683254,0.118251,10.077161
5/10/2022,31002.1,2340.86,66.83,0.031457317,0.050900569,0.076514175,-1,-1,-1,-0.286963945,-0.268379191,-0.188461723,-0.009236366,-0.014281845,-0.015176868,-0.038695,9.64853
5/11/2022,29074.7,2083.98,50.84,-0.062169982,-0.109737447,-0.239263804,-1,-1,-1,-0.287103264,-0.250765682,-0.155534524,0.017840543,0.029451247,0.045092069,0.092384,10.632284
5/12/2022,29020.7,1959.78,44.63,-0.001857285,-0.059597501,-0.122147915,-1,-1,-1,-0.289001223,-0.24724741,-0.151779161,0.000533233,0.014945008,0.018998218,0.034476,11.033319
5/13/2022,29274.3,2008.49,48.88,0.00873859,0.024854831,0.095227425,-1,-1,-1,-0.292901808,-0.248212489,-0.145329229,-0.002525463,-0.006145292,-0.014453539,-0.023124,10.75506
5/14/2022,30079.8,2055,52.4,0.027515602,0.0231567,0.072013093,-1,-1,-1,-0.289064082,-0.245945071,-0.141524769,-0.00805937,-0.005747782,-0.010465607,-0.024273,10.46973
5/15/2022,31324.4,2144.07,58.8,0.041376605,0.043343066,0.122137405,-1,-1,-1,-0.282078325,-0.239931465,-0.133830335,-0.01196049,-0.010660013,-0.017285468,-0.039906,10.012019
5/16/2022,29866.7,2022.89,53.77,-0.046535608,-0.056518677,-0.085544218,-1,-1,-1,-0.277187334,-0.236332532,-0.132255689,0.013126686,0.013560609,0.011448411,0.038136,10.431973
5/17/2022,30437,2090,57,0.019094845,0.033175309,0.060070671,-1,-1,-1,-0.274904049,-0.23252196,-0.130170068,-0.005292849,-0.007840405,-0.007944688,-0.021078,10.19101
5/18/2022,28700.6,1914.2,49.92,-0.057048986,-0.084114833,-0.124210526,-1,-1,-1,-0.272300855,-0.225235275,-0.12692549,0.015682997,0.019558546,0.016168493,0.05141,10.76634
5/19/2022,30319.9,2019.46,52.18,0.056420423,0.054989029,0.045272436,-1,-1,-1,-0.261228724,-0.218561358,-0.127602208,-0.01536333,-0.012385469,-0.005746226,-0.033495,10.372226
5/20/2022,29188.9,1958.69,49.41,-0.037302234,-0.030092203,-0.053085473,-1,-1,-1,-0.259306959,-0.218144574,-0.127279904,0.009744415,0.006576993,0.006773824,0.023095,10.634868
5/21/2022,29427.4,1973.94,50.27,0.008170914,0.007785816,0.017405384,-1,-1,-1,-0.258713553,-0.217903334,-0.126892802,-0.002118775,-0.001698434,-0.002215356,-0.006033,10.564675
5/22/2022,30284,2042.63,52.44,0.029108926,0.034798423,0.043166899,-1,-1,-1,-0.255132969,-0.214487221,-0.125692018,-0.007530874,-0.007582692,-0.005477569,-0.020591,10.326546
5/23/2022,29097.7,1972.45,49.14,-0.0391725,-0.034357666,-0.062929062,-1,-1,-1,-0.252747862,-0.213684292,-0.125215991,0.009994196,0.00736928,0.007909681,0.025273,10.612802
5/24/2022,29643.1,1978.56,49.66,0.01874375,0.00309767,0.010582011,-1,-1,-1,-0.25104592,-0.213440824,-0.124942975,-0.004737443,-0.000661924,-0.001325037,-0.006724,10.534718
5/25/2022,29536.7,1942,47.95,-0.003589368,-0.018478085,-0.034434152,-1,-1,-1,-0.253873408,-0.216180446,-0.12533169,0.000901096,0.003943978,0.004302305,0.009147,10.640226
5/26/2022,29194,1791.02,43.41,-0.011602515,-0.077744593,-0.09468196,-1,-1,-1,-0.260147209,-0.214023831,-0.123994012,0.00294557,0.016806861,0.01186665,0.031619,11.008278
5/27/2022,28623.2,1726.55,41.15,-0.019551963,-0.035996248,-0.052061737,-1,-1,-1,-0.263935073,-0.216232628,-0.124547485,0.005086389,0.007704055,0.006455344,0.019246,11.239389
5/28/2022,29018.8,1791.74,44.22,0.013820956,0.037757377,0.074605103,-1,-1,-1,-0.263872001,-0.213413487,-0.121852188,-0.003647835,-0.008164377,-0.009291878,-0.021104,10.981089
5/29/2022,29452.8,1812.45,44.95,0.014955822,0.011558597,0.016508367,-1,-1,-1,-0.263419096,-0.213479547,-0.121576606,-0.003946423,-0.00246676,-0.002011581,-0.008425,10.880149
5/30/2022,31726.5,1997.87,47.21,0.077198093,0.102303512,0.050278087,-1,-1,-1,-0.246125208,-0.196668427,-0.122189707,-0.020335452,-0.021839707,-0.006112639,-0.048288,10.30648
5/31/2022,31797.8,1941.68,45.76,0.002247333,-0.028124953,-0.030713832,-1,-1,-1,-0.247731169,-0.198845705,-0.123892062,-0.000553125,0.00553129,0.003752914,0.008731,10.405197
6/1/2022,29796.9,1817.1,40.09,-0.062925737,-0.064160933,-0.123907343,-1,-1,-1,-0.240618244,-0.196256008,-0.120796522,0.015588666,0.012758126,0.015351136,0.043698,10.903581
6/2/2022,30437.1,1833.37,40.84,0.021485457,0.008953828,0.018707907,-1,-1,-1,-0.239307685,-0.195887466,-0.120359163,-0.005169793,-0.001757242,-0.00225985,-0.009187,10.794223
6/3/2022,29682.8,1774.15,38.24,-0.024782256,-0.032301172,-0.063663075,-1,-1,-1,-0.246678606,-0.201695888,-0.122908968,0.005930584,0.006327395,0.007662434,0.01992,11.029164
6/4/2022,29848.4,1803.71,38.99,0.005578989,0.0166615,0.019612971,-1,-1,-1,-0.259468817,-0.203983477,-0.123608489,-0.001376217,-0.003360556,-0.00241061,-0.007147,10.943192
6/5/2022,29909.9,1805.39,38.51,0.002060412,0.000931414,-0.012310849,-1,-1,-1,-0.259535509,-0.203829478,-0.123629101,-0.000534613,-0.000189993,0.001521725,0.000797,10.95271
6/6/2022,31361.2,1859.11,42.35,0.048522396,0.029755344,0.09971436,-1,-1,-1,-0.252459295,-0.201773284,-0.119721236,-0.012593285,-0.006065016,-0.012327597,-0.030986,10.582344
6/7/2022,31118.1,1812.61,39.28,-0.007751617,-0.025011968,-0.072491145,-1,-1,-1,-0.256079268,-0.202990825,-0.119091099,0.001956968,0.005046747,0.008678729,0.015682,10.763978
6/8/2022,30192.5,1791.02,38.8,-0.029744747,-0.011911001,-0.012219959,0,-1,-1,0,-0.330364827,-0.189990629,0.007617013,0.002417824,0.001455288,0.01149,10.899146
6/9/2022,30093.3,1788.03,39.95,-0.003285584,-0.00166944,0.029639175,-1,-1,-1,-0.30194593,-0.226054862,-0.128683544,0,0.000551524,-0.005631166,-0.00508,10.838698
6/10/2022,29077.7,1661.95,37.12,-0.033748376,-0.070513358,-0.070838548,0,-1,-1,0,-0.358332014,-0.223356696,0.010190185,0.015939888,0.009115755,0.035246,11.255965
6/11/2022,28416.7,1532.19,33.91,-0.022732197,-0.078076958,-0.086476293,-1,-1,-1,-0.311991287,-0.234123899,-0.152630589,0,0.027977474,0.019315059,0.047293,11.835586
6/12/2022,26564.7,1434.35,30.56,-0.065172944,-0.06385631,-0.098790917,-1,-1,-1,-0.294611766,-0.230340294,-0.154458701,0.020333391,0.014950288,0.015078516,0.050362,12.482012
6/13/2022,22471.5,1209.04,28.58,-0.154084179,-0.157081605,-0.064790576,-1,-1,-1,-0.234997936,-0.200198527,-0.157593978,0.045395012,0.036182223,0.010007468,0.091585,13.716762
6/14/2022,22122.7,1208.32,29.56,-0.015521883,-0.000595514,0.034289713,-1,-1,-1,-0.240419373,-0.204583889,-0.169338886,0.003647611,0.000119221,-0.005403852,-0.001637,13.692671
6/15/2022,22567.5,1236.49,34.72,0.020106045,0.023313361,0.174560217,-1,-1,-1,-0.241520809,-0.204649582,-0.149321298,-0.004833883,-0.004769538,-0.029559833,-0.039163,13.117262
6/16/2022,20387.4,1067.77,30.1,-0.096603523,-0.13645076,-0.133064516,-1,-1,-1,-0.228119739,-0.190728398,-0.145213576,0.023331761,0.027924591,0.019869366,0.071126,14.121366
6/17/2022,20457.3,1085.99,30.7,0.003428588,0.0170636,0.019933555,-1,-1,-1,-0.231730327,-0.194035384,-0.150486887,-0.000782129,-0.003254513,-0.002894623,-0.006931,14.01656
6/18/2022,18959.7,994.09,31.98,-0.073206142,-0.084623247,0.041693811,-1,-1,-1,-0.233765901,-0.195580669,-0.15070719,0.016964083,0.016419904,-0.006274372,0.02711,14.423659
6/19/2022,20564.2,1127.88,34.16,0.084626866,0.1345854,0.068167605,-1,-1,-1,-0.217841439,-0.172664421,-0.148238399,-0.019782876,-0.026322302,-0.010273348,-0.056379,13.554089
6/20/2022,20570.1,1127.83,35.22,0.000286906,-4.43E-05,0.031030445,-1,-1,-1,-0.218222179,-0.172923913,-0.147768501,-6.25E-05,7.65E-06,-0.004599903,-0.004655,13.486339
6/21/2022,20713.1,1125.47,36.39,0.006951838,-0.002092514,0.033219761,-1,-1,-1,-0.22036229,-0.174979273,-0.148252816,-0.001517045,0.000361846,-0.004908834,-0.006064,13.398494
6/22/2022,19977.4,1049.4,34.11,-0.035518585,-0.06758954,-0.062654575,-1,-1,-1,-0.220682339,-0.173185654,-0.148267763,0.007826957,0.011826769,0.009288717,0.028942,13.815215
6/23/2022,21096.6,1143.71,38.15,0.056023306,0.089870402,0.11844034,-1,-1,-1,-0.214858698,-0.164759303,-0.140854601,-0.012363354,-0.015564264,-0.017560884,-0.045489,13.141286
6/24/2022,21231.2,1224.42,41.89,0.006380175,0.070568588,0.098034076,-1,-1,-1,-0.214507541,-0.159886509,-0.136873634,-0.001370836,-0.011626831,-0.013808551,-0.026806,12.762215
6/25/2022,21481.9,1241.6,42.21,0.011808094,0.014031133,0.007639055,-1,-1,-1,-0.213822695,-0.162329836,-0.140617423,-0.002532925,-0.002243389,-0.001045585,-0.005822,12.682091
6/26/2022,21029.1,1197.21,39.36,-0.02107821,-0.035752255,-0.067519545,-1,-1,-1,-0.213769579,-0.162338306,-0.139796078,0.004507,0.005803658,0.009494424,0.019805,12.953065
6/27/2022,20730,1191.9,38.5,-0.014223148,-0.004435312,-0.021849593,-1,-1,-1,-0.214574813,-0.163920106,-0.142069567,0.003040476,0.000720021,0.003054487,0.006815,13.048155
6/28/2022,20268.6,1143.5,35.32,-0.022257598,-0.040607434,-0.082597403,-1,-1,-1,-0.215380624,-0.163763795,-0.139511507,0.00477592,0.006656375,0.011734577,0.023167,13.373609
6/29/2022,20109.9,1099.32,34.02,-0.007829845,-0.038635767,-0.036806342,-1,-1,-1,-0.22925892,-0.173860635,-0.14052581,0.001686397,0.00632714,0.005134908,0.013148,13.562593
6/30/2022,19923.5,1070.85,33.73,-0.009269066,-0.025897828,-0.008524397,-1,-1,-1,-0.229728139,-0.173894239,-0.140754776,0.002125016,0.004502613,0.001197898,0.007826,13.67656
7/1/2022,19272,1059.24,32.83,-0.032700078,-0.010841855,-0.026682479,-1,-1,-1,-0.233739802,-0.175734912,-0.147082451,0.007512128,0.001885336,0.003755686,0.013153,13.869601
7/2/2022,19240.9,1066.53,33.34,-0.00161374,0.006882293,0.015534572,-1,-1,-1,-0.235973915,-0.175819973,-0.147150469,0.000377195,-0.001209459,-0.002284863,-0.003117,13.823252
7/3/2022,19305.9,1073.9,33.37,0.00337822,0.00691026,0.00089982,-1,-1,-1,-0.235624588,-0.175632831,-0.149005956,-0.000797172,-0.001214962,-0.000132409,-0.002145,13.791456
7/4/2022,20226.6,1150.23,36.71,0.047690084,0.071077382,0.100089901,-1,-1,-1,-0.229114626,-0.170504791,-0.144168357,-0.011236956,-0.012483522,-0.014913991,-0.038634,13.220003
7/5/2022,20170,1131.8,35.37,-0.002798295,-0.016022882,-0.036502315,-1,-1,-1,-0.229327256,-0.170657315,-0.143612485,0.00064113,0.002731978,0.005262479,0.008636,13.342807
7/6/2022,20554.1,1186.37,37.01,0.019043133,0.048215232,0.046366978,-1,-1,-1,-0.234685898,-0.169168144,-0.147451643,-0.00436711,-0.008228282,-0.006658877,-0.019254,13.066651
7/7/2022,21613.4,1236.92,38.44,0.051537163,0.042608967,0.038638206,-1,-1,-1,-0.226918238,-0.167080862,-0.149360514,-0.012095045,-0.00720808,-0.005697267,-0.025,12.714984
7/8/2022,21587.9,1213.53,38.1,-0.001179824,-0.018909873,-0.008844953,-1,-1,-1,-0.227438204,-0.167033891,-0.149403763,0.000267723,0.003159478,0.001321087,0.004748,12.780103
7/9/2022,21580,1216.48,38.02,-0.000365946,0.002430925,-0.002099738,-1,-1,-1,-0.22734987,-0.1669662,-0.149823759,8.32E-05,-0.000406047,0.000313709,-9.00E-06,12.779979
7/10/2022,20853.8,1167.81,36.7,-0.033651529,-0.040008878,-0.034718569,-1,-1,-1,-0.227358374,-0.169011585,-0.151933997,0.007650671,0.00668013,0.005201667,0.019532,13.04913
7/11/2022,19954.3,1095.95,33.39,-0.043133626,-0.061533982,-0.090190736,-1,-1,-1,-0.225669219,-0.170547177,-0.151565766,0.009806791,0.010399956,0.013703039,0.03391,13.525536
7/12/2022,19322.9,1037.88,32.65,-0.031642303,-0.052985994,-0.022162324,-1,-1,0,-0.345699268,-0.257086217,0,0.007140694,0.009036612,0.00335905,0.019536,13.809306
7/13/2022,20220.1,1114.19,34.93,0.046431954,0.073524878,0.069831547,-1,-1,0,-0.419035836,-0.279939303,0,-0.016051492,-0.018902233,0,-0.034954,13.291662
7/14/2022,20578.6,1193.01,37.12,0.017729883,0.070741974,0.062696822,-1,-1,0,-0.417884179,-0.272563345,0,-0.007429456,-0.019803459,0,-0.027233,12.902457
7/15/2022,20823.1,1230.58,37.35,0.011881275,0.031491773,0.006196121,-1,-1,0,-0.41939073,-0.271961203,0,-0.004964997,-0.008583503,0,-0.013548,12.714107
7/16/2022,21183.5,1355.37,39.57,0.017307702,0.101407466,0.059437751,0,0,0,0,0,0,-0.00725869,-0.027578897,0,-0.034838,12.236335
7/17/2022,20794.4,1338.27,38.58,-0.018368069,-0.012616481,-0.025018954,0,0,0,0,0,0,0,0,0,0,12.236335
7/18/2022,22423.9,1580.12,43.53,0.078362444,0.18071839,0.128304821,0,0,0,0,0,0,0,0,0,0,12.236335
7/19/2022,23385.9,1541.39,44.86,0.042900655,-0.024510797,0.030553641,0,0,0,0,0,0,0,0,0,0,12.236335
7/20/2022,23221.5,1521.34,42.02,-0.007029877,-0.01300774,-0.06330807,0,0,0,0,0,0,0,0,0,0,12.236335
7/21/2022,23144.5,1575.39,43.11,-0.003315893,0.03552789,0.025940029,0,0,0,0,0,0,0,0,0,0,12.236335
7/22/2022,22675.1,1534.53,40.49,-0.020281276,-0.025936435,-0.060774762,0,0,0,0,0,0,0,0,0,0,12.236335
7/23/2022,22440.2,1548.01,39.95,-0.010359381,0.008784449,-0.013336626,0,0,0,0,0,0,0,0,0,0,12.236335
7/24/2022,22570.6,1597.77,40.91,0.005811,0.032144495,0.024030038,0,0,-1,0,0,-0.602755286,0,0,0,0,12.236335
7/25/2022,21300,1440.4,36.64,-0.056294472,-0.098493525,-0.104375458,-1,0,-1,-0.5,0,-0.283040544,0,0,0.062912859,0.062913,13.069072
7/26/2022,21241,1448.27,36.22,-0.002769953,0.00546376,-0.011462882,0,0,-1,0,0,-0.5797881,0.001384977,0,0.00324446,0.004629,13.134198
7/27/2022,22941.1,1635.45,40.21,0.080038605,0.129243856,0.110160133,0,0,0,0,0,0,0,0,-0.063869534,-0.06387,12.231447
7/28/2022,23836.2,1723.82,42.9,0.03901731,0.054034058,0.066898781,0,0,0,0,0,0,0,0,0,0,12.231447
7/29/2022,23771.1,1721.85,41.9,-0.00273114,-0.001142811,-0.023310023,0,0,0,0,0,0,0,0,0,0,12.231447
7/30/2022,23629.9,1696.68,43.83,-0.005939986,-0.014617998,0.046062053,0,0,0,0,0,0,0,0,0,0,12.231447
7/31/2022,23290.1,1677.63,42.32,-0.014380086,-0.01122781,-0.034451289,0,0,0,0,0,0,0,0,0,0,12.231447
8/1/2022,23257.6,1629.45,41.61,-0.001395443,-0.028719086,-0.016776938,0,0,0,0,0,0,0,0,0,0,12.231447
8/2/2022,22975.1,1629.97,39.73,-0.012146567,0.000319126,-0.045181447,0,0,0,0,0,0,0,0,0,0,12.231447
8/3/2022,22801.5,1617.37,38.52,-0.007556006,-0.007730204,-0.030455575,0,0,0,0,0,0,0,0,0,0,12.231447
8/4/2022,22608.9,1607.2,38.81,-0.008446813,-0.006287986,0.007528557,0,0,0,0,0,0,0,0,0,0,12.231447
8/5/2022,23298.1,1737.13,40.55,0.030483571,0.080842459,0.044833806,0,0,0,0,0,0,0,0,0,0,12.231447
8/6/2022,22943.3,1689.85,40.04,-0.01522871,-0.027217307,-0.012577065,0,0,0,0,0,0,0,0,0,0,12.231447
8/7/2022,23167.8,1699.25,40.59,0.009784992,0.005562624,0.013736264,0,0,0,0,0,0,0,0,0,0,12.231447
8/8/2022,23804.4,1776.09,42.15,0.027477792,0.04521995,0.038433112,0,0,0,0,0,0,0,0,0,0,12.231447
8/9/2022,23140.2,1702.04,40.3,-0.027902405,-0.041692707,-0.043890866,0,0,0,0,0,0,0,0,0,0,12.231447
8/10/2022,23940.9,1853.24,42.45,0.034602121,0.088834575,0.053349876,0,0,0,0,0,0,0,0,0,0,12.231447
8/11/2022,23917.2,1879.35,42.75,-0.000989938,0.014088839,0.007067138,0,0,0,0,0,0,0,0,0,0,12.231447
8/12/2022,24387.5,1957.4,45.46,0.019663673,0.041530316,0.063391813,0,0,0,0,0,0,0,0,0,0,12.231447
8/13/2022,24429,1982.8,46.57,0.001701691,0.012976397,0.02441707,0,0,0,0,0,0,0,0,0,0,12.231447
8/14/2022,24294.1,1934.55,44.86,-0.005522125,-0.024334275,-0.036718918,0,0,0,0,0,0,0,0,0,0,12.231447
8/15/2022,24085.2,1898.56,43.7,-0.008598796,-0.01860381,-0.025858226,0,0,0,0,0,0,0,0,0,0,12.231447
8/16/2022,23843,1875.78,43.06,-0.010055968,-0.011998567,-0.014645309,0,0,0,0,0,0,0,0,0,0,12.231447
8/17/2022,23333.1,1833.55,40.51,-0.021385732,-0.022513301,-0.059219693,0,0,-1,0,0,-0.669487038,0,0,0,0,12.231447
8/18/2022,23185.1,1845.86,39.48,-0.006342921,0.006713752,-0.025425821,-1,0,-1,-0.5,0,-0.336170369,0,0,0.017022257,0.017022,12.456672
8/19/2022,20824.9,1608.29,35.79,-0.101798138,-0.128704235,-0.093465046,-1,0,-1,-0.5,0,-0.32480728,0.050899069,0,0.031420179,0.082319,13.564412
8/20/2022,21127.8,1574.93,35.25,0.014545088,-0.020742528,-0.015088013,-1,-1,-1,-0.333333333,-0.21000357,-0.21790267,-0.007272544,0,0.004900697,-0.002372,13.529865
8/21/2022,21505.6,1617.17,36.45,0.017881654,0.02682024,0.034042553,-1,0,-1,-0.5,0,-0.331283853,-0.005960551,-0.005632346,-0.007417963,-0.019011,13.253638
8/22/2022,21387,1624.02,35.39,-0.005514843,0.004235795,-0.029080933,-1,0,-1,-0.5,0,-0.329809828,0.002757421,0,0.009634043,0.012391,13.430255
8/23/2022,21518.2,1664.19,35.66,0.006134568,0.024734917,0.007629274,-1,0,-1,-0.5,0,-0.331387522,-0.003067284,0,-0.002516209,-0.005583,13.349691
8/24/2022,21354.9,1655.71,34.85,-0.007588925,-0.005095572,-0.022714526,0,0,-1,0,0,-0.720607065,0.003794462,0,0.007527311,0.011322,13.512158
8/25/2022,21548.3,1694.16,35.22,0.009056469,0.023222666,0.01061693,0,0,-1,0,0,-0.72061628,0,0,-0.007650635,-0.007651,13.401125
8/26/2022,20228.7,1507.23,31.68,-0.06123917,-0.110337867,-0.100511073,-1,-1,-1,-0.333333333,-0.234310816,-0.248273976,0,0,0.072429916,0.07243,14.444199
8/27/2022,20023.9,1490,31.5,-0.010124229,-0.011431567,-0.005681818,-1,-1,-1,-0.333333333,-0.240976322,-0.263083964,0.003374743,0.00267854,0.001410648,0.007464,14.559474
8/28/2022,19547.5,1426.3,30.38,-0.023791569,-0.042751678,-0.035555556,-1,-1,-1,-0.333333333,-0.237860285,-0.261708177,0.007930523,0.010302142,0.009354096,0.027587,14.988714
8/29/2022,20275.5,1550.67,32.39,0.037242614,0.087197644,0.066161949,-1,-1,-1,-0.333333333,-0.222327945,-0.254568876,-0.012414205,-0.020740856,-0.017315123,-0.05047,14.181763
8/30/2022,19803.1,1523.48,31.47,-0.023299056,-0.017534356,-0.028403828,-1,-1,-1,-0.333333333,-0.222058609,-0.255272629,0.007766352,0.003898377,0.007230731,0.018895,14.468623
8/31/2022,20041.5,1553.04,31.46,0.012038519,0.019402946,-0.000317763,-1,-1,-1,-0.333333333,-0.222615613,-0.255257145,-0.00401284,-0.004308591,8.11E-05,-0.00824,14.341161
9/1/2022,20122.5,1585.4,31.59,0.004041614,0.020836553,0.004132231,-1,-1,-1,-0.333333333,-0.221854237,-0.25865113,-0.001347205,-0.004638542,-0.001054782,-0.007041,14.233144
9/2/2022,19941,1574.49,31.21,-0.009019754,-0.006881544,-0.012029123,-1,-1,-1,-0.333333333,-0.221876094,-0.260142809,0.003006585,0.0015267,0.003111346,0.007645,14.349601
9/3/2022,19820.7,1556.41,31.1,-0.006032797,-0.011483083,-0.003524511,-1,-1,-1,-0.333333333,-0.221715538,-0.260657489,0.002010932,0.002547822,0.000916876,0.005476,14.433656
9/4/2022,19992.7,1578.14,32.15,0.008677796,0.013961617,0.033762058,-1,-1,-1,-0.333333333,-0.233750105,-0.263545656,-0.002892599,-0.003095507,-0.008800333,-0.014788,14.205423
9/5/2022,19784.9,1616.92,32.15,-0.010393794,0.024573232,0,-1,-1,-1,-0.333333333,-0.233747141,-0.263514214,0.003464598,-0.005743996,0,-0.002279,14.17077
9/6/2022,18781.5,1558.23,30.87,-0.050715445,-0.036297405,-0.039813375,-1,-1,-1,-0.333333333,-0.231394995,-0.261794413,0.016905148,0.008484415,0.01049139,0.035881,14.715112
9/7/2022,19287,1629.35,32.68,0.026914783,0.045641529,0.058632977,-1,-1,-1,-0.333333333,-0.231317309,-0.255580164,-0.008971594,-0.010561221,-0.015349786,-0.034883,14.166922
9/8/2022,19309.3,1634.22,33.6,0.001156219,0.002988922,0.028151775,-1,-1,-1,-0.333333333,-0.234558614,-0.256129,-0.000385406,-0.000691389,-0.007195035,-0.008272,14.041461
9/9/2022,21352,1717.48,34.66,0.105788402,0.050947853,0.031547619,-1,-1,-1,-0.309497079,-0.24628887,-0.261852263,-0.035262801,-0.011950258,-0.00808026,-0.055293,13.209774
9/10/2022,21639.5,1773.05,35.03,0.013464781,0.032355544,0.01067513,-1,-1,-1,-0.308257465,-0.24420787,-0.261551906,-0.00416731,-0.00796881,-0.002795307,-0.014931,12.997608
9/11/2022,21820.3,1765.01,34.97,0.008355091,-0.004534559,-0.001712818,-1,-1,-1,-0.310041409,-0.24860593,-0.276595367,-0.002575519,0.001107375,0.000447991,-0.00102,12.98333
9/12/2022,22386,1715.14,37.43,0.0259254,-0.028254797,0.070346011,-1,-1,-1,-0.306347319,-0.247733936,-0.26126821,-0.008037947,0.00702431,-0.019457381,-0.020471,12.697077
9/13/2022,20162.5,1571.9,32.96,-0.099325471,-0.083515048,-0.119422923,-1,-1,-1,-0.271967377,-0.234924961,-0.233733376,0.030428092,0.020689512,0.031201413,0.082319,13.824607
9/14/2022,20217,1635.39,34.09,0.002703038,0.04039061,0.034283981,-1,-1,-1,-0.271800809,-0.231209495,-0.230784973,-0.000735138,-0.009488763,-0.008013311,-0.018237,13.554251
9/15/2022,19690.8,1471.93,33.05,-0.026027601,-0.099951693,-0.03050748,-1,-1,-1,-0.270529678,-0.215637445,-0.229864661,0.007074323,0.023109781,0.007040668,0.037225,14.096033
9/16/2022,19792.5,1433.58,32.24,0.005164849,-0.026054228,-0.024508321,-1,-1,-1,-0.271015711,-0.215443786,-0.234609822,-0.001397245,0.005618267,0.005633597,0.009855,14.244804
9/17/2022,20102,1467.96,33.66,0.015637236,0.023981919,0.044044665,-1,-1,-1,-0.269782607,-0.214255865,-0.230555445,-0.004237937,-0.005166756,-0.010333311,-0.019738,13.943902
9/18/2022,19404.5,1333.67,31.07,-0.03469804,-0.091480694,-0.07694593,-1,-1,-1,-0.301792361,-0.227387165,-0.23590909,0.009360928,0.019600275,0.017740303,0.046702,14.641812
9/19/2022,19528.6,1375.05,32.62,0.006395424,0.031027166,0.049887351,-1,-1,-1,-0.302668359,-0.225599028,-0.230706398,-0.00193009,-0.007055179,-0.01176888,-0.020754,14.317182
9/20/2022,18866.8,1322.08,31.4,-0.033888758,-0.038522236,-0.037400368,-1,-1,-1,-0.3003904,-0.225288265,-0.231002973,0.010257055,0.008690579,0.008628504,0.027576,14.739569
9/21/2022,18447.5,1244.19,30.63,-0.022224225,-0.05891474,-0.024522293,-1,-1,-1,-0.29899984,-0.220734609,-0.231409585,0.006675944,0.0132728,0.005664723,0.025613,15.142706
9/22/2022,19392.5,1325.73,32.41,0.051226453,0.065536614,0.058112961,-1,-1,-1,-0.287470762,-0.213864094,-0.22466529,-0.015316701,-0.014466199,-0.013447896,-0.043231,14.444841
9/23/2022,19280.7,1326.62,33.66,-0.005765115,0.000671328,0.038568343,-1,-1,-1,-0.287523783,-0.213792109,-0.222720067,0.001657302,-0.000143573,-0.008664968,-0.007151,14.334395
9/24/2022,18911,1316.19,33.36,-0.019174615,-0.007862086,-0.008912656,-1,-1,-1,-0.28713816,-0.215179137,-0.22280444,0.005513158,0.001680852,0.001985027,0.009179,14.475149
9/25/2022,18799.7,1293.99,32.31,-0.005885463,-0.016866866,-0.03147482,-1,-1,0,-0.451111721,-0.351716212,0,0.001689941,0.003629398,0.00701273,0.012332,14.665989
9/26/2022,19216.3,1335.25,33.86,0.022159928,0.031885872,0.047972764,-1,-1,0,-0.448102278,-0.348185752,0,-0.009996603,-0.011214778,0,-0.021211,14.333697
9/27/2022,19070.1,1327.19,32.66,-0.007608124,-0.006036323,-0.035440047,-1,-1,0,-0.451228172,-0.353134612,0,0.003409218,0.002101762,0,0.005511,14.418201
9/28/2022,19407.3,1336.43,33.22,0.017682131,0.006962078,0.017146356,-1,-1,0,-0.458441216,-0.38068163,0,-0.007978675,-0.002458551,0,-0.010437,14.257282
9/29/2022,19582.5,1334.8,33.92,0.009027531,-0.001219667,0.021071644,-1,-1,0,-0.461424884,-0.381381883,0,-0.004138592,0.000464305,0,-0.003674,14.201226
9/30/2022,19411.7,1327.78,33.22,-0.008722073,-0.005259215,-0.020636792,-1,-1,0,-0.461944184,-0.383511771,0,0.004024582,0.002005769,0,0.00603,14.29289
10/1/2022,19304,1311.31,32.42,-0.0055482,-0.012404163,-0.024081878,-1,-1,0,-0.461932536,-0.385933615,0,0.002562959,0.004757143,0,0.00732,14.404834
10/2/2022,19049.4,1275.96,32.04,-0.013188976,-0.026957775,-0.01172116,-1,-1,0,-0.461346888,-0.384154912,0,0.006092417,0.010403912,0,0.016496,14.658952
10/3/2022,19622,1322.59,32.89,0.03005869,0.036545033,0.026529338,-1,-1,0,-0.455333175,-0.377520005,0,-0.013867483,-0.014038954,0,-0.027906,14.221973
10/4/2022,20333,1360.73,34.08,0.036234838,0.028837357,0.03618121,0,-1,0,0,-0.749350161,0,-0.016498924,-0.010886679,0,-0.027386,13.805104
10/5/2022,20150,1351.61,34.02,-0.009000148,-0.006702285,-0.001760563,0,-1,0,0,-0.755647489,0,0,0.005022358,0,0.005022,13.879455
10/6/2022,19954,1351.5,33.33,-0.009727047,-8.14E-05,-0.020282187,0,-1,0,0,-0.763240102,0,0,6.15E-05,0,6.10E-05,13.880363
10/7/2022,19520.9,1330.41,32.96,-0.021704921,-0.015604883,-0.01110111,0,-1,0,0,-0.782956592,0,0,0.011910273,0,0.01191,14.057588
10/8/2022,19406.2,1314.74,32.56,-0.005875754,-0.011778324,-0.012135922,0,-1,-1,0,-0.391699998,-0.380273795,0,0.009221916,0,0.009222,14.196449
10/9/2022,19430,1322.61,32.9,0.001226412,0.005985974,0.01044226,-1,-1,-1,-0.333333333,-0.270604515,-0.255880704,0,-0.002344706,-0.003970918,-0.006316,14.100469
10/10/2022,19124,1289.56,31.93,-0.015748842,-0.02498847,-0.029483283,-1,-1,0,-0.5,-0.412819091,0,0.005249614,0.006761993,0.007544203,0.019556,14.395773
10/11/2022,19055,1279.68,30.78,-0.003608032,-0.007661528,-0.036016286,-1,0,0,-1,0,0,0.001804016,0.003162825,0,0.004967,14.472244
10/12/2022,19148,1294.02,31.14,0.004880609,0.011205926,0.011695906,-1,0,0,-1,0,0,-0.004880609,0,0,-0.004881,14.396724
10/13/2022,19365.5,1286.38,30.47,0.011358889,-0.005904082,-0.021515735,-1,0,-1,-0.5,0,-0.473659807,-0.011358889,0,0,-0.011359,14.221833
10/14/2022,19164.6,1295.35,29.97,-0.010374119,0.006973056,-0.016409583,-1,0,-1,-0.5,0,-0.482860335,0.005187059,0,0.00777256,0.01296,14.419108
10/15/2022,19060.4,1274.13,29.58,-0.005437108,-0.016381673,-0.013013013,-1,0,-1,-0.5,0,-0.487974951,0.002718554,0,0.006283468,0.009002,14.55791
10/16/2022,19251.9,1305.51,30.14,0.010047008,0.02462857,0.018931711,0,0,-1,0,0,-0.976404812,-0.005023504,0,-0.009238201,-0.014262,14.336024
10/17/2022,19540.6,1330.62,31.18,0.014995922,0.019233863,0.03450564,-1,0,-1,-0.5,0,-0.494722256,0,0,-0.033691473,-0.033691,13.819338
10/18/2022,19320.9,1309.93,30.13,-0.011243258,-0.015549143,-0.033675433,-1,0,-1,-0.5,0,-0.5,0.005621629,0,0.016659986,0.022282,14.149542
10/19/2022,19116.7,1284.45,28.84,-0.010568866,-0.019451421,-0.042814471,-1,0,-1,-0.5,0,-0.5,0.005284433,0,0.021407235,0.026692,14.553914
10/20/2022,19034.7,1282.2,28,-0.004289443,-0.001751723,-0.029126214,0,0,-1,0,0,-1,0.002144722,0,0.014563107,0.016708,14.813788
10/21/2022,19150.9,1299.08,28.08,0.00610464,0.013164873,0.002857143,0,1,-1,0,0.5,-0.5,0,0,-0.002857143,-0.002857,14.768608
10/22/2022,19195.1,1313.19,27.98,0.002307986,0.010861533,-0.003561254,-1,0,-1,-0.5,0,-0.5,0,0.005430766,0.001780627,0.007211,14.882316
10/23/2022,19560.7,1363.44,29.25,0.019046527,0.038265598,0.045389564,0,1,-1,0,0.5,-0.5,-0.009523264,0,-0.022694782,-0.032218,14.370619
10/24/2022,19318.1,1342.72,28.28,-0.012402419,-0.015196855,-0.033162393,0,1,-1,0,0.5,-0.5,0,-0.007598428,0.016581197,0.008983,14.508694
10/25/2022,20068.3,1459.2,30.85,0.038834047,0.086749285,0.090876945,0,1,-1,0,0.5,-0.5,0,0.043374643,-0.045438472,-0.002064,14.476684
10/26/2022,20758.3,1565.45,31.27,0.034382583,0.072813871,0.013614263,1,1,-1,0.333333333,0.333333333,-0.333333333,0,0.036406935,-0.006807131,0.0296,14.934794
10/27/2022,20285.5,1513.7,30.57,-0.022776432,-0.033057587,-0.022385673,1,1,-1,0.333333333,0.333333333,-0.333333333,-0.007592144,-0.011019196,0.007461891,-0.011149,14.757137
10/28/2022,20582.8,1553.79,32.06,0.014655789,0.026484772,0.048740595,1,1,-1,0.333333333,0.333333333,-0.333333333,0.004885263,0.008828257,-0.016246865,-0.002533,14.717224
10/29/2022,20796.7,1618.82,32.86,0.010392172,0.041852503,0.024953213,1,1,0,0.5,0.5,0,0.003464057,0.013950834,-0.008317738,0.009097,14.860203
10/30/2022,20615.6,1589.89,32.91,-0.008708112,-0.017871042,0.001521607,1,1,-1,0.333333333,0.333333333,-0.333333333,-0.004354056,-0.008935521,0,-0.01329,14.649421
10/31/2022,20482,1572.01,32.54,-0.006480529,-0.011246061,-0.011242783,1,1,0,0.5,0.5,0,-0.002160176,-0.003748687,0.003747594,-0.002161,14.615603
11/1/2022,20472.1,1577.88,32.18,-0.000483351,0.003734073,-0.011063307,1,1,0,0.5,0.5,0,-0.000241676,0.001867036,0,0.001625,14.640978
11/2/2022,20140.1,1517.26,30.79,-0.016217193,-0.038418638,-0.043194531,0,1,-1,0,0.5,-0.5,-0.008108597,-0.019209319,0,-0.027318,14.213698
11/3/2022,20199.7,1530.27,30.83,0.00295927,0.008574667,0.001299123,-1,1,-1,-0.333333333,0.333333333,-0.333333333,0,0.004287334,-0.000649562,0.003638,14.269045
11/4/2022,21137.6,1644.09,33.72,0.046431383,0.074379031,0.093739864,0,1,-1,0,0.5,-0.449518106,-0.015477128,0.02479301,-0.031246621,-0.021931,13.93418
11/5/2022,21289.9,1626.11,36.89,0.00720517,-0.010936141,0.09400949,0,1,0,0,1,0,0,-0.00546807,-0.042258968,-0.047727,13.221416
11/6/2022,20900,1567.42,32.6,-0.018313848,-0.036092269,-0.116291678,0,1,-1,0,0.494904661,-0.353549112,0,-0.036092269,0,-0.036092,12.708137
11/7/2022,20578.6,1567.52,29.59,-0.01537799,6.38E-05,-0.092331288,0,1,-1,0,0.497333119,-0.330501437,0,3.16E-05,0.032643645,0.032675,13.15605
11/8/2022,18534,1333.4,23.82,-0.099355641,-0.149356946,-0.19499831,-1,1,-1,-0.333333333,0.246390428,-0.177287602,0,-0.074280156,0.064447222,-0.009833,13.016854
11/9/2022,15905,1101.49,11.7,-0.141847416,-0.173923804,-0.508816121,-1,0,-1,-0.438179884,0,-0.144405428,0.047282472,-0.04285316,0.09020679,0.094636,14.343353
11/10/2022,17588,1298.21,17.615,0.105815781,0.178594449,0.505555556,-1,1,-1,-0.254095928,0.16720265,-0.071920582,-0.046366347,0,-0.073004966,-0.119371,12.511801
11/11/2022,17058.3,1288.64,16.426,-0.030117125,-0.007371689,-0.06749929,-1,0,-1,-0.378404243,0,-0.107607725,0.007652639,-0.001232566,0.004854588,0.011275,12.664147
11/12/2022,16806.9,1256.82,14.56,-0.014737694,-0.024692699,-0.11360039,-1,0,-1,-0.378746289,0,-0.106712109,0.005576806,0,0.01222428,0.017801,12.907383
11/13/2022,16321.2,1220.78,13.126,-0.028898845,-0.028675546,-0.098489011,-1,-1,-1,-0.251057767,-0.166144783,-0.070740241,0.01094533,0,0.01050997,0.021455,13.205765
11/14/2022,16605.2,1242.89,13.999,0.017400681,0.018111371,0.066509218,-1,-1,-1,-0.249920409,-0.166129402,-0.070382187,-0.004368576,-0.00300911,-0.004704878,-0.012083,13.034117
11/15/2022,16888.3,1252.81,14.303,0.017048876,0.007981398,0.021715837,-1,-1,-1,-0.249333039,-0.166501752,-0.07037213,-0.004260862,-0.001325945,-0.001528408,-0.007115,12.934264
11/16/2022,16650.6,1215.78,14.257,-0.014074833,-0.029557555,-0.003216109,-1,-1,-1,-0.24996205,-0.166153872,-0.070491725,0.003509321,0.004921385,0.000226324,0.008657,13.054893
11/17/2022,16682.1,1199.7,13.62,0.001891824,-0.013226077,-0.044679806,-1,-1,-1,-0.249991169,-0.166198738,-0.070461215,-0.000472884,0.002197564,0.003149557,0.004874,13.123397
11/18/2022,16689.7,1212.04,13.257,0.000455578,0.010285905,-0.026651982,-1,-1,-1,-0.250058107,-0.166375362,-0.070498272,-0.000113891,-0.001709504,0.001877931,5.50E-05,13.124174
11/19/2022,16692.9,1216.91,12.837,0.000191735,0.004018019,-0.031681376,-1,-1,-1,-0.250024718,-0.166366843,-0.070493565,-4.79E-05,-0.000668499,0.002233482,0.001517,13.1456
11/20/2022,16272.6,1141.57,12.251,-0.025178369,-0.061910905,-0.045649295,-1,-1,-1,-0.249178779,-0.163885492,-0.070456961,0.006295215,0.010299922,0.003217982,0.019813,13.425867
11/21/2022,15773,1106.95,11.825,-0.030701916,-0.030326655,-0.034772672,-1,-1,-1,-0.247726782,-0.163501554,-0.07044565,0.007650266,0.004970099,0.002449977,0.01507,13.643265
11/22/2022,16220.6,1139.11,12.427,0.028377607,0.029052803,0.050909091,-1,-1,-1,-0.246434109,-0.163978494,-0.070406551,-0.007029893,-0.004750178,-0.003586324,-0.015366,13.418256
11/23/2022,16595.8,1183.83,14.331,0.02313108,0.03925872,0.153214774,-1,-1,-1,-0.244762394,-0.162849782,-0.06895587,-0.005700287,-0.006437586,-0.010787324,-0.022925,13.087718
11/24/2022,16592.4,1202.92,14.591,-0.000204871,0.016125626,0.018142488,-1,-1,-1,-0.249222673,-0.16837536,-0.069454373,5.01E-05,-0.002626055,-0.001251031,-0.003827,13.033804
11/25/2022,16516.1,1198.55,14.015,-0.004598491,-0.003632827,-0.03947639,-1,-1,-1,-0.253304131,-0.173212132,-0.069456472,0.001146048,0.000611679,0.002741808,0.0045,13.096956
11/26/2022,16449.2,1204.84,14.133,-0.004050593,0.005248008,0.00841955,-1,-1,-1,-0.253976035,-0.173682814,-0.06943474,0.001026032,-0.000909019,-0.000584792,-0.000468,13.090359
11/27/2022,16422.6,1193.26,14.099,-0.0016171,-0.009611235,-0.002405717,-1,-1,-1,-0.255065402,-0.174571525,-0.069635936,0.000410705,0.001669306,0.00016704,0.002247,13.12202
11/28/2022,16204.5,1167.21,13.313,-0.013280479,-0.021830951,-0.055748635,-1,-1,-1,-0.255761146,-0.176529037,-0.069642937,0.003387391,0.003811062,0.003882108,0.011081,13.278506
11/29/2022,16433.2,1215.74,13.336,0.014113364,0.041577779,0.001727635,-1,-1,-1,-0.254595793,-0.174509173,-0.069642517,-0.00360965,-0.007339685,-0.000120318,-0.01107,13.120443
11/30/2022,17153.3,1294.02,14.162,0.043819828,0.064388767,0.061937612,-1,-1,-1,-0.248424508,-0.170545795,-0.069320588,-0.011156344,-0.011236431,-0.004313491,-0.026706,12.743342
12/1/2022,16970.5,1275.7,13.489,-0.010656842,-0.014157432,-0.047521537,-1,-1,-1,-0.248405202,-0.170537199,-0.069268783,0.002647421,0.00241449,0.003294221,0.008356,12.858182
12/2/2022,17083,1295,13.703,0.006629151,0.015128949,0.015864779,-1,-1,-1,-0.248386314,-0.171153507,-0.069258415,-0.001646715,-0.002580049,-0.001098934,-0.005326,12.784373
12/3/2022,16879.5,1239.76,13.289,-0.011912428,-0.042656371,-0.030212362,-1,-1,-1,-0.248411844,-0.170130671,-0.069259825,0.002958884,0.007300787,0.00209246,0.012352,12.954638
12/4/2022,17099.5,1278.82,13.7,0.013033561,0.031506098,0.030927835,-1,-1,-1,-0.254313372,-0.174175368,-0.069783059,-0.003237691,-0.005360154,-0.002142056,-0.01074,12.804765
12/5/2022,16958.3,1258.66,13.81,-0.008257551,-0.015764533,0.008029197,-1,-1,-1,-0.254788869,-0.174121479,-0.070435234,0.002100006,0.002745793,-0.000560302,0.004285,12.863918
12/6/2022,17078.6,1270.72,14.281,0.007093871,0.009581619,0.03410572,-1,-1,-1,-0.254699573,-0.174678103,-0.070822549,-0.001807439,-0.001668366,-0.002402244,-0.005878,12.782426
12/7/2022,16828,1230.83,13.487,-0.014673334,-0.031391652,-0.055598347,-1,-1,-1,-0.254733193,-0.174155709,-0.071066961,0.003737292,0.005483434,0.003937617,0.013158,12.963775
12/8/2022,17216,1279.73,13.67,0.02305681,0.039729288,0.013568622,-1,-1,-1,-0.279894781,-0.193110862,-0.073031295,-0.005873335,-0.006919082,-0.000964281,-0.013757,12.771676
12/9/2022,17122,1262.31,13.579,-0.005460037,-0.013612246,-0.006656913,0,0,0,0,0,0,0.001528236,0.002628673,0.000486163,0.004643,12.835617
12/10/2022,17120,1265.88,13.56,-0.000116809,0.002828148,-0.001399219,-1,-1,-1,-0.333333333,-0.333333333,-0.197640611,0,0,0,0,12.835617
12/11/2022,17077.3,1262.43,13.406,-0.002494159,-0.002725377,-0.011356932,0,-1,-1,0,-0.5,-0.303456809,0.000831386,0.000908459,0.002244591,0.003984,12.890739
12/12/2022,17200,1274.88,13.304,0.007184977,0.009861933,-0.007608533,0,0,-1,0,0,-0.66036775,0,-0.004930966,0.002308861,-0.002622,12.854317
12/13/2022,17777.1,1321.06,13.894,0.033552326,0.036223017,0.044347565,0,0,0,0,0,0,0,0,-0.029285701,-0.029286,12.44858
12/14/2022,17803.9,1307.76,14.12,0.001507557,-0.010067673,0.016266014,0,0,0,0,0,0,0,0,0,0,12.44858
12/15/2022,17351.8,1266.26,14.044,-0.025393313,-0.031733651,-0.005382436,0,0,-1,0,0,-0.732106264,0,0,0,0,12.44858
12/16/2022,16624.1,1166.2,12.239,-0.041938012,-0.079020106,-0.128524637,-1,-1,-1,-0.333333333,-0.329548431,-0.213975554,0,0,0.094093692,0.094094,13.71401
12/17/2022,16768,1186.45,12.489,0.008656108,0.017364088,0.020426505,0,-1,-1,0,-0.493059305,-0.323795002,-0.002885369,-0.005722308,-0.004370773,-0.012978,13.523052
12/18/2022,16730.3,1182.45,12.369,-0.00224833,-0.003371402,-0.009608455,0,-1,-1,0,-0.493876415,-0.325151143,0,0.001662301,0.00311117,0.004773,13.59237
12/19/2022,16429.2,1167.21,11.93,-0.017997286,-0.012888494,-0.035491956,-1,-1,-1,-0.333333333,-0.328527479,-0.216373639,0,0.006365323,0.01154025,0.017906,13.853661
12/20/2022,16887.2,1216.21,12.247,0.027877194,0.041980449,0.026571668,0,0,-1,0,0,-0.655729437,-0.009292398,-0.013791731,-0.005749409,-0.028834,13.425371
12/21/2022,16819.6,1213.21,12.127,-0.004003032,-0.002466679,-0.009798318,0,0,0,0,0,0,0,0,0.006425046,0.006425,13.518054
12/22/2022,16815.5,1217.39,11.814,-0.000243763,0.003445405,-0.025810176,0,0,-1,0,0,-0.671115509,0,0,0,0,13.518054
12/23/2022,16776.4,1219.5,11.772,-0.002325236,0.001733216,-0.003555104,0,0,-1,0,0,-0.856112253,0,0,0.002385886,0.002386,13.552694
12/24/2022,16828.9,1219.96,11.423,0.003129396,0.000377204,-0.029646619,0,0,-1,0,0,-0.857062713,0,0,0.025380834,0.025381,13.922056
12/25/2022,16824.4,1217.96,11.373,-0.000267397,-0.001639398,-0.004377134,0,0,-1,0,0,-0.868938224,0,0,0.003751478,0.003751,13.978028
12/26/2022,16912.9,1227.57,11.325,0.005260217,0.007890243,-0.004220522,0,0,-1,0,0,-0.8714407,0,0,0.003667373,0.003667,14.032953
12/27/2022,16698.2,1211.29,11.087,-0.012694452,-0.013261973,-0.021015453,0,0,-1,0,0,-0.869425995,0,0,0.018313721,0.018314,14.308266
12/28/2022,16539,1189.93,9.749,-0.009533962,-0.017634093,-0.12068188,0,0,-1,0,0,-0.770307541,0,0,0.104923963,0.104924,15.914471
12/29/2022,16630.3,1200.35,9.614,0.005520285,0.008756818,-0.013847574,0,-1,-1,0,-0.5,-0.385613732,0,0,0.010666891,0.010667,16.094898
12/30/2022,16601.2,1199.66,9.877,-0.001749818,-0.000574832,0.027355939,-1,-1,-1,-0.333333333,-0.333333333,-0.267938153,0,0.000287416,-0.010548826,-0.010261,15.919487
12/31/2022,16537.6,1196.1,9.968,-0.003831048,-0.002967507,0.009213324,-1,-1,-1,-0.333333333,-0.333333333,-0.271061148,0.001277016,0.000989169,-0.002468601,-0.000202,15.916069
1/1/2023,16610.3,1199.96,9.977,0.004396043,0.003227155,0.000902889,-1,-1,-1,-0.333333333,-0.333333333,-0.272755578,-0.001465348,-0.001075718,-0.000244738,-0.002786,15.868941
1/2/2023,16666,1213.23,11.259,0.003353341,0.011058702,0.12849554,-1,-1,-1,-0.333333333,-0.333333333,-0.229046683,-0.00111778,-0.003686234,-0.035047875,-0.039852,15.19668
1/3/2023,16667.2,1214.23,13.326,7.20E-05,0.000824246,0.183586464,-1,-1,-1,-0.333333333,-0.333333333,-0.183955055,-2.40E-05,-0.000274749,-0.042049871,-0.042349,14.510767
1/4/2023,16842.1,1256.39,13.405,0.010493664,0.034721593,0.005928261,-1,-1,-1,-0.333333333,-0.333333333,-0.183981414,-0.003497888,-0.011573864,-0.001090533,-0.016162,14.260082
1/5/2023,16823.8,1251.08,13.418,-0.001086563,-0.004226395,0.000969787,-1,-1,-1,-0.333333333,-0.333333333,-0.185131688,0.000362188,0.001408798,-0.000178423,0.001593,14.284391
1/6/2023,16943.8,1268.54,13.483,0.007132752,0.013955942,0.004844239,0,0,-1,0,0,-0.564985231,-0.002377584,-0.004651981,-0.000896822,-0.007926,14.163247
1/7/2023,16936.5,1263.65,13.087,-0.000430836,-0.003854825,-0.029370318,-1,-1,-1,-0.333333333,-0.333333333,-0.187553927,0,0,0.016593796,0.016594,14.414866
1/8/2023,17124.7,1289.65,14.465,0.011112095,0.020575318,0.105295331,0,0,0,0,0,0,-0.003704032,-0.006858439,-0.019748553,-0.030311,13.947626
1/9/2023,17169.7,1320.32,16.253,0.002627783,0.023781646,0.123608711,0,0,0,0,0,0,0,0,0,0,13.947626
1/10/2023,17428.8,1335.3,16.191,0.015090537,0.011345734,-0.00381468,0,0,0,0,0,0,0,0,0,0,13.947626
1/11/2023,17935.7,1389.26,16.355,0.029084045,0.040410395,0.010129084,0,0,0,0,0,0,0,0,0,0,13.947626
1/12/2023,18838,1415.84,16.584,0.050307487,0.019132488,0.014001834,0,0,0,0,0,0,0,0,0,0,13.947626
1/13/2023,19924.2,1450.94,18.289,0.057660049,0.024790937,0.102809937,1,0,0,1,0,0,0,0,0,0,13.947626
1/14/2023,20962.8,1550.27,24.283,0.052127563,0.068459068,0.327737985,1,1,0,0.5,0.5,0,0.052127563,0,0,0.052128,14.726816
1/15/2023,20882.7,1553.47,22.903,-0.003821054,0.002064157,-0.056829881,1,1,0,0.5,0.5,0,-0.001910527,0.001032078,0,-0.000878,14.713007
1/16/2023,21188.3,1577.11,23.601,0.014634123,0.015217545,0.030476357,1,1,0,0.5,0.5,0,0.007317061,0.007608773,0,0.014926,14.94754
1/17/2023,21130.9,1565.84,22.855,-0.002709042,-0.007145982,-0.03160883,1,1,0,0.5,0.5,0,-0.001354521,-0.003572991,0,-0.004928,14.86895
1/18/2023,20680,1511.66,20.804,-0.021338419,-0.034601236,-0.089739663,1,1,0,0.5,0.5,0,-0.01066921,-0.017300618,0,-0.02797,14.425096
1/19/2023,21068.3,1551.11,21.408,0.018776596,0.026097138,0.029032878,1,1,0,0.5,0.5,0,0.009388298,0.013048569,0,0.022437,14.771189
1/20/2023,22661.1,1659.01,25.513,0.075601733,0.069563087,0.191750747,1,1,0,0.5,0.5,0,0.037800867,0.034781544,0,0.072582,15.915893
1/21/2023,22781.9,1627.63,24.564,0.005330721,-0.018914895,-0.037196723,1,1,0,0.5,0.5,0,0.00266536,-0.009457448,0,-0.006792,15.801
1/22/2023,22704.6,1628.14,24.195,-0.003393044,0.000313339,-0.015021983,1,1,0,0.5,0.5,0,-0.001696522,0.00015667,0,-0.00154,15.775127
1/23/2023,22913.1,1626.9,24.347,0.009183161,-0.000761605,0.00628229,1,1,0,0.5,0.5,0,0.004591581,-0.000380803,0,0.004211,15.845767
1/24/2023,22627.4,1555.99,22.77,-0.01246885,-0.043585961,-0.06477184,1,1,0,0.5,0.5,0,-0.006234425,-0.021792981,0,-0.028027,15.373631
1/25/2023,23060.6,1611.41,24.534,0.01914493,0.035617195,0.077470356,1,1,0,0.5,0.5,0,0.009572465,0.017808598,0,0.027381,15.821957
1/26/2023,23001.9,1600.69,24.345,-0.002545467,-0.006652559,-0.007703595,1,1,0,0.5,0.5,0,-0.001272734,-0.003326279,0,-0.004599,15.744593
1/27/2023,23068,1597.08,24.441,0.002873676,-0.002255277,0.003943315,1,1,0,0.5,0.5,0,0.001436838,-0.001127639,0,0.000309,15.749767
1/28/2023,23015.9,1571.52,24.002,-0.00225854,-0.016004208,-0.017961622,1,1,0,0.5,0.5,0,-0.00112927,-0.008002104,0,-0.009131,15.596825
1/29/2023,23740.3,1645.67,26.09,0.031473894,0.047183618,0.086992751,1,1,0,0.5,0.5,0,0.015736947,0.023591809,0,0.039329,16.249561
1/30/2023,22819.9,1565.92,23.957,-0.038769518,-0.048460505,-0.081755462,1,1,0,0.5,0.5,0,-0.019384759,-0.024230253,0,-0.043615,15.497222
1/31/2023,23119.4,1585.02,23.913,0.01312451,0.012197303,-0.001836624,1,1,0,0.5,0.5,0,0.006562255,0.006098651,0,0.012661,15.706093
2/1/2023,23730,1641.8,25.011,0.02641072,0.035822892,0.045916447,1,1,0,0.5,0.5,0,0.01320536,0.017911446,0,0.031117,16.225936
2/2/2023,23493.1,1643.81,24.315,-0.009983144,0.001224266,-0.027827756,1,1,0,0.5,0.5,0,-0.004991572,0.000612133,0,-0.004379,16.150504
2/3/2023,23424.7,1663.68,24.683,-0.002911493,0.012087772,0.015134691,1,1,0,0.5,0.5,0,-0.001455747,0.006043886,0,0.004588,16.229191
2/4/2023,23322.6,1666.44,24.318,-0.004358647,0.001658973,-0.014787506,1,1,0,0.5,0.5,0,-0.002179324,0.000829486,0,-0.00135,16.205931
2/5/2023,22929.2,1628.98,23.464,-0.016867759,-0.022479057,-0.03511802,1,1,0,0.5,0.5,0,-0.00843388,-0.011239529,0,-0.019673,15.867439
2/6/2023,22757.7,1613.9,22.635,-0.007479546,-0.009257327,-0.035330719,1,1,0,0.5,0.5,0,-0.003739773,-0.004628663,0,-0.008368,15.726292
2/7/2023,23234.1,1670.51,23.817,0.020933574,0.035076523,0.052220013,1,1,0,0.5,0.5,0,0.010466787,0.017538261,0,0.028005,16.194712
2/8/2023,22955.9,1650.26,23.21,-0.01197378,-0.012122047,-0.025485997,1,1,0,0.5,0.5,0,-0.00598689,-0.006061023,0,-0.012048,15.98755
2/9/2023,21793.4,1544.68,20.482,-0.050640576,-0.063977797,-0.117535545,1,1,0,0.5,0.492382684,0,-0.025320288,-0.031988899,0,-0.057309,15.014011
2/10/2023,21618.6,1512.26,20.088,-0.008020777,-0.020988166,-0.019236403,1,1,0,0.5,0.497989207,0,-0.004010388,-0.010334209,0,-0.014345,14.78429
2/11/2023,21851.3,1537.65,20.782,0.010763879,0.016789441,0.034547989,1,1,0,0.5,0.498584724,0,0.00538194,0.00836096,0,0.013743,15.001213
2/12/2023,21771.1,1514.49,21.483,-0.003670262,-0.015061945,0.033731113,1,1,0,0.5,0.5,0,-0.001835131,-0.007509656,0,-0.009345,14.851682
2/13/2023,21766.2,1504.85,20.748,-0.000225069,-0.006365179,-0.034213099,1,0,-1,0.5,0,-0.262445095,-0.000112535,-0.00318259,0,-0.003295,14.79945
2/14/2023,22187.4,1554.94,21.836,0.019351104,0.03328571,0.052438789,1,1,-1,0.333333333,0.333333333,-0.175049633,0.009675552,0,-0.013762303,-0.004087,14.734878
2/15/2023,24332.6,1675,23.862,0.096685506,0.077211982,0.092782561,1,1,0,0.5,0.482708421,0,0.032228502,0.025737327,-0.016241553,0.041724,15.3914
2/16/2023,23526.6,1639,22.257,-0.033124286,-0.021492537,-0.067261755,1,1,-1,0.333333333,0.319337498,-0.166317807,-0.016562143,-0.010374629,0,-0.026937,14.949865
2/17/2023,24581.5,1694.12,23.146,0.044838608,0.033630262,0.03994249,1,1,0,0.5,0.482892383,0,0.014946203,0.010739404,-0.006643147,0.019042,15.253582
2/18/2023,24636.9,1691.66,23.464,0.002253727,-0.001452081,0.013738875,1,1,0,0.5,0.486608902,0,0.001126864,-0.000701199,0,0.000426,15.260506
2/19/2023,24265.9,1680.31,24.853,-0.015058713,-0.006709386,0.059197068,1,1,-1,0.333333333,0.333333333,-0.206484568,-0.007529356,-0.003264847,0,-0.010794,15.08499
2/20/2023,24849.9,1703.7,26.291,0.024066694,0.01392005,0.057860218,1,1,0,0.5,0.5,0,0.008022231,0.004640017,-0.011947242,0.000715,15.096491
2/21/2023,24443.4,1659.2,24.983,-0.016358215,-0.026119622,-0.049750865,1,1,0,0.5,0.5,0,-0.008179107,-0.013059811,0,-0.021239,14.754618
2/22/2023,24171.3,1642.01,24.145,-0.011131839,-0.010360415,-0.033542809,1,1,-1,0.333333333,0.333333333,-0.199551008,-0.00556592,-0.005180207,0,-0.010746,14.585319
2/23/2023,23928.8,1649.69,23.909,-0.010032559,0.004677194,-0.00977428,1,1,0,0.5,0.5,0,-0.003344186,0.001559065,0.001950468,0.000165,14.58789
2/24/2023,23175.6,1607.12,23.06,-0.031476714,-0.025804848,-0.035509641,1,0,-1,0.5,0,-0.31739861,-0.015738357,-0.012902424,0,-0.028641,14.141438
2/25/2023,23146.2,1593.59,22.359,-0.001268576,-0.008418786,-0.030398959,1,0,-1,0.5,0,-0.315607425,-0.000634288,0,0.009648587,0.009014,14.277922
2/26/2023,23545.3,1640.49,23.238,0.017242571,0.029430406,0.039313028,1,1,-1,0.333333333,0.333333333,-0.208093705,0.008621286,0,-0.012407484,-0.003786,14.22008
2/27/2023,23480,1632.6,22.665,-0.002773377,-0.004809539,-0.024657888,1,1,-1,0.333333333,0.333333333,-0.207700893,-0.000924459,-0.00160318,0.005131151,0.002604,14.259713
2/28/2023,23129.6,1604.72,21.875,-0.014923339,-0.017077055,-0.034855504,0,0,-1,0,0,-0.655056174,-0.004974446,-0.005692352,0.007239519,-0.003427,14.207418
3/1/2023,23619.8,1664.46,22.499,0.021193622,0.037227678,0.028525714,1,1,-1,0.333333333,0.333333333,-0.227459812,0,0,-0.018685945,-0.018686,13.923252
3/2/2023,23457.1,1647.29,21.991,-0.006888289,-0.010315658,-0.022578781,1,1,-1,0.333333333,0.333333333,-0.226634586,-0.002296096,-0.003438553,0.005135765,-0.000599,13.914313
3/3/2023,22342.8,1568.86,21.404,-0.047503741,-0.047611532,-0.026692738,0,0,-1,0,0,-0.690162488,-0.01583458,-0.015870511,0.006049498,-0.025656,13.531672
3/4/2023,22335.7,1566.05,20.977,-0.000317776,-0.001791109,-0.019949542,0,-1,-1,0,-0.5,-0.345983408,0,0,0.013768426,0.013768,13.731744
3/5/2023,22419.4,1564.06,20.96,0.003747364,-0.001270713,-0.000810411,0,-1,-1,0,-0.5,-0.347035097,0,0.000635356,0.000280389,0.000916,13.745238
3/6/2023,22397.1,1565.17,20.622,-0.000994674,0.000709691,-0.016125954,0,-1,-1,0,-0.5,-0.346949118,0,-0.000354846,0.005596272,0.005241,13.822518
3/7/2023,22187.1,1561.29,20.233,-0.009376214,-0.002478964,-0.01886335,0,-1,-1,0,-0.5,-0.349131909,0,0.001239482,0.006544623,0.007784,13.937896
3/8/2023,21695.4,1531.82,18.413,-0.022161526,-0.018875417,-0.089952059,0,0,-1,0,0,-0.663476429,0,0.009437709,0.031405134,0.040843,14.548005
3/9/2023,20348.3,1436.42,17.318,-0.062091503,-0.062278858,-0.059468854,0,0,0,0,0,0,0,0,0.039456183,0.039456,15.161467
3/10/2023,20140.3,1425.79,18.15,-0.010221984,-0.007400343,0.048042499,0,0,0,0,0,0,0,0,0,0,15.161467
3/11/2023,20447.3,1471.03,18.061,0.01524307,0.031729778,-0.004903581,0,0,0,0,0,0,0,0,0,0,15.161467
3/12/2023,21986.2,1579.26,20.193,0.075261771,0.073574298,0.118044405,1,1,1,0.331300877,0.333333333,0.215924899,0,0,0,0,15.161467
3/13/2023,24119.5,1673.9,20.399,0.097029045,0.059926801,0.010201555,1,1,0,0.434783817,0.491168328,0,0.032145808,0.0199756,0.00220277,0.054324,16.039423
3/14/2023,24682.5,1699.93,20.87,0.023342109,0.015550511,0.023089367,1,1,0,0.433093765,0.492998049,0,0.010148771,0.007637918,0,0.017787,16.342503
3/15/2023,24288,1649.81,19.24,-0.015982984,-0.029483567,-0.07810254,1,1,0,0.430846392,0.484734347,0,-0.006922131,-0.014535341,0,-0.021457,15.970385
3/16/2023,24990.4,1672.56,19.662,0.028919631,0.013789467,0.021933472,1,1,0,0.428754475,0.491161295,0,0.012459919,0.006684228,0,0.019144,16.295266
3/17/2023,27384,1789.21,21.598,0.09578078,0.069743387,0.098464042,1,1,0,0.429671306,0.5,0,0.041066438,0.034255252,0,0.075322,17.59798
3/18/2023,26907,1758.52,21.213,-0.017418931,-0.017152822,-0.017825725,1,1,0,0.435014874,0.5,0,-0.007484415,-0.008576411,0,-0.016061,17.299278
3/19/2023,27955.7,1779.99,21.864,0.038974988,0.01220913,0.030688729,1,1,0,0.437527831,0.5,0,0.016954699,0.006104565,0,0.023059,17.721241
3/20/2023,27704.1,1731.71,22.121,-0.008999953,-0.027123748,0.011754482,1,1,0,0.43646559,0.5,0,-0.00393773,-0.013561874,0,-0.0175,17.393619
3/21/2023,28091.1,1800.14,22.526,0.013969052,0.039515854,0.018308395,1,1,0,0.43835309,0.49094852,0,0.00609701,0.019757927,0,0.025855,17.869186
3/22/2023,27233.8,1733.61,21.404,-0.030518563,-0.036958237,-0.049809109,1,1,0,0.433415362,0.479994517,0,-0.013377906,-0.018144592,0,-0.031522,17.274391
3/23/2023,28284.1,1813.27,22.157,0.038566047,0.045950358,0.03518034,1,1,0,0.429398884,0.471717729,0,0.016715117,0.02205592,0,0.038771,17.982908
3/24/2023,27438.9,1748.77,20.649,-0.029882513,-0.035571095,-0.068059755,1,1,0,0.424160511,0.462366816,0,-0.012831518,-0.016779516,0,-0.029611,17.420805
3/25/2023,27447.3,1741.02,20.394,0.000306135,-0.004431686,-0.012349266,1,1,0,0.425258917,0.462067533,0,0.00012985,-0.002049065,0,-0.001919,17.385455
3/26/2023,27954.3,1772.63,20.931,0.018471762,0.018156023,0.026331274,1,1,0,0.432171529,0.466314641,0,0.007855282,0.008389309,0,0.016245,17.684127
3/27/2023,27112,1714.35,19.887,-0.030131321,-0.032877701,-0.049878171,1,1,0,0.425143306,0.458188537,0,-0.013021899,-0.015331354,0,-0.028353,17.154376
3/28/2023,27249.7,1772.09,20.439,0.005078932,0.033680404,0.027756826,1,1,0,0.425855491,0.456568694,0,0.002159274,0.015431975,0,0.017591,17.47373
3/29/2023,28338.5,1791.89,21.086,0.039956403,0.011173247,0.031655169,1,1,0,0.420265214,0.456616857,0,0.017015654,0.005101355,0,0.022117,17.882313
3/30/2023,28015,1792.77,20.543,-0.011415565,0.000491102,-0.025751684,1,1,0,0.421001792,0.45951189,0,-0.004797565,0.000224245,0,-0.004573,17.795964
3/31/2023,28454.9,1820.81,21.161,0.015702302,0.015640601,0.03008324,1,1,0,0.421660893,0.466257978,0,0.006610697,0.007187042,0,0.013798,18.055311
4/1/2023,28443.8,1819.82,21.079,-0.000390091,-0.000543714,-0.003875053,1,1,0,0.422386909,0.467528279,0,-0.000164486,-0.000253511,0,-0.000418,18.047346
4/2/2023,28161.2,1793.56,20.509,-0.009935381,-0.014429999,-0.027041131,1,1,0,0.437599782,0.48529856,0,-0.004196575,-0.006746432,0,-0.010943,17.838911
4/3/2023,27786.1,1809.68,20.444,-0.013319745,0.008987712,-0.00316934,1,1,0,0.435339158,0.485566475,0,-0.005828717,0.004361723,0,-0.001467,17.811274
4/4/2023,28155.2,1869.11,20.905,0.01328362,0.03284006,0.022549403,1,1,0,0.435290796,0.48025674,0,0.00578288,0.015946032,0,0.021729,18.220024
4/5/2023,28154,1907.48,20.957,-4.26E-05,0.020528487,0.002487443,1,1,1,0.290258084,0.319392158,0.224392273,-1.86E-05,0.009858944,0,0.00984,18.409149
4/6/2023,28022.8,1871.33,20.608,-0.004660084,-0.018951706,-0.016653147,1,1,1,0.290817213,0.316465661,0.224544702,-0.001352627,-0.006053026,-0.003736837,-0.011142,18.192893
4/7/2023,27890.7,1862.87,20.433,-0.004714019,-0.004520849,-0.008491848,1,1,1,0.293855385,0.319150324,0.241434703,-0.001370918,-0.001430693,-0.001906799,-0.004708,18.102533
4/8/2023,27924.9,1848.02,20.025,0.001226215,-0.007971571,-0.019967699,1,1,1,0.316748803,0.333333333,0.249664882,0.00036033,-0.002544129,-0.004820896,-0.007005,17.968719
4/9/2023,28309.4,1857.84,20.278,0.013769073,0.005313795,0.012634207,1,1,1,0.319112151,0.333333333,0.254159427,0.004361338,0.001771265,0.003154318,0.009287,18.144882
4/10/2023,29623.1,1908.9,20.893,0.046405081,0.027483529,0.030328435,1,1,1,0.313409386,0.333333333,0.252784535,0.014808425,0.009161176,0.007708258,0.031678,18.751353
4/11/2023,30185.1,1888.89,22.999,0.018971681,-0.010482477,0.100799311,1,1,1,0.333333333,0.333333333,0.262427334,0.005945903,-0.003494159,0.025480507,0.027932,19.303048
4/12/2023,29875,1916.86,23.798,-0.010273281,0.014807638,0.034740641,1,1,1,0.333333333,0.333333333,0.260093101,-0.003424427,0.004935879,0.009116894,0.010628,19.518829
4/13/2023,30362.7,2011.8,24.424,0.016324686,0.049528917,0.026304731,1,1,1,0.333333333,0.333333333,0.259760563,0.005441562,0.016509639,0.006841679,0.028793,20.109628
4/14/2023,30453.1,2099.77,24.721,0.002977337,0.043727011,0.01216017,1,1,1,0.333333333,0.333333333,0.282626901,0.000992446,0.01457567,0.003158733,0.018727,20.504948
4/15/2023,30280.4,2091.2,24.057,-0.005671015,-0.004081399,-0.026859755,1,1,1,0.333333333,0.333333333,0.278992043,-0.001890338,-0.001360466,-0.007591289,-0.010842,20.271791
4/16/2023,30286.6,2118.09,25.352,0.000204753,0.012858646,0.053830486,1,1,1,0.333333333,0.333333333,0.302946799,6.83E-05,0.004286215,0.015018277,0.019373,20.683889
4/17/2023,29420,2074.49,24.59,-0.028613314,-0.020584583,-0.0300568,1,1,1,0.333333333,0.333333333,0.299821453,-0.009537771,-0.006861528,-0.009105611,-0.025505,20.130842
4/18/2023,30365.8,2103.29,24.829,0.032148199,0.01388293,0.009719398,1,1,1,0.333333333,0.333333333,0.302530996,0.010716066,0.004627643,0.002914084,0.018258,20.516649
4/19/2023,28795.1,1932.83,22.655,-0.051725955,-0.081044459,-0.087558903,1,1,1,0.333333333,0.333333333,0.272238671,-0.017241985,-0.02701482,-0.026489282,-0.070746,18.994432
4/20/2023,28229.9,1942.11,22.184,-0.01962834,0.00480125,-0.020790113,1,1,0,0.5,0.5,0,-0.00654278,0.001600417,-0.005659873,-0.010602,18.782451
4/21/2023,27252.5,1848,21.247,-0.034622864,-0.048457605,-0.042237649,1,1,0,0.5,0.5,0,-0.017311432,-0.024228803,0,-0.04154,17.960688
4/22/2023,27807.2,1873.39,21.782,0.020354096,0.013739177,0.025180025,0,1,0,0,1,0,0.010177048,0.006869589,0,0.017047,18.283911
4/23/2023,27576,1861.3,21.461,-0.008314393,-0.006453541,-0.014736939,1,1,1,0.333333333,0.333333333,0.292200551,0,-0.006453541,0,-0.006454,18.159452
4/24/2023,27497.5,1841.19,21.373,-0.002846678,-0.010804277,-0.004100461,1,1,1,0.333333333,0.333333333,0.292867669,-0.000948893,-0.003601426,-0.001198157,-0.005748,18.049324
4/25/2023,28286.7,1865.4,21.924,0.028700791,0.013149105,0.02578019,1,1,1,0.333333333,0.333333333,0.292971763,0.00956693,0.004383035,0.007550184,0.0215,18.458884
4/26/2023,28395.9,1865.02,21.256,0.003860472,-0.00020371,-0.030468893,1,1,1,0.333333333,0.333333333,0.299751308,0.001286824,-6.79E-05,-0.008926525,-0.007708,18.308895
4/27/2023,29459,1907.67,22.326,0.037438503,0.022868387,0.050338728,1,1,1,0.333333333,0.333333333,0.293115181,0.012479501,0.007622796,0.0150891,0.035191,18.988395
4/28/2023,29300,1890.13,23.331,-0.005397332,-0.009194462,0.045014781,1,1,1,0.333333333,0.333333333,0.289524558,-0.001799111,-0.003064821,0.013194516,0.008331,19.154918
4/29/2023,29212.7,1907.01,23.175,-0.002979522,0.008930603,-0.006686383,1,1,1,0.333333333,0.333333333,0.292562621,-0.000993174,0.002976868,-0.001935872,4.80E-05,19.155885
4/30/2023,29223,1868.41,22.729,0.000352586,-0.02024111,-0.019244876,1,1,1,0.333333333,0.333333333,0.293186261,0.000117529,-0.006747037,-0.005630331,-0.01226,18.908774
5/1/2023,28054.4,1829.97,21.939,-0.03998905,-0.020573643,-0.034757358,0,1,1,0,0.5,0.431984003,-0.013329683,-0.006857881,-0.01019038,-0.030378,18.303985
5/2/2023,28656.5,1869.2,22.244,0.021461874,0.02143751,0.013902183,1,1,1,0.333333333,0.333333333,0.290869109,0,0.010718755,0.006005521,0.016724,18.626825
5/3/2023,29018.4,1904.74,22.227,0.012628897,0.019013482,-0.000764251,1,1,1,0.333333333,0.333333333,0.290968607,0.004209632,0.006337827,-0.000222297,0.010325,18.829472
5/4/2023,28826,1876.13,21.726,-0.006630276,-0.015020423,-0.022540154,1,1,1,0.333333333,0.333333333,0.290044385,-0.002210092,-0.005006808,-0.006558477,-0.013775,18.556321
5/5/2023,29491.5,1992.56,22.813,0.023086797,0.062058599,0.050032219,1,1,1,0.333333333,0.333333333,0.28180969,0.007695599,0.0206862,0.014511564,0.042893,19.395151
5/6/2023,28837.8,1895.29,21.908,-0.022165709,-0.048816598,-0.039670363,1,1,1,0.333333333,0.333333333,0.276873429,-0.00738857,-0.016272199,-0.011179493,-0.03484,18.684584
5/7/2023,28419.4,1869.5,21.659,-0.014508735,-0.013607416,-0.011365711,1,1,1,0.333333333,0.333333333,0.276631747,-0.004836245,-0.004535805,-0.003146863,-0.012519,18.438152
5/8/2023,27659.8,1846.54,20.615,-0.026728221,-0.012281359,-0.048201671,0,0,1,0,0,0.810171273,-0.008909407,-0.004093786,-0.013334113,-0.026337,17.92621
5/9/2023,27610.2,1845.8,20.648,-0.001793216,-0.00040075,0.001600776,0,0,1,0,0,0.811324633,0,0,0.001296903,0.001297,17.950757
5/10/2023,27582.9,1839.86,20.909,-0.000988765,-0.003218117,0.012640449,0,0,1,0,0,0.818166043,0,0,0.010255508,0.010256,18.145116
5/11/2023,26956.4,1793.24,20.163,-0.022713348,-0.025338884,-0.035678416,0,0,0,0,0,0,0,0,-0.029190868,-0.029191,17.586251
5/12/2023,26785.1,1806.53,20.898,-0.006354706,0.007411166,0.036452909,0,0,0,0,0,0,0,0,0,0,17.586251
5/13/2023,26762.7,1794.44,20.832,-0.000836286,-0.006692388,-0.003158197,0,0,0,0,0,0,0,0,0,0,17.586251
5/14/2023,26901.9,1798.25,20.917,0.005201269,0.002123225,0.004080261,0,0,-1,0,0,-0.939379694,0,0,0,0,17.586251
5/15/2023,27152.5,1815.56,20.971,0.009315327,0.009626025,0.002581632,0,0,-1,0,0,-0.945949369,0,0,-0.002425133,-0.002425,17.541179
5/16/2023,27024.8,1823.53,20.669,-0.004703066,0.00438983,-0.014400839,0,0,-1,0,0,-1,0,0,0.013622465,0.013622,17.793747
5/17/2023,27395.8,1821.65,21.047,0.013728131,-0.001030967,0.018288258,0,0,-1,0,0,-1,0,0,-0.018288258,-0.018288,17.450047
5/18/2023,26809.3,1799.69,20.329,-0.021408391,-0.012055005,-0.034114126,0,0,-1,0,0,-0.99097585,0,0,0.034114126,0.034114,18.079452
5/19/2023,26870.1,1811.38,20.343,0.00226787,0.006495563,0.000688671,0,0,-1,0,0,-1,0,0,-0.000682457,-0.000682,18.06644
5/20/2023,27089.5,1818.59,20.264,0.00816521,0.003980391,-0.0038834,0,0,-1,0,0,-1,0,0,0.0038834,0.003883,18.140475
5/21/2023,26732.8,1803.89,19.605,-0.013167463,-0.008083185,-0.032520726,0,0,-1,0,0,-1,0,0,0.032520726,0.032521,18.762942
5/22/2023,26840.2,1816.67,19.514,0.004017537,0.007084689,-0.004641673,0,0,-1,0,0,-1,0,0,0.004641673,0.004642,18.854682
5/23/2023,27209.9,1853.36,20.024,0.013774115,0.020196293,0.026135083,0,0,-1,0,0,-1,0,0,-0.026135083,-0.026135,18.33578
5/24/2023,26313.8,1798.84,19.201,-0.032932866,-0.029416843,-0.041100679,0,0,-1,0,0,-1,0,0,0.041100679,0.041101,19.130499
5/25/2023,26461.8,1804.65,19.243,0.005624425,0.003229859,0.002187386,0,0,-1,0,0,-1,0,0,-0.002187386,-0.002187,19.086474
5/26/2023,26689.9,1826.81,19.349,0.008619973,0.012279389,0.005508497,0,0,-1,0,0,-1,0,0,-0.005508497,-0.005508,18.975838
5/27/2023,26841.6,1828.85,20.415,0.005683798,0.001116701,0.055093286,0,0,-1,0,0,-1,0,0,-0.055093286,-0.055093,17.875309
5/28/2023,28055.7,1908.36,20.797,0.045232028,0.043475408,0.018711732,0,1,-1,0,0.5,-0.5,0,0,-0.018711732,-0.018712,17.522114
5/29/2023,27722,1891.5,20.575,-0.011894196,-0.008834811,-0.010674617,0,0,-1,0,0,-1,0,-0.004417406,0.005337308,0.00092,17.539154
5/30/2023,27680.1,1899.81,21.244,-0.001511435,0.004393339,0.032515188,0,1,-1,0,0.5,-0.5,0,0,-0.032515188,-0.032515,16.936354
5/31/2023,27201.1,1872.84,20.809,-0.017304851,-0.014196156,-0.02047637,0,1,-1,0,0.5,-0.5,0,-0.007098078,0.010238185,0.00314,16.992674
6/1/2023,26805.3,1860.59,20.486,-0.014550882,-0.006540868,-0.01552213,0,0,-1,0,0,-1,0,-0.003270434,0.007761065,0.004491,17.073479
6/2/2023,27227.8,1905.58,21.247,0.015761808,0.024180502,0.03714732,0,1,-1,0,0.5,-0.5,0,0,-0.03714732,-0.037147,16.402104
6/3/2023,27054.9,1890.91,21.183,-0.006350127,-0.007698444,-0.00301219,0,1,-1,0,0.5,-0.5,0,-0.003849222,0.001506095,-0.002343,16.36133
6/4/2023,27102.4,1888.54,21.814,0.001755689,-0.001253365,0.029788038,0,0,-1,0,0,-1,0,-0.000626682,-0.014894019,-0.015521,16.091865
6/5/2023,25714.7,1810.03,19.997,-0.051202108,-0.041571796,-0.083295132,0,0,-1,0,0,-1,0,0,0.083295132,0.083295,17.515532
6/6/2023,27221.5,1883.26,20.379,0.058596834,0.040457893,0.019102865,0,1,-1,0,0.5,-0.5,0,0,-0.019102865,-0.019103,17.16183
6/7/2023,26325.9,1831.31,18.627,-0.032900465,-0.027585145,-0.085970852,0,0,-1,0,0,-0.977312288,0,-0.013792572,0.042985426,0.029193,17.692028
6/8/2023,26485.9,1844.94,18.873,0.006077665,0.00744276,0.013206636,0,0,-1,0,0,-0.973518622,0,0,-0.012907007,-0.012907,17.45077
6/9/2023,26468.1,1839.61,17.384,-0.000672056,-0.002888983,-0.078895777,0,0,-1,0,0,-0.897463396,0,0,0.076806508,0.076807,18.867919
6/10/2023,25826.6,1750.64,15.605,-0.024236723,-0.048363512,-0.102335481,0,0,-1,0,0,-0.807859859,0,0,0.091842348,0.091842,20.692628
6/11/2023,25909.9,1751.8,15.534,0.003225357,0.000662615,-0.004549824,0,0,-1,0,0,-0.826946325,0,0,0.00367562,0.003676,20.77237
6/12/2023,25894.8,1741.61,15.183,-0.000582789,-0.005816874,-0.022595597,0,0,-1,0,0,-0.825629162,0,0,0.018685346,0.018685,21.179187
6/13/2023,25918,1739.24,15.025,0.000895933,-0.00136081,-0.010406376,0,0,-1,0,0,-0.827586827,0,0,0.008591807,0.008592,21.36975
6/14/2023,25115.9,1650.18,14.476,-0.030947604,-0.051206274,-0.036539101,0,0,-1,0,0,-0.82291422,0,0,0.030239279,0.030239,22.046189
6/15/2023,25586.1,1665.64,14.766,0.018721208,0.009368675,0.020033158,0,-1,-1,0,-0.5,-0.406906575,0,0,-0.016485571,-0.016486,21.66625
6/16/2023,26336,1717.31,15.306,0.029308883,0.031021109,0.0365705,0,0,-1,0,0,-0.801184393,0,-0.015510555,-0.014880777,-0.030391,20.9774
6/17/2023,26508.9,1727.2,15.633,0.006565158,0.005759007,0.021364171,0,0,-1,0,0,-0.798706929,0,0,-0.01711664,-0.017117,20.601213
6/18/2023,26329.7,1719.99,15.43,-0.006759994,-0.004174386,-0.012985352,0,0,-1,0,0,-0.799200681,0,0,0.01037149,0.010371,20.825239
6/19/2023,26828.5,1736.21,16.1,0.018944386,0.009430287,0.043421905,0,0,-1,0,0,-0.777040316,0,0,-0.034702816,-0.034703,20.067838
6/20/2023,28290.6,1791.37,16.632,0.054498015,0.03177035,0.033043478,1,0,-1,0.5,0,-0.385337031,0,0,-0.025676115,-0.025676,19.5269
6/21/2023,29988.5,1888.31,17.22,0.060016401,0.054115007,0.035353535,1,1,-1,0.333333333,0.333333333,-0.25286436,0.030008201,0,-0.013623026,0.016385,19.863233
6/22/2023,29875,1871.36,16.62,-0.003784784,-0.00897628,-0.034843206,1,1,-1,0.333333333,0.333333333,-0.252854474,-0.001261595,-0.002992093,0.008810605,0.004557,19.958307
6/23/2023,30673.4,1892.2,17.129,0.026724686,0.011136286,0.030625752,1,1,-1,0.333333333,0.333333333,-0.253254727,0.008908229,0.003712095,-0.007743858,0.004876,20.060499
6/24/2023,30524.2,1874.48,16.634,-0.004864149,-0.009364761,-0.02889836,1,1,-1,0.333333333,0.333333333,-0.251697915,-0.001621383,-0.003121587,0.007318646,0.002576,20.114751
6/25/2023,30458,1898.27,16.947,-0.002168771,0.01269152,0.018816881,1,1,-1,0.333333333,0.333333333,-0.250641271,-0.000722924,0.004230507,-0.00473617,-0.001229,20.088801
6/26/2023,30260.1,1858.14,16.264,-0.006497472,-0.021140301,-0.040302118,1,1,-1,0.333333333,0.333333333,-0.256779633,-0.002165824,-0.007046767,0.010101374,0.000889,20.107549
6/27/2023,30683.2,1889.05,16.621,0.013982108,0.016634914,0.02195032,1,0,-1,0.5,0,-0.384472661,0.004660703,0.005544971,-0.005636395,0.004569,20.20399
6/28/2023,30066.3,1827.26,15.967,-0.020105465,-0.032709563,-0.039347813,1,0,-1,0.5,0,-0.380452537,-0.010052732,0,0.015128158,0.005075,20.3116
6/29/2023,30439.9,1851.19,17.988,0.012425872,0.013096111,0.126573558,1,0,-1,0.5,0,-0.330423575,0.006212936,0,-0.048155231,-0.041942,19.417749
6/30/2023,30460.2,1933.41,18.858,0.000666888,0.044414674,0.048365577,1,1,-1,0.333333333,0.333333333,-0.216398182,0.000333444,0,-0.015981127,-0.015648,19.098252
7/1/2023,30573.6,1924.08,18.677,0.003722891,-0.004825671,-0.009598049,1,1,-1,0.333333333,0.333333333,-0.216597191,0.001240964,-0.001608557,0.002077,0.001709,19.1326
7/2/2023,30612.7,1937.69,19.453,0.001278881,0.00707351,0.041548429,1,1,-1,0.333333333,0.333333333,-0.216019534,0.000426294,0.002357837,-0.008999273,-0.006215,19.007476
7/3/2023,31149,1955,19.251,0.017518873,0.008933318,-0.010384002,1,1,-1,0.333333333,0.333333333,-0.215907817,0.005839624,0.002977773,0.002243147,0.011061,19.228778
7/4/2023,30756.1,1935.72,19.13,-0.012613567,-0.009861893,-0.006285388,1,1,-1,0.333333333,0.333333333,-0.217571011,-0.004204522,-0.003287298,0.001357064,-0.006135,19.104675
7/5/2023,30488.4,1909.88,18.981,-0.008703964,-0.013349038,-0.007788813,1,1,-1,0.333333333,0.333333333,-0.229082651,-0.002901321,-0.004449679,0.00169462,-0.005656,18.990963
7/6/2023,29874.4,1844.82,19.592,-0.020138807,-0.034064967,0.032190085,1,0,0,1,0,0,-0.006712936,-0.011354989,-0.00737419,-0.025442,18.482353
7/7/2023,30327.9,1870,21.484,0.015180221,0.013649028,0.096570029,1,1,1,0.333333333,0.333333333,0.22608957,0.015180221,0,0,0.01518,18.778095
7/8/2023,30269.3,1864.45,21.807,-0.001932214,-0.002967914,0.015034444,1,1,1,0.333333333,0.333333333,0.226034461,-0.000644071,-0.000989305,0.003399131,0.001766,18.813023
7/9/2023,30147.8,1861.81,21.314,-0.004013968,-0.001415967,-0.02260742,1,1,1,0.333333333,0.333333333,0.238812261,-0.001337989,-0.000471989,-0.005110056,-0.00692,18.675917
7/10/2023,30396.9,1879.34,21.286,0.008262626,0.009415569,-0.001313691,1,1,1,0.333333333,0.333333333,0.270756594,0.002754209,0.003138523,-0.000313725,0.005579,18.785689
7/11/2023,30608.4,1877.66,22.05,0.006957946,-0.000893931,0.035892136,1,1,1,0.333333333,0.333333333,0.269777721,0.002319315,-0.000297977,0.009718032,0.011739,19.017953
7/12/2023,30368.9,1870.81,21.928,-0.007824649,-0.003648158,-0.00553288,1,1,1,0.333333333,0.333333333,0.272647701,-0.002608216,-0.001216053,-0.001492648,-0.005317,18.911517
7/13/2023,31441.7,2004.78,26.018,0.035325613,0.071610693,0.186519518,1,1,1,0.333333333,0.333333333,0.211548577,0.011775204,0.023870231,0.050854118,0.0865,20.633864
7/14/2023,30293.3,1936.74,26.671,-0.036524743,-0.033938886,0.025098009,1,1,1,0.333333333,0.333333333,0.21655534,-0.012174914,-0.011312962,0.005309448,-0.018178,20.240603
7/15/2023,30276.4,1930.4,27.459,-0.000557879,-0.003273542,0.029545199,1,1,1,0.333333333,0.333333333,0.216464377,-0.00018596,-0.001091181,0.006398171,0.005121,20.349376
7/16/2023,30216.8,1920.97,27.404,-0.00196853,-0.004884998,-0.002002986,1,1,1,0.333333333,0.333333333,0.215970374,-0.000656177,-0.001628333,-0.000433575,-0.002718,20.291349
7/17/2023,30126.1,1910.37,26.79,-0.003001641,-0.005518046,-0.022405488,1,1,1,0.333333333,0.333333333,0.213186777,-0.001000547,-0.001839349,-0.004838922,-0.007679,20.127853
7/18/2023,29845.6,1896.46,25.544,-0.009310863,-0.007281312,-0.046509892,1,1,1,0.333333333,0.333333333,0.208406018,-0.003103621,-0.002427104,-0.009915294,-0.015446,19.801512
7/19/2023,29895.5,1887.55,26.298,0.001671938,-0.004698227,0.029517695,1,1,1,0.333333333,0.333333333,0.209146958,0.000557313,-0.001566076,0.006151665,0.005143,19.908494
7/20/2023,29791,1890.56,25.365,-0.003495509,0.00159466,-0.035477983,1,1,1,0.333333333,0.333333333,0.205740189,-0.00116517,0.000531553,-0.007420112,-0.008054,19.740097
7/21/2023,29891.4,1890.84,25.493,0.003370145,0.000148104,0.005046324,0,1,1,0,0.5,0.30928038,0.001123382,4.94E-05,0.001038232,0.002211,19.785953
7/22/2023,29783.5,1865.6,24.512,-0.003609734,-0.013348565,-0.038481152,0,0,1,0,0,0.617033198,0,-0.006674282,-0.011901465,-0.018576,19.399833
7/23/2023,30070.8,1887.86,24.752,0.009646281,0.011931818,0.009791123,0,0,1,0,0,0.618121621,0,0,0.006041448,0.006041,19.523069
7/24/2023,29163.8,1849.04,23.354,-0.030162151,-0.020562965,-0.056480284,0,0,1,0,0,0.605804022,0,0,-0.034911685,-0.034912,18.806567
7/25/2023,29216.3,1856.91,23.264,0.001800177,0.004256263,-0.00385373,0,0,1,0,0,0.604970709,0,0,-0.002334605,-0.002335,18.760319
7/26/2023,29336,1870.98,25.163,0.004097028,0.007577104,0.081628267,0,1,1,0,0.5,0.299331655,0,0,0.049382711,0.049383,19.736143
7/27/2023,29209.7,1860.28,25.08,-0.00430529,-0.005718928,-0.003298494,0,0,1,0,0,0.597500005,0,-0.002859464,-0.000987344,-0.003847,19.656371
7/28/2023,29299.9,1873.39,24.798,0.003088015,0.007047326,-0.011244019,0,1,1,0,0.5,0.303122894,0,0,-0.006718301,-0.006718,19.517601
7/29/2023,29339.1,1879.85,25.159,0.001337889,0.003448294,0.014557626,0,1,1,0,0.5,0.331217201,0,0.001724147,0.00441275,0.006137,19.643518
7/30/2023,29271.1,1860.76,24.236,-0.002317726,-0.010155066,-0.036686673,0,0,1,0,0,0.658144983,0,-0.005077533,-0.012151257,-0.017229,19.287851
7/31/2023,29220.8,1855.39,23.716,-0.001718419,-0.002885918,-0.021455686,0,0,1,0,0,0.655237889,0,0,-0.014120952,-0.014121,19.001366
8/1/2023,29701.2,1873.05,24.045,0.016440344,0.009518214,0.013872491,0,0,1,0,0,0.660509154,0,0,0.009089782,0.00909,19.183178
8/2/2023,29170.1,1839.07,23.135,-0.017881432,-0.018141534,-0.037845706,0,-1,1,0,-0.5,0.32594525,0,0,-0.024997435,-0.024997,18.67866
8/3/2023,29180.2,1834.69,22.634,0.000346245,-0.002381639,-0.0216555,0,-1,1,0,-0.5,0.324399628,0,0.001190819,-0.007058507,-0.005868,18.563185
8/4/2023,29101.1,1829.4,22.792,-0.002710742,-0.002883321,0.006980649,0,-1,1,0,-0.5,0.324918256,0,0.00144166,0.00226452,0.003706,18.635686
8/5/2023,29057.7,1835.5,22.641,-0.001491353,0.003334427,-0.006625132,0,-1,1,0,-0.5,0.326088224,0,-0.001667213,-0.002152626,-0.00382,18.560678
8/6/2023,29075.9,1829.38,23.182,0.00062634,-0.003334241,0.023894704,0,-1,1,0,-0.5,0.347627747,0,0.001667121,0.007791782,0.009459,18.745703
8/7/2023,29202.7,1828.18,23.108,0.004361,-0.00065596,-0.003192132,0,-1,1,0,-0.5,0.347923826,0,0.00032798,-0.001109674,-0.000782,18.730261
8/8/2023,29759,1855.36,24.205,0.019049608,0.014867245,0.047472737,0,-1,1,0,-0.5,0.344504069,0,-0.007433623,0.016516896,0.009083,18.909471
8/9/2023,29572.8,1854.7,24.375,-0.006256931,-0.000355726,0.007023342,-1,-1,1,-0.333333333,-0.333333333,0.229748106,0,0.000177863,0.00241957,0.002597,18.961176
8/10/2023,29443.7,1851.42,24.614,-0.004365498,-0.00176848,0.009805128,-1,-1,1,-0.333333333,-0.333333333,0.231542147,0.001455166,0.000589493,0.00225271,0.004297,19.046949
8/11/2023,29415.5,1848.04,24.613,-0.00095776,-0.001825626,-4.06E-05,-1,-1,1,-0.333333333,-0.333333333,0.231702745,0.000319253,0.000608542,-9.41E-06,0.000918,19.065352
8/12/2023,29420.7,1849.14,24.902,0.000176778,0.000595225,0.011741762,-1,-1,0,-0.5,-0.5,0,-5.89E-05,-0.000198408,0.002720599,0.002463,19.114773
8/13/2023,29293.3,1840.09,24.216,-0.004330284,-0.004894167,-0.027547988,-1,-1,0,-0.5,-0.5,0,0.002165142,0.002447084,0,0.004612,19.207543
8/14/2023,29419.5,1844.81,25.175,0.004308152,0.002565092,0.039601916,-1,-1,-1,-0.333333333,-0.333333333,-0.333333333,-0.002154076,-0.001282546,0,-0.003437,19.138089
8/15/2023,29188.8,1828.28,23.889,-0.007841738,-0.008960272,-0.051082423,-1,-1,-1,-0.333333333,-0.333333333,-0.333333333,0.002613913,0.002986757,0.017027474,0.022628,19.593774
8/16/2023,28714.4,1807.19,22.811,-0.016252809,-0.011535432,-0.045125372,-1,-1,-1,-0.333333333,-0.333333333,-0.328286727,0.005417603,0.003845144,0.015041791,0.024305,20.094306
8/17/2023,26609.7,1681,21.661,-0.073297718,-0.069826637,-0.050414274,-1,-1,-1,-0.333333333,-0.333333333,-0.326410378,0.024432573,0.023275546,0.016550337,0.064258,21.449784
8/18/2023,26042.1,1660.76,21.336,-0.021330567,-0.012040452,-0.015003924,-1,-1,-1,-0.333333333,-0.333333333,-0.332926432,0.007110189,0.004013484,0.004897437,0.016021,21.809452
8/19/2023,26088.3,1668.69,21.88,0.00177405,0.004774922,0.025496813,-1,-1,0,-0.5,-0.5,0,-0.00059135,-0.001591641,-0.008488563,-0.010672,21.566029
8/20/2023,26175.9,1684.16,21.76,0.003357827,0.009270745,-0.005484461,-1,-1,-1,-0.333333333,-0.333333333,-0.33313608,-0.001678914,-0.004635373,0,-0.006314,21.423547
8/21/2023,26115.4,1666.79,21.187,-0.002311286,-0.010313747,-0.026332721,-1,-1,-1,-0.333333333,-0.333333333,-0.333333333,0.000770429,0.003437916,0.008772379,0.012981,21.714627
8/22/2023,26044.4,1634.5,20.572,-0.002718702,-0.019372566,-0.029027234,-1,-1,-1,-0.333333333,-0.333333333,-0.333333333,0.000906234,0.006457522,0.009675745,0.01704,22.101685
8/23/2023,26419.2,1678.8,21.717,0.01439081,0.02710309,0.055658176,-1,-1,-1,-0.333333333,-0.333333333,-0.330593663,-0.004796937,-0.009034363,-0.018552725,-0.032384,21.35356
8/24/2023,26164.6,1660.22,21.039,-0.009636931,-0.011067429,-0.031219782,-1,-1,-1,-0.333333333,-0.333333333,-0.325981247,0.00321231,0.003689143,0.010321062,0.017223,21.738555
8/25/2023,26051.7,1653.24,20.409,-0.00431499,-0.004204262,-0.029944389,-1,-1,-1,-0.333333333,-0.333333333,-0.333333333,0.00143833,0.001401421,0.009761309,0.012601,22.025084
8/26/2023,26004.3,1646.28,20.272,-0.001819459,-0.004209915,-0.006712725,-1,-1,-1,-0.333333333,-0.333333333,-0.333333333,0.000606486,0.001403305,0.002237575,0.004247,22.122871
8/27/2023,26087.7,1657.59,20.779,0.003207162,0.006870034,0.025009866,-1,-1,-1,-0.333333333,-0.333333333,-0.333333333,-0.001069054,-0.002290011,-0.008336622,-0.011696,21.852426
8/28/2023,26106.5,1652.51,20.549,0.000720646,-0.00306469,-0.011068868,-1,-1,-1,-0.333333333,-0.333333333,-0.333333333,-0.000240215,0.001021563,0.003689623,0.004471,21.954599
8/29/2023,27700.1,1728.51,21.772,0.061042269,0.045990645,0.059516278,-1,-1,-1,-0.333333333,-0.333333333,-0.333333333,-0.020347423,-0.015330215,-0.019838759,-0.055516,20.680252
8/30/2023,27290.4,1704.39,20.807,-0.01479056,-0.013954215,-0.044322984,-1,-1,-1,-0.333333333,-0.333333333,-0.333333333,0.004930187,0.004651405,0.014774328,0.024356,21.208296
8/31/2023,25928,1645.27,19.72,-0.049922317,-0.034686897,-0.052242034,-1,-1,-1,-0.333333333,-0.333333333,-0.325730615,0.016640772,0.011562299,0.017414011,0.045617,22.221372
9/1/2023,25795.6,1628.19,19.315,-0.005106449,-0.010381275,-0.020537525,-1,-1,-1,-0.333333333,-0.333333333,-0.330224457,0.00170215,0.003460425,0.006689701,0.011852,22.496591
9/2/2023,25855.8,1636.24,19.48,0.002333731,0.00494414,0.008542583,-1,-1,-1,-0.333333333,-0.333333333,-0.330755116,-0.00077791,-0.001648047,-0.00282097,-0.005247,22.373305
9/3/2023,25962.1,1635.02,19.555,0.004111263,-0.000745612,0.003850103,-1,-1,-1,-0.333333333,-0.333333333,-0.331111179,-0.001370421,0.000248537,-0.001273441,-0.002395,22.317326
9/4/2023,25814,1630.09,19.514,-0.005704469,-0.003015254,-0.00209665,-1,-1,-1,-0.333333333,-0.333333333,-0.331102179,0.00190149,0.001005085,0.000694224,0.003601,22.401291
9/5/2023,25779.7,1633.63,20.257,-0.001328736,0.002171659,0.038075228,-1,-1,-1,-0.333333333,-0.333333333,-0.325543019,0.000442912,-0.000723886,-0.012606791,-0.012888,22.099696
9/6/2023,25747.4,1632.33,19.62,-0.001252924,-0.000795774,-0.03144592,-1,-1,-1,-0.333333333,-0.333333333,-0.321668506,0.000417641,0.000265258,0.010237,0.01092,22.351944
9/7/2023,26240.7,1647.27,19.9,0.019159216,0.009152561,0.014271152,-1,-1,-1,-0.333333333,-0.333333333,-0.333333333,-0.006386405,-0.003050854,-0.00459058,-0.014028,22.024363
9/8/2023,25899.8,1635.78,19.596,-0.012991269,-0.006975177,-0.015276382,-1,-1,-1,-0.333333333,-0.333333333,-0.333333333,0.004330423,0.002325059,0.005092127,0.011748,22.294853
9/9/2023,25892.6,1634.8,19.425,-0.000277994,-0.000599103,-0.008726271,-1,-1,-1,-0.333333333,-0.333333333,-0.333333333,9.27E-05,0.000199701,0.002908757,0.003201,22.36942
9/10/2023,25828.4,1616.47,18.219,-0.002479473,-0.011212381,-0.062084942,-1,-1,-1,-0.333333333,-0.333333333,-0.321615949,0.000826491,0.00373746,0.020694981,0.025259,22.959708
9/11/2023,25150.4,1551.03,17.715,-0.026250174,-0.040483275,-0.027663428,-1,-1,-1,-0.333333333,-0.333333333,-0.322510769,0.008750058,0.013494425,0.008897,0.031141,23.705838
9/12/2023,25825.8,1592.29,17.904,0.026854444,0.026601678,0.010668925,-1,-1,-1,-0.333333333,-0.333333333,-0.321826603,-0.008951481,-0.008867226,-0.003440843,-0.02126,23.180592
9/13/2023,26209.9,1606.68,18.389,0.014872724,0.009037298,0.027088919,-1,-1,-1,-0.333333333,-0.333333333,-0.32763081,-0.004957575,-0.003012433,-0.008717935,-0.016688,22.777066
9/14/2023,26510.3,1625.65,18.835,0.011461318,0.011806956,0.02425363,-1,-1,-1,-0.333333333,-0.333333333,-0.331663002,-0.003820439,-0.003935652,-0.007946236,-0.015702,22.403718
9/15/2023,26591.1,1640.67,19.136,0.003047872,0.009239381,0.015980887,-1,-1,-1,-0.333333333,-0.333333333,-0.333333333,-0.001015957,-0.003079794,-0.005300269,-0.009396,22.183817
9/16/2023,26546.9,1633.68,19.112,-0.00166221,-0.004260455,-0.001254181,-1,-1,-1,-0.333333333,-0.333333333,-0.333333333,0.00055407,0.001420152,0.00041806,0.002392,22.239273
9/17/2023,26514.2,1621.62,18.798,-0.001231782,-0.007382107,-0.016429468,0,-1,-1,0,-0.5,-0.5,0.000410594,0.002460702,0.005476489,0.008348,22.433274
9/18/2023,26749.9,1635.63,19.628,0.008889576,0.008639509,0.044153633,1,-1,0,0.5,-0.5,0,0,-0.004319754,-0.022076817,-0.026397,21.814706
9/19/2023,27196,1642.49,20.019,0.016676698,0.004194103,0.019920522,1,-1,0,0.5,-0.5,0,0.008338349,-0.002097051,0,0.006241,21.957093
9/20/2023,27107.7,1621.6,20.278,-0.003246801,-0.012718494,0.012937709,0,-1,0,0,-1,0,-0.001623401,0.006359247,0,0.004736,22.065817
9/21/2023,26552.6,1583,19.442,-0.020477576,-0.023803651,-0.041226945,1,-1,0,0.5,-0.5,0,0,0.023803651,0,0.023804,22.614876
9/22/2023,26566.7,1592.28,19.417,0.000531021,0.005862287,-0.001285876,1,-1,0,0.5,-0.5,0,0.000265511,-0.002931143,0,-0.002666,22.551919
9/23/2023,26563.1,1592.97,19.472,-0.000135508,0.000433341,0.002832569,0,-1,0,0,-1,0,-6.78E-05,-0.00021667,0,-0.000284,22.54523
9/24/2023,26232.4,1579.99,19.351,-0.012449601,-0.008148302,-0.006214051,0,-1,-1,0,-0.5,-0.5,0,0.008148302,0,0.008148,22.737077
9/25/2023,26290.5,1587.69,19.381,0.002214818,0.004873449,0.001550307,0,-1,-1,0,-0.5,-0.5,0,-0.002436724,-0.000775154,-0.003212,22.660833
9/26/2023,26208.8,1593.3,19.016,-0.003107586,0.003533435,-0.018832878,0,-1,-1,0,-0.5,-0.5,0,-0.001766718,0.009416439,0.00765,22.841839
9/27/2023,26359.6,1597.89,19.12,0.005753793,0.002880813,0.005469079,0,-1,-1,0,-0.5,-0.5,0,-0.001440407,-0.002734539,-0.004175,22.742299
9/28/2023,27011.8,1652.13,19.948,0.024742409,0.033944765,0.043305439,-1,-1,-1,-0.333333333,-0.333333333,-0.333333333,0,-0.016972382,-0.02165272,-0.038625,21.825253
9/29/2023,26890.9,1666.61,20.26,-0.004475822,0.008764443,0.015640666,0,-1,-1,0,-0.5,-0.5,0.001491941,-0.002921481,-0.005213555,-0.006643,21.673624
9/30/2023,26950.9,1670.18,21.348,0.002231238,0.002142073,0.053701876,0,0,1,0,0,1,0,-0.001071036,-0.026850938,-0.027922,21.040532
10/1/2023,27981.4,1733.39,23.873,0.0382362,0.03784622,0.118278059,1,0,1,0.5,0,0.476177544,0,0,0.118278059,0.118278,23.647441
10/2/2023,27477.6,1661.49,23.366,-0.018004817,-0.041479413,-0.021237381,1,0,1,0.5,0,0.470242231,-0.009002409,0,-0.010112764,-0.019115,23.176306
10/3/2023,27412,1656.18,23.594,-0.002387399,-0.003195927,0.009757768,1,0,1,0.5,0,0.470233756,-0.0011937,0,0.004588514,0.003395,23.258384
10/4/2023,27759.8,1645.75,23.106,0.012687874,-0.006297625,-0.020683225,1,0,1,0.5,0,0.465473597,0.006343937,0,-0.00972595,-0.003382,23.176342
10/5/2023,27398.4,1611.23,22.682,-0.013018826,-0.020975239,-0.018350212,1,-1,1,0.333333333,-0.333333333,0.312795594,-0.006509413,0,-0.008541539,-0.015051,22.812464
10/6/2023,27916.3,1644.33,23.391,0.018902564,0.020543312,0.031258266,1,0,1,0.5,0,0.474201711,0.006300855,-0.006847771,0.009777448,0.009231,23.032277
10/7/2023,27943,1633.18,23.279,0.00095643,-0.006780877,-0.004788166,1,-1,1,0.333333333,-0.333333333,0.315881952,0.000478215,0,-0.002270557,-0.001792,22.989211
10/8/2023,27901.2,1632.02,23.204,-0.001495902,-0.000710271,-0.003221788,1,-1,1,0.333333333,-0.333333333,0.317715989,-0.000498634,0.000236757,-0.001017705,-0.00128,22.958505
10/9/2023,27578.3,1579.4,22.077,-0.011572979,-0.032242252,-0.048569212,1,-1,1,0.333333333,-0.333333333,0.304817978,-0.00385766,0.010747417,-0.015431215,-0.008541,22.753875
10/10/2023,27381.2,1566.89,22.107,-0.007146923,-0.007920729,0.00135888,1,-1,1,0.333333333,-0.333333333,0.327644636,-0.002382308,0.002640243,0.000414211,0.000672,22.769838
10/11/2023,26864.5,1566.07,21.998,-0.018870612,-0.00052333,-0.004930565,1,0,1,0.5,0,0.5,-0.006290204,0.000174443,-0.001615473,-0.007731,22.586073
10/12/2023,26744,1538.81,21.274,-0.004485473,-0.017406629,-0.032912083,1,-1,1,0.333333333,-0.333333333,0.324893002,-0.002242737,0,-0.016456041,-0.018699,22.145037
10/13/2023,26849.8,1551.55,21.829,0.003956028,0.008279125,0.026088183,1,-1,1,0.333333333,-0.333333333,0.325113018,0.001318676,-0.002759708,0.008475868,0.007035,22.307863
10/14/2023,26836.3,1554.15,21.983,-0.000502797,0.001675744,0.007054835,1,-1,1,0.333333333,-0.333333333,0.326936307,-0.000167599,-0.000558581,0.002293619,0.001567,22.344386
10/15/2023,27139.8,1557.25,21.918,0.011309309,0.001994659,-0.00295683,1,-1,1,0.333333333,-0.333333333,0.327182836,0.00376977,-0.000664886,-0.000966695,0.002138,22.394297
10/16/2023,28486.3,1598.61,23.939,0.049613483,0.02655964,0.092207318,1,-1,1,0.333333333,-0.333333333,0.293233684,0.016537828,-0.008853213,0.030168652,0.037853,23.279841
10/17/2023,28381.9,1563.99,23.93,-0.00366492,-0.021656314,-0.000375956,1,-1,1,0.333333333,-0.333333333,0.29539704,-0.00122164,0.007218771,-0.000110243,0.005887,23.422776
10/18/2023,28307.1,1562.65,23.408,-0.002635482,-0.000856783,-0.021813623,1,-1,1,0.333333333,-0.333333333,0.297345008,-0.000878494,0.000285594,-0.00644368,-0.007037,23.250913
10/19/2023,28696.9,1565.89,24.91,0.013770397,0.002073401,0.064166097,0,-1,1,0,-0.5,0.428038481,0.004590132,-0.000691134,0.019079469,0.022978,23.808151
10/20/2023,29653,1603.14,27.01,0.033317188,0.023788389,0.084303493,0,-1,1,0,-0.5,0.400119402,0,-0.011894194,0.036085139,0.024191,24.408285
10/21/2023,29895.4,1628.29,29.312,0.008174552,0.015687962,0.085227693,0,0,1,0,0,0.779392405,0,-0.007843981,0.034101254,0.026257,25.07543
10/22/2023,29981.5,1662.83,29.031,0.002880042,0.021212438,-0.009586517,0,0,1,0,0,0.776681765,0,0,-0.007471659,-0.007472,24.880594
10/23/2023,33074,1766.35,31.902,0.103146941,0.062255312,0.098894285,1,0,1,0.5,0,0.363422027,0,0,0.076809388,0.076809,26.868457
10/24/2023,33917,1784.31,30.157,0.025488299,0.01016786,-0.054698765,1,0,1,0.5,0,0.348997141,0.012744149,0,-0.019878736,-0.007135,26.669615
10/25/2023,34487.7,1786.71,32.446,0.01682637,0.001345058,0.075902775,1,0,1,0.5,0,0.339806952,0.008413185,0,0.026489852,0.034903,27.635368
10/26/2023,34154,1803.3,32.77,-0.009675913,0.009285223,0.009985823,1,0,1,0.5,0,0.343540358,-0.004837957,0,0.003393252,-0.001445,27.59399
10/27/2023,33893.1,1780.02,31.739,-0.00763893,-0.012909666,-0.031461703,1,0,1,0.5,0,0.337096065,-0.003819465,0,-0.010808365,-0.014628,27.175717
10/28/2023,34086.6,1776.76,31.614,0.005709127,-0.00183144,-0.003938372,1,0,1,0.5,0,0.337710045,0.002854563,0,-0.00132761,0.001527,27.218741
10/29/2023,34528.6,1795.49,32.826,0.012966972,0.01054166,0.038337445,1,0,1,0.5,0,0.336477933,0.006483486,0,0.01294694,0.01943,27.767032
10/30/2023,34483.8,1809.81,34.958,-0.001297475,0.007975539,0.064948516,1,0,1,0.5,0,0.33399493,-0.000648738,0,0.021853743,0.021205,28.377036
10/31/2023,34651.4,1815.67,38.372,0.004860253,0.003237909,0.097660049,1,0,1,0.5,0,0.344187444,0.002430127,0,0.032617961,0.035048,29.406643
11/1/2023,35437.4,1848.2,41.204,0.022683066,0.017916251,0.073803815,1,0,1,0.5,0,0.340047985,0.011341533,0,0.025402347,0.036744,30.523904
11/2/2023,34940.1,1800.68,40.251,-0.014033197,-0.025711503,-0.023128822,1,0,1,0.5,0,0.335402211,-0.007016598,0,-0.007864909,-0.014882,30.054766
11/3/2023,34700.4,1832.49,39.497,-0.006860312,0.017665549,-0.018732454,1,0,1,0.5,0,0.335801616,-0.003430156,0,-0.006282906,-0.009713,29.753131
11/4/2023,35069.7,1856.08,42.422,0.010642529,0.012873194,0.074056257,1,0,1,0.5,0,0.33230676,0.005321264,0,0.024868211,0.030189,30.681537
11/5/2023,35025.5,1892.49,41.167,-0.001260347,0.019616611,-0.029583707,1,1,1,0.333333333,0.333333333,0.217432142,-0.000630174,0,-0.009830866,-0.010461,30.350117
11/6/2023,35057.4,1901.71,42.181,0.000910765,0.004871888,0.02463138,1,1,1,0.333333333,0.333333333,0.21845547,0.000303588,0.001623963,0.005355654,0.007283,30.578439
11/7/2023,35406.5,1885.79,42.976,0.009957955,-0.008371413,0.018847348,1,1,1,0.333333333,0.333333333,0.219450095,0.003319318,-0.002790471,0.004117306,0.004646,30.725153
11/8/2023,35626.7,1888.42,43.142,0.006219197,0.001394641,0.003862621,1,1,1,0.333333333,0.333333333,0.227754048,0.002073066,0.00046488,0.000847653,0.003386,30.832574
11/9/2023,36719.5,2122.92,45.305,0.030673624,0.124177884,0.050136758,1,1,1,0.333333333,0.333333333,0.227507677,0.010224541,0.041392628,0.01141885,0.063036,32.839172
11/10/2023,37330.4,2079.1,56.679,0.016636937,-0.020641381,0.251053968,1,1,1,0.333333333,0.333333333,0.170504353,0.005545646,-0.00688046,0.057116705,0.055782,34.726789
11/11/2023,37162.1,2054.52,56.409,-0.00450839,-0.011822423,-0.004763669,1,1,1,0.333333333,0.333333333,0.172881775,-0.001502797,-0.003940808,-0.000812226,-0.006256,34.503282
11/12/2023,37085.5,2046.08,56.315,-0.00206124,-0.004108015,-0.001666401,1,1,1,0.333333333,0.333333333,0.171897607,-0.00068708,-0.001369338,-0.00028809,-0.002345,34.420027
11/13/2023,36486.2,2055.18,51.662,-0.016159955,0.004447529,-0.082624523,1,1,1,0.333333333,0.333333333,0.162660992,-0.005386652,0.00148251,-0.014202958,-0.018107,33.778677
11/14/2023,35559,1980.11,56.849,-0.025412348,-0.036527214,0.100402617,1,1,1,0.333333333,0.333333333,0.160433938,-0.008470783,-0.012175738,0.016331589,-0.004315,33.628607
11/15/2023,37885.6,2059.29,65.506,0.065429287,0.039987677,0.152280603,1,1,1,0.333333333,0.333333333,0.154043098,0.021809762,0.013329226,0.024430977,0.05957,35.691433
11/16/2023,36176,1962.13,57.842,-0.045125325,-0.04718131,-0.116996916,1,1,1,0.333333333,0.333333333,0.142910398,-0.015041775,-0.015727103,-0.018022567,-0.048791,33.901221
11/17/2023,36621.9,1961.21,58.49,0.012325851,-0.000468878,0.011202932,1,1,1,0.333333333,0.333333333,0.14408212,0.004108617,-0.000156293,0.001601015,0.005553,34.095028
11/18/2023,36580.9,1963.19,58.581,-0.001119549,0.001009581,0.001555822,1,1,1,0.333333333,0.333333333,0.144110828,-0.000373183,0.000336527,0.000224166,0.000188,34.101625
11/19/2023,37375.9,2012.46,61.099,0.021732653,0.025096909,0.04298322,1,1,1,0.333333333,0.333333333,0.145412424,0.007244218,0.008365636,0.006194347,0.021804,34.866981
11/20/2023,37462.5,2022.41,56.603,0.002317001,0.004944198,-0.073585492,1,1,1,0.333333333,0.333333333,0.142219613,0.000772334,0.001648066,-0.010700245,-0.00828,34.570003
11/21/2023,35737,1933.44,51.682,-0.046059393,-0.043992069,-0.086938855,1,1,1,0.333333333,0.329763232,0.137454901,-0.015353131,-0.014664023,-0.01236441,-0.042382,33.062475
11/22/2023,37413.4,2063.91,57.579,0.046909366,0.06748076,0.114101621,1,1,1,0.333333333,0.32632304,0.136420782,0.015636455,0.022252673,0.015683827,0.053573,34.887304
11/23/2023,37294.3,2062.68,56.537,-0.003183351,-0.000595956,-0.018096876,1,1,1,0.333333333,0.326238688,0.138197485,-0.001061117,-0.000194474,-0.00246879,-0.003724,34.753659
11/24/2023,37706.3,2081.16,56.869,0.011047265,0.008959218,0.005872261,1,1,1,0.333333333,0.326263508,0.139271099,0.003682422,0.002922844,0.000811532,0.007417,35.018844
11/25/2023,37766.6,2082.87,58.83,0.001599202,0.000821657,0.034482759,1,1,1,0.333333333,0.326228102,0.13926376,0.000533067,0.000268077,0.004802452,0.005604,35.220694
11/26/2023,37437.9,2061.97,57.593,-0.008703458,-0.010034232,-0.021026687,1,1,1,0.333333333,0.326757594,0.139697741,-0.002901153,-0.003273448,-0.002928255,-0.009103,34.890977
11/27/2023,37234.3,2027.57,55.03,-0.005438339,-0.016683075,-0.044501936,1,1,1,0.333333333,0.324434732,0.138117963,-0.00181278,-0.005451321,-0.00621682,-0.013481,34.407131
11/28/2023,37812.1,2048.2,58.183,0.01551795,0.010174741,0.05729602,1,1,1,0.333333333,0.324456294,0.137707756,0.00517265,0.003301039,0.00791361,0.016387,34.987347
11/29/2023,37837.1,2028.41,59.324,0.000661164,-0.009662142,0.019610539,1,1,1,0.333333333,0.323431268,0.13850127,0.000220388,-0.003134943,0.002700523,-0.000214,34.979646
11/30/2023,37716.8,2051.76,59.309,-0.003179419,0.011511479,-0.000252849,1,1,1,0.333333333,0.323172545,0.141018032,-0.001059806,0.003723172,-3.50E-05,0.002628,35.074201
12/1/2023,38660,2086.99,59.75,0.025007424,0.017170624,0.007435634,1,1,1,0.333333333,0.323275414,0.142480107,0.008335808,0.005549074,0.001048558,0.014933,35.612897
12/2/2023,39435,2165.28,63.684,0.02004656,0.037513357,0.065841004,1,1,1,0.333333333,0.323073726,0.142081551,0.006682187,0.012127146,0.009381033,0.02819,36.645014
12/3/2023,39979.7,2193.24,63.015,0.013812603,0.01291288,-0.010504993,1,1,1,0.333333333,0.323514066,0.142324623,0.004604201,0.004171812,-0.001492566,0.007283,36.919183
12/4/2023,41993.1,2243.66,61.671,0.050360558,0.02298882,-0.021328255,1,1,1,0.333333333,0.32230664,0.143178782,0.016786853,0.007437207,-0.003035536,0.021189,37.722652
12/5/2023,44081.7,2293.97,61.061,0.049736742,0.022423184,-0.009891197,1,1,1,0.333333333,0.321889362,0.143820661,0.016578914,0.007227141,-0.00141621,0.02239,38.589653
12/6/2023,43774.8,2233.29,61.878,-0.006962073,-0.026451959,0.013380063,1,1,1,0.333333333,0.316381754,0.143858021,-0.002320691,-0.008514604,0.001924329,-0.008911,38.236869
12/7/2023,43296,2357.04,67.806,-0.0109378,0.055411523,0.095801416,1,1,1,0.333333333,0.306345803,0.141006092,-0.003645933,0.017531195,0.013781802,0.027667,39.322436
12/8/2023,44209.5,2360.82,74.98,0.021098947,0.001603706,0.105801846,1,1,1,0.333333333,0.306358121,0.137935345,0.007032982,0.000491289,0.014918705,0.022443,40.227392
12/9/2023,43734.3,2342.4,72.368,-0.010748821,-0.007802374,-0.034835956,1,1,1,0.333333333,0.333333333,0.137089333,-0.00358294,-0.002390321,-0.00480511,-0.010778,39.783043
12/10/2023,43810,2353.97,74.907,0.001730907,0.004939378,0.035084568,1,1,1,0.333333333,0.333333333,0.167185069,0.000576969,0.001646459,0.00480972,0.007033,40.06987
12/11/2023,41271,2225.56,70.286,-0.057954805,-0.054550398,-0.061689829,1,1,1,0.333333333,0.333333333,0.16366021,-0.019318268,-0.018183466,-0.010313618,-0.047815,38.106114
12/12/2023,41515,2204.7,68.644,0.005912142,-0.009372922,-0.023361694,1,1,1,0.333333333,0.333333333,0.163021815,0.001970714,-0.003124307,-0.00382338,-0.004977,37.911483
12/13/2023,42875,2261.44,70.668,0.032759244,0.025735928,0.029485461,1,1,1,0.333333333,0.333333333,0.168992582,0.010919748,0.008578643,0.004806773,0.024305,38.857227
12/14/2023,43032.4,2316.54,75.751,0.003671137,0.024365006,0.071927888,1,1,1,0.333333333,0.333333333,0.172300924,0.001223712,0.008121669,0.01215528,0.021501,39.714197
12/15/2023,41968,2221.71,72.552,-0.024734851,-0.040936051,-0.042230466,1,1,1,0.333333333,0.333333333,0.189172624,-0.00824495,-0.01364535,-0.007276348,-0.029167,38.526686
12/16/2023,42287.4,2229.64,73.737,0.00761056,0.003569323,0.016333113,1,1,1,0.333333333,0.333333333,0.207954642,0.002536853,0.001189774,0.003089778,0.006816,38.7961
12/17/2023,41396.5,2197.93,70.902,-0.021067741,-0.014222027,-0.038447455,1,1,1,0.333333333,0.333333333,0.204913982,-0.00702258,-0.004740676,-0.007995327,-0.019759,38.009769
12/18/2023,42671.7,2220.48,74.429,0.030804537,0.010259653,0.049744718,1,1,1,0.333333333,0.333333333,0.202709906,0.010268179,0.003419884,0.010193388,0.023881,38.941361
12/19/2023,42298.3,2179.02,73.04,-0.00875053,-0.018671639,-0.018662081,1,1,1,0.333333333,0.333333333,0.203343797,-0.002916843,-0.00622388,-0.003782989,-0.012924,38.425159
12/20/2023,43708.9,2203.95,82.243,0.033348858,0.011440923,0.125999452,1,1,1,0.333333333,0.333333333,0.195550926,0.011116286,0.003813641,0.025621207,0.040551,40.023889
12/21/2023,43896.3,2241.35,93.927,0.004287456,0.016969532,0.142066802,1,1,1,0.333333333,0.333333333,0.190442012,0.001429152,0.005656511,0.027781295,0.034867,41.454269
12/22/2023,43999.2,2326.53,97.962,0.002344161,0.038003882,0.042958894,1,1,1,0.333333333,0.333333333,0.200133475,0.000781387,0.012667961,0.008181178,0.021631,42.372597
12/23/2023,43725.2,2309.86,107.965,-0.006227386,-0.007165177,0.102111023,1,1,1,0.333333333,0.333333333,0.194093456,-0.002075795,-0.002388392,0.020435834,0.015972,43.065344
12/24/2023,43008.4,2265.43,112.571,-0.016393293,-0.019234932,0.042661974,1,1,1,0.333333333,0.333333333,0.194050814,-0.005464431,-0.006411644,0.00828041,-0.003596,42.906885
12/25/2023,43611.9,2273.07,120.942,0.014032143,0.003372428,0.074361958,1,1,1,0.333333333,0.333333333,0.191411634,0.004677381,0.001124143,0.014429999,0.020232,43.795209
12/26/2023,42538.5,2232.44,112.543,-0.024612548,-0.017874505,-0.069446512,1,1,1,0.333333333,0.333333333,0.184331075,-0.008204183,-0.005958168,-0.01329287,-0.027455,42.565357
12/27/2023,43453.8,2380.31,107.095,0.021516979,0.066236943,-0.048408164,1,1,1,0.333333333,0.333333333,0.183790879,0.007172326,0.022078981,-0.008923129,0.020328,43.450953
12/28/2023,42600.1,2345.96,101.913,-0.019646153,-0.014430893,-0.048386946,1,1,1,0.333333333,0.333333333,0.180233367,-0.006548718,-0.004810298,-0.008893079,-0.020252,42.550733
12/29/2023,42095.1,2300.6,106.225,-0.011854432,-0.019335368,0.042310598,1,1,1,0.333333333,0.333333333,0.179810671,-0.003951477,-0.006445123,0.007625782,-0.002771,42.430053
12/30/2023,42174.2,2293.26,101.971,0.001879079,-0.003190472,-0.04004707,1,1,1,0.333333333,0.333333333,0.176920432,0.00062636,-0.001063491,-0.007200891,-0.007638,42.098335
12/31/2023,42314,2283.85,101.778,0.003314823,-0.004103329,-0.001892695,1,1,1,0.333333333,0.333333333,0.176645692,0.001104941,-0.001367776,-0.000334856,-0.000598,42.072562
1/1/2024,44230.2,2354.62,110.047,0.045285248,0.030987149,0.081245456,1,1,1,0.333333333,0.333333333,0.175227481,0.015095083,0.01032905,0.01435166,0.039776,43.785816
1/2/2024,44979.8,2356.93,106.83,0.016947696,0.00098105,-0.029232964,1,1,1,0.333333333,0.333333333,0.173984408,0.005649232,0.000327017,-0.005122419,0.000854,43.824063
1/3/2024,42849.5,2210.39,98.519,-0.04736126,-0.062174099,-0.077796499,1,0,1,0.5,0,0.251916738,-0.015787087,-0.0207247,-0.013535378,-0.050047,41.580753
1/4/2024,44143.8,2267.85,104.975,0.03020572,0.025995413,0.065530507,1,0,1,0.5,0,0.250413068,0.01510286,0,0.016508232,0.031611,42.926774
1/5/2024,44145.4,2268.93,99.874,3.62E-05,0.000476222,-0.048592522,1,1,1,0.333333333,0.333333333,0.1637129,1.81E-05,0,-0.012168203,-0.01215,42.393063
1/6/2024,43956.7,2240.36,93.799,-0.004274511,-0.012591838,-0.060826642,1,0,1,0.5,0,0.246248374,-0.001424837,-0.004197279,-0.009958106,-0.01558,41.716999
1/7/2024,43916.9,2220.87,89.414,-0.000905436,-0.008699495,-0.046748899,0,0,1,0,0,0.505257597,-0.000452718,0,-0.01151184,-0.011965,41.20589
1/8/2024,46972.7,2331.11,97.901,0.069581414,0.049638205,0.094918022,1,0,1,0.5,0,0.246926452,0,0,0.047958052,0.047958,43.230001
1/9/2024,46114,2344.44,99.347,-0.018280831,0.005718306,0.014770023,1,0,1,0.5,0,0.247494434,-0.009140416,0,0.003647109,-0.005493,42.987045
1/10/2024,46662.9,2585.82,102.063,0.01190311,0.102958489,0.027338521,1,1,1,0.333333333,0.329736523,0.168907874,0.005951555,0,0.006766132,0.012718,43.546472
1/11/2024,46337.8,2618.59,99.928,-0.006966991,0.012672963,-0.020918452,1,1,1,0.333333333,0.330787931,0.16904327,-0.00232233,0.004178739,-0.003533291,-0.001677,43.471768
1/12/2024,42788.9,2523.3,92.153,-0.076587581,-0.036389813,-0.07780602,0,1,1,0,0.485383471,0.245020918,-0.025529194,-0.012037311,-0.013152584,-0.050719,41.216204
1/13/2024,42846.4,2578.5,95.836,0.001343806,0.021876115,0.039966143,0,1,1,0,0.486141809,0.248078811,0,0.010618304,0.009792541,0.020411,42.077879
1/14/2024,41734.9,2474.36,93.83,-0.025941503,-0.040387822,-0.020931591,0,1,1,0,0.486536403,0.249997095,0,-0.019634209,-0.005192684,-0.024827,41.008385
1/15/2024,42515,2512.21,94.359,0.01869179,0.015296885,0.005637856,1,1,1,0.333333333,0.323711255,0.166675501,0,0.007442491,0.001409448,0.008852,41.380243
1/16/2024,43133,2587.4,97.637,0.014536046,0.029929823,0.034739664,1,1,1,0.333333333,0.322475379,0.168099981,0.004845349,0.00968862,0.005790251,0.020324,42.241579
1/17/2024,42783.4,2530.62,102.155,-0.008105163,-0.021944809,0.046273441,1,1,1,0.333333333,0.31871652,0.168284529,-0.002701721,-0.007076661,0.007778565,-0.002,42.155096
1/18/2024,41323.1,2471.29,94.389,-0.034132397,-0.023444848,-0.076021732,0,1,1,0,0.476199899,0.245162973,-0.011377466,-0.00747226,-0.012793281,-0.031643,40.789539
1/19/2024,41662.2,2492.46,93.596,0.008206064,0.008566376,-0.008401403,0,1,1,0,0.476431529,0.260476623,0,0.004079308,-0.002059713,0.00202,40.873954
1/20/2024,41691.8,2472.27,92.9,0.000710476,-0.008100431,-0.007436215,0,1,0,0,0.95303648,0,0,-0.003859301,-0.00193696,-0.005796,40.631253
1/21/2024,41580,2457.02,91.105,-0.002681582,-0.00616842,-0.019321851,0,1,0,0,0.970715783,0,0,-0.005878729,0,-0.005879,40.386503
1/22/2024,39567,2314.33,83.883,-0.048412698,-0.058074415,-0.079271171,0,1,0,0,0.919567399,0,0,-0.056373752,0,-0.056374,38.05338
1/23/2024,39890,2241.67,84.325,0.008163368,-0.031395696,0.005269244,0,0,0,0,0,0,0,-0.028870458,0,-0.02887,36.925909
1/24/2024,40078.7,2234.62,88.744,0.004730509,-0.003144977,0.052404388,0,0,0,0,0,0,0,0,0,0,36.925909
1/25/2024,39953.3,2218.02,86.886,-0.003128844,-0.007428556,-0.020936627,0,0,0,0,0,0,0,0,0,0,36.925909
1/26/2024,41806.4,2266.72,92.261,0.046381651,0.02195652,0.061862671,0,0,0,0,0,0,0,0,0,0,36.925909
1/27/2024,42102.2,2266.99,94.238,0.007075472,0.000119115,0.021428339,0,0,0,0,0,0,0,0,0,0,36.925909
1/28/2024,42021.2,2256,95.948,-0.00192389,-0.004847838,0.018145546,0,0,0,0,0,0,0,0,0,0,36.925909
1/29/2024,43287.7,2316.52,101.623,0.030139549,0.026826241,0.059146621,1,1,0,0.5,0.484905168,0,0,0,0,0,36.925909
1/30/2024,42918.3,2341.95,101.371,-0.008533602,0.010977673,-0.002479754,1,1,0,0.5,0.484341282,0,-0.004266801,0.005323131,0,0.001056,36.965958
1/31/2024,42560.5,2282,96.912,-0.00833677,-0.025598326,-0.043986939,0,0,0,0,0,0,-0.004168385,-0.012398326,0,-0.016567,36.336976
2/1/2024,43072.6,2303.33,97.775,0.012032283,0.009347064,0.008904986,0,0,0,0,0,0,0,0,0,0,36.336976
2/2/2024,43182,2307.99,100.559,0.002539898,0.002023158,0.028473536,1,1,1,0.333333333,0.333333333,0.228151045,0,0,0,0,36.336976
2/3/2024,42992.4,2295.42,97.915,-0.004390718,-0.005446297,-0.026293022,0,1,0,0,1,0,-0.001463573,-0.001815432,-0.00599878,-0.009278,35.990564
2/4/2024,42570.3,2288.66,95.451,-0.009818014,-0.002944995,-0.025164684,0,1,0,0,1,0,0,-0.002944995,0,-0.002945,35.881627
2/5/2024,42692.9,2300.83,95.605,0.002879942,0.005317522,0.001613393,0,1,1,0,0.5,0.370664489,0,0.005317522,0,0.005318,36.077763
2/6/2024,43079.1,2371.74,96.856,0.009046001,0.030819313,0.01308509,0,1,1,0,0.5,0.379189013,0,0.015409657,0.004850178,0.02026,36.828959
2/7/2024,44326.2,2424.22,101.135,0.028949073,0.022127215,0.044178987,0,1,1,0,0.5,0.40805976,0,0.011063607,0.016752187,0.027816,37.881209
2/8/2024,45269.1,2418.76,102.742,0.021271844,-0.002252271,0.015889652,0,1,1,0,0.5,0.407916187,0,-0.001126135,0.006483928,0.005358,38.089535
2/9/2024,47116.1,2485.24,106.921,0.040800458,0.027485158,0.0406747,1,0,1,0.5,0,0.403932307,0,0.013742579,0.016591868,0.030334,39.275277
2/10/2024,47732.6,2499.2,108.976,0.013084699,0.005617164,0.019219798,1,0,1,0.5,0,0.405348889,0.00654235,0,0.007763497,0.014306,39.851455
2/11/2024,48303.4,2506.1,107.471,0.011958284,0.002760883,-0.01381038,1,0,1,0.5,0,0.439282785,0.005979142,0,-0.005598022,0.000381,39.867019
2/12/2024,49943.6,2660.91,111.737,0.033956202,0.061773273,0.039694429,1,1,1,0.333333333,0.333333333,0.292928384,0.016978101,0,0.017437079,0.034415,41.273458
2/13/2024,49696.4,2640.83,112.539,-0.004949583,-0.007546291,0.007177569,1,1,1,0.333333333,0.333333333,0.295884497,-0.001649861,-0.00251543,0.002102514,-0.002063,41.186247
2/14/2024,51823.2,2776.14,117.092,0.042795856,0.051237679,0.040457086,1,1,1,0.333333333,0.333333333,0.291505964,0.014265285,0.017079226,0.011970625,0.043315,43.013545
2/15/2024,51898.5,2824.54,113.598,0.001453017,0.017434279,-0.029839784,1,1,1,0.333333333,0.333333333,0.289353426,0.000484339,0.005811426,-0.008698475,-0.002403,42.90778
2/16/2024,52148.6,2803.69,110.392,0.004819022,-0.007381733,-0.028222328,1,1,1,0.333333333,0.333333333,0.291983642,0.001606341,-0.002460578,-0.008166227,-0.00902,42.511732
2/17/2024,51679.4,2787.43,109.008,-0.008997365,-0.0057995,-0.01253714,1,1,1,0.333333333,0.333333333,0.319603666,-0.002999122,-0.001933167,-0.00366064,-0.008593,42.137836
2/18/2024,52175.9,2883.58,112.345,0.00960731,0.03449414,0.030612432,1,1,1,0.333333333,0.333333333,0.317569552,0.003202437,0.011498047,0.009783846,0.024484,43.194022
2/19/2024,51813.8,2946.55,111.658,-0.006939986,0.021837438,-0.006115092,1,1,1,0.333333333,0.333333333,0.31774849,-0.002313329,0.007279146,-0.001941967,0.003024,43.327665
2/20/2024,52297.4,3017.21,108.418,0.009333421,0.023980587,-0.029017177,1,1,1,0.333333333,0.333333333,0.314787444,0.00311114,0.007993529,-0.009220164,0.001885,43.411223
2/21/2024,51877.8,2969.65,105.113,-0.008023343,-0.015762907,-0.030483868,1,1,1,0.333333333,0.333333333,0.333333333,-0.002674448,-0.005254302,-0.009595939,-0.017525,42.632916
2/22/2024,51316.9,2972.8,101.805,-0.010811947,0.001060731,-0.031470893,1,1,1,0.333333333,0.333333333,0.333333333,-0.003603982,0.000353577,-0.010490298,-0.013741,42.033356
2/23/2024,50771.9,2923.35,99.973,-0.010620283,-0.01663415,-0.017995187,1,1,1,0.333333333,0.333333333,0.333333333,-0.003540094,-0.005544717,-0.005998396,-0.015083,41.384284
2/24/2024,51602.1,2994.39,104.114,0.016351565,0.024300888,0.041421184,1,1,1,0.333333333,0.333333333,0.333333333,0.005450522,0.008100296,0.013807061,0.027358,42.543833
2/25/2024,51764.9,3115.24,103.569,0.00315491,0.040358804,-0.005234647,1,1,1,0.333333333,0.333333333,0.333333333,0.001051637,0.013452935,-0.001744882,0.01276,43.099453
2/26/2024,54511.6,3178.6,110.034,0.053061051,0.020338722,0.062422153,1,1,1,0.333333333,0.333333333,0.333333333,0.017687017,0.006779574,0.020807384,0.045274,45.096011
2/27/2024,57074.5,3244.98,108.45,0.047015681,0.020883408,-0.01439555,1,1,1,0.333333333,0.333333333,0.333333333,0.015671894,0.006961136,-0.004798517,0.017835,45.918134
2/28/2024,62487.9,3387.07,119.425,0.094847962,0.043787635,0.101198709,1,1,1,0.333333333,0.333333333,0.310573678,0.031615987,0.014595878,0.033732903,0.079945,49.669004
2/29/2024,61203.3,3343.15,125.769,-0.02055758,-0.01296696,0.053121206,1,1,1,0.333333333,0.333333333,0.301327975,-0.006852527,-0.00432232,0.016498048,0.005323,49.938715
3/1/2024,62430.6,3435.82,129.456,0.02005284,0.027719366,0.02931565,1,1,1,0.333333333,0.333333333,0.312203266,0.00668428,0.009239789,0.008833625,0.024758,51.199856
3/2/2024,62039.9,3424.43,130.184,-0.006258149,-0.003315075,0.005623532,1,1,1,0.333333333,0.333333333,0.31211186,-0.00208605,-0.001105025,0.001755685,-0.001435,51.124949
3/3/2024,63178.5,3491.77,130.304,0.018352705,0.019664587,0.000921772,1,1,1,0.333333333,0.333333333,0.313448018,0.006117568,0.006554862,0.000287696,0.01296,51.800488
3/4/2024,68296.4,3629.72,133.45,0.081006988,0.039507184,0.024143541,1,1,1,0.333333333,0.333333333,0.319026777,0.027002329,0.013169061,0.007567745,0.047739,54.321131
3/5/2024,63747.4,3555.43,125.358,-0.066606732,-0.020467143,-0.060636943,1,1,1,0.333333333,0.333333333,0.301337231,-0.022202244,-0.006822381,-0.019344808,-0.048369,51.645303
3/6/2024,66128.1,3822.36,130.916,0.037345837,0.075076714,0.044337019,1,1,1,0.333333333,0.333333333,0.296819777,0.012448612,0.025025571,0.013360394,0.050835,54.321527
3/7/2024,66870,3871.69,143.997,0.011219134,0.012905639,0.099919032,1,1,1,0.333333333,0.333333333,0.26966939,0.003739711,0.00430188,0.029657945,0.0377,56.407148
3/8/2024,68180.2,3886.04,144.879,0.019593241,0.003706392,0.006125128,1,1,1,0.333333333,0.333333333,0.272475754,0.00653108,0.001235464,0.001651759,0.009418,56.947809
3/9/2024,68360.1,3908.15,144.424,0.002638596,0.005689597,-0.003140552,1,1,1,0.333333333,0.333333333,0.271744787,0.000879532,0.001896532,-0.000855724,0.00192,57.059069
3/10/2024,69001.8,3881.22,144.497,0.009387055,-0.006890728,0.000505456,1,1,1,0.333333333,0.333333333,0.274094001,0.003129018,-0.002296909,0.000137355,0.000969,57.115328
3/11/2024,72153.8,4070.52,149.062,0.045679968,0.048773324,0.031592351,1,1,1,0.333333333,0.333333333,0.272945052,0.015226656,0.016257775,0.008659274,0.040144,59.44831
3/12/2024,71503.2,3984.18,151.201,-0.00901685,-0.021211049,0.014349734,1,1,1,0.332593567,0.333333333,0.275020554,-0.003005617,-0.00707035,0.003916689,-0.006159,59.076009
3/13/2024,73127.6,4008.76,164.055,0.022717864,0.0061694,0.085012665,1,1,1,0.333333333,0.333333333,0.261425542,0.007555816,0.002056467,0.02338023,0.032993,61.058096
3/14/2024,71455.5,3884.99,176.851,-0.022865512,-0.030874884,0.077998232,1,1,1,0.32901817,0.333333333,0.251024961,-0.007621837,-0.010291628,0.02039073,0.002477,61.211814
3/15/2024,69552.2,3745,184.155,-0.026636158,-0.036033555,0.041300304,1,1,1,0.326388183,0.333333333,0.25092067,-0.00876378,-0.012011185,0.010367407,-0.010408,60.564314
3/16/2024,65351,3525.58,182.184,-0.060403553,-0.05859012,-0.01070294,1,1,1,0.302933159,0.333333333,0.254478377,-0.019715006,-0.01953004,-0.002685589,-0.041931,57.98286
3/17/2024,68447.9,3646.99,201.962,0.047388716,0.034436887,0.108560576,1,1,1,0.29675512,0.333333333,0.240641073,0.014355614,0.011478962,0.027626319,0.053461,61.136143
3/18/2024,67660,3523.43,196.143,-0.011510945,-0.033879994,-0.028812351,1,1,1,0.296344394,0.333333333,0.237724256,-0.003415932,-0.011293331,-0.006933435,-0.021643,59.791331
3/19/2024,61974.1,3161,169.917,-0.084036358,-0.102862835,-0.13370857,1,1,1,0.266740029,0.293742353,0.200476977,-0.024903704,-0.034287612,-0.03178577,-0.090977,54.260718
3/20/2024,67876.4,3517.8,191.916,0.095238172,0.112875672,0.129469094,1,1,1,0.247185253,0.256916191,0.186814557,0.025403833,0.033156366,0.025955573,0.084516,58.931133
3/21/2024,65539.9,3495.16,179.535,-0.034422863,-0.006435841,-0.064512599,1,1,1,0.242789524,0.257331782,0.182193306,-0.008508824,-0.001653472,-0.012051893,-0.022214,57.599822
3/22/2024,63826,3339,175.257,-0.026150482,-0.044678927,-0.023828223,1,1,1,0.240756017,0.252005541,0.182776279,-0.006349063,-0.011497308,-0.004341343,-0.022188,56.299609
3/23/2024,64020.3,3330.96,172.725,0.003044214,-0.002407907,-0.014447354,1,1,1,0.241486601,0.251911918,0.184165873,0.000732913,-0.000606806,-0.002640634,-0.002515,56.155501
3/24/2024,67260.9,3457.16,184.019,0.05061832,0.037886976,0.065387176,1,1,1,0.23864019,0.250528503,0.183680157,0.012223646,0.009544181,0.012042086,0.03381,58.087928
3/25/2024,69920.5,3592.94,189.181,0.039541546,0.039275012,0.028051451,1,1,1,0.236950807,0.248690107,0.184016052,0.009436202,0.00983951,0.005152495,0.024428,59.531328
3/26/2024,70044.1,3589.64,190.623,0.001767722,-0.000918468,0.00762233,1,1,1,0.236900708,0.251423389,0.184539708,0.000418863,-0.000228414,0.001402631,0.001593,59.627755
3/27/2024,69532.6,3504.99,186.448,-0.007302542,-0.023581752,-0.021901869,1,1,1,0.240205208,0.250016042,0.184468461,-0.001729977,-0.005929004,-0.004041765,-0.011701,58.918349
3/28/2024,70838.7,3563.99,189.852,0.018783995,0.016833144,0.018257101,1,1,1,0.243255836,0.250311688,0.185633574,0.004512013,0.004208556,0.003367859,0.012088,59.642642
3/29/2024,69903.6,3512.46,192.2,-0.013200412,-0.014458514,0.012367528,1,1,1,0.26213433,0.253732751,0.192803906,-0.003211077,-0.003619135,0.002295828,-0.004534,59.367689
3/30/2024,69642.1,3508.66,194.351,-0.003740866,-0.001081863,0.011191467,1,1,1,0.263764291,0.254299972,0.194281232,-0.000980609,-0.000274504,0.002157759,0.000903,59.422201
3/31/2024,71363,3648.79,202.678,0.024710628,0.039938324,0.042845162,1,1,1,0.26330212,0.252350083,0.193664716,0.006517781,0.010156315,0.008324011,0.024998,60.932635
4/1/2024,69700,3506.52,192.355,-0.023303393,-0.038991008,-0.050933007,1,1,1,0.261391842,0.248233049,0.188911076,-0.006135833,-0.009839384,-0.009863926,-0.025839,59.332358
4/2/2024,65505.3,3280.76,181.679,-0.060182209,-0.064382921,-0.055501547,1,0,1,0.376947114,0,0.276292602,-0.015731139,-0.015981969,-0.010484857,-0.042198,56.786453
4/3/2024,65971.9,3313.29,185.173,0.007123088,0.009915385,0.019231722,0,0,1,0,0,0.552848273,0.002685027,0,0.005313582,0.007999,57.248687
4/4/2024,68489.9,3329.65,184.123,0.038167765,0.00493769,-0.005670373,1,0,1,0.419279385,0,0.284316159,0,0,-0.003134856,-0.003135,57.066077
4/5/2024,67825.7,3319.66,174.45,-0.00969778,-0.003000315,-0.052535533,1,0,1,0.424987314,0,0.279210636,-0.004066079,0,-0.014936701,-0.019003,55.962647
4/6/2024,68901.6,3353.15,178.768,0.015862719,0.010088383,0.024752078,1,0,1,0.424392476,0,0.292045935,0.006741454,0,0.006911043,0.013652,56.740301
4/7/2024,69362.7,3455.99,179.615,0.006692152,0.030669669,0.004737984,1,0,1,0.426014942,0,0.292030589,0.002840099,0,0.001383709,0.004224,56.984196
4/8/2024,71678.4,3697.6,180.822,0.033385379,0.069910503,0.006719929,1,0,1,0.420706927,0,0.292269882,0.01422267,0,0.001962425,0.016185,57.922671
4/9/2024,69189.3,3508.45,172.558,-0.034725943,-0.051154803,-0.045702403,1,0,1,0.414336716,0,0.287433052,-0.014609445,0,-0.013357436,-0.027967,56.27478
4/10/2024,70681.7,3547.64,173.438,0.021569809,0.011170175,0.005099735,0,0,1,0,0,0.576885218,0.008937164,0,0.001465832,0.010403,56.87061
4/11/2024,70055.7,3504.43,172.497,-0.008856606,-0.012179928,-0.00542557,0,0,1,0,0,0.576659934,0,0,-0.003129931,-0.00313,56.689475
4/12/2024,67136.4,3238.3,153.162,-0.041671127,-0.075941023,-0.112088906,0,0,0,0,0,0,0,0,-0.064637181,-0.064637,52.9606
4/13/2024,63939.7,3005.46,138.467,-0.047615005,-0.071901924,-0.095944164,0,0,0,0,0,0,0,0,0,0,52.9606
4/14/2024,65615.9,3153.16,151.187,0.026215325,0.049143891,0.091863043,0,0,0,0,0,0,0,0,0,0,52.9606
4/15/2024,63392.7,3100.75,138.442,-0.033882032,-0.016621421,-0.084299576,0,0,0,0,0,0,0,0,0,0,52.9606
4/16/2024,63765,3082.85,136.183,0.005872916,-0.005772797,-0.016317303,0,0,0,0,0,0,0,0,0,0,52.9606
4/17/2024,61254.5,2983.25,131.781,-0.039371128,-0.032307767,-0.032324152,0,0,0,0,0,0,0,0,0,0,52.9606
4/18/2024,63445,3062.85,141.957,0.035760638,0.02668231,0.077219022,1,0,0,0.919126066,0,0,0,0,0,0,52.9606
4/19/2024,63787.4,3054.91,142.444,0.0053968,-0.002592357,0.003430616,0,0,0,0,0,0,0.00496034,0,0,0.00496,53.228245
4/20/2024,64897.2,3154.31,151.155,0.01739842,0.032537783,0.061153857,0,0,0,0,0,0,0,0,0,0,53.228245
4/21/2024,64912.6,3145.73,148.734,0.000237298,-0.002720088,-0.016016672,1,0,0,1,0,0,0,0,0,0,53.228245
4/22/2024,66778,3198.66,156.881,0.028737102,0.016825983,0.05477564,1,0,0,1,0,0,0.028737102,0,0,0.028737,54.786602
4/23/2024,66386.3,3218.04,154.723,-0.005865704,0.006058787,-0.013755649,0,0,0,0,0,0,-0.005865704,0,0,-0.005866,54.459358
4/24/2024,64250,3138.84,147.701,-0.032179832,-0.024611254,-0.045384332,0,0,0,0,0,0,0,0,0,0,54.459358
4/25/2024,64478.8,3154.44,144.786,0.003561089,0.004969989,-0.019735818,0,0,0,0,0,0,0,0,0,0,54.459358
4/26/2024,63748.8,3129.98,139.202,-0.011321551,-0.00775415,-0.038567265,0,0,0,0,0,0,0,0,0,0,54.459358
4/27/2024,63421,3253.97,141.242,-0.005142058,0.039613672,0.014654962,0,0,0,0,0,0,0,0,0,0,54.459358
4/28/2024,63088.3,3262.28,137.922,-0.005245896,0.002553804,-0.023505756,0,0,0,0,0,0,0,0,0,0,54.459358
4/29/2024,63842.4,3215.27,137.725,0.011953088,-0.014410167,-0.001428344,0,0,0,0,0,0,0,0,0,0,54.459358
4/30/2024,60651.2,3012.58,126.685,-0.04998559,-0.063039807,-0.080159739,0,0,0,0,0,0,0,0,0,0,54.459358
5/1/2024,58307.6,2970.61,134.541,-0.03864062,-0.01393158,0.062012077,0,0,0,0,0,0,0,0,0,0,54.459358
5/2/2024,59036.7,2984.8,137.538,0.012504373,0.004776797,0.022275738,0,0,0,0,0,0,0,0,0,0,54.459358
5/3/2024,62853.7,3100.83,143.607,0.064654698,0.038873626,0.044125987,0,0,0,0,0,0,0,0,0,0,54.459358
5/4/2024,63864.2,3115.46,146.007,0.016077017,0.004718092,0.016712277,0,0,0,0,0,0,0,0,0,0,54.459358
5/5/2024,63988,3135.24,145.673,0.001938488,0.006348982,-0.002287562,0,0,0,0,0,0,0,0,0,0,54.459358
5/6/2024,63142.8,3061.5,152.784,-0.013208727,-0.023519731,0.048814811,0,0,0,0,0,0,0,0,0,0,54.459358
5/7/2024,62296,3004.55,148.011,-0.013410872,-0.018601992,-0.031240182,0,0,0,0,0,0,0,0,0,0,54.459358
5/8/2024,61157.9,2972.93,142.118,-0.018269231,-0.010524039,-0.039814608,0,0,0,0,0,0,0,0,0,0,54.459358
5/9/2024,63050.1,3034.75,152.459,0.030939584,0.020794301,0.072763478,0,0,0,0,0,0,0,0,0,0,54.459358
5/10/2024,60778.1,2908.85,145.966,-0.036034836,-0.041486119,-0.042588499,0,0,0,0,0,0,0,0,0,0,54.459358
5/11/2024,60809.2,2911.27,145.355,0.000511697,0.000831944,-0.004185906,0,0,0,0,0,0,0,0,0,0,54.459358
5/12/2024,61455.8,2927.73,143.364,0.010633259,0.00565389,-0.013697499,0,0,0,0,0,0,0,0,0,0,54.459358
5/13/2024,62912.1,2949.71,147.496,0.023696706,0.007507523,0.02882174,0,0,1,0,0,0.687472895,0,0,0,0,54.459358
5/14/2024,61550.5,2880.87,141.963,-0.021642895,-0.023337887,-0.037512882,0,0,0,0,0,0,0,0,-0.025789089,-0.025789,53.029116
5/15/2024,66175.4,3030.66,158.423,0.075139926,0.05199471,0.115945704,1,0,1,0.5,0,0.347497371,0,0,0,0,53.029116
5/16/2024,65217.7,2943.22,159.303,-0.014472145,-0.028851801,0.005554749,1,0,1,0.5,0,0.348946293,-0.007236073,0,0.001930261,-0.005306,52.742438
5/17/2024,66980,3090.48,169.351,0.027021805,0.050033637,0.063074769,1,1,1,0.333333333,0.333333333,0.229816939,0.013510903,0,0.022009707,0.035521,54.651423
5/18/2024,66884.9,3121.59,172.299,-0.001419827,0.010066397,0.017407633,1,1,1,0.333333333,0.333333333,0.239261439,-0.000473276,0.003355466,0.004000569,0.006883,55.034472
5/19/2024,66239.4,3069.98,169.853,-0.009650908,-0.016533241,-0.014196252,1,1,1,0.333333333,0.333333333,0.238319176,-0.003216969,-0.00551108,-0.003396616,-0.012125,54.355054
5/20/2024,71466.5,3664.39,186.701,0.078912249,0.193620154,0.099191654,1,1,1,0.333333333,0.239871724,0.227342949,0.026304083,0.064540051,0.023639273,0.114483,60.692266
5/21/2024,70168.8,3792.32,178.15,-0.018158158,0.034911677,-0.045800505,1,1,1,0.333333333,0.238317306,0.223220427,-0.006052719,0.008374324,-0.010412422,-0.008091,60.193114
5/22/2024,69219.1,3740.25,177.03,-0.013534505,-0.013730381,-0.006286837,1,1,1,0.333333333,0.237661354,0.227211465,-0.004511502,-0.003272188,-0.00140335,-0.009187,59.630933
5/23/2024,67999.9,3784.8,176.182,-0.017613636,0.011910969,-0.004790149,1,1,1,0.333333333,0.23759248,0.227691554,-0.005871212,0.002830777,-0.001088377,-0.004129,59.380588
5/24/2024,68584.1,3729.61,167.657,0.008591189,-0.014582012,-0.048387463,1,1,1,0.333333333,0.238703166,0.22711179,0.00286373,-0.003464576,-0.011017417,-0.011618,58.679086
5/25/2024,69314.4,3751.15,168.356,0.010648241,0.005775403,0.004169226,1,1,1,0.333333333,0.238707544,0.228303657,0.003549414,0.001378607,0.00094688,0.005875,59.029701
5/26/2024,68524.3,3827.53,163.505,-0.011398786,0.020361756,-0.028813942,1,1,1,0.333333333,0.238806385,0.22977448,-0.003799595,0.004860505,-0.006578328,-0.005517,58.698517
5/27/2024,69461.6,3896.09,170.249,0.013678359,0.017912335,0.041246445,1,1,1,0.333333333,0.240834236,0.227657638,0.004559453,0.00427758,0.00947738,0.018314,59.791836
5/28/2024,68440.5,3847,168.807,-0.014700208,-0.012599812,-0.008469947,1,1,1,0.333333333,0.240062656,0.228980105,-0.004900069,-0.003034466,-0.001928248,-0.009863,59.192246
5/29/2024,67686.7,3770,168.418,-0.011013946,-0.020015597,-0.002304407,1,1,1,0.333333333,0.239491648,0.228948339,-0.003671315,-0.004804997,-0.000527663,-0.009004,58.650275
5/30/2024,68402.5,3750.39,166.986,0.010575194,-0.005201592,-0.008502654,1,1,1,0.333333333,0.250525027,0.244875975,0.003525065,-0.001245738,-0.001946669,0.000333,58.670138
5/31/2024,67577.9,3764.35,165.762,-0.012055115,0.00372228,-0.007329956,1,1,1,0.333333333,0.25171297,0.250988977,-0.004018372,0.000932524,-0.00179493,-0.004881,58.378888
6/1/2024,67799.2,3817.49,166.281,0.003274739,0.014116647,0.003130995,1,1,1,0.333333333,0.251685006,0.251488215,0.00109158,0.003553343,0.000785845,0.005431,58.701375
6/2/2024,67805.9,3783.98,163.251,9.88E-05,-0.008778019,-0.018222166,1,1,1,0.333333333,0.253335306,0.2536478,3.29E-05,-0.002209296,-0.00458266,-0.006759,58.297854
6/3/2024,68851.4,3769.15,164.995,0.015419012,-0.003919154,0.010682936,1,1,1,0.333333333,0.253032114,0.25391814,0.005139671,-0.00099286,0.002709703,0.006857,58.704459
6/4/2024,70580,3813.12,171.888,0.025106243,0.01166576,0.041777024,1,1,1,0.333333333,0.252983631,0.250770028,0.008368748,0.002951812,0.010607944,0.021929,60.013718
6/5/2024,71133.3,3868.61,173.668,0.007839331,0.014552388,0.01035558,1,1,1,0.333333333,0.255428578,0.255454976,0.00261311,0.003681516,0.002596869,0.008891,60.556191
6/6/2024,70830,3815.76,170.271,-0.004263826,-0.013661237,-0.01956031,1,1,1,0.333333333,0.256073265,0.257354405,-0.001421275,-0.00348947,-0.004996779,-0.009908,59.946292
6/7/2024,69377,3679.82,162.524,-0.020513907,-0.03562593,-0.045498059,1,1,1,0.333333333,0.252008051,0.255903129,-0.006837969,-0.009122848,-0.011709126,-0.02767,58.259908
6/8/2024,69346.5,3682.11,157.838,-0.000439627,0.000622313,-0.028832665,1,1,1,0.333333333,0.252327722,0.266364846,-0.000146542,0.000156828,-0.007378369,-0.007368,57.823281
6/9/2024,69667.1,3707.67,162.116,0.004623161,0.006941672,0.027103739,1,1,1,0.333333333,0.258761934,0.270949416,0.001541054,0.001751576,0.007219483,0.010512,58.441632
6/10/2024,69558.7,3669.66,159.096,-0.001555971,-0.010251721,-0.018628636,1,1,1,0.333333333,0.257957772,0.269570724,-0.000518657,-0.002652755,-0.005047418,-0.008219,57.953081
6/11/2024,67320.7,3498.16,149.245,-0.032174264,-0.046734575,-0.06191859,1,1,1,0.333333333,0.250345261,0.258224755,-0.010724755,-0.012055547,-0.016691439,-0.039472,55.626085
6/12/2024,68270.3,3560.45,155.173,0.014105617,0.017806504,0.039719924,1,1,1,0.333333333,0.25005313,0.256357213,0.004701872,0.004457774,0.010256668,0.019416,56.725537
6/13/2024,66786.9,3469.18,147.209,-0.021728336,-0.0256344,-0.051323362,1,1,1,0.333333333,0.249697766,0.253007618,-0.007242779,-0.006409962,-0.013157114,-0.02681,55.177915
6/14/2024,66039.7,3480.51,142.974,-0.011187823,0.003265901,-0.028768621,0,1,0,0,0.764940214,0,-0.003729274,0.000815488,-0.00727868,-0.010192,54.60535
6/15/2024,66213.7,3567.87,145.45,0.002634779,0.02509977,0.017317834,1,1,0,0.5,0.385956496,0,0,0.019199823,0,0.0192,55.672973
6/16/2024,66653.6,3622.96,151.245,0.00664364,0.015440585,0.03984187,0,1,0,0,0.78687993,0,0.00332182,0.005959394,0,0.009281,56.198955
6/17/2024,66472.1,3509.56,143.197,-0.002723034,-0.031300373,-0.053211676,0,1,0,0,0.775879421,0,0,-0.024629635,0,-0.02463,54.790144
6/18/2024,65150,3482.34,137.359,-0.019889548,-0.007755958,-0.040769011,0,1,0,0,0.778317356,0,0,-0.006017688,0,-0.006018,54.454399
6/19/2024,64933.6,3558.85,135.557,-0.003321566,0.021970859,-0.013118907,0,0,0,0,0,0,0,0.017100301,0,0.0171,55.402669
6/20/2024,64854,3511.26,133.5,-0.001225868,-0.013372297,-0.015174428,0,0,0,0,0,0,0,0,0,0,55.402669
6/21/2024,64124,3517.18,134.534,-0.011256052,0.001686004,0.007745318,0,0,0,0,0,0,0,0,0,0,55.402669
6/22/2024,64240,3494.26,133.627,0.001808995,-0.006516584,-0.00674179,0,0,0,0,0,0,0,0,0,0,55.402669
6/23/2024,63194.9,3419.38,128.661,-0.01626868,-0.02142943,-0.037163148,0,0,0,0,0,0,0,0,0,0,55.402669
6/24/2024,60273.6,3352,132.237,-0.046226832,-0.019705327,0.02779397,0,0,0,0,0,0,0,0,0,0,55.402669
6/25/2024,61777.8,3393.06,136.544,0.0249562,0.012249403,0.032570309,0,0,0,0,0,0,0,0,0,0,55.402669
6/26/2024,60860.1,3370.76,136.808,-0.014854851,-0.006572239,0.001933443,0,0,0,0,0,0,0,0,0,0,55.402669
6/27/2024,61682,3450.34,149.651,0.013504743,0.023608919,0.093876089,-1,0,0,-1,0,0,0,0,0,0,55.402669
6/28/2024,60429.8,3379.51,139.98,-0.020300898,-0.020528412,-0.064623691,-1,0,0,-1,0,0,0.020300898,0,0,0.020301,56.5477
6/29/2024,60982.4,3377.62,140.234,0.009144495,-0.000559253,0.001814545,-1,-1,0,-0.5,-0.5,0,-0.009144495,0,0,-0.009144,56.021484
6/30/2024,62766,3436.73,146.582,0.029247783,0.017500489,0.045267196,0,0,0,0,0,0,-0.014623891,-0.008750244,0,-0.023374,54.688664
7/1/2024,62883.6,3440.46,146.625,0.001873626,0.001085334,0.000293351,-1,-1,0,-0.5,-0.5,0,0,0,0,0,54.688664
7/2/2024,62123.6,3420.43,153.97,-0.012085822,-0.005821896,0.050093777,-1,-1,0,-0.5,-0.5,0,0.006042911,0.002910948,0,0.008954,55.1873
7/3/2024,60208,3294.75,140.737,-0.030835303,-0.036743918,-0.085945314,-1,-1,0,-0.5,-0.5,0,0.015417651,0.018371959,0,0.03379,57.085869
7/4/2024,57045.9,3059.31,127.76,-0.052519599,-0.07145914,-0.092207451,-1,-1,-1,-0.333333333,-0.333333333,-0.241475432,0.026259799,0.03572957,0,0.061989,60.686554
7/5/2024,56604.9,2980.43,134.23,-0.007730617,-0.025783592,0.050641828,-1,-1,-1,-0.333333333,-0.333333333,-0.234842224,0.002576872,0.008594531,-0.012228757,-0.001057,60.621351
7/6/2024,58216,3065.5,142.996,0.0284622,0.028542861,0.065305818,-1,-1,-1,-0.333333333,-0.333333333,-0.225399871,-0.0094874,-0.009514287,-0.015336564,-0.034338,58.505397
7/7/2024,55830.9,2930.24,131.599,-0.040969836,-0.044123308,-0.07970153,-1,-1,-1,-0.333333333,-0.333333333,-0.218656112,0.013656612,0.014707769,0.017964715,0.046329,61.262223
7/8/2024,56686.4,3017.51,139.74,0.015323056,0.029782543,0.061862172,-1,-1,-1,-0.333333333,-0.333333333,-0.212676436,-0.005107685,-0.009927514,-0.013526542,-0.028562,59.483889
7/9/2024,58023.2,3065.06,141.391,0.023582376,0.015758026,0.011814799,-1,-1,-1,-0.333333333,-0.333333333,-0.213729363,-0.007860792,-0.005252675,-0.002512729,-0.015626,58.538768
7/10/2024,57707,3099.12,141.927,-0.005449544,0.011112344,0.003790906,-1,-1,-1,-0.333333333,-0.333333333,-0.214033911,0.001816515,-0.003704115,-0.000810228,-0.002698,58.378132
7/11/2024,57315.5,3098.25,135.702,-0.006784272,-0.000280725,-0.043860576,-1,-1,-1,-0.333333333,-0.333333333,-0.216907459,0.002261424,9.36E-05,0.009387651,0.011743,59.07541
7/12/2024,57870,3133.24,139.379,0.009674521,0.011293472,0.027096137,-1,-1,-1,-0.333333333,-0.333333333,-0.218367167,-0.00322484,-0.003764491,-0.005877354,-0.012867,58.302419
7/13/2024,59174,3174.01,141.811,0.022533264,0.01301209,0.017448827,-1,-1,-1,-0.333333333,-0.333333333,-0.221976982,-0.007511088,-0.004337363,-0.003810251,-0.015659,57.373803
7/14/2024,60766,3243.56,147.575,0.026903708,0.021912344,0.040645648,-1,-1,0,-0.5,-0.5,0,-0.008967903,-0.007304115,-0.009022398,-0.025294,55.897296
7/15/2024,64680.6,3481.62,159.294,0.064420893,0.073394665,0.079410469,-1,-1,0,-0.5,-0.5,0,-0.032210447,-0.036697333,0,-0.068908,51.976617
7/16/2024,65010,3442.83,160.592,0.005092717,-0.011141365,0.008148455,-1,-1,0,-0.5,-0.5,0,-0.002546359,0.005570683,0,0.003024,52.136818
7/17/2024,64055.7,3386,155.467,-0.01467928,-0.016506769,-0.031913171,0,0,0,0,0,0,0.00733964,0.008253385,0,0.015593,52.965381
7/18/2024,63959.9,3424.99,159.146,-0.001495573,0.011515062,0.023664186,-1,-1,0,-0.5,-0.5,0,0,0,0,0,52.965381
7/19/2024,66627.9,3502.18,169.064,0.041713636,0.022537292,0.062320134,1,0,0,1,0,0,-0.020856818,-0.011268646,0,-0.032125,51.231743
7/20/2024,67095.6,3516.03,173.532,0.007019582,0.00395468,0.026427862,1,1,0,0.5,0.5,0,0.007019582,0,0,0.00702,51.59841
7/21/2024,68138,3534.29,184.473,0.015536041,0.005193357,0.06304889,1,1,1,0.333333333,0.333333333,0.211819831,0.007768021,0.002596679,0,0.010365,52.143592
7/22/2024,67499.2,3438.08,178.823,-0.009375092,-0.027221875,-0.030627788,1,-1,0,0.5,-0.5,0,-0.003125031,-0.009073958,-0.006487573,-0.018687,51.150498
7/23/2024,65916.4,3481.01,172.912,-0.023449167,0.01248662,-0.033055032,0,0,0,0,0,0,-0.011724583,-0.00624331,0,-0.017968,50.213458
7/24/2024,65350.8,3334.24,177.983,-0.008580566,-0.04216305,0.029327057,0,-1,0,0,-1,0,0,0,0,0,50.213458
7/25/2024,65773,3173.67,171.759,0.006460518,-0.048157901,-0.034969632,0,-1,0,0,-1,0,0,0.048157901,0,0.048158,52.679795
7/26/2024,67882.5,3272.82,182.991,0.032072431,0.031241433,0.065393953,0,-1,0,0,-1,0,0,-0.031241433,0,-0.031241,51.002785
7/27/2024,67873.8,3248.17,183.903,-0.000128163,-0.007531731,0.004983852,0,-1,0,0,-1,0,0,0.007531731,0,0.007532,51.39447
7/28/2024,68215.5,3268.03,184.808,0.005034343,0.006114212,0.004921073,0,-1,0,0,-1,0,0,-0.006114212,0,-0.006114,51.07413
7/29/2024,66750,3316.87,182.509,-0.021483387,0.014944783,-0.012439938,0,-1,0,0,-1,0,0,-0.014944783,0,-0.014945,50.295882
7/30/2024,66159.3,3278.17,179.072,-0.008849438,-0.011667626,-0.018831948,0,-1,0,0,-1,0,0,0.011667626,0,0.011668,50.894403
7/31/2024,64601.8,3231.48,171.632,-0.023541664,-0.014242702,-0.041547534,0,-1,0,0,-1,0,0,0.014242702,0,0.014243,51.633535
8/1/2024,65328.9,3201.67,167.294,0.011255104,-0.009224875,-0.025275007,0,-1,0,0,-1,0,0,0.009224875,0,0.009225,52.119079
8/2/2024,61483.7,2988.11,152.711,-0.058859096,-0.06670269,-0.087169893,0,-1,0,0,-1,0,0,0.06670269,0,0.066703,55.662281
8/3/2024,60684.6,2901.94,142.456,-0.012996941,-0.028837626,-0.067152988,0,-1,0,0,-1,0,0,0.028837626,0,0.028838,57.296308
8/4/2024,58144.5,2687.6,138.291,-0.041857407,-0.073860934,-0.029237098,0,-1,0,0,-1,0,0,0.073860934,0,0.073861,61.602131
8/5/2024,54003.1,2418.6,129.768,-0.071225997,-0.100089299,-0.061630909,-1,-1,-1,-0.333333333,-0.295734595,-0.231345035,0,0.100089299,0,0.100089,67.867916
8/6/2024,55991.2,2459.87,144.328,0.036814553,0.017063591,0.112200234,0,-1,0,0,-0.89831399,0,-0.012271518,-0.005046294,-0.025956967,-0.043275,64.887657
8/7/2024,55102.9,2341.41,144.736,-0.015864993,-0.048157016,0.002826894,-1,-1,0,-0.5,-0.446535366,0,0,0.043260122,0,0.04326,67.737957
8/8/2024,61659.8,2681.59,163.069,0.118993737,0.145288523,0.126665101,0,-1,0,0,-0.701122734,0,-0.059496869,-0.064876464,0,-0.124373,59.188811
8/9/2024,60808.6,2597.9,156.188,-0.01380478,-0.031209096,-0.042196861,0,-1,0,0,-0.698157227,0,0,0.021881407,0,0.021881,60.505802
8/10/2024,60889.9,2608.76,153.932,0.001336982,0.004180299,-0.014444131,0,-1,1,0,-0.348898913,0.304725497,0,-0.002918506,0,-0.002919,60.326267
8/11/2024,58693.1,2554.65,141.492,-0.036078233,-0.020741655,-0.080814905,0,-1,1,0,-0.349006003,0.29247026,0,0.007236741,-0.024626362,-0.01739,59.259803
8/12/2024,59323.6,2721.15,146.241,0.010742319,0.065175269,0.033563735,0,-1,0,0,-0.672200281,0,0,-0.02274656,0.009816394,-0.01293,58.480644
8/13/2024,60550.5,2701.01,146.565,0.020681483,-0.007401283,0.002215521,-1,-1,0,-0.435474799,-0.33795601,0,0,0.004975144,0,0.004975,58.77656
8/14/2024,58648.1,2659.82,143.644,-0.031418403,-0.015249851,-0.019929724,-1,-1,0,-0.456370318,-0.356402277,0,0.013681923,0.005153779,0,0.018836,59.902511
8/15/2024,57511,2568.73,142.538,-0.019388522,-0.034246678,-0.007699591,-1,-1,0,-0.45506063,-0.354329399,0,0.008848346,0.012205594,0,0.021054,61.184753
8/16/2024,58854.9,2591.52,138.986,0.023367704,0.008872089,-0.024919671,-1,-1,-1,-0.300987498,-0.235742797,-0.203985323,-0.010633722,-0.003143642,0,-0.013777,60.328034
8/17/2024,59468.5,2613.18,141.83,0.01042564,0.008358029,0.020462493,-1,-1,-1,-0.300323641,-0.235976458,-0.204195968,-0.003137987,-0.001970345,-0.004174048,-0.009282,59.758787
8/18/2024,58390,2610.67,142.354,-0.018135652,-0.000960516,0.003694564,-1,-1,-1,-0.308079354,-0.237866571,-0.210194021,0.005446565,0.000226659,-0.000754415,0.004919,60.057659
8/19/2024,59398.5,2635.15,144.201,0.017271793,0.009376903,0.012974697,-1,-1,-1,-0.306598023,-0.237513697,-0.211162465,-0.005321083,-0.002230452,-0.002727204,-0.010279,59.430048
8/20/2024,58982.9,2571.51,142.21,-0.00699681,-0.024150428,-0.013807116,-1,-1,-1,-0.308276415,-0.237471181,-0.218568424,0.002145208,0.005736057,0.002915545,0.010797,60.082511
8/21/2024,61120,2629.38,142.726,0.036232535,0.022504287,0.003628437,-1,-1,-1,-0.301399407,-0.236133949,-0.219305943,-0.011169636,-0.00534412,-0.000793062,-0.017307,59.025356
8/22/2024,60349.9,2622,143.159,-0.012599804,-0.002806745,0.003033785,-1,-1,-1,-0.302856139,-0.236965874,-0.220416629,0.003797573,0.000662768,-0.000665327,0.003795,59.253152
8/23/2024,64019.9,2761.58,153.228,0.060812031,0.053234172,0.070334383,-1,-1,0,-0.431290792,-0.3482325,0,-0.018417297,-0.012614682,-0.015502868,-0.046535,56.449272
8/24/2024,64116.5,2766.4,160.558,0.001508906,0.001745378,0.04783721,0,-1,0,0,-0.707781623,0,-0.000650777,-0.000607797,0,-0.001259,56.376943
8/25/2024,64190.2,2744.47,158.88,0.00114947,-0.00792727,-0.010451052,0,-1,0,0,-0.715651831,0,0,0.005610776,0,0.005611,56.698885
8/26/2024,62807.6,2679.25,157.052,-0.021539113,-0.023764151,-0.011505539,-1,-1,0,-0.435380721,-0.356745127,0,0,0.017006858,0,0.017007,57.68017
8/27/2024,59384.5,2455.98,146.727,-0.054501366,-0.083333022,-0.065742557,-1,-1,0,-0.421148665,-0.340029181,0,0.023728844,0.02972865,0,0.053457,60.817036
8/28/2024,59010,2527.31,143.892,-0.006306359,0.029043396,-0.019321597,-1,-1,0,-0.422774558,-0.337710646,0,0.002655915,-0.009875602,0,-0.00722,60.370717
8/29/2024,59323.2,2526.28,139.948,0.005307575,-0.000407548,-0.027409446,0,-1,0,0,-0.675207204,0,-0.002243908,0.000137633,0,-0.002106,60.24147
8/30/2024,59096.3,2524.99,137.921,-0.003824811,-0.000510632,-0.014483951,0,-1,0,0,-0.675205699,0,0,0.000344783,0,0.000345,60.262598
8/31/2024,58941.9,2511.91,135.266,-0.002612685,-0.005180219,-0.01925015,-1,-1,-1,-0.283933437,-0.225070191,-0.214000583,0,0.003497713,0,0.003498,60.476895
9/1/2024,57268.1,2424.55,128.411,-0.028397456,-0.034778316,-0.050677923,-1,-1,-1,-0.29346671,-0.230315833,-0.221538906,0.008062987,0.007827562,0.010845105,0.026736,62.120541
9/2/2024,59112.1,2536.74,134.865,0.032199427,0.046272504,0.050260492,-1,-1,-1,-0.289725409,-0.226534818,-0.223862733,-0.00944946,-0.01065729,-0.011134654,-0.031241,60.148592
9/3/2024,57451.9,2424.05,127.506,-0.02808562,-0.044423157,-0.054565677,-1,-1,-1,-0.293479781,-0.23283775,-0.220311369,0.008137118,0.010063392,0.012215222,0.030416,62.008488
9/4/2024,57944.8,2449.67,133.564,0.008579351,0.010569089,0.04751149,0,0,0,0,0,0,-0.002517866,-0.002460883,-0.010467321,-0.015446,61.035259
9/5/2024,56145.7,2367.37,129.337,-0.031048515,-0.033596362,-0.031647749,0,-1,-1,0,-0.379196868,-0.370133741,0,0,0,0,61.035259
9/6/2024,53927.7,2223.7,124.959,-0.039504361,-0.060687598,-0.033849556,-1,-1,-1,-0.311196651,-0.249442812,-0.244683385,0,0.023012547,0.012528863,0.035541,63.240054
9/7/2024,54134.9,2272.21,127.656,0.003842181,0.021814993,0.021583079,-1,-1,-1,-0.333333333,-0.327032858,-0.295920324,-0.001195674,-0.005441593,-0.005281021,-0.011918,62.474441
9/8/2024,54839.6,2295.89,130.073,0.01301748,0.010421572,0.018933697,-1,-1,-1,-0.333333333,-0.32985461,-0.298510899,-0.00433916,-0.003408196,-0.005602866,-0.01335,61.627057
9/9/2024,57010,2358.19,135.014,0.03957724,0.027135446,0.037986362,-1,-1,-1,-0.333333333,-0.325062908,-0.291572377,-0.013192413,-0.008950752,-0.011339343,-0.033483,59.530115
9/10/2024,57609.1,2387.63,135.563,0.010508683,0.012484151,0.004066245,-1,-1,-1,-0.333333333,-0.325721251,-0.318839641,-0.003502894,-0.004058134,-0.001185605,-0.008747,59.000658
9/11/2024,57306,2339.22,132.346,-0.005261322,-0.020275336,-0.023730664,-1,-1,-1,-0.333333333,-0.333333333,-0.322875206,0.001753774,0.006604108,0.007566276,0.015924,59.956109
9/12/2024,58097,2360.79,135.997,0.013803092,0.009221022,0.02758678,-1,-1,-1,-0.333333333,-0.333333333,-0.318326157,-0.004601031,-0.003073674,-0.008907087,-0.016582,58.945335
9/13/2024,60456.2,2438.15,138.916,0.040607949,0.032768692,0.021463709,0,-1,-1,0,-0.5,-0.476204405,-0.013535983,-0.010922897,-0.00683246,-0.031291,57.069585
9/14/2024,59964,2416.65,137.068,-0.008141431,-0.008818161,-0.013303003,0,-1,-1,0,-0.5,-0.475375772,0,0.004409081,0.006334949,0.010744,57.693485
9/15/2024,59100.5,2314.85,131.319,-0.014400307,-0.042124428,-0.041942685,0,-1,-1,0,-0.5,-0.467307468,0,0.021062214,0.019938536,0.041001,60.099976
9/16/2024,58187,2294.61,131.412,-0.015456722,-0.008743547,0.000708199,-1,-1,-1,-0.333333333,-0.333333333,-0.3138682,0,0.004371774,-0.000330947,0.004041,60.346881
9/17/2024,60281,2340.59,131.467,0.03598742,0.020038264,0.000418531,0,-1,-1,0,-0.5,-0.470999113,-0.011995807,-0.006679421,-0.000131364,-0.018807,59.193131
9/18/2024,61735.3,2373.93,134.299,0.024125346,0.014244272,0.021541528,0,-1,-1,0,-0.5,-0.468610535,0,-0.007122136,-0.01014604,-0.017268,58.153716
9/19/2024,62926.9,2464.56,142.82,0.019301761,0.0381772,0.063447978,0,-1,0,0,-0.992218878,0,0,-0.0190886,-0.029732391,-0.048821,55.265772
9/20/2024,63175.7,2560.29,146.627,0.003953794,0.038842633,0.026655931,0,-1,0,0,-0.975188924,0,0,-0.038540394,0,-0.03854,53.097289
9/21/2024,63320.6,2611.4,149.372,0.002293603,0.019962582,0.018720972,0,-1,0,0,-0.968917728,0,0,-0.019467289,0,-0.019467,52.044177
9/22/2024,63558.4,2579.94,144.587,0.003755492,-0.012047178,-0.032034116,-1,-1,-1,-0.333333333,-0.333333333,-0.307734143,0,0.011672724,0,0.011673,52.663362
9/23/2024,63302,2645.84,144.691,-0.004034085,0.02554323,0.00071929,-1,-1,-1,-0.333333333,-0.333333333,-0.319834506,0.001344695,-0.00851441,-0.00022135,-0.007391,52.266736
9/24/2024,64243.1,2652,152.712,0.014866829,0.002328183,0.055435376,0,-1,-1,0,-0.5,-0.456755921,-0.00495561,-0.000776061,-0.017730146,-0.023462,51.016992
9/25/2024,63118.4,2578.9,147.88,-0.017506938,-0.027564103,-0.031641259,0,-1,-1,0,-0.5,-0.451355047,0,0.013782051,0.014452333,0.028234,52.48564
9/26/2024,65139.2,2631.11,155.48,0.032016021,0.020245066,0.051393021,0,0,0,0,0,0,0,-0.010122533,-0.0231965,-0.033319,50.703552
9/27/2024,65749.6,2693.53,157.591,0.009370702,0.023723828,0.013577309,0,0,0,0,0,0,0,0,0,0,50.703552
9/28/2024,65822.6,2673.9,156.682,0.001110273,-0.007287834,-0.005768096,0,0,0,0,0,0,0,0,0,0,50.703552
9/29/2024,65568.1,2656.3,158.385,-0.003866453,-0.006582146,0.010869149,0,0,0,0,0,0,0,0,0,0,50.703552
9/30/2024,63309.1,2601.49,152.428,-0.034452729,-0.020633965,-0.037610885,0,0,0,0,0,0,0,0,0,0,50.703552
10/1/2024,60776.8,2446.85,145.071,-0.039998989,-0.059442858,-0.048265411,0,0,0,0,0,0,0,0,0,0,50.703552
10/2/2024,60622.6,2363,140.082,-0.002537152,-0.034268549,-0.034390057,0,-1,0,0,-1,0,0,0,0,0,50.703552
10/3/2024,60727.2,2348.74,136.733,0.001725429,-0.006034702,-0.023907426,0,-1,0,0,-1,0,0,0.006034702,0,0.006035,51.015583
10/4/2024,62054.4,2413.38,143.159,0.021855116,0.027521139,0.046996702,0,-1,0,0,-1,0,0,-0.027521139,0,-0.027521,49.584062
10/5/2024,62023.1,2413.42,142.538,-0.000504396,1.66E-05,-0.004337834,0,0,0,0,0,0,0,-1.66E-05,0,-1.70E-05,49.583202
10/6/2024,62789.3,2438.77,146.412,0.012353462,0.010503766,0.027178717,0,0,0,0,0,0,0,0,0,0,49.583202
10/7/2024,62190.7,2421.75,143.909,-0.009533471,-0.006978928,-0.017095593,0,0,0,0,0,0,0,0,0,0,49.583202
10/8/2024,62131.7,2439.84,143.417,-0.000948695,0.007469805,-0.003418827,0,0,0,0,0,0,0,0,0,0,49.583202
10/9/2024,60606.4,2369.6,139.266,-0.024549465,-0.028788773,-0.02894357,0,0,0,0,0,0,0,0,0,0,49.583202
10/10/2024,60293.2,2385.24,138.963,-0.005167771,0.00660027,-0.002175693,0,-1,0,0,-1,0,0,0,0,0,49.583202
10/11/2024,62509,2438.46,145.47,0.036750413,0.02231222,0.046825414,0,0,0,0,0,0,0,-0.02231222,0,-0.022312,48.454589
10/12/2024,63176,2475.09,146.318,0.010670463,0.015021776,0.005829381,0,0,1,0,0,1,0,0,0,0,48.454589
10/13/2024,62839.8,2467.79,147.645,-0.005321641,-0.002949388,0.009069287,0,0,1,0,0,1,0,0,0.009069287,0.009069,48.903093
10/14/2024,66064.9,2628.88,157.52,0.051322569,0.065277029,0.066883403,0,0,1,0,0,0.960811005,0,0,0.066883403,0.066883,52.240762
10/15/2024,67044.1,2606.53,154.69,0.014821789,-0.008501719,-0.017965973,1,0,1,0.5,0,0.494177897,0,0,-0.017261904,-0.017262,51.32172
10/16/2024,67592,2610.39,154.19,0.008172233,0.001480896,-0.003232271,1,0,1,0.5,0,0.493702841,0.004086116,0,-0.001597317,0.002489,51.451948
10/17/2024,67401.5,2605.01,150.45,-0.002818381,-0.002060995,-0.024255788,1,0,1,0.5,0,0.486659132,-0.00140919,0,-0.011975152,-0.013384,50.749932
10/18/2024,68407.8,2641.11,154.86,0.014929935,0.013857912,0.029312064,1,0,1,0.5,0,0.484137058,0.007464967,0,0.014264984,0.02173,51.874458
10/19/2024,68357.1,2647.45,159.7,-0.000741144,0.002400506,0.031254036,1,0,1,0.5,0,0.5,-0.000370572,0,0.015131237,0.014761,52.654937
10/20/2024,69020.1,2746.98,167.42,0.009699066,0.037594667,0.048340639,1,0,1,0.5,0,0.494926327,0.004849533,0,0.024170319,0.02902,54.212004
10/21/2024,67368.8,2666.63,166.13,-0.023924915,-0.029250304,-0.007705173,1,0,1,0.5,0,0.495391263,-0.011962457,0,-0.003813493,-0.015776,53.340979
10/22/2024,67406.4,2621.78,167.56,0.000558122,-0.016818981,0.008607717,1,0,1,0.5,0,0.5,0.000279061,0,0.004264188,0.004543,53.58785
10/23/2024,66647.2,2523.84,170.81,-0.011263025,-0.0373563,0.019396037,1,-1,1,0.333333333,-0.333333333,0.333333333,-0.005631513,0,0.009698019,0.004067,53.809859
10/24/2024,68173.8,2535.39,177.1,0.022905688,0.00457636,0.036824542,1,-1,1,0.333333333,-0.333333333,0.333333333,0.007635229,-0.001525453,0.012274847,0.018385,54.817538
10/25/2024,66662.8,2440.1,164.8,-0.02216394,-0.037583961,-0.069452287,1,-1,1,0.333333333,-0.333333333,0.322046368,-0.00738798,0.012527987,-0.023150762,-0.018011,53.812209
10/26/2024,67071.8,2482.04,170.81,0.006135356,0.01718782,0.036468447,1,-1,1,0.333333333,-0.333333333,0.328518601,0.002045119,-0.005729273,0.011744531,0.00806,54.253995
10/27/2024,67992.6,2507.22,176.58,0.013728571,0.010144881,0.033780224,1,-1,1,0.333333333,-0.333333333,0.324163961,0.00457619,-0.003381627,0.011097432,0.012292,54.933177
10/28/2024,69940,2566.49,178.2,0.028641352,0.023639728,0.009174312,1,-1,1,0.333333333,-0.333333333,0.324621319,0.009547117,-0.007879909,0.002973981,0.004641,55.192763
10/29/2024,72739.5,2639.28,179.4,0.040027166,0.028361692,0.006734007,1,-1,1,0.333333333,-0.333333333,0.324802569,0.013342389,-0.009453897,0.002186002,0.006074,55.534078
10/30/2024,72349,2659.36,174.83,-0.005368472,0.007608136,-0.025473802,1,0,1,0.5,0,0.494511696,-0.001789491,-0.002536045,-0.008273956,-0.012599,54.821805
10/31/2024,70321.9,2518.37,168.62,-0.028018355,-0.053016515,-0.03552022,1,0,1,0.5,0,0.5,-0.014009178,0,-0.017565164,-0.031574,53.059287
11/1/2024,69495.5,2511.57,166.01,-0.011751673,-0.002700159,-0.015478591,1,0,1,0.5,0,0.5,-0.005875837,0,-0.007739295,-0.013615,52.32327
11/2/2024,69366.6,2493.61,166.09,-0.001854796,-0.007150906,0.000481899,1,0,1,0.5,0,0.5,-0.000927398,0,0.000240949,-0.000686,52.28669
11/3/2024,68762.5,2457.29,162.44,-0.008708802,-0.014565229,-0.021976037,1,0,1,0.5,0,0.5,-0.004354401,0,-0.010988019,-0.015342,51.469166
11/4/2024,67834.3,2397.37,157.87,-0.013498637,-0.024384586,-0.028133465,1,-1,1,0.333333333,-0.333333333,0.333333333,-0.006749318,0,-0.014066732,-0.020816,50.376968
11/5/2024,69353.1,2421.42,166.55,0.022389853,0.010031827,0.054981947,1,-1,1,0.333333333,-0.333333333,0.333333333,0.007463284,-0.003343942,0.018327316,0.022447,51.530227
11/6/2024,75579.9,2722.49,186.61,0.089784018,0.124336133,0.120444311,1,0,1,0.5,0,0.420973849,0.029928006,-0.041445378,0.040148104,0.028631,53.034219
11/7/2024,75859.4,2895.76,196.47,0.003698073,0.063643944,0.052837469,1,0,1,0.5,0,0.41275954,0.001849037,0,0.022243192,0.024092,54.336012
11/8/2024,76482.2,2962.12,199.92,0.008209925,0.022916264,0.017559933,1,0,1,0.5,0,0.421099463,0.004104963,0,0.00724803,0.011353,54.964242
11/9/2024,76675.1,3127.03,199.94,0.002522155,0.055672964,0.00010004,1,0,1,0.5,0,0.421429152,0.001261078,0,4.21E-05,0.001303,55.037163
11/10/2024,80410,3185.19,210.29,0.048710729,0.018599118,0.05176553,1,1,1,0.333333333,0.295067004,0.279707809,0.024355364,0,0.021815503,0.046171,57.624455
11/11/2024,88728.9,3375.02,222.33,0.103456038,0.059597701,0.057254268,1,1,1,0.333333333,0.285783507,0.273655644,0.034485346,0.017585315,0.016014466,0.068085,61.615901
11/12/2024,87972,3245.98,211.77,-0.008530479,-0.038233848,-0.047496964,1,0,1,0.5,0,0.393534751,-0.002843493,-0.010926603,-0.012997812,-0.026768,59.939798
11/13/2024,90413.3,3188.9,215.28,0.027750875,-0.017584828,0.016574586,1,0,1,0.5,0,0.406931491,0.013875438,0,0.006522675,0.020398,61.182848
11/14/2024,87382.7,3061.03,209.65,-0.033519405,-0.040098467,-0.026151988,1,0,1,0.5,0,0.404402195,-0.016759702,0,-0.010642068,-0.027402,59.478914
11/15/2024,91074.6,3091.75,218.68,0.042249782,0.010035838,0.043071786,1,0,1,0.5,0,0.400915693,0.021124891,0,0.017418325,0.038543,61.809953
11/16/2024,90643.3,3134.72,215.87,-0.004735678,0.013898278,-0.012849826,1,0,1,0.5,0,0.404160306,-0.002367839,0,-0.005151697,-0.00752,61.337622
11/17/2024,89899.9,3078.09,237.61,-0.008201378,-0.018065409,0.10070876,1,0,1,0.5,0,0.374231539,-0.004100689,0,0.040702483,0.036602,63.619304
11/18/2024,90507.4,3210.48,239.96,0.006757516,0.043010438,0.009890156,1,0,1,0.5,0,0.375131086,0.003378758,0,0.003701208,0.00708,64.076808
11/19/2024,92335.9,3109.34,237.69,0.020202768,-0.031503077,-0.00945991,1,0,1,0.5,0,0.377679433,0.010101384,0,-0.003548706,0.006553,64.503257
11/20/2024,94288,3071.05,235.47,0.02114129,-0.01231451,-0.009339897,1,0,1,0.5,0,0.37742032,0.010570645,0,-0.003527487,0.007043,64.964596
11/21/2024,98366.8,3358.42,256.59,0.043258951,0.093573859,0.089692955,1,1,1,0.333333333,0.255363971,0.238391897,0.021629476,0,0.033851944,0.055481,68.624378
11/22/2024,98921.4,3330.05,257.1,0.005638081,-0.008447425,0.001987607,1,1,1,0.333333333,0.260427553,0.238078481,0.00187936,-0.002157168,0.000473829,0.000196,68.638024
11/23/2024,97725.5,3396.33,255.07,-0.012089396,0.019903605,-0.00789576,1,1,1,0.333333333,0.260262028,0.238188009,-0.004029799,0.005183447,-0.001879811,-0.000726,68.587467
11/24/2024,97960.4,3362.98,252.94,0.002403672,-0.009819423,-0.008350649,1,1,1,0.333333333,0.265779178,0.253299267,0.000801224,-0.002555623,-0.001989024,-0.003743,68.327001
11/25/2024,93064,3416.92,234.29,-0.049983463,0.016039346,-0.073732901,1,1,1,0.320734838,0.265814171,0.237000125,-0.016661154,0.004262924,-0.01867649,-0.031075,66.172665
11/26/2024,92021.4,3327.17,230.73,-0.011203043,-0.026266345,-0.015194844,1,1,1,0.318228276,0.261840004,0.236714049,-0.003593206,-0.006981967,-0.00360118,-0.014176,65.220425
11/27/2024,95905.2,3655.88,242.05,0.0422054,0.098795673,0.049061674,1,1,1,0.314904211,0.242976936,0.23368037,0.013430952,0.02586866,0.011613587,0.050913,68.591905
11/28/2024,95694.4,3581.58,237.6,-0.002198004,-0.020323424,-0.018384631,1,1,1,0.318499907,0.241259613,0.232022995,-0.000692161,-0.004938123,-0.004296127,-0.009926,67.901136
11/29/2024,97516.3,3594.5,243.44,0.019038732,0.003607346,0.024579125,1,1,1,0.319312469,0.241163645,0.234348815,0.006063834,0.000870307,0.005702922,0.012637,68.77184
11/30/2024,96475.1,3705.73,237.73,-0.010677189,0.030944499,-0.023455472,1,1,1,0.324805514,0.250335522,0.236414342,-0.00340936,0.007462688,-0.005496762,-0.001443,68.671159
12/1/2024,97265.1,3711.24,237.06,0.008188641,0.001486887,-0.002818323,1,1,1,0.327680379,0.250634678,0.23757005,0.002659716,0.000372221,-0.000666292,0.002366,68.836001
12/2/2024,95300,3610.53,223.48,-0.020203547,-0.027136483,-0.057285076,1,1,1,0.32320902,0.247647216,0.228318736,-0.006620306,-0.006801344,-0.013609218,-0.027031,66.948264
