date,close_price_BTCUSDT,return_BTCUSDT,signal_return_BTCUSDT,cum_signal_return_BTCUSDT,signal_basket_return,cum_signal_basket_return
9/14/2020,10664.1,0.032570596,0,,0,0
9/15/2020,10776.78,0.010566293,0,0,0,0
9/16/2020,10948.17,0.015903637,0,0,0,0
9/17/2020,10935.33,-0.001172799,0,0,0,0
9/18/2020,10926.29,-0.000826678,0,0,0,0
9/19/2020,11073.74,0.013494974,0,0,0,0
9/20/2020,10914.28,-0.014399832,0,0,0,0
9/21/2020,10414.73,-0.045770312,0,0,0,0
9/22/2020,10523.32,0.010426579,0,0,0,0
9/23/2020,10237.91,-0.027121669,0,0,0,0
9/24/2020,10724.92,0.047569279,0,0,0,0
9/25/2020,10683.51,-0.003861101,0,0,0,0
9/26/2020,10726.5,0.004023958,0,0,0,0
9/27/2020,10768,0.003868923,0,0,0,0
9/28/2020,10691.45,-0.007109027,0,0,0,0
9/29/2020,10836.98,0.013611811,0,0,0,0
9/30/2020,10773,-0.005903859,0,0,0,0
10/1/2020,10612.63,-0.01488629,0,0,0,0
10/2/2020,10565.15,-0.004473915,0,0,0,0
10/3/2020,10537.96,-0.002573556,0,0,0,0
10/4/2020,10660.16,0.011596172,0.011596172,0.011596172,0.011596,0.011596
10/5/2020,10785,0.011710894,0.011710894,0.023442867,0.011711,0.023443
10/6/2020,10593.65,-0.017742235,-0.008871117,0.002735888,-0.023729,-0.000842
10/7/2020,10658.75,0.006145191,0.006145191,-0.002780441,0.006145,0.005297
10/8/2020,10919.45,0.024458778,0.024458778,0.030754273,0.024459,0.029886
10/9/2020,11050.47,0.011998773,0.005999386,0.030604902,0.022868,0.053437
10/10/2020,11294.79,0.022109467,0.011054733,0.017120441,0.017608,0.071986
10/11/2020,11369.59,0.006622522,0.003311261,0.0144026,0.007669,0.080207
10/12/2020,11530.36,0.014140352,0.007070176,0.010404848,0.021446,0.103373
10/13/2020,11419.36,-0.009626759,-0.009626759,-0.002624646,-0.009627,0.092751
10/14/2020,11417.13,-0.000195282,-9.76E-05,-0.00972346,-0.002937,0.089542
10/15/2020,11502,0.007433567,0.003716783,0.003618779,0.002351,0.092103
10/16/2020,11318.92,-0.015917232,-0.007958616,-0.004271413,-0.02319,0.066778
10/17/2020,11356.25,0.003298018,0.001649009,-0.006322731,0.005258,0.072387
10/18/2020,11501.1,0.012755091,0.012755091,0.014425133,0.012755,0.086065
10/19/2020,11745,0.021206667,0.021206667,0.034232251,0.021207,0.109097
10/20/2020,11900.03,0.013199659,0.013199659,0.034686247,0.0132,0.123737
10/21/2020,12796.07,0.075297289,0.075297289,0.089490847,0.075297,0.208351
10/22/2020,12968.87,0.013504146,0.006752073,0.082557775,0.036717,0.252718
10/23/2020,12925.82,-0.003319487,-0.001659744,0.005081123,-0.007681,0.243096
10/24/2020,13110.88,0.01431708,0.00715854,0.005486915,0.010749,0.256458
10/25/2020,13023.81,-0.006641049,-0.003320525,0.003814245,-0.010839,0.242839
10/26/2020,13047.24,0.001799013,0.000899506,-0.002424005,-0.015979,0.22298
10/27/2020,13629.38,0.044617866,0.022308933,0.023228506,0.036541,0.267669
10/28/2020,13256.17,-0.027382757,-0.013691378,0.008312114,-0.032807,0.226081
10/29/2020,13446.65,0.014369158,0.007184579,-0.006605166,0.0056,0.232947
10/30/2020,13549.12,0.007620485,0.003810243,0.011022197,-0.002056,0.230412
10/31/2020,13783.73,0.017315516,0.008657758,0.012500989,0.013744,0.247322
11/1/2020,13752.86,-0.002239597,-0.001119798,0.007528264,0.01251,0.262926
11/2/2020,13540.54,-0.015438243,-0.007719122,-0.008830276,-0.024931,0.23144
11/3/2020,14016.55,0.035154433,0.017577216,0.009722414,0.024037,0.261041
11/4/2020,14134.31,0.008401497,0.004200748,0.021851802,0.02328,0.290398
11/5/2020,15598.75,0.103608878,0.051804439,0.056222805,0.069451,0.380017
11/6/2020,15590.96,-0.000499399,-0.000249699,0.051541804,0.046785,0.444581
11/7/2020,14824.34,-0.049170802,-0.024585401,-0.024828961,-0.047373,0.376147
11/8/2020,15473.2,0.043769908,0.021884954,-0.003238497,0.042967,0.435276
11/9/2020,15328.72,-0.009337435,-0.004668718,0.017114062,-0.015185,0.413481
11/10/2020,15294.68,-0.002220668,-0.001110334,-0.005773868,0.00519,0.420817
11/11/2020,15690.24,0.025862588,0.012931294,0.011806602,0.026174,0.458006
11/12/2020,16289.02,0.038162578,0.019081289,0.032259328,0.018398,0.48483
11/13/2020,16320.54,0.001935046,0.000967523,0.020067273,0.015471,0.507802
11/14/2020,16064.51,-0.015687594,-0.007843797,-0.006883863,-0.02351,0.472353
11/15/2020,15952.27,-0.00698683,-0.003493415,-0.01130981,-0.016352,0.448278
11/16/2020,16707.07,0.04731615,0.023658075,0.020082013,0.036662,0.501374
11/17/2020,17670.01,0.057636677,0.028818339,0.0531582,0.050608,0.577356
11/18/2020,17788.32,0.006695525,0.003347763,0.032262578,-0.000298,0.576886
11/19/2020,17811.68,0.001313221,0.000656611,0.004006571,-0.006169,0.567158
11/20/2020,18664.31,0.047869151,0.023934576,0.024606902,0.06174,0.663914
11/21/2020,18721.99,0.00309039,0.001545195,0.025516754,0.039198,0.729136
11/22/2020,18435.2,-0.01531835,-0.007659175,-0.006125815,-0.002853,0.724203
11/23/2020,18382.07,-0.002881987,-0.001440993,-0.009089132,0.035418,0.785271
11/24/2020,19179.64,0.043388476,0.021694238,0.020221983,0.019475,0.820039
11/25/2020,18741.67,-0.022835152,-0.011417576,0.010028966,-0.035118,0.756123
11/26/2020,17155.34,-0.08464187,-0.042320935,-0.053255309,-0.075923,0.622793
11/27/2020,17144.1,-0.00065519,-0.000291585,-0.04260018,-0.001195,0.620854
11/28/2020,17717.74,0.033459907,0.015148394,0.014852392,0.028022,0.666273
11/29/2020,18181.09,0.026151755,0.011747485,0.027073835,0.037749,0.729173
11/30/2020,19720,0.08464344,0.03788862,0.050081201,0.062819,0.837798
12/1/2020,18772.7,-0.048037525,-0.020062624,0.017065851,-0.037444,0.768984
12/2/2020,19207.01,0.023135191,0.009285501,-0.010963415,0.01547,0.79635
12/3/2020,19434.3,0.0118337,0.004782721,0.014112632,0.015623,0.824414
12/4/2020,18664.2,-0.039625816,-0.016113704,-0.011408051,-0.042547,0.746791
12/5/2020,19147.62,0.025900923,0.010235808,-0.006042833,0.02654,0.793151
12/6/2020,19375.02,0.01187615,0.005214932,0.015504119,0.007786,0.807112
12/7/2020,19172.88,-0.010433021,-0.004584291,0.000606734,-0.01007,0.788915
12/8/2020,18319.32,-0.044519133,-0.02039674,-0.024887527,-0.041201,0.71521
12/9/2020,18537.98,0.011936033,0.005357499,-0.015148516,0.015981,0.74262
12/10/2020,18253.51,-0.015345253,-0.006909681,-0.0015892,-0.014638,0.717112
12/11/2020,18031.47,-0.012164236,-0.005445985,-0.012318037,-0.014118,0.69287
12/12/2020,18800,0.042621594,0.01910175,0.013551737,0.033072,0.748856
12/13/2020,19175.07,0.019950532,0.008902218,0.028174016,0.021596,0.786625
12/14/2020,19270.7,0.004987205,0.002219522,0.011141499,-0.000249,0.78618
12/15/2020,19424.91,0.008002304,0.003585443,0.005812923,0.004942,0.795007
12/16/2020,21346.8,0.098939455,0.044450222,0.048195039,0.071513,0.923373
12/17/2020,22816.99,0.068871681,0.028367963,0.074079148,0.030987,0.982973
12/18/2020,23124.35,0.013470664,0.00547009,0.033993229,0.011081,1.004946
12/19/2020,23847.28,0.031262717,0.012693603,0.018233129,0.01478,1.034579
12/20/2020,23472.96,-0.015696549,-0.006345773,0.00626728,-0.016295,1.001426
12/21/2020,22730.1,-0.031647479,-0.012919784,-0.019183571,-0.028351,0.944683
12/22/2020,23826.99,0.048257157,0.019357541,0.006187662,0.035394,1.013514
12/23/2020,23238.27,-0.024708115,-0.009797134,0.009370759,-0.036768,0.939481
12/24/2020,23737.44,0.021480515,0.016851527,0.006889297,0.016852,0.972165
12/25/2020,24730,0.041814113,0.016591913,0.033723039,0.024521,1.020524
12/26/2020,26508.83,0.071930044,0.028520473,0.045585595,0.034249,1.089725
12/27/2020,26305.64,-0.007664993,-0.003259911,0.025167588,0.023875,1.139617
12/28/2020,27102.66,0.030298446,0.012842015,0.00954024,0.035651,1.215897
12/29/2020,27402.83,0.011075297,0.004700589,0.017602969,0.005808,1.228767
12/30/2020,28906.99,0.054890681,0.023331765,0.028142026,0.032711,1.301672
12/31/2020,28951.68,0.001545993,0.000686596,0.02403438,-0.006947,1.285682
1/1/2021,29337.16,0.013314599,0.006241937,0.006932819,0.0025,1.291397
1/2/2021,32199.91,0.09758102,0.045792185,0.052319955,0.068797,1.449038
1/3/2021,33054.53,0.026541068,0.01135331,0.057665388,0.107468,1.712231
1/4/2021,32031.07,-0.030962776,-0.013850164,-0.002654099,0.002626,1.719353
1/5/2021,33999.52,0.061454394,0.026598948,0.012380384,0.040865,1.83048
1/6/2021,36823.68,0.083064702,0.035143627,0.062677358,0.060885,2.002813
1/7/2021,39498.92,0.07264999,0.029699654,0.065887034,0.032682,2.100951
1/8/2021,40637.23,0.028818763,0.012137931,0.042198077,0.010298,2.132885
1/9/2021,40136.04,-0.012333272,-0.005208736,0.006865971,0.007788,2.157284
1/10/2021,38221.67,-0.047697032,-0.020206392,-0.025309879,-0.024673,2.079384
1/11/2021,35408.46,-0.073602488,-0.029717189,-0.049323104,-0.065212,1.878571
1/12/2021,34056.9,-0.038170539,-0.014010561,-0.043311395,-0.02177,1.815905
1/13/2021,37421.07,0.098780864,0.023406685,0.009068182,0.032869,1.908461
1/14/2021,39163.31,0.046557728,0.010520482,0.034173416,0.019297,1.964585
1/15/2021,36755.24,-0.061487908,-0.013866295,-0.003491694,-0.023115,1.896059
1/16/2021,36025.66,-0.019849687,-0.004439232,-0.018243971,0.007838,1.918758
1/17/2021,35869.83,-0.004325528,-0.000976504,-0.005411401,0.009046,1.945161
1/18/2021,36686.86,0.022777638,0.005125348,0.004143839,0.007829,1.968219
1/19/2021,35891.03,-0.021692508,-0.004888708,0.000211583,0.003927,1.979875
1/20/2021,35500,-0.010894923,-0.002447342,-0.007324087,0.000734,1.982062
1/21/2021,30879.97,-0.13014169,-0.029596038,-0.031970949,-0.075075,1.758184
1/22/2021,32986.34,0.06821153,0.013536359,-0.016460302,0.037072,1.860436
1/23/2021,32086.48,-0.027279777,-0.005351295,0.008112627,-0.000851,1.858001
1/24/2021,32275.63,0.005895006,0.001146132,-0.004211296,0.021052,1.918168
1/25/2021,32253.68,-0.00068008,-0.000132961,0.001013018,-0.005595,1.901841
1/26/2021,32474.14,0.006835189,0.001368414,0.00123527,0.013749,1.941738
1/27/2021,30381.04,-0.064454363,-0.01292406,-0.011573331,-0.03261,1.845808
1/28/2021,33399.75,0.099361641,0.019376736,0.00620225,0.031644,1.935861
1/29/2021,34269.35,0.026036123,0.004835482,0.024305914,0.010229,1.965892
1/30/2021,34289.85,0.000598202,0.000112258,0.004948283,0.008869,1.992196
1/31/2021,33126.21,-0.033935407,-0.006367873,-0.00625633,-0.012038,1.956176
2/1/2021,33546.09,0.01267516,0.002357946,-0.004024943,0.015625,2.002366
2/2/2021,35504.06,0.058366564,0.011408626,0.013793473,0.035713,2.10959
2/3/2021,37652.51,0.060512798,0.011654786,0.023196378,0.033836,2.214806
2/4/2021,36976.93,-0.017942496,-0.003421449,0.008193461,0.001778,2.220522
2/5/2021,38362.65,0.037475258,0.007253767,0.003807499,0.022079,2.291628
2/6/2021,39249.54,0.02311858,0.004618084,0.01190535,-0.007174,2.268014
2/7/2021,38849.25,-0.010198591,0,0.004618084,0.005965,2.287507
2/8/2021,46451.32,0.195681255,0,0,0.052158,2.458977
2/9/2021,46492.54,0.000887381,0.000150021,0.000150021,0.000438,2.460492
2/10/2021,44850,-0.035329109,-0.006055073,-0.00590596,0.011411,2.49998
2/11/2021,48060.21,0.071576589,0.012552335,0.006421258,0.017892,2.562602
2/12/2021,47361.03,-0.014548001,-0.002537048,0.009983442,0.002077,2.570001
2/13/2021,47221.62,-0.002943559,-0.000531368,-0.003067067,-0.009036,2.537743
2/14/2021,48655.21,0.030358764,0.00551734,0.00498304,0.003844,2.551342
2/15/2021,47981.58,-0.013844972,-0.002578195,0.00292492,-0.002444,2.542662
2/16/2021,49197.94,0.025350562,0.004729381,0.002138993,-0.003181,2.531393
2/17/2021,52194.62,0.06091068,0.011367344,0.016150486,0.016273,2.588859
2/18/2021,51619.7,-0.011014928,-0.00203105,0.009313206,0.017063,2.650096
2/19/2021,56004.1,0.084936565,0.015715214,0.013652245,0.052963,2.843416
2/20/2021,55917.41,-0.001547922,-0.000280184,0.015430627,-0.018583,2.771994
2/21/2021,57487.43,0.028077481,0.005773082,0.00549128,0.020772,2.850346
2/22/2021,54121.1,-0.058557671,-0.012221924,-0.006519401,0.006615,2.875816
2/23/2021,48930,-0.09591638,-0.019505651,-0.031489179,-0.03414,2.743495
2/24/2021,49702.03,0.015778255,0.002973357,-0.016590292,0.022086,2.826174
2/25/2021,47089.37,-0.052566465,-0.009920793,-0.006976934,-0.047475,2.644527
2/26/2021,46313.13,-0.0164844,-0.003035586,-0.012926264,-0.009398,2.610275
2/27/2021,46102.63,-0.004545147,-0.0008617,-0.00389467,-0.001967,2.603174
2/28/2021,45163.36,-0.020373458,-0.004024607,-0.004882839,-0.00999,2.567178
3/1/2021,49592.7,0.098073748,0.019280555,0.015178351,0.054782,2.762595
3/2/2021,48450.57,-0.023030204,-0.004340409,0.014856461,-0.021265,2.682584
3/3/2021,50373.75,0.039693651,0.007519923,0.003146875,0.018895,2.752166
3/4/2021,48385.77,-0.039464602,-0.007450275,1.36221E-05,-0.017603,2.686117
3/5/2021,48770.57,0.007952751,0.001494831,-0.005966581,-0.003579,2.672924
3/6/2021,48908.21,0.002822194,0.000806768,0.002302805,0.006238,2.695836
3/7/2021,50995.27,0.042672999,0.008167375,0.008980732,0.023294,2.781927
3/8/2021,52429.43,0.028123393,0.005373255,0.013584515,0.016966,2.846091
3/9/2021,54917.78,0.047460939,0.009060275,0.014482213,0.022461,2.932478
3/10/2021,55947.98,0.018758952,0.003565585,0.012658165,-0.009336,2.895764
3/11/2021,57844.52,0.033898275,0.00825527,0.011850289,0.024924,2.992862
3/12/2021,57291.03,-0.009568581,-0.002316395,0.005919753,-0.018697,2.918208
3/13/2021,61267.41,0.069406677,0.017055966,0.014700063,0.041234,3.079771
3/14/2021,59037.12,-0.036402551,-0.008968302,0.007934701,-0.022368,2.988515
3/15/2021,55646.61,-0.057430139,-0.013951543,-0.022794724,-0.021956,2.900943
3/16/2021,56954.19,0.023497927,0.008254708,-0.005812001,0.002883,2.91219
3/17/2021,58959,0.035200395,0.008263993,0.016586917,0.014362,2.968376
3/18/2021,57700.01,-0.021353653,-0.004997753,0.003224938,-0.010427,2.926998
3/19/2021,58089.11,0.0067435,0.002357818,-0.002651718,0.001686,2.933619
3/20/2021,58145.61,0.000972644,0.000349401,0.002708044,0.000721,2.936455
3/21/2021,57415.18,-0.012562083,-0.004522175,-0.004174353,-0.002951,2.924839
3/22/2021,54129.56,-0.057225633,-0.021914457,-0.026337531,-0.016594,2.85971
3/23/2021,54400,0.004996161,0,-0.021914457,-0.015422,2.800186
3/24/2021,52311.54,-0.038390809,0,0,-0.01385,2.747553
3/25/2021,51325.21,-0.018854922,0,0,0,2.747553
3/26/2021,55030,0.072182656,0.030368848,0.030368848,0.054404,2.951435
3/27/2021,55828,0.014501181,0.005780696,0.036325097,0.008745,2.98599
3/28/2021,55805.08,-0.000410547,-0.000113284,0.005666757,0.01217,3.0345
3/29/2021,57677.64,0.033555368,0.009313388,0.009199049,0.035234,3.176651
3/30/2021,58794.16,0.019357935,0.005338651,0.01470176,0.009399,3.215908
3/31/2021,58807.24,0.000222471,6.19E-05,0.005400888,0.012572,3.26891
4/1/2021,58794.01,-0.000224972,-6.99E-05,-7.95032E-06,0.002861,3.281123
4/2/2021,59031.36,0.004036976,0.001269605,0.001199663,0.03046,3.411526
4/3/2021,57134.65,-0.032130549,-0.010282762,-0.009026212,-0.001683,3.404102
4/4/2021,58234.61,0.019252065,0.006222943,-0.004123808,0.023695,3.508457
4/5/2021,59243.39,0.017322688,0.005584068,0.01184176,0.003824,3.525697
4/6/2021,58059.99,-0.019975224,-0.006428792,-0.000880623,0.009277,3.567682
4/7/2021,56018.18,-0.035167247,-0.011446799,-0.017802002,-0.019599,3.47816
4/8/2021,58122.26,0.037560663,0.012041803,0.000457164,0.029158,3.608734
4/9/2021,58176.03,0.000925119,0.000300458,0.01234588,0.003103,3.623035
4/10/2021,59832.43,0.028472208,0.009289836,0.009593085,0.012163,3.679265
4/11/2021,60090.2,0.004308199,0.00141326,0.010716225,0.011129,3.731341
4/12/2021,59911.18,-0.002979188,-0.000979355,0.000432521,0.001631,3.739058
4/13/2021,63649.71,0.062401208,0,-0.000979355,0.019499,3.831464
4/14/2021,63019.1,-0.009907508,-0.003302503,-0.003302503,0.003808,3.849863
4/15/2021,63232.55,0.003387068,0.001129023,-0.002177208,0.019947,3.946603
4/16/2021,61424.67,-0.028590971,-0.009530324,-0.008412061,-0.036403,3.766532
4/17/2021,60090.14,-0.021726287,-0.007242096,-0.0167034,-0.021936,3.661973
4/18/2021,56140.05,-0.065736076,-0.021912025,-0.028995432,0.025071,3.778853
4/19/2021,55634.39,-0.009007117,0,-0.021912025,-0.016561,3.699711
4/20/2021,56410.56,0.013951263,0,0,0.028245,3.832454
4/21/2021,53800,-0.04627786,0,0,0.010458,3.882992
4/22/2021,51714.61,-0.038761896,0,0,0.045309,4.104235
4/23/2021,51122.62,-0.011447249,0,0,-0.012307,4.041418
4/24/2021,50092.4,-0.020151941,0,0,-0.005821,4.012071
4/25/2021,49063.94,-0.020531258,0,0,0.047907,4.252185
4/26/2021,53984.33,0.10028526,0,0,0.01896,4.351766
4/27/2021,55006.25,0.018929938,0,0,0.014745,4.430678
4/28/2021,54861.77,-0.002626611,0,0,0.017453,4.52546
4/29/2021,53558.8,-0.023750054,0,0,-0.008838,4.476626
4/30/2021,57684.16,0.077024877,0,0,0.003467,4.495613
5/1/2021,57836.34,0.002638159,0,0,0.051864,4.780638
5/2/2021,56630.33,-0.020852115,0,0,-0.009591,4.725195
5/3/2021,57214.83,0.010321324,0,0,0.05505,5.040367
5/4/2021,53263.32,-0.069064437,-0.02037819,-0.02037819,-0.040873,4.793479
5/5/2021,57497.77,0.079500302,0,-0.02037819,0.036716,5.006193
5/6/2021,56435.35,-0.018477586,0,0,-0.008833,4.95314
5/7/2021,57350.88,0.016222634,0,0,-0.002388,4.938924
5/8/2021,58924.98,0.027446833,0.007227358,0.007227358,0.039709,5.174753
5/9/2021,58292.53,-0.010733139,-0.002845894,0.004360896,-0.005697,5.139575
5/10/2021,55869.67,-0.041563816,-0.011003904,-0.013818483,-0.013843,5.054585
5/11/2021,56710.43,0.015048594,0,-0.011003904,0.023887,5.199211
5/12/2021,49595.76,-0.125456111,0,0,-0.028673,5.021461
5/13/2021,49707.9,0.00226108,0,0,-0.017795,4.914309
5/14/2021,49873.27,0.003326835,0,0,0.033993,5.115354
5/15/2021,46793.41,-0.061753721,0,0,-0.025133,4.961657
5/16/2021,46429.28,-0.007781651,0,0,0.009034,5.015515
5/17/2021,43566.18,-0.061665828,0,0,-0.021512,4.886109
5/18/2021,42882.53,-0.015692218,0,0,0.042959,5.13897
5/19/2021,36689.14,-0.14442688,0,0,-0.146552,4.239292
5/20/2021,40500.3,0.10387706,0,0,0.066109,4.585656
5/21/2021,37211.02,-0.081216189,0,0,-0.039562,4.364676
5/22/2021,37432.58,0.00595415,0,0,-0.036326,4.169799
5/23/2021,34651.6,-0.074293036,0,0,0,4.169799
5/24/2021,38779.66,0.11913043,0,0,0,4.169799
5/25/2021,38326.84,-0.01167674,0,0,0.006747,4.20468
5/26/2021,39224.2,0.023413357,0,0,0.0204,4.310855
5/27/2021,38527.38,-0.017765053,0,0,-0.015362,4.22927
5/28/2021,35670.99,-0.074139223,0,0,-0.037728,4.03198
5/29/2021,34611.94,-0.029689392,0,0,0,4.03198
5/30/2021,35651.81,0.030043679,0,0,0,4.03198
5/31/2021,37243.38,0.044642053,0,0,0,4.03198
6/1/2021,36693.41,-0.01476692,0,0,0,4.03198
6/2/2021,37569.99,0.023889303,0,0,0,4.03198
6/3/2021,39247.4,0.044647603,0,0,0,4.03198
6/4/2021,36828.03,-0.061644083,0,0,0,4.03198
6/5/2021,35498.62,-0.036097777,0.019621136,0.019621136,0.019621,4.130713
6/6/2021,35801.71,0.008538078,-0.004629221,0.014901084,-0.004629,4.106962
6/7/2021,33550.96,-0.062867109,0.03415635,0.029369012,0.034156,4.281396
6/8/2021,33372.58,-0.005316688,0.002882528,0.037137335,0.002883,4.296622
6/9/2021,37368.45,0.119735124,-0.064884425,-0.062188928,-0.064884,3.952956
6/10/2021,36669.66,-0.0187,0.009344182,-0.056146535,0.009344,3.999237
6/11/2021,37300.42,0.017201141,-0.008620981,0.000642645,-0.008621,3.956138
6/12/2021,35537.05,-0.047274803,0.025118149,0.016280625,0.025118,4.080626
6/13/2021,38993.65,0.0972675,-0.051332205,-0.027503426,-0.051332,3.819828
6/14/2021,40489.1,0.038351116,-0.01924198,-0.069586452,-0.019242,3.727085
6/15/2021,40132.86,-0.008798417,0.004442278,-0.01488518,0.004442,3.748082
6/16/2021,38344.97,-0.04454928,0.022491629,0.027033822,0.022492,3.854876
6/17/2021,38060.71,-0.007413228,0.00377184,0.026348304,0.003772,3.873189
6/18/2021,35811.41,-0.059097689,0.03008976,0.033975094,0.03009,4.019823
6/19/2021,35483,-0.009170541,0.002541673,0.032707912,-0.003278,4.003368
6/20/2021,35588.64,0.0029772,-0.001757087,0.00078012,-0.001757,3.994577
6/21/2021,31606,-0.11190762,0.068739089,0.066861221,0.068739,4.337899
6/22/2021,32496,0.02815921,-0.008037281,0.060149333,-0.007373,4.298543
6/23/2021,33649,0.03548129,-0.010379782,-0.018333638,0.011048,4.357081
6/24/2021,34644.64,0.029588992,-0.018878965,-0.029062788,-0.018879,4.255945
6/25/2021,31568.07,-0.088803636,0.028135506,0.008725372,0.014308,4.331147
6/26/2021,32255.56,0.021778018,-0.013216209,0.014547453,-0.013216,4.260691
6/27/2021,34687.71,0.075402504,-0.045590477,-0.058204153,-0.04559,4.020856
6/28/2021,34487.22,-0.005779857,0.001738262,-0.043931464,0.008442,4.063242
6/29/2021,35911.26,0.041291818,-0.012488444,-0.01077189,-0.007228,4.026645
6/30/2021,35031.39,-0.024501229,0,-0.012488444,0.01691,4.111645
7/1/2021,33489.96,-0.044001394,0.01335628,0.01335628,0.001097,4.117253
7/2/2021,33760.94,0.00809138,-0.002430438,0.010893381,0.001742,4.126167
7/3/2021,34652.94,0.026421065,-0.015929561,-0.018321283,-0.01593,4.044507
7/4/2021,35280.16,0.018100052,-0.01101029,-0.026764462,-0.01101,3.988967
7/5/2021,33672.72,-0.045562152,0.028313219,0.016991192,0.028313,4.13022
7/6/2021,34206.01,0.015837449,-0.009791195,0.018244804,-0.009791,4.07999
7/7/2021,33845.64,-0.010535283,0.006505257,-0.003349631,0.006505,4.113035
7/8/2021,32852.04,-0.029356809,0,0.006505257,0,4.113035
7/9/2021,33805.01,0.02900794,-0.018283325,-0.018283325,-0.018283,4.019553
7/10/2021,33497.98,-0.009082382,0.006358769,-0.012040815,0.006359,4.051473
7/11/2021,34253.81,0.02256345,-0.015827707,-0.009569583,-0.015828,3.971518
7/12/2021,33070.87,-0.034534553,0.024176521,0.007966155,0.024177,4.091714
7/13/2021,32709.09,-0.010939537,0.007724918,0.032088201,0.007725,4.131048
7/14/2021,32803.01,0.002871373,-0.002232372,0.005475301,-0.002232,4.119595
7/15/2021,31866.43,-0.028551648,0.022647667,0.020364736,0.022648,4.235544
7/16/2021,31382.95,-0.015172079,0.011971821,0.034890621,0.011972,4.298224
7/17/2021,31496.65,0.003622986,-0.002902697,0.009034373,-0.002903,4.282843
7/18/2021,31767,0.008583453,-0.006870479,-0.009753233,-0.00687,4.24655
7/19/2021,30823.62,-0.029696855,0.024559657,0.017520441,0.02456,4.375405
7/20/2021,29775.9,-0.033990816,0.027895035,0.053139784,0.027895,4.525352
7/21/2021,32120,0.07872474,-0.064000195,-0.037890448,-0.064,4.17173
7/22/2021,32268.11,0.004611146,0,-0.064000195,0.013828,4.243244
7/23/2021,33634.46,0.042343664,-0.012412731,-0.012412731,0.003135,4.259682
7/24/2021,34230,0.017706245,-0.007730771,-0.020047542,0.001099,4.265462
7/25/2021,35370.66,0.033323401,-0.014657704,-0.022275159,-0.013995,4.191772
7/26/2021,37218.09,0.052230578,0,-0.014657704,0.012167,4.254941
7/27/2021,39442.33,0.059762336,0,0,0.021465,4.367738
7/28/2021,40003.08,0.014216959,0,0,0.000628,4.371109
7/29/2021,40012.9,0.000245481,0,0,0.025814,4.509759
7/30/2021,42203.25,0.054741096,0,0,0.024033,4.642175
7/31/2021,41448.11,-0.017892935,0,0,0.020428,4.757433
8/1/2021,39846.78,-0.038634572,0,0,-0.014092,4.676299
8/2/2021,39147.48,-0.017549724,0,0,0.000868,4.681226
8/3/2021,38203.26,-0.02411956,0,0,-0.030052,4.510494
8/4/2021,39731.31,0.039997895,0,0,0.067729,4.883714
8/5/2021,40882.4,0.028971861,0,0,0.025406,5.033196
8/6/2021,42825.43,0.047527298,0,0,0.023126,5.17272
8/7/2021,44601.11,0.041463215,0,0,0.035541,5.392104
8/8/2021,43787.71,-0.018237214,0,0,-0.030553,5.196806
8/9/2021,46259.7,0.056453968,0,0,0.025623,5.355587
8/10/2021,45589.99,-0.01447718,0,0,0.0112,5.42677
8/11/2021,45522.12,-0.001488704,0,0,0.008324,5.480266
8/12/2021,44385.09,-0.024977527,0,0,-0.017627,5.366038
8/13/2021,47792.52,0.076769699,0,0,0.060824,5.753246
8/14/2021,47083.74,-0.014830354,0,0,-0.011017,5.678846
8/15/2021,47006.02,-0.001650676,0,0,0.064904,6.11233
8/16/2021,45926.23,-0.022971313,0,0,0.019768,6.252926
8/17/2021,44704.84,-0.026594606,0,0,-0.007898,6.195643
8/18/2021,44714.09,0.000206913,0,0,0.030703,6.41657
8/19/2021,46772,0.046023748,0,0,0.021496,6.575997
8/20/2021,49332.74,0.054749423,0,0,0.030925,6.810285
8/21/2021,48848.29,-0.009820051,0,0,-0.022746,6.632632
8/22/2021,49273.28,0.008700202,0,0,-0.001651,6.62003
8/23/2021,49523.91,0.00508653,0,0,0.019657,6.769817
8/24/2021,47719.36,-0.036437955,-0.01152816,-0.01152816,-0.034544,6.501417
8/25/2021,48992.65,0.026682881,0,-0.01152816,0.011616,6.588553
8/26/2021,46853.06,-0.043671653,0,0,-0.007344,6.532823
8/27/2021,49083.98,0.047615246,0,0,0.062623,7.004551
8/28/2021,48931.99,-0.00309653,0,0,0.017388,7.143734
8/29/2021,48795.41,-0.002791221,0,0,-0.007078,7.086093
8/30/2021,47024.7,-0.036288454,0,0,0.037685,7.390817
8/31/2021,47150.32,0.002671362,0,0,0.019683,7.555974
9/1/2021,48842.94,0.035898378,0,0,0.010272,7.643861
9/2/2021,49299.14,0.009340142,0,0,0.031082,7.912529
9/3/2021,50027.08,0.014765775,0,0,0.043836,8.303219
9/4/2021,49940.74,-0.001725865,0,0,-0.015047,8.163233
9/5/2021,51799.57,0.037220714,0,0,0.010064,8.255452
9/6/2021,52683.97,0.017073501,0,0,0.029199,8.525702
9/7/2021,46864.39,-0.110462063,0,0,-0.036495,8.178061
9/8/2021,46062.29,-0.017115341,0,0,0.040812,8.552636
9/9/2021,46413.88,0.007632925,-0.003363844,-0.003363844,-0.00661,8.489493
9/10/2021,44860.83,-0.033460896,0,-0.003363844,-0.01763,8.322194
9/11/2021,45193.78,0.007421842,-0.003228467,-0.003228467,-0.003781,8.286946
9/12/2021,46046.73,0.018873172,0,-0.003228467,-0.010257,8.19169
9/13/2021,44975.96,-0.023253986,0.011049616,0.011049616,0.005715,8.244221
9/14/2021,47087.18,0.046941077,-0.022197813,-0.011393475,-0.034421,7.926025
9/15/2021,48106.12,0.021639436,0.006597119,-0.015747136,0.018506,8.09121
9/16/2021,47745.55,-0.007495304,-0.002291196,0.004290807,-0.010844,7.992625
9/17/2021,47303.11,-0.009266623,-0.002864183,-0.005148816,-0.018023,7.830551
9/18/2021,48285.15,0.02076058,0.006403803,0.003521278,0.029079,8.087335
9/19/2021,47256.91,-0.02129516,-0.0067303,-0.000369597,-0.026755,7.844203
9/20/2021,43026.6,-0.089517279,0,-0.0067303,-0.061803,7.297605
9/21/2021,40726.1,-0.053466925,0,0,-0.024081,7.09779
9/22/2021,43520,0.068602199,0,0,0.070036,7.664927
9/23/2021,44828.29,0.030061811,0,0,0.00454,7.704266
9/24/2021,42798.49,-0.045279443,0,0,-0.025248,7.484501
9/25/2021,42651.58,-0.003432598,0,0,-0.007602,7.420001
9/26/2021,43150,0.011685851,0,0,-0.001161,7.410226
9/27/2021,42122.69,-0.023807879,0,0,0.001834,7.42565
9/28/2021,41006.32,-0.026502818,0,0,-0.011138,7.331805
9/29/2021,41499.71,0.012032048,0,0,0.008585,7.403334
9/30/2021,43796.57,0.055346411,0,0,0.017498,7.550375
10/1/2021,48123.94,0.098806139,0,0,0.055567,8.025494
10/2/2021,47626.61,-0.010334357,0,0,0.016794,8.177068
10/3/2021,48187.3,0.01177262,0,0,0.009625,8.265398
10/4/2021,49198.22,0.020978972,0,0,-0.013746,8.138035
10/5/2021,51455.12,0.045873611,0,0,-0.006156,8.081782
10/6/2021,55321.6,0.075142765,0,0,-0.026829,7.838126
10/7/2021,53814.99,-0.027233666,-0.018886534,-0.018886534,-0.018887,7.671201
10/8/2021,53975,0.002973335,0.001155545,-0.017752813,-0.001119,7.661498
10/9/2021,54960.77,0.018263455,0.007136734,0.008300526,0.008369,7.733986
10/10/2021,54700,-0.004744657,-0.001851237,0.005272285,-0.016185,7.592626
10/11/2021,57500.01,0.051188483,0.020297722,0.018408909,0.032284,7.870031
10/12/2021,56011.84,-0.025881213,-0.010059553,0.010033983,-0.014556,7.740918
10/13/2021,57393.65,0.024669963,0.009485274,-0.000669696,0.020226,7.917712
10/14/2021,57378.19,-0.000269368,-0.000104341,0.009379944,0.016299,8.063062
10/15/2021,61702.33,0.075362084,0.029640708,0.029533275,0.036275,8.391825
10/16/2021,60925.56,-0.01258899,-0.003156632,0.026390512,-0.010396,8.294187
10/17/2021,61571.45,0.010601298,0.002653119,-0.000511888,0.006106,8.350938
10/18/2021,62037.92,0.007576076,0.001902478,0.004560645,-0.006816,8.287202
10/19/2021,64316.7,0.03673205,0.01385319,0.015782024,0.02557,8.524675
10/20/2021,66064.24,0.027170859,0.006851056,0.020799155,0.045289,8.956038
10/21/2021,62260.33,-0.057578956,-0.016300363,-0.009560982,-0.009149,8.86495
10/22/2021,60734.27,-0.024510953,-0.006888773,-0.023076846,-0.006731,8.798549
10/23/2021,61325.11,0.00972828,0.002790831,-0.004117167,0.017843,8.973385
10/24/2021,60902.82,-0.006886086,-0.001984297,0.000800996,-0.002986,8.943604
10/25/2021,63127.04,0.036520805,0.010947693,0.008941672,0.028878,9.230756
10/26/2021,60358.75,-0.043852682,-0.013094255,-0.002289914,-0.029476,8.929194
10/27/2021,58449.36,-0.031634022,-0.009047275,-0.022023063,-0.040043,8.531599
10/28/2021,60622.03,0.037171836,0.010547545,0.001404843,0.049281,9.001326
10/29/2021,62308.22,0.027814806,0.007987766,0.018619562,0.021602,9.217375
10/30/2021,61895.19,-0.00662882,-0.001899049,0.006073547,-0.012525,9.089402
10/31/2021,61348.61,-0.008830735,-0.002576122,-0.004470278,0.001973,9.109309
11/1/2021,60942.87,-0.006613679,-0.002156155,-0.004726722,0.001882,9.128334
11/2/2021,63266.69,0.038131122,0.012457918,0.010274902,0.050305,9.63784
11/3/2021,62946.45,-0.005061747,-0.001631122,0.010806476,0.020741,9.85848
11/4/2021,61431.86,-0.024061563,-0.007745619,-0.009364106,-0.00918,9.758799
11/5/2021,61006,-0.006932234,-0.002248623,-0.009976824,-0.0151,9.596341
11/6/2021,61511.3,0.008282792,0.002760931,0.0005061,0.025475,9.866283
11/7/2021,63316.4,0.029345828,0.009781943,0.01256988,0.009263,9.966937
11/8/2021,67606.96,0.067763802,0.022587934,0.03259083,0.034272,10.342796
11/9/2021,67009.98,-0.008830156,-0.002941519,0.019579973,-0.015146,10.170998
11/10/2021,64920.13,-0.031187146,-0.01036826,-0.01327928,-0.022146,9.923605
11/11/2021,64831.3,-0.001368297,-0.000456099,-0.01081963,0.005553,9.984264
11/12/2021,64156.08,-0.010415031,-0.003471677,-0.003926192,-0.011337,9.859735
11/13/2021,64427,0.004222827,0.001407609,-0.002068955,0.011717,9.986979
11/14/2021,65568.39,0.01771602,0.00590534,0.007321261,0.002508,10.014534
11/15/2021,63654.49,-0.02918937,-0.00972979,-0.003881908,-0.014349,9.856487
11/16/2021,60106.03,-0.055745636,-0.018581879,-0.028130871,-0.060236,9.202535
11/17/2021,60366.96,0.004341162,0,-0.018581879,0.00798,9.283951
11/18/2021,56921.05,-0.057082715,0,0,-0.062088,8.645441
11/19/2021,58069.51,0.020176367,0,0,0.059073,9.215227
11/20/2021,59716.29,0.028358772,0,0,0.014445,9.362786
11/21/2021,58661.39,-0.017665197,0,0,0.003752,9.401667
11/22/2021,56268.31,-0.040794806,0,0,-0.035756,9.029745
11/23/2021,57574.23,0.023208801,0,0,0.016715,9.197392
11/24/2021,57165.08,-0.007106478,0,0,-0.027076,8.921287
11/25/2021,58988.21,0.031892372,0,0,0.04751,9.392648
11/26/2021,53755.65,-0.088705184,0,0,-0.065103,8.716055
11/27/2021,54738.77,0.018288682,0,0,0.005271,8.767268
11/28/2021,57315.73,0.047077419,0,0,0,8.767268
11/29/2021,57827.98,0.008937337,0,0,0.010053,8.865459
11/30/2021,56975,-0.014750299,0,0,0.021661,9.079155
12/1/2021,57209.29,0.004112154,0,0,0.025397,9.335135
12/2/2021,56513.57,-0.012160962,0,0,-0.001236,9.322361
12/3/2021,53612,-0.05134289,0,0,-0.052787,8.777474
12/4/2021,49135.66,-0.083495113,0,0,0,8.777474
12/5/2021,49376.6,0.004903567,0,0,0,8.777474
12/6/2021,50424.72,0.021227059,0,0,0,8.777474
12/7/2021,50577.2,0.003023914,0,0,0,8.777474
12/8/2021,50455.61,-0.002404048,0,0,0,8.777474
12/9/2021,47539.76,-0.057790402,0,0,0,8.777474
12/10/2021,47136.35,-0.008485739,0,0,0,8.777474
12/11/2021,49381.15,0.047623543,0,0,0,8.777474
12/12/2021,50057.01,0.013686599,0,0,0,8.777474
12/13/2021,46679.93,-0.067464677,0,0,0,8.777474
12/14/2021,48324.04,0.035220918,-0.029508195,-0.029508195,-0.029508,8.48896
12/15/2021,48870.48,0.011307829,0,-0.029508195,0,8.48896
12/16/2021,47624.5,-0.025495555,0,0,0,8.48896
12/17/2021,46125.33,-0.031478966,0,0,0,8.48896
12/18/2021,46815.99,0.014973551,-0.012595578,-0.012595578,-0.012596,8.369437
12/19/2021,46668.63,-0.003147643,0.002716503,-0.009913291,0.002717,8.394894
12/20/2021,46898.14,0.004917865,-0.004282769,-0.001577901,-0.004283,8.354656
12/21/2021,48875.15,0.042155403,-0.037263112,-0.041386292,-0.037263,8.006073
12/22/2021,48569.69,-0.006249802,0.005363492,-0.032099481,0.005363,8.054373
12/23/2021,50817.92,0.046288745,0,0.005363492,0,8.054373
12/24/2021,50808.55,-0.000184384,0,0,0,8.054373
12/25/2021,50403.64,-0.007969328,0,0,0,8.054373
12/26/2021,50765.73,0.007183807,0,0,0,8.054373
12/27/2021,50707.72,-0.0011427,0,0,-0.006073,7.999386
12/28/2021,47522.03,-0.062824556,0,0,-0.060267,7.45702
12/29/2021,46436.54,-0.022841827,0,0,0,7.45702
12/30/2021,47095.02,0.014180212,-0.013546537,-0.013546537,-0.013547,7.342453
12/31/2021,46210.56,-0.01878033,0.008921381,-0.004746009,0.012815,7.449361
1/1/2022,47704.35,0.032325728,-0.015343078,-0.006558578,-0.025913,7.230413
1/2/2022,47280,-0.008895415,0.0041311,-0.011275362,-0.003279,7.203425
1/3/2022,46445.81,-0.017643613,0.00847818,0.012644304,0.016016,7.334811
1/4/2022,45833.42,-0.013185043,0.006592521,0.015126594,0.003928,7.36755
1/5/2022,43421.69,-0.052619464,0.026309732,0.033075701,0.057017,7.844643
1/6/2022,43080.01,-0.007868878,0.003934439,0.030347685,0.012754,7.957448
1/7/2022,41553.86,-0.035425943,0.011808648,0.015789547,0.050299,8.407998
1/8/2022,41688.05,0.003229303,-0.001076434,0.010719502,0.000807,8.415591
1/9/2022,41851.22,0.003914071,-0.00130469,-0.00237972,-0.006261,8.35664
1/10/2022,41801.55,-0.001186823,0.000395608,-0.000909599,0.015104,8.497962
1/11/2022,42700.68,0.021509489,-0.00716983,-0.006777059,-0.030947,8.204029
1/12/2022,43880.72,0.027635157,-0.009211719,-0.016315502,-0.03976,7.838077
1/13/2022,42534.32,-0.030683179,0.010227726,0.000921792,0.030964,8.111739
1/14/2022,43042.4,0.011945177,-0.003981726,0.006205277,-0.010701,8.014234
1/15/2022,43070.51,0.000653077,-0.000217692,-0.004198551,-0.004533,7.973373
1/16/2022,43060.66,-0.000228695,7.62E-05,-0.000141477,-0.002663,7.949476
1/17/2022,42176.34,-0.02053661,0.006845537,0.00692229,0.034223,8.255754
1/18/2022,42337.58,0.003822996,-0.001274332,0.005562481,0.001272,8.267528
1/19/2022,41657.89,-0.016054059,0.016054059,0.014759268,0.016054,8.416309
1/20/2022,40661.69,-0.023913837,0,0.016054059,0,8.416309
1/21/2022,36425.98,-0.104169551,0.034723184,0.034723184,0.112112,9.47199
1/22/2022,35043.73,-0.037946817,0.012648939,0.047811334,0.06383,10.140417
1/23/2022,36230.01,0.033851419,-0.011283806,0.001222404,-0.036534,9.733413
1/24/2022,36648.31,0.011545677,-0.003848559,-0.015088939,0.021549,9.964707
1/25/2022,36934.26,0.007802543,-0.002600848,-0.006439397,-0.010282,9.851968
1/26/2022,36787.43,-0.003975442,0.001325147,-0.001279147,0.005965,9.9167
1/27/2022,37131,0.009339331,-0.00311311,-0.001792089,0.006406,9.986632
1/28/2022,37696.21,0.015222052,-0.005074017,-0.008171332,-0.022046,9.744421
1/29/2022,38150.01,0.012038345,-0.004012782,-0.009066438,-0.020028,9.529232
1/30/2022,37870.01,-0.007339448,0.002446483,-0.001576116,0.008345,9.617098
1/31/2022,38439.04,0.015025874,-0.005008625,-0.002574396,-0.026259,9.338304
2/1/2022,38680.51,0.006281895,-0.002093965,-0.007092102,-0.03149,9.012751
2/2/2022,36892.03,-0.046237239,0.015412413,0.013286175,0.03793,9.392534
2/3/2022,37289.86,0.01078363,-0.003594543,0.011762469,-0.004939,9.341206
2/4/2022,41550,0.114243926,-0.038081309,-0.041538967,-0.083404,8.478708
2/5/2022,41374.69,-0.004219254,0.001278121,-0.03685186,-0.001659,8.462983
2/6/2022,42361.35,0.023846946,-0.007227828,-0.005958945,-0.012615,8.343607
2/7/2022,43829.99,0.034669339,0,-0.007227828,-0.014587,8.207312
2/8/2022,44021.57,0.00437098,0,0,0.018072,8.373706
2/9/2022,44358.08,0.007644207,0,0,-0.015298,8.230307
2/10/2022,43471.29,-0.019991623,0,0,0.035589,8.558805
2/11/2022,42366,-0.025425747,0,0,0.039499,8.936368
2/12/2022,42199.87,-0.003921305,0.001181821,0.001181821,0.002894,8.965124
2/13/2022,42041.13,-0.003761623,0.001148875,0.002332054,0.010385,9.068612
2/14/2022,42525.14,0.011512773,-0.003522815,-0.002377987,-0.014883,8.918761
2/15/2022,44529.6,0.047135882,-0.014395033,-0.017867137,-0.050532,8.417546
2/16/2022,43860.7,-0.015021469,0,-0.014395033,0.014811,8.557029
2/17/2022,40491.7,-0.07681136,0,0,0.044397,8.981332
2/18/2022,39966.8,-0.01296315,0.003567219,0.003567219,0.018022,9.161216
2/19/2022,40052.6,0.002146782,-0.000591355,0.002973755,-0.001906,9.141849
2/20/2022,38368.1,-0.042057195,0.01166258,0.011064328,0.023515,9.380334
2/21/2022,36986.4,-0.036011687,0,0.01166258,0.043875,9.835772
2/22/2022,38212,0.033136504,0,0,-0.023302,9.583276
2/23/2022,37227.8,-0.025756307,0,0,0.011827,9.708445
2/24/2022,38315.1,0.029206668,0,0,-0.033193,9.352999
2/25/2022,39205.4,0.02323627,0,0,-0.021452,9.130907
2/26/2022,39099.3,-0.00270626,0,0,0,9.130907
2/27/2022,37672,-0.03650449,0,0,0,9.130907
2/28/2022,43155,0.145545763,-0.065866999,-0.065866999,-0.112199,7.994229
3/1/2022,44394.1,0.02871278,0,-0.065866999,0,7.994229
3/2/2022,43885.7,-0.011451972,0,0,0,7.994229
3/3/2022,42449.5,-0.032725922,0,0,0,7.994229
3/4/2022,39127.7,-0.078252983,0,0,0.040967,8.362696
3/5/2022,39375.1,0.006322886,0,0,-0.009347,8.275183
3/6/2022,38401.1,-0.024736445,0,0,0.028843,8.542707
3/7/2022,37963.8,-0.011387695,0.002898981,0.002898981,0.014797,8.68391
3/8/2022,38709.9,0.019652933,-0.004998797,-0.002114307,-0.014468,8.543803
3/9/2022,41937.5,0.083379187,-0.021251191,-0.026143758,-0.047957,8.086111
3/10/2022,39407.2,-0.060335022,0.014528668,-0.007031275,0.035328,8.407105
3/11/2022,38713,-0.01761607,0.004115978,0.018704445,0.013067,8.530028
3/12/2022,38792.6,0.002056157,-0.000480039,0.003633963,-0.00317,8.499818
3/13/2022,37743.7,-0.027038662,0.006326338,0.005843262,0.017175,8.662977
3/14/2022,39653.8,0.050607121,-0.011833062,-0.005581584,-0.024825,8.423094
3/15/2022,39271,-0.009653551,0.00220541,-0.009653749,-0.004097,8.384487
3/16/2022,41105.8,0.046721499,-0.010668094,-0.008486212,-0.035539,8.050972
3/17/2022,40898.1,-0.005052815,0.001134362,-0.009545833,-0.00216,8.031422
3/18/2022,41751.5,0.020866495,-0.004772319,-0.003643371,-0.019996,7.85083
3/19/2022,42188.2,0.010459504,-0.002386295,-0.007147226,-0.008918,7.771898
3/20/2022,41261,-0.021977709,0,-0.002386295,0.024727,7.988801
3/21/2022,40982,-0.006761833,0,0,0.000207,7.990661
3/22/2022,42349.8,0.033375628,0,0,-0.013071,7.873144
3/23/2022,42867.9,0.012233824,0,0,-0.029655,7.610011
3/24/2022,43973.4,0.025788527,0,0,0,7.610011
3/25/2022,44290.6,0.007213452,0,0,0,7.610011
3/26/2022,44489.2,0.004484021,0,0,0,7.610011
3/27/2022,46820.8,0.052408225,0,0,0,7.610011
3/28/2022,47121.9,0.006430903,0,0,0,7.610011
3/29/2022,47418.5,0.006294313,0,0,0,7.610011
3/30/2022,47053.2,-0.007703744,0,0,0,7.610011
3/31/2022,45506,-0.032881929,0,0,0,7.610011
4/1/2022,46266.2,0.016705489,0,0,0,7.610011
4/2/2022,45794.6,-0.010193186,0,0,0,7.610011
4/3/2022,46392.4,0.013053941,0,0,0,7.610011
4/4/2022,46580.9,0.004063166,0,0,0,7.610011
4/5/2022,45477.4,-0.023689967,0,0,0,7.610011
4/6/2022,43159.7,-0.050963775,0,0,0,7.610011
4/7/2022,43417.1,0.005963897,0,0,0,7.610011
4/8/2022,42229.2,-0.027360188,0,0,0,7.610011
4/9/2022,42727.7,0.011804628,0,0,0,7.610011
4/10/2022,42140.4,-0.013745182,0,0,0,7.610011
4/11/2022,39505.6,-0.062524323,0,0,0,7.610011
4/12/2022,40060.7,0.014051172,0,0,0,7.610011
4/13/2022,41129.8,0.026687002,0,0,0,7.610011
4/14/2022,39915.9,-0.02951388,0,0,0,7.610011
4/15/2022,40529.5,0.01537232,0,0,0,7.610011
4/16/2022,40361,-0.004157466,0.004157466,0.004157466,0.004157,7.645803
4/17/2022,39649.1,-0.017638314,0.017638314,0.02186911,0.017638,7.798298
4/18/2022,40785.6,0.028663955,-0.028663955,-0.011531224,-0.028664,7.546103
4/19/2022,41472.9,0.016851536,-0.016851536,-0.045032459,-0.016852,7.402084
4/20/2022,41327.7,-0.003501081,0,-0.016851536,0,7.402084
4/21/2022,40449.8,-0.021242411,0,0,0,7.402084
4/22/2022,39674.2,-0.019174384,0.019174384,0.019174384,0.019174,7.563186
4/23/2022,39415.1,-0.006530692,0.003265346,0.022502341,0.008349,7.63468
4/24/2022,39433.4,0.000464289,-0.000154763,0.003110078,0.004271,7.671559
4/25/2022,40411,0.024791167,-0.012395583,-0.012548428,-0.027322,7.434634
4/26/2022,38093.7,-0.057343298,0.019114433,0.006481915,0.052428,7.876845
4/27/2022,39209,0.029277807,-0.009759269,0.009168621,-0.025215,7.653016
4/28/2022,39732.5,0.013351526,-0.004450509,-0.014166344,-0.009708,7.569012
4/29/2022,38572.2,-0.029202794,0.009734265,0.005240433,0.032886,7.850813
4/30/2022,37614.5,-0.024828763,0.008276254,0.018091082,0.042294,8.225149
5/1/2022,38440.5,0.021959617,-0.007319872,0.000895801,-0.032551,7.924861
5/2/2022,38525.6,0.002213811,-0.000737937,-0.008052408,0.001064,7.934357
5/3/2022,37712.9,-0.021095064,0.007031688,0.006288562,0.019971,8.112785
5/4/2022,39684,0.052265936,-0.017421979,-0.010512796,-0.055194,7.609814
5/5/2022,36534.7,-0.07935944,0.026453147,0.008570302,0.067229,8.188644
5/6/2022,35995.3,-0.014764046,0.004921349,0.03150468,0.018222,8.356079
5/7/2022,35466.7,-0.014685251,0.004895084,0.009840523,0.019703,8.540422
5/8/2022,34032,-0.04045203,0.01348401,0.018445099,0.038297,8.905791
5/9/2022,30056.6,-0.116813587,0.038937862,0.052946911,0.118251,10.077161
5/10/2022,31002.1,0.031457317,-0.009236366,0.029341852,-0.038695,9.64853
5/11/2022,29074.7,-0.062169982,0.017840543,0.008439395,0.092384,10.632284
5/12/2022,29020.7,-0.001857285,0.000533233,0.018383289,0.034476,11.033319
5/13/2022,29274.3,0.00873859,-0.002525463,-0.001993577,-0.023124,10.75506
5/14/2022,30079.8,0.027515602,-0.00805937,-0.010564479,-0.024273,10.46973
5/15/2022,31324.4,0.041376605,-0.01196049,-0.019923466,-0.039906,10.012019
5/16/2022,29866.7,-0.046535608,0.013126686,0.001009194,0.038136,10.431973
5/17/2022,30437,0.019094845,-0.005292849,0.00776436,-0.021078,10.19101
5/18/2022,28700.6,-0.057048986,0.015682997,0.01030714,0.05141,10.76634
5/19/2022,30319.9,0.056420423,-0.01536333,7.87248E-05,-0.033495,10.372226
5/20/2022,29188.9,-0.037302234,0.009744415,-0.005768621,0.023095,10.634868
5/21/2022,29427.4,0.008170914,-0.002118775,0.007604994,-0.006033,10.564675
5/22/2022,30284,0.029108926,-0.007530874,-0.009633692,-0.020591,10.326546
5/23/2022,29097.7,-0.0391725,0.009994196,0.002388058,0.025273,10.612802
5/24/2022,29643.1,0.01874375,-0.004737443,0.005209407,-0.006724,10.534718
5/25/2022,29536.7,-0.003589368,0.000901096,-0.003840615,0.009147,10.640226
5/26/2022,29194,-0.011602515,0.00294557,0.00384932,0.031619,11.008278
5/27/2022,28623.2,-0.019551963,0.005086389,0.008046941,0.019246,11.239389
5/28/2022,29018.8,0.013820956,-0.003647835,0.001419999,-0.021104,10.981089
5/29/2022,29452.8,0.014955822,-0.003946423,-0.007579862,-0.008425,10.880149
5/30/2022,31726.5,0.077198093,-0.020335452,-0.024201622,-0.048288,10.30648
5/31/2022,31797.8,0.002247333,-0.000553125,-0.020877329,0.008731,10.405197
6/1/2022,29796.9,-0.062925737,0.015588666,0.015026919,0.043698,10.903581
6/2/2022,30437.1,0.021485457,-0.005169793,0.010338283,-0.009187,10.794223
6/3/2022,29682.8,-0.024782256,0.005930584,0.000730132,0.01992,11.029164
6/4/2022,29848.4,0.005578989,-0.001376217,0.004546205,-0.007147,10.943192
6/5/2022,29909.9,0.002060412,-0.000534613,-0.001910094,0.000797,10.95271
6/6/2022,31361.2,0.048522396,-0.012593285,-0.013121165,-0.030986,10.582344
6/7/2022,31118.1,-0.007751617,0.001956968,-0.010660962,0.015682,10.763978
6/8/2022,30192.5,-0.029744747,0.007617013,0.009588887,0.01149,10.899146
6/9/2022,30093.3,-0.003285584,0,0.007617013,-0.00508,10.838698
6/10/2022,29077.7,-0.033748376,0.010190185,0.010190185,0.035246,11.255965
6/11/2022,28416.7,-0.022732197,0,0.010190185,0.047293,11.835586
6/12/2022,26564.7,-0.065172944,0.020333391,0.020333391,0.050362,12.482012
6/13/2022,22471.5,-0.154084179,0.045395012,0.066651437,0.091585,13.716762
6/14/2022,22122.7,-0.015521883,0.003647611,0.049208206,-0.001637,13.692671
6/15/2022,22567.5,0.020106045,-0.004833883,-0.001203904,-0.039163,13.117262
6/16/2022,20387.4,-0.096603523,0.023331761,0.018385095,0.071126,14.121366
6/17/2022,20457.3,0.003428588,-0.000782129,0.022531384,-0.006931,14.01656
6/18/2022,18959.7,-0.073206142,0.016964083,0.016168686,0.02711,14.423659
6/19/2022,20564.2,0.084626866,-0.019782876,-0.003154391,-0.056379,13.554089
6/20/2022,20570.1,0.000286906,-6.25E-05,-0.019844139,-0.004655,13.486339
6/21/2022,20713.1,0.006951838,-0.001517045,-0.00157945,-0.006064,13.398494
6/22/2022,19977.4,-0.035518585,0.007826957,0.006298038,0.028942,13.815215
6/23/2022,21096.6,0.056023306,-0.012363354,-0.004633165,-0.045489,13.141286
6/24/2022,21231.2,0.006380175,-0.001370836,-0.013717242,-0.026806,12.762215
6/25/2022,21481.9,0.011808094,-0.002532925,-0.003900289,-0.005822,12.682091
6/26/2022,21029.1,-0.02107821,0.004507,0.001962659,0.019805,12.953065
6/27/2022,20730,-0.014223148,0.003040476,0.007561179,0.006815,13.048155
6/28/2022,20268.6,-0.022257598,0.00477592,0.007830917,0.023167,13.373609
6/29/2022,20109.9,-0.007829845,0.001686397,0.006470371,0.013148,13.562593
6/30/2022,19923.5,-0.009269066,0.002125016,0.003814997,0.007826,13.67656
7/1/2022,19272,-0.032700078,0.007512128,0.009653108,0.013153,13.869601
7/2/2022,19240.9,-0.00161374,0.000377195,0.007892157,-0.003117,13.823252
7/3/2022,19305.9,0.00337822,-0.000797172,-0.000420277,-0.002145,13.791456
7/4/2022,20226.6,0.047690084,-0.011236956,-0.012025171,-0.038634,13.220003
7/5/2022,20170,-0.002798295,0.00064113,-0.01060303,0.008636,13.342807
7/6/2022,20554.1,0.019043133,-0.00436711,-0.003728779,-0.019254,13.066651
7/7/2022,21613.4,0.051537163,-0.012095045,-0.016409334,-0.025,12.714984
7/8/2022,21587.9,-0.001179824,0.000267723,-0.01183056,0.004748,12.780103
7/9/2022,21580,-0.000365946,8.32E-05,0.000350976,-9.00E-06,12.779979
7/10/2022,20853.8,-0.033651529,0.007650671,0.007734538,0.019532,13.04913
7/11/2022,19954.3,-0.043133626,0.009806791,0.01753249,0.03391,13.525536
7/12/2022,19322.9,-0.031642303,0.007140694,0.017017512,0.019536,13.809306
7/13/2022,20220.1,0.046431954,-0.016051492,-0.009025418,-0.034954,13.291662
7/14/2022,20578.6,0.017729883,-0.007429456,-0.023361695,-0.027233,12.902457
7/15/2022,20823.1,0.011881275,-0.004964997,-0.012357566,-0.013548,12.714107
7/16/2022,21183.5,0.017307702,-0.00725869,-0.012187647,-0.034838,12.236335
7/17/2022,20794.4,-0.018368069,0,-0.00725869,0,12.236335
7/18/2022,22423.9,0.078362444,0,0,0,12.236335
7/19/2022,23385.9,0.042900655,0,0,0,12.236335
7/20/2022,23221.5,-0.007029877,0,0,0,12.236335
7/21/2022,23144.5,-0.003315893,0,0,0,12.236335
7/22/2022,22675.1,-0.020281276,0,0,0,12.236335
7/23/2022,22440.2,-0.010359381,0,0,0,12.236335
7/24/2022,22570.6,0.005811,0,0,0,12.236335
7/25/2022,21300,-0.056294472,0,0,0.062913,13.069072
7/26/2022,21241,-0.002769953,0.001384977,0.001384977,0.004629,13.134198
7/27/2022,22941.1,0.080038605,0,0.001384977,-0.06387,12.231447
7/28/2022,23836.2,0.03901731,0,0,0,12.231447
7/29/2022,23771.1,-0.00273114,0,0,0,12.231447
7/30/2022,23629.9,-0.005939986,0,0,0,12.231447
7/31/2022,23290.1,-0.014380086,0,0,0,12.231447
8/1/2022,23257.6,-0.001395443,0,0,0,12.231447
8/2/2022,22975.1,-0.012146567,0,0,0,12.231447
8/3/2022,22801.5,-0.007556006,0,0,0,12.231447
8/4/2022,22608.9,-0.008446813,0,0,0,12.231447
8/5/2022,23298.1,0.030483571,0,0,0,12.231447
8/6/2022,22943.3,-0.01522871,0,0,0,12.231447
8/7/2022,23167.8,0.009784992,0,0,0,12.231447
8/8/2022,23804.4,0.027477792,0,0,0,12.231447
8/9/2022,23140.2,-0.027902405,0,0,0,12.231447
8/10/2022,23940.9,0.034602121,0,0,0,12.231447
8/11/2022,23917.2,-0.000989938,0,0,0,12.231447
8/12/2022,24387.5,0.019663673,0,0,0,12.231447
8/13/2022,24429,0.001701691,0,0,0,12.231447
8/14/2022,24294.1,-0.005522125,0,0,0,12.231447
8/15/2022,24085.2,-0.008598796,0,0,0,12.231447
8/16/2022,23843,-0.010055968,0,0,0,12.231447
8/17/2022,23333.1,-0.021385732,0,0,0,12.231447
8/18/2022,23185.1,-0.006342921,0,0,0.017022,12.456672
8/19/2022,20824.9,-0.101798138,0.050899069,0.050899069,0.082319,13.564412
8/20/2022,21127.8,0.014545088,-0.007272544,0.043256359,-0.002372,13.529865
8/21/2022,21505.6,0.017881654,-0.005960551,-0.013189747,-0.019011,13.253638
8/22/2022,21387,-0.005514843,0.002757421,-0.003219566,0.012391,13.430255
8/23/2022,21518.2,0.006134568,-0.003067284,-0.00031832,-0.005583,13.349691
8/24/2022,21354.9,-0.007588925,0.003794462,0.00071554,0.011322,13.512158
8/25/2022,21548.3,0.009056469,0,0.003794462,-0.007651,13.401125
8/26/2022,20228.7,-0.06123917,0,0,0.07243,14.444199
8/27/2022,20023.9,-0.010124229,0.003374743,0.003374743,0.007464,14.559474
8/28/2022,19547.5,-0.023791569,0.007930523,0.01133203,0.027587,14.988714
8/29/2022,20275.5,0.037242614,-0.012414205,-0.004582133,-0.05047,14.181763
8/30/2022,19803.1,-0.023299056,0.007766352,-0.004744266,0.018895,14.468623
8/31/2022,20041.5,0.012038519,-0.00401284,0.003722347,-0.00824,14.341161
9/1/2022,20122.5,0.004041614,-0.001347205,-0.005354638,-0.007041,14.233144
9/2/2022,19941,-0.009019754,0.003006585,0.00165533,0.007645,14.349601
9/3/2022,19820.7,-0.006032797,0.002010932,0.005023563,0.005476,14.433656
9/4/2022,19992.7,0.008677796,-0.002892599,-0.000887483,-0.014788,14.205423
9/5/2022,19784.9,-0.010393794,0.003464598,0.000561977,-0.002279,14.17077
9/6/2022,18781.5,-0.050715445,0.016905148,0.020428316,0.035881,14.715112
9/7/2022,19287,0.026914783,-0.008971594,0.007781888,-0.034883,14.166922
9/8/2022,19309.3,0.001156219,-0.000385406,-0.009353543,-0.008272,14.041461
9/9/2022,21352,0.105788402,-0.035262801,-0.035634617,-0.055293,13.209774
9/10/2022,21639.5,0.013464781,-0.00416731,-0.03928316,-0.014931,12.997608
9/11/2022,21820.3,0.008355091,-0.002575519,-0.006732097,-0.00102,12.98333
9/12/2022,22386,0.0259254,-0.008037947,-0.010592765,-0.020471,12.697077
9/13/2022,20162.5,-0.099325471,0.030428092,0.022145565,0.082319,13.824607
9/14/2022,20217,0.002703038,-0.000735138,0.029670585,-0.018237,13.554251
9/15/2022,19690.8,-0.026027601,0.007074323,0.006333984,0.037225,14.096033
9/16/2022,19792.5,0.005164849,-0.001397245,0.005667193,0.009855,14.244804
9/17/2022,20102,0.015637236,-0.004237937,-0.00562926,-0.019738,13.943902
9/18/2022,19404.5,-0.03469804,0.009360928,0.00508332,0.046702,14.641812
9/19/2022,19528.6,0.006395424,-0.00193009,0.00741277,-0.020754,14.317182
9/20/2022,18866.8,-0.033888758,0.010257055,0.008307168,0.027576,14.739569
9/21/2022,18447.5,-0.022224225,0.006675944,0.017001474,0.025613,15.142706
9/22/2022,19392.5,0.051226453,-0.015316701,-0.008743011,-0.043231,14.444841
9/23/2022,19280.7,-0.005765115,0.001657302,-0.013684784,-0.007151,14.334395
9/24/2022,18911,-0.019174615,0.005513158,0.007179597,0.009179,14.475149
9/25/2022,18799.7,-0.005885463,0.001689941,0.007212416,0.012332,14.665989
9/26/2022,19216.3,0.022159928,-0.009996603,-0.008323556,-0.021211,14.333697
9/27/2022,19070.1,-0.007608124,0.003409218,-0.006621466,0.005511,14.418201
9/28/2022,19407.3,0.017682131,-0.007978675,-0.004596659,-0.010437,14.257282
9/29/2022,19582.5,0.009027531,-0.004138592,-0.012084247,-0.003674,14.201226
9/30/2022,19411.7,-0.008722073,0.004024582,-0.000130667,0.00603,14.29289
10/1/2022,19304,-0.0055482,0.002562959,0.006597855,0.00732,14.404834
10/2/2022,19049.4,-0.013188976,0.006092417,0.008670991,0.016496,14.658952
10/3/2022,19622,0.03005869,-0.013867483,-0.007859552,-0.027906,14.221973
10/4/2022,20333,0.036234838,-0.016498924,-0.030137608,-0.027386,13.805104
10/5/2022,20150,-0.009000148,0,-0.016498924,0.005022,13.879455
10/6/2022,19954,-0.009727047,0,0,6.10E-05,13.880363
10/7/2022,19520.9,-0.021704921,0,0,0.01191,14.057588
10/8/2022,19406.2,-0.005875754,0,0,0.009222,14.196449
10/9/2022,19430,0.001226412,0,0,-0.006316,14.100469
10/10/2022,19124,-0.015748842,0.005249614,0.005249614,0.019556,14.395773
10/11/2022,19055,-0.003608032,0.001804016,0.0070631,0.004967,14.472244
10/12/2022,19148,0.004880609,-0.004880609,-0.003085398,-0.004881,14.396724
10/13/2022,19365.5,0.011358889,-0.011358889,-0.016184059,-0.011359,14.221833
10/14/2022,19164.6,-0.010374119,0.005187059,-0.006230748,0.01296,14.419108
10/15/2022,19060.4,-0.005437108,0.002718554,0.007919715,0.009002,14.55791
10/16/2022,19251.9,0.010047008,-0.005023504,-0.002318607,-0.014262,14.336024
10/17/2022,19540.6,0.014995922,0,-0.005023504,-0.033691,13.819338
10/18/2022,19320.9,-0.011243258,0.005621629,0.005621629,0.022282,14.149542
10/19/2022,19116.7,-0.010568866,0.005284433,0.010935769,0.026692,14.553914
10/20/2022,19034.7,-0.004289443,0.002144722,0.007440488,0.016708,14.813788
10/21/2022,19150.9,0.00610464,0,0.002144722,-0.002857,14.768608
10/22/2022,19195.1,0.002307986,0,0,0.007211,14.882316
10/23/2022,19560.7,0.019046527,-0.009523264,-0.009523264,-0.032218,14.370619
10/24/2022,19318.1,-0.012402419,0,-0.009523264,0.008983,14.508694
10/25/2022,20068.3,0.038834047,0,0,-0.002064,14.476684
10/26/2022,20758.3,0.034382583,0,0,0.0296,14.934794
10/27/2022,20285.5,-0.022776432,-0.007592144,-0.007592144,-0.011149,14.757137
10/28/2022,20582.8,0.014655789,0.004885263,-0.002743971,-0.002533,14.717224
10/29/2022,20796.7,0.010392172,0.003464057,0.008366243,0.009097,14.860203
10/30/2022,20615.6,-0.008708112,-0.004354056,-0.000905082,-0.01329,14.649421
10/31/2022,20482,-0.006480529,-0.002160176,-0.006504827,-0.002161,14.615603
11/1/2022,20472.1,-0.000483351,-0.000241676,-0.00240133,0.001625,14.640978
11/2/2022,20140.1,-0.016217193,-0.008108597,-0.008348313,-0.027318,14.213698
11/3/2022,20199.7,0.00295927,0,-0.008108597,0.003638,14.269045
11/4/2022,21137.6,0.046431383,-0.015477128,-0.015477128,-0.021931,13.93418
11/5/2022,21289.9,0.00720517,0,-0.015477128,-0.047727,13.221416
11/6/2022,20900,-0.018313848,0,0,-0.036092,12.708137
11/7/2022,20578.6,-0.01537799,0,0,0.032675,13.15605
11/8/2022,18534,-0.099355641,0,0,-0.009833,13.016854
11/9/2022,15905,-0.141847416,0.047282472,0.047282472,0.094636,14.343353
11/10/2022,17588,0.105815781,-0.046366347,-0.00127619,-0.119371,12.511801
11/11/2022,17058.3,-0.030117125,0.007652639,-0.039068533,0.011275,12.664147
11/12/2022,16806.9,-0.014737694,0.005576806,0.013272122,0.017801,12.907383
11/13/2022,16321.2,-0.028898845,0.01094533,0.016583176,0.021455,13.205765
11/14/2022,16605.2,0.017400681,-0.004368576,0.006528939,-0.012083,13.034117
11/15/2022,16888.3,0.017048876,-0.004260862,-0.008610824,-0.007115,12.934264
11/16/2022,16650.6,-0.014074833,0.003509321,-0.000766494,0.008657,13.054893
11/17/2022,16682.1,0.001891824,-0.000472884,0.003034777,0.004874,13.123397
11/18/2022,16689.7,0.000455578,-0.000113891,-0.000586721,5.50E-05,13.124174
11/19/2022,16692.9,0.000191735,-4.79E-05,-0.00016183,0.001517,13.1456
11/20/2022,16272.6,-0.025178369,0.006295215,0.006246968,0.019813,13.425867
11/21/2022,15773,-0.030701916,0.007650266,0.013993641,0.01507,13.643265
11/22/2022,16220.6,0.028377607,-0.007029893,0.000566592,-0.015366,13.418256
11/23/2022,16595.8,0.02313108,-0.005700287,-0.012690108,-0.022925,13.087718
11/24/2022,16592.4,-0.000204871,5.01E-05,-0.005650428,-0.003827,13.033804
11/25/2022,16516.1,-0.004598491,0.001146048,0.00119625,0.0045,13.096956
11/26/2022,16449.2,-0.004050593,0.001026032,0.002173256,-0.000468,13.090359
11/27/2022,16422.6,-0.0016171,0.000410705,0.001437158,0.002247,13.12202
11/28/2022,16204.5,-0.013280479,0.003387391,0.003799487,0.011081,13.278506
11/29/2022,16433.2,0.014113364,-0.00360965,-0.000234487,-0.01107,13.120443
11/30/2022,17153.3,0.043819828,-0.011156344,-0.014725723,-0.026706,12.743342
12/1/2022,16970.5,-0.010656842,0.002647421,-0.008538459,0.008356,12.858182
12/2/2022,17083,0.006629151,-0.001646715,0.000996346,-0.005326,12.784373
12/3/2022,16879.5,-0.011912428,0.002958884,0.001307296,0.012352,12.954638
12/4/2022,17099.5,0.013033561,-0.003237691,-0.000288387,-0.01074,12.804765
12/5/2022,16958.3,-0.008257551,0.002100006,-0.001144484,0.004285,12.863918
12/6/2022,17078.6,0.007093871,-0.001807439,0.000288771,-0.005878,12.782426
12/7/2022,16828,-0.014673334,0.003737292,0.001923097,0.013158,12.963775
12/8/2022,17216,0.02305681,-0.005873335,-0.002157993,-0.013757,12.771676
12/9/2022,17122,-0.005460037,0.001528236,-0.004354075,0.004643,12.835617
12/10/2022,17120,-0.000116809,0,0.001528236,0,12.835617
12/11/2022,17077.3,-0.002494159,0.000831386,0.000831386,0.003984,12.890739
12/12/2022,17200,0.007184977,0,0.000831386,-0.002622,12.854317
12/13/2022,17777.1,0.033552326,0,0,-0.029286,12.44858
12/14/2022,17803.9,0.001507557,0,0,0,12.44858
12/15/2022,17351.8,-0.025393313,0,0,0,12.44858
12/16/2022,16624.1,-0.041938012,0,0,0.094094,13.71401
12/17/2022,16768,0.008656108,-0.002885369,-0.002885369,-0.012978,13.523052
12/18/2022,16730.3,-0.00224833,0,-0.002885369,0.004773,13.59237
12/19/2022,16429.2,-0.017997286,0,0,0.017906,13.853661
12/20/2022,16887.2,0.027877194,-0.009292398,-0.009292398,-0.028834,13.425371
12/21/2022,16819.6,-0.004003032,0,-0.009292398,0.006425,13.518054
12/22/2022,16815.5,-0.000243763,0,0,0,13.518054
12/23/2022,16776.4,-0.002325236,0,0,0.002386,13.552694
12/24/2022,16828.9,0.003129396,0,0,0.025381,13.922056
12/25/2022,16824.4,-0.000267397,0,0,0.003751,13.978028
12/26/2022,16912.9,0.005260217,0,0,0.003667,14.032953
12/27/2022,16698.2,-0.012694452,0,0,0.018314,14.308266
12/28/2022,16539,-0.009533962,0,0,0.104924,15.914471
12/29/2022,16630.3,0.005520285,0,0,0.010667,16.094898
12/30/2022,16601.2,-0.001749818,0,0,-0.010261,15.919487
12/31/2022,16537.6,-0.003831048,0.001277016,0.001277016,-0.000202,15.916069
1/1/2023,16610.3,0.004396043,-0.001465348,-0.000190203,-0.002786,15.868941
1/2/2023,16666,0.003353341,-0.00111778,-0.00258149,-0.039852,15.19668
1/3/2023,16667.2,7.20E-05,-2.40E-05,-0.001141754,-0.042349,14.510767
1/4/2023,16842.1,0.010493664,-0.003497888,-0.003521805,-0.016162,14.260082
1/5/2023,16823.8,-0.001086563,0.000362188,-0.003136967,0.001593,14.284391
1/6/2023,16943.8,0.007132752,-0.002377584,-0.002016258,-0.007926,14.163247
1/7/2023,16936.5,-0.000430836,0,-0.002377584,0.016594,14.414866
1/8/2023,17124.7,0.011112095,-0.003704032,-0.003704032,-0.030311,13.947626
1/9/2023,17169.7,0.002627783,0,-0.003704032,0,13.947626
1/10/2023,17428.8,0.015090537,0,0,0,13.947626
1/11/2023,17935.7,0.029084045,0,0,0,13.947626
1/12/2023,18838,0.050307487,0,0,0,13.947626
1/13/2023,19924.2,0.057660049,0,0,0,13.947626
1/14/2023,20962.8,0.052127563,0.052127563,0.052127563,0.052128,14.726816
1/15/2023,20882.7,-0.003821054,-0.001910527,0.050117445,-0.000878,14.713007
1/16/2023,21188.3,0.014634123,0.007317061,0.005392555,0.014926,14.94754
1/17/2023,21130.9,-0.002709042,-0.001354521,0.005952629,-0.004928,14.86895
1/18/2023,20680,-0.021338419,-0.01066921,-0.012009279,-0.02797,14.425096
1/19/2023,21068.3,0.018776596,0.009388298,-0.001381077,0.022437,14.771189
1/20/2023,22661.1,0.075601733,0.037800867,0.04754405,0.072582,15.915893
1/21/2023,22781.9,0.005330721,0.00266536,0.04056698,-0.006792,15.801
1/22/2023,22704.6,-0.003393044,-0.001696522,0.000964316,-0.00154,15.775127
1/23/2023,22913.1,0.009183161,0.004591581,0.002887269,0.004211,15.845767
1/24/2023,22627.4,-0.01246885,-0.006234425,-0.00167147,-0.028027,15.373631
1/25/2023,23060.6,0.01914493,0.009572465,0.003278362,0.027381,15.821957
1/26/2023,23001.9,-0.002545467,-0.001272734,0.008287548,-0.004599,15.744593
1/27/2023,23068,0.002873676,0.001436838,0.000162276,0.000309,15.749767
1/28/2023,23015.9,-0.00225854,-0.00112927,0.000305945,-0.009131,15.596825
1/29/2023,23740.3,0.031473894,0.015736947,0.014589906,0.039329,16.249561
1/30/2023,22819.9,-0.038769518,-0.019384759,-0.003952869,-0.043615,15.497222
1/31/2023,23119.4,0.01312451,0.006562255,-0.012949712,0.012661,15.706093
2/1/2023,23730,0.02641072,0.01320536,0.019854272,0.031117,16.225936
2/2/2023,23493.1,-0.009983144,-0.004991572,0.008147873,-0.004379,16.150504
2/3/2023,23424.7,-0.002911493,-0.001455747,-0.006440052,0.004588,16.229191
2/4/2023,23322.6,-0.004358647,-0.002179324,-0.003631898,-0.00135,16.205931
2/5/2023,22929.2,-0.016867759,-0.00843388,-0.010594823,-0.019673,15.867439
2/6/2023,22757.7,-0.007479546,-0.003739773,-0.012142112,-0.008368,15.726292
2/7/2023,23234.1,0.020933574,0.010466787,0.006687871,0.028005,16.194712
2/8/2023,22955.9,-0.01197378,-0.00598689,0.004417234,-0.012048,15.98755
2/9/2023,21793.4,-0.050640576,-0.025320288,-0.031155588,-0.057309,15.014011
2/10/2023,21618.6,-0.008020777,-0.004010388,-0.029229132,-0.014345,14.78429
2/11/2023,21851.3,0.010763879,0.00538194,0.001349967,0.013743,15.001213
2/12/2023,21771.1,-0.003670262,-0.001835131,0.003536932,-0.009345,14.851682
2/13/2023,21766.2,-0.000225069,-0.000112535,-0.001947459,-0.003295,14.79945
2/14/2023,22187.4,0.019351104,0.009675552,0.009561929,-0.004087,14.734878
2/15/2023,24332.6,0.096685506,0.032228502,0.042215883,0.041724,15.3914
2/16/2023,23526.6,-0.033124286,-0.016562143,0.015132586,-0.026937,14.949865
2/17/2023,24581.5,0.044838608,0.014946203,-0.001863481,0.019042,15.253582
2/18/2023,24636.9,0.002253727,0.001126864,0.016089909,0.000426,15.260506
2/19/2023,24265.9,-0.015058713,-0.007529356,-0.006410977,-0.010794,15.08499
2/20/2023,24849.9,0.024066694,0.008022231,0.000432473,0.000715,15.096491
2/21/2023,24443.4,-0.016358215,-0.008179107,-0.000222491,-0.021239,14.754618
2/22/2023,24171.3,-0.011131839,-0.00556592,-0.013699503,-0.010746,14.585319
2/23/2023,23928.8,-0.010032559,-0.003344186,-0.008891493,0.000165,14.58789
2/24/2023,23175.6,-0.031476714,-0.015738357,-0.019029912,-0.028641,14.141438
2/25/2023,23146.2,-0.001268576,-0.000634288,-0.016362662,0.009014,14.277922
2/26/2023,23545.3,0.017242571,0.008621286,0.007981529,-0.003786,14.22008
2/27/2023,23480,-0.002773377,-0.000924459,0.007688856,0.002604,14.259713
2/28/2023,23129.6,-0.014923339,-0.004974446,-0.005894307,-0.003427,14.207418
3/1/2023,23619.8,0.021193622,0,-0.004974446,-0.018686,13.923252
3/2/2023,23457.1,-0.006888289,-0.002296096,-0.002296096,-0.000599,13.914313
3/3/2023,22342.8,-0.047503741,-0.01583458,-0.018094319,-0.025656,13.531672
3/4/2023,22335.7,-0.000317776,0,-0.01583458,0.013768,13.731744
3/5/2023,22419.4,0.003747364,0,0,0.000916,13.745238
3/6/2023,22397.1,-0.000994674,0,0,0.005241,13.822518
3/7/2023,22187.1,-0.009376214,0,0,0.007784,13.937896
3/8/2023,21695.4,-0.022161526,0,0,0.040843,14.548005
3/9/2023,20348.3,-0.062091503,0,0,0.039456,15.161467
3/10/2023,20140.3,-0.010221984,0,0,0,15.161467
3/11/2023,20447.3,0.01524307,0,0,0,15.161467
3/12/2023,21986.2,0.075261771,0,0,0,15.161467
3/13/2023,24119.5,0.097029045,0.032145808,0.032145808,0.054324,16.039423
3/14/2023,24682.5,0.023342109,0.010148771,0.04262082,0.017787,16.342503
3/15/2023,24288,-0.015982984,-0.006922131,0.003156389,-0.021457,15.970385
3/16/2023,24990.4,0.028919631,0.012459919,0.005451539,0.019144,16.295266
3/17/2023,27384,0.09578078,0.041066438,0.054038041,0.075322,17.59798
3/18/2023,26907,-0.017418931,-0.007484415,0.033274665,-0.016061,17.299278
3/19/2023,27955.7,0.038974988,0.016954699,0.009343389,0.023059,17.721241
3/20/2023,27704.1,-0.008999953,-0.00393773,0.012950206,-0.0175,17.393619
3/21/2023,28091.1,0.013969052,0.00609701,0.002135272,0.025855,17.869186
3/22/2023,27233.8,-0.030518563,-0.013377906,-0.007362461,-0.031522,17.274391
3/23/2023,28284.1,0.038566047,0.016715117,0.003113597,0.038771,17.982908
3/24/2023,27438.9,-0.029882513,-0.012831518,0.003669119,-0.029611,17.420805
3/25/2023,27447.3,0.000306135,0.00012985,-0.012703334,-0.001919,17.385455
3/26/2023,27954.3,0.018471762,0.007855282,0.007986152,0.016245,17.684127
3/27/2023,27112,-0.030131321,-0.013021899,-0.005268908,-0.028353,17.154376
3/28/2023,27249.7,0.005078932,0.002159274,-0.010890743,0.017591,17.47373
3/29/2023,28338.5,0.039956403,0.017015654,0.019211669,0.022117,17.882313
3/30/2023,28015,-0.011415565,-0.004797565,0.012136455,-0.004573,17.795964
3/31/2023,28454.9,0.015702302,0.006610697,0.001781417,0.013798,18.055311
4/1/2023,28443.8,-0.000390091,-0.000164486,0.006445124,-0.000418,18.047346
4/2/2023,28161.2,-0.009935381,-0.004196575,-0.004360371,-0.010943,17.838911
4/3/2023,27786.1,-0.013319745,-0.005828717,-0.010000832,-0.001467,17.811274
4/4/2023,28155.2,0.01328362,0.00578288,-7.95442E-05,0.021729,18.220024
4/5/2023,28154,-4.26E-05,-1.86E-05,0.00576422,0.00984,18.409149
4/6/2023,28022.8,-0.004660084,-0.001352627,-0.001371154,-0.011142,18.192893
4/7/2023,27890.7,-0.004714019,-0.001370918,-0.00272169,-0.004708,18.102533
4/8/2023,27924.9,0.001226215,0.00036033,-0.001011082,-0.007005,17.968719
4/9/2023,28309.4,0.013769073,0.004361338,0.004723239,0.009287,18.144882
4/10/2023,29623.1,0.046405081,0.014808425,0.019234347,0.031678,18.751353
4/11/2023,30185.1,0.018971681,0.005945903,0.020842378,0.027932,19.303048
4/12/2023,29875,-0.010273281,-0.003424427,0.002501115,0.010628,19.518829
4/13/2023,30362.7,0.016324686,0.005441562,0.001998501,0.028793,20.109628
4/14/2023,30453.1,0.002977337,0.000992446,0.006439408,0.018727,20.504948
4/15/2023,30280.4,-0.005671015,-0.001890338,-0.000899769,-0.010842,20.271791
4/16/2023,30286.6,0.000204753,6.83E-05,-0.001822217,0.019373,20.683889
4/17/2023,29420,-0.028613314,-0.009537771,-0.009470171,-0.025505,20.130842
4/18/2023,30365.8,0.032148199,0.010716066,0.001076087,0.018258,20.516649
4/19/2023,28795.1,-0.051725955,-0.017241985,-0.006710685,-0.070746,18.994432
4/20/2023,28229.9,-0.01962834,-0.00654278,-0.023671954,-0.010602,18.782451
4/21/2023,27252.5,-0.034622864,-0.017311432,-0.023740947,-0.04154,17.960688
4/22/2023,27807.2,0.020354096,0.010177048,-0.007310564,0.017047,18.283911
4/23/2023,27576,-0.008314393,0,0.010177048,-0.006454,18.159452
4/24/2023,27497.5,-0.002846678,-0.000948893,-0.000948893,-0.005748,18.049324
4/25/2023,28286.7,0.028700791,0.00956693,0.00860896,0.0215,18.458884
4/26/2023,28395.9,0.003860472,0.001286824,0.010866065,-0.007708,18.308895
4/27/2023,29459,0.037438503,0.012479501,0.013782384,0.035191,18.988395
4/28/2023,29300,-0.005397332,-0.001799111,0.010657939,0.008331,19.154918
4/29/2023,29212.7,-0.002979522,-0.000993174,-0.002790498,4.80E-05,19.155885
4/30/2023,29223,0.000352586,0.000117529,-0.000875762,-0.01226,18.908774
5/1/2023,28054.4,-0.03998905,-0.013329683,-0.013213721,-0.030378,18.303985
5/2/2023,28656.5,0.021461874,0,-0.013329683,0.016724,18.626825
5/3/2023,29018.4,0.012628897,0.004209632,0.004209632,0.010325,18.829472
5/4/2023,28826,-0.006630276,-0.002210092,0.001990237,-0.013775,18.556321
5/5/2023,29491.5,0.023086797,0.007695599,0.005468499,0.042893,19.395151
5/6/2023,28837.8,-0.022165709,-0.00738857,0.00025017,-0.03484,18.684584
5/7/2023,28419.4,-0.014508735,-0.004836245,-0.012189082,-0.012519,18.438152
5/8/2023,27659.8,-0.026728221,-0.008909407,-0.013702564,-0.026337,17.92621
5/9/2023,27610.2,-0.001793216,0,-0.008909407,0.001297,17.950757
5/10/2023,27582.9,-0.000988765,0,0,0.010256,18.145116
5/11/2023,26956.4,-0.022713348,0,0,-0.029191,17.586251
5/12/2023,26785.1,-0.006354706,0,0,0,17.586251
5/13/2023,26762.7,-0.000836286,0,0,0,17.586251
5/14/2023,26901.9,0.005201269,0,0,0,17.586251
5/15/2023,27152.5,0.009315327,0,0,-0.002425,17.541179
5/16/2023,27024.8,-0.004703066,0,0,0.013622,17.793747
5/17/2023,27395.8,0.013728131,0,0,-0.018288,17.450047
5/18/2023,26809.3,-0.021408391,0,0,0.034114,18.079452
5/19/2023,26870.1,0.00226787,0,0,-0.000682,18.06644
5/20/2023,27089.5,0.00816521,0,0,0.003883,18.140475
5/21/2023,26732.8,-0.013167463,0,0,0.032521,18.762942
5/22/2023,26840.2,0.004017537,0,0,0.004642,18.854682
5/23/2023,27209.9,0.013774115,0,0,-0.026135,18.33578
5/24/2023,26313.8,-0.032932866,0,0,0.041101,19.130499
5/25/2023,26461.8,0.005624425,0,0,-0.002187,19.086474
5/26/2023,26689.9,0.008619973,0,0,-0.005508,18.975838
5/27/2023,26841.6,0.005683798,0,0,-0.055093,17.875309
5/28/2023,28055.7,0.045232028,0,0,-0.018712,17.522114
5/29/2023,27722,-0.011894196,0,0,0.00092,17.539154
5/30/2023,27680.1,-0.001511435,0,0,-0.032515,16.936354
5/31/2023,27201.1,-0.017304851,0,0,0.00314,16.992674
6/1/2023,26805.3,-0.014550882,0,0,0.004491,17.073479
6/2/2023,27227.8,0.015761808,0,0,-0.037147,16.402104
6/3/2023,27054.9,-0.006350127,0,0,-0.002343,16.36133
6/4/2023,27102.4,0.001755689,0,0,-0.015521,16.091865
6/5/2023,25714.7,-0.051202108,0,0,0.083295,17.515532
6/6/2023,27221.5,0.058596834,0,0,-0.019103,17.16183
6/7/2023,26325.9,-0.032900465,0,0,0.029193,17.692028
6/8/2023,26485.9,0.006077665,0,0,-0.012907,17.45077
6/9/2023,26468.1,-0.000672056,0,0,0.076807,18.867919
6/10/2023,25826.6,-0.024236723,0,0,0.091842,20.692628
6/11/2023,25909.9,0.003225357,0,0,0.003676,20.77237
6/12/2023,25894.8,-0.000582789,0,0,0.018685,21.179187
6/13/2023,25918,0.000895933,0,0,0.008592,21.36975
6/14/2023,25115.9,-0.030947604,0,0,0.030239,22.046189
6/15/2023,25586.1,0.018721208,0,0,-0.016486,21.66625
6/16/2023,26336,0.029308883,0,0,-0.030391,20.9774
6/17/2023,26508.9,0.006565158,0,0,-0.017117,20.601213
6/18/2023,26329.7,-0.006759994,0,0,0.010371,20.825239
6/19/2023,26828.5,0.018944386,0,0,-0.034703,20.067838
6/20/2023,28290.6,0.054498015,0,0,-0.025676,19.5269
6/21/2023,29988.5,0.060016401,0.030008201,0.030008201,0.016385,19.863233
6/22/2023,29875,-0.003784784,-0.001261595,0.028708748,0.004557,19.958307
6/23/2023,30673.4,0.026724686,0.008908229,0.007635395,0.004876,20.060499
6/24/2023,30524.2,-0.004864149,-0.001621383,0.007272402,0.002576,20.114751
6/25/2023,30458,-0.002168771,-0.000722924,-0.002343135,-0.001229,20.088801
6/26/2023,30260.1,-0.006497472,-0.002165824,-0.002887182,0.000889,20.107549
6/27/2023,30683.2,0.013982108,0.004660703,0.002484785,0.004569,20.20399
6/28/2023,30066.3,-0.020105465,-0.010052732,-0.005438882,0.005075,20.3116
6/29/2023,30439.9,0.012425872,0.006212936,-0.003902253,-0.041942,19.417749
6/30/2023,30460.2,0.000666888,0.000333444,0.006548452,-0.015648,19.098252
7/1/2023,30573.6,0.003722891,0.001240964,0.001574821,0.001709,19.1326
7/2/2023,30612.7,0.001278881,0.000426294,0.001667786,-0.006215,19.007476
7/3/2023,31149,0.017518873,0.005839624,0.006268407,0.011061,19.228778
7/4/2023,30756.1,-0.012613567,-0.004204522,0.001610549,-0.006135,19.104675
7/5/2023,30488.4,-0.008703964,-0.002901321,-0.007093645,-0.005656,18.990963
7/6/2023,29874.4,-0.020138807,-0.006712936,-0.009594781,-0.025442,18.482353
7/7/2023,30327.9,0.015180221,0.015180221,0.008365382,0.01518,18.778095
7/8/2023,30269.3,-0.001932214,-0.000644071,0.014526373,0.001766,18.813023
7/9/2023,30147.8,-0.004013968,-0.001337989,-0.001981199,-0.00692,18.675917
7/10/2023,30396.9,0.008262626,0.002754209,0.001412534,0.005579,18.785689
7/11/2023,30608.4,0.006957946,0.002319315,0.005079912,0.011739,19.017953
7/12/2023,30368.9,-0.007824649,-0.002608216,-0.00029495,-0.005317,18.911517
7/13/2023,31441.7,0.035325613,0.011775204,0.009136275,0.0865,20.633864
7/14/2023,30293.3,-0.036524743,-0.012174914,-0.000543072,-0.018178,20.240603
7/15/2023,30276.4,-0.000557879,-0.00018596,-0.01235861,0.005121,20.349376
7/16/2023,30216.8,-0.00196853,-0.000656177,-0.000842014,-0.002718,20.291349
7/17/2023,30126.1,-0.003001641,-0.001000547,-0.001656067,-0.007679,20.127853
7/18/2023,29845.6,-0.009310863,-0.003103621,-0.004101063,-0.015446,19.801512
7/19/2023,29895.5,0.001671938,0.000557313,-0.002548038,0.005143,19.908494
7/20/2023,29791,-0.003495509,-0.00116517,-0.000608506,-0.008054,19.740097
7/21/2023,29891.4,0.003370145,0.001123382,-4.30969E-05,0.002211,19.785953
7/22/2023,29783.5,-0.003609734,0,0.001123382,-0.018576,19.399833
7/23/2023,30070.8,0.009646281,0,0,0.006041,19.523069
7/24/2023,29163.8,-0.030162151,0,0,-0.034912,18.806567
7/25/2023,29216.3,0.001800177,0,0,-0.002335,18.760319
7/26/2023,29336,0.004097028,0,0,0.049383,19.736143
7/27/2023,29209.7,-0.00430529,0,0,-0.003847,19.656371
7/28/2023,29299.9,0.003088015,0,0,-0.006718,19.517601
7/29/2023,29339.1,0.001337889,0,0,0.006137,19.643518
7/30/2023,29271.1,-0.002317726,0,0,-0.017229,19.287851
7/31/2023,29220.8,-0.001718419,0,0,-0.014121,19.001366
8/1/2023,29701.2,0.016440344,0,0,0.00909,19.183178
8/2/2023,29170.1,-0.017881432,0,0,-0.024997,18.67866
8/3/2023,29180.2,0.000346245,0,0,-0.005868,18.563185
8/4/2023,29101.1,-0.002710742,0,0,0.003706,18.635686
8/5/2023,29057.7,-0.001491353,0,0,-0.00382,18.560678
8/6/2023,29075.9,0.00062634,0,0,0.009459,18.745703
8/7/2023,29202.7,0.004361,0,0,-0.000782,18.730261
8/8/2023,29759,0.019049608,0,0,0.009083,18.909471
8/9/2023,29572.8,-0.006256931,0,0,0.002597,18.961176
8/10/2023,29443.7,-0.004365498,0.001455166,0.001455166,0.004297,19.046949
8/11/2023,29415.5,-0.00095776,0.000319253,0.001774884,0.000918,19.065352
8/12/2023,29420.7,0.000176778,-5.89E-05,0.000260309,0.002463,19.114773
8/13/2023,29293.3,-0.004330284,0.002165142,0.002106089,0.004612,19.207543
8/14/2023,29419.5,0.004308152,-0.002154076,6.40216E-06,-0.003437,19.138089
8/15/2023,29188.8,-0.007841738,0.002613913,0.000454206,0.022628,19.593774
8/16/2023,28714.4,-0.016252809,0.005417603,0.008045677,0.024305,20.094306
8/17/2023,26609.7,-0.073297718,0.024432573,0.029982542,0.064258,21.449784
8/18/2023,26042.1,-0.021330567,0.007110189,0.031716482,0.016021,21.809452
8/19/2023,26088.3,0.00177405,-0.00059135,0.006514634,-0.010672,21.566029
8/20/2023,26175.9,0.003357827,-0.001678914,-0.002269271,-0.006314,21.423547
8/21/2023,26115.4,-0.002311286,0.000770429,-0.000909778,0.012981,21.714627
8/22/2023,26044.4,-0.002718702,0.000906234,0.001677361,0.01704,22.101685
8/23/2023,26419.2,0.01439081,-0.004796937,-0.00389505,-0.032384,21.35356
8/24/2023,26164.6,-0.009636931,0.00321231,-0.001600036,0.017223,21.738555
8/25/2023,26051.7,-0.00431499,0.00143833,0.004655261,0.012601,22.025084
8/26/2023,26004.3,-0.001819459,0.000606486,0.002045689,0.004247,22.122871
8/27/2023,26087.7,0.003207162,-0.001069054,-0.000463216,-0.011696,21.852426
8/28/2023,26106.5,0.000720646,-0.000240215,-0.001309013,0.004471,21.954599
8/29/2023,27700.1,0.061042269,-0.020347423,-0.020582751,-0.055516,20.680252
8/30/2023,27290.4,-0.01479056,0.004930187,-0.015517553,0.024356,21.208296
8/31/2023,25928,-0.049922317,0.016640772,0.021653001,0.045617,22.221372
9/1/2023,25795.6,-0.005106449,0.00170215,0.018371247,0.011852,22.496591
9/2/2023,25855.8,0.002333731,-0.00077791,0.000922915,-0.005247,22.373305
9/3/2023,25962.1,0.004111263,-0.001370421,-0.002147265,-0.002395,22.317326
9/4/2023,25814,-0.005704469,0.00190149,0.000528463,0.003601,22.401291
9/5/2023,25779.7,-0.001328736,0.000442912,0.002345244,-0.012888,22.099696
9/6/2023,25747.4,-0.001252924,0.000417641,0.000860738,0.01092,22.351944
9/7/2023,26240.7,0.019159216,-0.006386405,-0.005971431,-0.014028,22.024363
9/8/2023,25899.8,-0.012991269,0.004330423,-0.002083638,0.011748,22.294853
9/9/2023,25892.6,-0.000277994,9.27E-05,0.004423489,0.003201,22.36942
9/10/2023,25828.4,-0.002479473,0.000826491,0.000919232,0.025259,22.959708
9/11/2023,25150.4,-0.026250174,0.008750058,0.009583781,0.031141,23.705838
9/12/2023,25825.8,0.026854444,-0.008951481,-0.000279749,-0.02126,23.180592
9/13/2023,26209.9,0.014872724,-0.004957575,-0.013864678,-0.016688,22.777066
9/14/2023,26510.3,0.011461318,-0.003820439,-0.008759074,-0.015702,22.403718
9/15/2023,26591.1,0.003047872,-0.001015957,-0.004832515,-0.009396,22.183817
9/16/2023,26546.9,-0.00166221,0.00055407,-0.00046245,0.002392,22.239273
9/17/2023,26514.2,-0.001231782,0.000410594,0.000964892,0.008348,22.433274
9/18/2023,26749.9,0.008889576,0,0.000410594,-0.026397,21.814706
9/19/2023,27196,0.016676698,0.008338349,0.008338349,0.006241,21.957093
9/20/2023,27107.7,-0.003246801,-0.001623401,0.006701412,0.004736,22.065817
9/21/2023,26552.6,-0.020477576,0,-0.001623401,0.023804,22.614876
9/22/2023,26566.7,0.000531021,0.000265511,0.000265511,-0.002666,22.551919
9/23/2023,26563.1,-0.000135508,-6.78E-05,0.000197739,-0.000284,22.54523
9/24/2023,26232.4,-0.012449601,0,-6.7754E-05,0.008148,22.737077
9/25/2023,26290.5,0.002214818,0,0,-0.003212,22.660833
9/26/2023,26208.8,-0.003107586,0,0,0.00765,22.841839
9/27/2023,26359.6,0.005753793,0,0,-0.004175,22.742299
9/28/2023,27011.8,0.024742409,0,0,-0.038625,21.825253
9/29/2023,26890.9,-0.004475822,0.001491941,0.001491941,-0.006643,21.673624
9/30/2023,26950.9,0.002231238,0,0.001491941,-0.027922,21.040532
10/1/2023,27981.4,0.0382362,0,0,0.118278,23.647441
10/2/2023,27477.6,-0.018004817,-0.009002409,-0.009002409,-0.019115,23.176306
10/3/2023,27412,-0.002387399,-0.0011937,-0.010185362,0.003395,23.258384
10/4/2023,27759.8,0.012687874,0.006343937,0.005142665,-0.003382,23.176342
10/5/2023,27398.4,-0.013018826,-0.006509413,-0.000206771,-0.015051,22.812464
10/6/2023,27916.3,0.018902564,0.006300855,-0.000249573,0.009231,23.032277
10/7/2023,27943,0.00095643,0.000478215,0.006782083,-0.001792,22.989211
10/8/2023,27901.2,-0.001495902,-0.000498634,-2.06573E-05,-0.00128,22.958505
10/9/2023,27578.3,-0.011572979,-0.00385766,-0.00435437,-0.008541,22.753875
10/10/2023,27381.2,-0.007146923,-0.002382308,-0.006230777,0.000672,22.769838
10/11/2023,26864.5,-0.018870612,-0.006290204,-0.008657527,-0.007731,22.586073
10/12/2023,26744,-0.004485473,-0.002242737,-0.008518833,-0.018699,22.145037
10/13/2023,26849.8,0.003956028,0.001318676,-0.000927018,0.007035,22.307863
10/14/2023,26836.3,-0.000502797,-0.000167599,0.001150856,0.001567,22.344386
10/15/2023,27139.8,0.011309309,0.00376977,0.003601539,0.002138,22.394297
10/16/2023,28486.3,0.049613483,0.016537828,0.020369941,0.037853,23.279841
10/17/2023,28381.9,-0.00366492,-0.00122164,0.015295984,0.005887,23.422776
10/18/2023,28307.1,-0.002635482,-0.000878494,-0.002099061,-0.007037,23.250913
10/19/2023,28696.9,0.013770397,0.004590132,0.003707606,0.022978,23.808151
10/20/2023,29653,0.033317188,0,0.004590132,0.024191,24.408285
10/21/2023,29895.4,0.008174552,0,0,0.026257,25.07543
10/22/2023,29981.5,0.002880042,0,0,-0.007472,24.880594
10/23/2023,33074,0.103146941,0,0,0.076809,26.868457
10/24/2023,33917,0.025488299,0.012744149,0.012744149,-0.007135,26.669615
10/25/2023,34487.7,0.01682637,0.008413185,0.021264554,0.034903,27.635368
10/26/2023,34154,-0.009675913,-0.004837957,0.003534526,-0.001445,27.59399
10/27/2023,33893.1,-0.00763893,-0.003819465,-0.008638943,-0.014628,27.175717
10/28/2023,34086.6,0.005709127,0.002854563,-0.000975804,0.001527,27.218741
10/29/2023,34528.6,0.012966972,0.006483486,0.009356557,0.01943,27.767032
10/30/2023,34483.8,-0.001297475,-0.000648738,0.005830543,0.021205,28.377036
10/31/2023,34651.4,0.004860253,0.002430127,0.001779813,0.035048,29.406643
11/1/2023,35437.4,0.022683066,0.011341533,0.013799221,0.036744,30.523904
11/2/2023,34940.1,-0.014033197,-0.007016598,0.004245356,-0.014882,30.054766
11/3/2023,34700.4,-0.006860312,-0.003430156,-0.010422686,-0.009713,29.753131
11/4/2023,35069.7,0.010642529,0.005321264,0.001872855,0.030189,30.681537
11/5/2023,35025.5,-0.001260347,-0.000630174,0.004687737,-0.010461,30.350117
11/6/2023,35057.4,0.000910765,0.000303588,-0.000326777,0.007283,30.578439
11/7/2023,35406.5,0.009957955,0.003319318,0.003623914,0.004646,30.725153
11/8/2023,35626.7,0.006219197,0.002073066,0.005399265,0.003386,30.832574
11/9/2023,36719.5,0.030673624,0.010224541,0.012318803,0.063036,32.839172
11/10/2023,37330.4,0.016636937,0.005545646,0.015826889,0.055782,34.726789
11/11/2023,37162.1,-0.00450839,-0.001502797,0.004034515,-0.006256,34.503282
11/12/2023,37085.5,-0.00206124,-0.00068708,-0.002188844,-0.002345,34.420027
11/13/2023,36486.2,-0.016159955,-0.005386652,-0.00607003,-0.018107,33.778677
11/14/2023,35559,-0.025412348,-0.008470783,-0.013811805,-0.004315,33.628607
11/15/2023,37885.6,0.065429287,0.021809762,0.013154234,0.05957,35.691433
11/16/2023,36176,-0.045125325,-0.015041775,0.00643993,-0.048791,33.901221
11/17/2023,36621.9,0.012325851,0.004108617,-0.010994959,0.005553,34.095028
11/18/2023,36580.9,-0.001119549,-0.000373183,0.003733901,0.000188,34.101625
11/19/2023,37375.9,0.021732653,0.007244218,0.006868331,0.021804,34.866981
11/20/2023,37462.5,0.002317001,0.000772334,0.008022146,-0.00828,34.570003
11/21/2023,35737,-0.046059393,-0.015353131,-0.014592655,-0.042382,33.062475
11/22/2023,37413.4,0.046909366,0.015636455,4.32558E-05,0.053573,34.887304
11/23/2023,37294.3,-0.003183351,-0.001061117,0.014558746,-0.003724,34.753659
11/24/2023,37706.3,0.011047265,0.003682422,0.002617397,0.007417,35.018844
11/25/2023,37766.6,0.001599202,0.000533067,0.004217452,0.005604,35.220694
11/26/2023,37437.9,-0.008703458,-0.002901153,-0.002369632,-0.009103,34.890977
11/27/2023,37234.3,-0.005438339,-0.00181278,-0.004708673,-0.013481,34.407131
11/28/2023,37812.1,0.01551795,0.00517265,0.003350493,0.016387,34.987347
11/29/2023,37837.1,0.000661164,0.000220388,0.005394178,-0.000214,34.979646
11/30/2023,37716.8,-0.003179419,-0.001059806,-0.000839652,0.002628,35.074201
12/1/2023,38660,0.025007424,0.008335808,0.007267167,0.014933,35.612897
12/2/2023,39435,0.02004656,0.006682187,0.015073696,0.02819,36.645014
12/3/2023,39979.7,0.013812603,0.004604201,0.011317154,0.007283,36.919183
12/4/2023,41993.1,0.050360558,0.016786853,0.021468344,0.021189,37.722652
12/5/2023,44081.7,0.049736742,0.016578914,0.033644075,0.02239,38.589653
12/6/2023,43774.8,-0.006962073,-0.002320691,0.014219749,-0.008911,38.236869
12/7/2023,43296,-0.0109378,-0.003645933,-0.005958163,0.027667,39.322436
12/8/2023,44209.5,0.021098947,0.007032982,0.003361407,0.022443,40.227392
12/9/2023,43734.3,-0.010748821,-0.00358294,0.003424843,-0.010778,39.783043
12/10/2023,43810,0.001730907,0.000576969,-0.003008039,0.007033,40.06987
12/11/2023,41271,-0.057954805,-0.019318268,-0.018752445,-0.047815,38.106114
12/12/2023,41515,0.005912142,0.001970714,-0.017385625,-0.004977,37.911483
12/13/2023,42875,0.032759244,0.010919748,0.012911981,0.024305,38.857227
12/14/2023,43032.4,0.003671137,0.001223712,0.012156823,0.021501,39.714197
12/15/2023,41968,-0.024734851,-0.00824495,-0.007031327,-0.029167,38.526686
12/16/2023,42287.4,0.00761056,0.002536853,-0.005729013,0.006816,38.7961
12/17/2023,41396.5,-0.021067741,-0.00702258,-0.004503542,-0.019759,38.009769
12/18/2023,42671.7,0.030804537,0.010268179,0.003173489,0.023881,38.941361
12/19/2023,42298.3,-0.00875053,-0.002916843,0.007321385,-0.012924,38.425159
12/20/2023,43708.9,0.033348858,0.011116286,0.008167018,0.040551,40.023889
12/21/2023,43896.3,0.004287456,0.001429152,0.012561325,0.034867,41.454269
12/22/2023,43999.2,0.002344161,0.000781387,0.002211656,0.021631,42.372597
12/23/2023,43725.2,-0.006227386,-0.002075795,-0.00129603,0.015972,43.065344
12/24/2023,43008.4,-0.016393293,-0.005464431,-0.007528883,-0.003596,42.906885
12/25/2023,43611.9,0.014032143,0.004677381,-0.000812609,0.020232,43.795209
12/26/2023,42538.5,-0.024612548,-0.008204183,-0.003565176,-0.027455,42.565357
12/27/2023,43453.8,0.021516979,0.007172326,-0.0010907,0.020328,43.450953
12/28/2023,42600.1,-0.019646153,-0.006548718,0.000576639,-0.020252,42.550733
12/29/2023,42095.1,-0.011854432,-0.003951477,-0.010474318,-0.002771,42.430053
12/30/2023,42174.2,0.001879079,0.00062636,-0.003327593,-0.007638,42.098335
12/31/2023,42314,0.003314823,0.001104941,0.001731993,-0.000598,42.072562
1/1/2024,44230.2,0.045285248,0.015095083,0.016216703,0.039776,43.785816
1/2/2024,44979.8,0.016947696,0.005649232,0.020829591,0.000854,43.824063
1/3/2024,42849.5,-0.04736126,-0.015787087,-0.010227039,-0.050047,41.580753
1/4/2024,44143.8,0.03020572,0.01510286,-0.000922657,0.031611,42.926774
1/5/2024,44145.4,3.62E-05,1.81E-05,0.015121256,-0.01215,42.393063
1/6/2024,43956.7,-0.004274511,-0.001424837,-0.00140674,-0.01558,41.716999
1/7/2024,43916.9,-0.000905436,-0.000452718,-0.00187691,-0.011965,41.20589
1/8/2024,46972.7,0.069581414,0,-0.000452718,0.047958,43.230001
1/9/2024,46114,-0.018280831,-0.009140416,-0.009140416,-0.005493,42.987045
1/10/2024,46662.9,0.01190311,0.005951555,-0.00324326,0.012718,43.546472
1/11/2024,46337.8,-0.006966991,-0.00232233,0.003615403,-0.001677,43.471768
1/12/2024,42788.9,-0.076587581,-0.025529194,-0.027792237,-0.050719,41.216204
1/13/2024,42846.4,0.001343806,0,-0.025529194,0.020411,42.077879
1/14/2024,41734.9,-0.025941503,0,0,-0.024827,41.008385
1/15/2024,42515,0.01869179,0,0,0.008852,41.380243
1/16/2024,43133,0.014536046,0.004845349,0.004845349,0.020324,42.241579
1/17/2024,42783.4,-0.008105163,-0.002701721,0.002130537,-0.002,42.155096
1/18/2024,41323.1,-0.034132397,-0.011377466,-0.014048448,-0.031643,40.789539
1/19/2024,41662.2,0.008206064,0,-0.011377466,0.00202,40.873954
1/20/2024,41691.8,0.000710476,0,0,-0.005796,40.631253
1/21/2024,41580,-0.002681582,0,0,-0.005879,40.386503
1/22/2024,39567,-0.048412698,0,0,-0.056374,38.05338
1/23/2024,39890,0.008163368,0,0,-0.02887,36.925909
1/24/2024,40078.7,0.004730509,0,0,0,36.925909
1/25/2024,39953.3,-0.003128844,0,0,0,36.925909
1/26/2024,41806.4,0.046381651,0,0,0,36.925909
1/27/2024,42102.2,0.007075472,0,0,0,36.925909
1/28/2024,42021.2,-0.00192389,0,0,0,36.925909
1/29/2024,43287.7,0.030139549,0,0,0,36.925909
1/30/2024,42918.3,-0.008533602,-0.004266801,-0.004266801,0.001056,36.965958
1/31/2024,42560.5,-0.00833677,-0.004168385,-0.0084174,-0.016567,36.336976
2/1/2024,43072.6,0.012032283,0,-0.004168385,0,36.336976
2/2/2024,43182,0.002539898,0,0,0,36.336976
2/3/2024,42992.4,-0.004390718,-0.001463573,-0.001463573,-0.009278,35.990564
2/4/2024,42570.3,-0.009818014,0,-0.001463573,-0.002945,35.881627
2/5/2024,42692.9,0.002879942,0,0,0.005318,36.077763
2/6/2024,43079.1,0.009046001,0,0,0.02026,36.828959
2/7/2024,44326.2,0.028949073,0,0,0.027816,37.881209
2/8/2024,45269.1,0.021271844,0,0,0.005358,38.089535
2/9/2024,47116.1,0.040800458,0,0,0.030334,39.275277
2/10/2024,47732.6,0.013084699,0.00654235,0.00654235,0.014306,39.851455
2/11/2024,48303.4,0.011958284,0.005979142,0.012560609,0.000381,39.867019
2/12/2024,49943.6,0.033956202,0.016978101,0.023058758,0.034415,41.273458
2/13/2024,49696.4,-0.004949583,-0.001649861,0.015300228,-0.002063,41.186247
2/14/2024,51823.2,0.042795856,0.014265285,0.012591889,0.043315,43.013545
2/15/2024,51898.5,0.001453017,0.000484339,0.014756534,-0.002403,42.90778
2/16/2024,52148.6,0.004819022,0.001606341,0.002091458,-0.00902,42.511732
2/17/2024,51679.4,-0.008997365,-0.002999122,-0.001397599,-0.008593,42.137836
2/18/2024,52175.9,0.00960731,0.003202437,0.00019371,0.024484,43.194022
2/19/2024,51813.8,-0.006939986,-0.002313329,0.0008817,0.003024,43.327665
2/20/2024,52297.4,0.009333421,0.00311114,0.000790615,0.001885,43.411223
2/21/2024,51877.8,-0.008023343,-0.002674448,0.000428372,-0.017525,42.632916
2/22/2024,51316.9,-0.010811947,-0.003603982,-0.006268791,-0.013741,42.033356
2/23/2024,50771.9,-0.010620283,-0.003540094,-0.007131318,-0.015083,41.384284
2/24/2024,51602.1,0.016351565,0.005450522,0.001891132,0.027358,42.543833
2/25/2024,51764.9,0.00315491,0.001051637,0.00650789,0.01276,43.099453
2/26/2024,54511.6,0.053061051,0.017687017,0.018757254,0.045274,45.096011
2/27/2024,57074.5,0.047015681,0.015671894,0.0336361,0.017835,45.918134
2/28/2024,62487.9,0.094847962,0.031615987,0.047783363,0.079945,49.669004
2/29/2024,61203.3,-0.02055758,-0.006852527,0.024546811,0.005323,49.938715
3/1/2024,62430.6,0.02005284,0.00668428,-0.000214051,0.024758,51.199856
3/2/2024,62039.9,-0.006258149,-0.00208605,0.004584287,-0.001435,51.124949
3/3/2024,63178.5,0.018352705,0.006117568,0.004018757,0.01296,51.800488
3/4/2024,68296.4,0.081006988,0.027002329,0.033285086,0.047739,54.321131
3/5/2024,63747.4,-0.066606732,-0.022202244,0.004200573,-0.048369,51.645303
3/6/2024,66128.1,0.037345837,0.012448612,-0.010030019,0.050835,54.321527
3/7/2024,66870,0.011219134,0.003739711,0.016234878,0.0377,56.407148
3/8/2024,68180.2,0.019593241,0.00653108,0.010295216,0.009418,56.947809
3/9/2024,68360.1,0.002638596,0.000879532,0.007416356,0.00192,57.059069
3/10/2024,69001.8,0.009387055,0.003129018,0.004011302,0.000969,57.115328
3/11/2024,72153.8,0.045679968,0.015226656,0.018403319,0.040144,59.44831
3/12/2024,71503.2,-0.00901685,-0.003005617,0.012175274,-0.006159,59.076009
3/13/2024,73127.6,0.022717864,0.007555816,0.004527489,0.032993,61.058096
3/14/2024,71455.5,-0.022865512,-0.007621837,-0.000123611,0.002477,61.211814
3/15/2024,69552.2,-0.026636158,-0.00876378,-0.016318821,-0.010408,60.564314
3/16/2024,65351,-0.060403553,-0.019715006,-0.028306008,-0.041931,57.98286
3/17/2024,68447.9,0.047388716,0.014355614,-0.005642413,0.053461,61.136143
3/18/2024,67660,-0.011510945,-0.003415932,0.010890644,-0.021643,59.791331
3/19/2024,61974.1,-0.084036358,-0.024903704,-0.028234566,-0.090977,54.260718
3/20/2024,67876.4,0.095238172,0.025403833,-0.00013252,0.084516,58.931133
3/21/2024,65539.9,-0.034422863,-0.008508824,0.016678852,-0.022214,57.599822
3/22/2024,63826,-0.026150482,-0.006349063,-0.014803864,-0.022188,56.299609
3/23/2024,64020.3,0.003044214,0.000732913,-0.005620804,-0.002515,56.155501
3/24/2024,67260.9,0.05061832,0.012223646,0.012965518,0.03381,58.087928
3/25/2024,69920.5,0.039541546,0.009436202,0.021775193,0.024428,59.531328
3/26/2024,70044.1,0.001767722,0.000418863,0.009859018,0.001593,59.627755
3/27/2024,69532.6,-0.007302542,-0.001729977,-0.001311839,-0.011701,58.918349
3/28/2024,70838.7,0.018783995,0.004512013,0.00277423,0.012088,59.642642
3/29/2024,69903.6,-0.013200412,-0.003211077,0.001286448,-0.004534,59.367689
3/30/2024,69642.1,-0.003740866,-0.000980609,-0.004188538,0.000903,59.422201
3/31/2024,71363,0.024710628,0.006517781,0.00553078,0.024998,60.932635
4/1/2024,69700,-0.023303393,-0.006135833,0.000341957,-0.025839,59.332358
4/2/2024,65505.3,-0.060182209,-0.015731139,-0.021770448,-0.042198,56.786453
4/3/2024,65971.9,0.007123088,0.002685027,-0.01308835,0.007999,57.248687
4/4/2024,68489.9,0.038167765,0,0.002685027,-0.003135,57.066077
4/5/2024,67825.7,-0.00969778,-0.004066079,-0.004066079,-0.019003,55.962647
4/6/2024,68901.6,0.015862719,0.006741454,0.002647964,0.013652,56.740301
4/7/2024,69362.7,0.006692152,0.002840099,0.0096007,0.004224,56.984196
4/8/2024,71678.4,0.033385379,0.01422267,0.017103163,0.016185,57.922671
4/9/2024,69189.3,-0.034725943,-0.014609445,-0.00059456,-0.027967,56.27478
4/10/2024,70681.7,0.021569809,0.008937164,-0.005802848,0.010403,56.87061
4/11/2024,70055.7,-0.008856606,0,0.008937164,-0.00313,56.689475
4/12/2024,67136.4,-0.041671127,0,0,-0.064637,52.9606
4/13/2024,63939.7,-0.047615005,0,0,0,52.9606
4/14/2024,65615.9,0.026215325,0,0,0,52.9606
4/15/2024,63392.7,-0.033882032,0,0,0,52.9606
4/16/2024,63765,0.005872916,0,0,0,52.9606
4/17/2024,61254.5,-0.039371128,0,0,0,52.9606
4/18/2024,63445,0.035760638,0,0,0,52.9606
4/19/2024,63787.4,0.0053968,0.00496034,0.00496034,0.00496,53.228245
4/20/2024,64897.2,0.01739842,0,0.00496034,0,53.228245
4/21/2024,64912.6,0.000237298,0,0,0,53.228245
4/22/2024,66778,0.028737102,0.028737102,0.028737102,0.028737,54.786602
4/23/2024,66386.3,-0.005865704,-0.005865704,0.022702834,-0.005866,54.459358
4/24/2024,64250,-0.032179832,0,-0.005865704,0,54.459358
4/25/2024,64478.8,0.003561089,0,0,0,54.459358
4/26/2024,63748.8,-0.011321551,0,0,0,54.459358
4/27/2024,63421,-0.005142058,0,0,0,54.459358
4/28/2024,63088.3,-0.005245896,0,0,0,54.459358
4/29/2024,63842.4,0.011953088,0,0,0,54.459358
4/30/2024,60651.2,-0.04998559,0,0,0,54.459358
5/1/2024,58307.6,-0.03864062,0,0,0,54.459358
5/2/2024,59036.7,0.012504373,0,0,0,54.459358
5/3/2024,62853.7,0.064654698,0,0,0,54.459358
5/4/2024,63864.2,0.016077017,0,0,0,54.459358
5/5/2024,63988,0.001938488,0,0,0,54.459358
5/6/2024,63142.8,-0.013208727,0,0,0,54.459358
5/7/2024,62296,-0.013410872,0,0,0,54.459358
5/8/2024,61157.9,-0.018269231,0,0,0,54.459358
5/9/2024,63050.1,0.030939584,0,0,0,54.459358
5/10/2024,60778.1,-0.036034836,0,0,0,54.459358
5/11/2024,60809.2,0.000511697,0,0,0,54.459358
5/12/2024,61455.8,0.010633259,0,0,0,54.459358
5/13/2024,62912.1,0.023696706,0,0,0,54.459358
5/14/2024,61550.5,-0.021642895,0,0,-0.025789,53.029116
5/15/2024,66175.4,0.075139926,0,0,0,53.029116
5/16/2024,65217.7,-0.014472145,-0.007236073,-0.007236073,-0.005306,52.742438
5/17/2024,66980,0.027021805,0.013510903,0.006177064,0.035521,54.651423
5/18/2024,66884.9,-0.001419827,-0.000473276,0.013031233,0.006883,55.034472
5/19/2024,66239.4,-0.009650908,-0.003216969,-0.003688722,-0.012125,54.355054
5/20/2024,71466.5,0.078912249,0.026304083,0.023002494,0.114483,60.692266
5/21/2024,70168.8,-0.018158158,-0.006052719,0.020092152,-0.008091,60.193114
5/22/2024,69219.1,-0.013534505,-0.004511502,-0.010536914,-0.009187,59.630933
5/23/2024,67999.9,-0.017613636,-0.005871212,-0.010356226,-0.004129,59.380588
5/24/2024,68584.1,0.008591189,0.00286373,-0.003024296,-0.011618,58.679086
5/25/2024,69314.4,0.010648241,0.003549414,0.006423308,0.005875,59.029701
5/26/2024,68524.3,-0.011398786,-0.003799595,-0.000263668,-0.005517,58.698517
5/27/2024,69461.6,0.013678359,0.004559453,0.000742534,0.018314,59.791836
5/28/2024,68440.5,-0.014700208,-0.004900069,-0.000362958,-0.009863,59.192246
5/29/2024,67686.7,-0.011013946,-0.003671315,-0.008553395,-0.009004,58.650275
5/30/2024,68402.5,0.010575194,0.003525065,-0.000159192,0.000333,58.670138
5/31/2024,67577.9,-0.012055115,-0.004018372,-0.000507472,-0.004881,58.378888
6/1/2024,67799.2,0.003274739,0.00109158,-0.002931178,0.005431,58.701375
6/2/2024,67805.9,9.88E-05,3.29E-05,0.001124556,-0.006759,58.297854
6/3/2024,68851.4,0.015419012,0.005139671,0.00517278,0.006857,58.704459
6/4/2024,70580,0.025106243,0.008368748,0.013551431,0.021929,60.013718
6/5/2024,71133.3,0.007839331,0.00261311,0.011003727,0.008891,60.556191
6/6/2024,70830,-0.004263826,-0.001421275,0.001188121,-0.009908,59.946292
6/7/2024,69377,-0.020513907,-0.006837969,-0.008249525,-0.02767,58.259908
6/8/2024,69346.5,-0.000439627,-0.000146542,-0.006983509,-0.007368,57.823281
6/9/2024,69667.1,0.004623161,0.001541054,0.001394285,0.010512,58.441632
6/10/2024,69558.7,-0.001555971,-0.000518657,0.001021597,-0.008219,57.953081
6/11/2024,67320.7,-0.032174264,-0.010724755,-0.011237849,-0.039472,55.626085
6/12/2024,68270.3,0.014105617,0.004701872,-0.006073309,0.019416,56.725537
6/13/2024,66786.9,-0.021728336,-0.007242779,-0.002574961,-0.02681,55.177915
6/14/2024,66039.7,-0.011187823,-0.003729274,-0.010945043,-0.010192,54.60535
6/15/2024,66213.7,0.002634779,0,-0.003729274,0.0192,55.672973
6/16/2024,66653.6,0.00664364,0.00332182,0.00332182,0.009281,56.198955
6/17/2024,66472.1,-0.002723034,0,0.00332182,-0.02463,54.790144
6/18/2024,65150,-0.019889548,0,0,-0.006018,54.454399
6/19/2024,64933.6,-0.003321566,0,0,0.0171,55.402669
6/20/2024,64854,-0.001225868,0,0,0,55.402669
6/21/2024,64124,-0.011256052,0,0,0,55.402669
6/22/2024,64240,0.001808995,0,0,0,55.402669
6/23/2024,63194.9,-0.01626868,0,0,0,55.402669
6/24/2024,60273.6,-0.046226832,0,0,0,55.402669
6/25/2024,61777.8,0.0249562,0,0,0,55.402669
6/26/2024,60860.1,-0.014854851,0,0,0,55.402669
6/27/2024,61682,0.013504743,0,0,0,55.402669
6/28/2024,60429.8,-0.020300898,0.020300898,0.020300898,0.020301,56.5477
6/29/2024,60982.4,0.009144495,-0.009144495,0.010970762,-0.009144,56.021484
6/30/2024,62766,0.029247783,-0.014623891,-0.023634658,-0.023374,54.688664
7/1/2024,62883.6,0.001873626,0,-0.014623891,0,54.688664
7/2/2024,62123.6,-0.012085822,0.006042911,0.006042911,0.008954,55.1873
7/3/2024,60208,-0.030835303,0.015417651,0.02155373,0.03379,57.085869
7/4/2024,57045.9,-0.052519599,0.026259799,0.042082315,0.061989,60.686554
7/5/2024,56604.9,-0.007730617,0.002576872,0.02890434,-0.001057,60.621351
7/6/2024,58216,0.0284622,-0.0094874,-0.006934976,-0.034338,58.505397
7/7/2024,55830.9,-0.040969836,0.013656612,0.004039646,0.046329,61.262223
7/8/2024,56686.4,0.015323056,-0.005107685,0.008479173,-0.028562,59.483889
7/9/2024,58023.2,0.023582376,-0.007860792,-0.012928327,-0.015626,58.538768
7/10/2024,57707,-0.005449544,0.001816515,-0.006058556,-0.002698,58.378132
7/11/2024,57315.5,-0.006784272,0.002261424,0.004082047,0.011743,59.07541
7/12/2024,57870,0.009674521,-0.00322484,-0.000970709,-0.012867,58.302419
7/13/2024,59174,0.022533264,-0.007511088,-0.010711706,-0.015659,57.373803
7/14/2024,60766,0.026903708,-0.008967903,-0.016411632,-0.025294,55.897296
7/15/2024,64680.6,0.064420893,-0.032210447,-0.040889489,-0.068908,51.976617
7/16/2024,65010,0.005092717,-0.002546359,-0.034674786,0.003024,52.136818
7/17/2024,64055.7,-0.01467928,0.00733964,0.004774592,0.015593,52.965381
7/18/2024,63959.9,-0.001495573,0,0.00733964,0,52.965381
7/19/2024,66627.9,0.041713636,-0.020856818,-0.020856818,-0.032125,51.231743
7/20/2024,67095.6,0.007019582,0.007019582,-0.013983642,0.00702,51.59841
7/21/2024,68138,0.015536041,0.007768021,0.014842131,0.010365,52.143592
7/22/2024,67499.2,-0.009375092,-0.003125031,0.004618715,-0.018687,51.150498
7/23/2024,65916.4,-0.023449167,-0.011724583,-0.014812974,-0.017968,50.213458
7/24/2024,65350.8,-0.008580566,0,-0.011724583,0,50.213458
7/25/2024,65773,0.006460518,0,0,0.048158,52.679795
7/26/2024,67882.5,0.032072431,0,0,-0.031241,51.002785
7/27/2024,67873.8,-0.000128163,0,0,0.007532,51.39447
7/28/2024,68215.5,0.005034343,0,0,-0.006114,51.07413
7/29/2024,66750,-0.021483387,0,0,-0.014945,50.295882
7/30/2024,66159.3,-0.008849438,0,0,0.011668,50.894403
7/31/2024,64601.8,-0.023541664,0,0,0.014243,51.633535
8/1/2024,65328.9,0.011255104,0,0,0.009225,52.119079
8/2/2024,61483.7,-0.058859096,0,0,0.066703,55.662281
8/3/2024,60684.6,-0.012996941,0,0,0.028838,57.296308
8/4/2024,58144.5,-0.041857407,0,0,0.073861,61.602131
8/5/2024,54003.1,-0.071225997,0,0,0.100089,67.867916
8/6/2024,55991.2,0.036814553,-0.012271518,-0.012271518,-0.043275,64.887657
8/7/2024,55102.9,-0.015864993,0,-0.012271518,0.04326,67.737957
8/8/2024,61659.8,0.118993737,-0.059496869,-0.059496869,-0.124373,59.188811
8/9/2024,60808.6,-0.01380478,0,-0.059496869,0.021881,60.505802
8/10/2024,60889.9,0.001336982,0,0,-0.002919,60.326267
8/11/2024,58693.1,-0.036078233,0,0,-0.01739,59.259803
8/12/2024,59323.6,0.010742319,0,0,-0.01293,58.480644
8/13/2024,60550.5,0.020681483,0,0,0.004975,58.77656
8/14/2024,58648.1,-0.031418403,0.013681923,0.013681923,0.018836,59.902511
8/15/2024,57511,-0.019388522,0.008848346,0.022651331,0.021054,61.184753
8/16/2024,58854.9,0.023367704,-0.010633722,-0.001879467,-0.013777,60.328034
8/17/2024,59468.5,0.01042564,-0.003137987,-0.013738341,-0.009282,59.758787
8/18/2024,58390,-0.018135652,0.005446565,0.002291486,0.004919,60.057659
8/19/2024,59398.5,0.017271793,-0.005321083,9.65004E-05,-0.010279,59.430048
8/20/2024,58982.9,-0.00699681,0.002145208,-0.00318729,0.010797,60.082511
8/21/2024,61120,0.036232535,-0.011169636,-0.009048389,-0.017307,59.025356
8/22/2024,60349.9,-0.012599804,0.003797573,-0.00741448,0.003795,59.253152
8/23/2024,64019.9,0.060812031,-0.018417297,-0.014689665,-0.046535,56.449272
8/24/2024,64116.5,0.001508906,-0.000650777,-0.019056089,-0.001259,56.376943
8/25/2024,64190.2,0.00114947,0,-0.000650777,0.005611,56.698885
8/26/2024,62807.6,-0.021539113,0,0,0.017007,57.68017
8/27/2024,59384.5,-0.054501366,0.023728844,0.023728844,0.053457,60.817036
8/28/2024,59010,-0.006306359,0.002655915,0.026447781,-0.00722,60.370717
8/29/2024,59323.2,0.005307575,-0.002243908,0.000406048,-0.002106,60.24147
8/30/2024,59096.3,-0.003824811,0,-0.002243908,0.000345,60.262598
8/31/2024,58941.9,-0.002612685,0,0,0.003498,60.476895
9/1/2024,57268.1,-0.028397456,0.008062987,0.008062987,0.026736,62.120541
9/2/2024,59112.1,0.032199427,-0.00944946,-0.001462664,-0.031241,60.148592
9/3/2024,57451.9,-0.02808562,0.008137118,-0.001389233,0.030416,62.008488
9/4/2024,57944.8,0.008579351,-0.002517866,0.005598764,-0.015446,61.035259
9/5/2024,56145.7,-0.031048515,0,-0.002517866,0,61.035259
9/6/2024,53927.7,-0.039504361,0,0,0.035541,63.240054
9/7/2024,54134.9,0.003842181,-0.001195674,-0.001195674,-0.011918,62.474441
9/8/2024,54839.6,0.01301748,-0.00433916,-0.005529646,-0.01335,61.627057
9/9/2024,57010,0.03957724,-0.013192413,-0.017474329,-0.033483,59.530115
9/10/2024,57609.1,0.010508683,-0.003502894,-0.016649096,-0.008747,59.000658
9/11/2024,57306,-0.005261322,0.001753774,-0.001755264,0.015924,59.956109
9/12/2024,58097,0.013803092,-0.004601031,-0.002855326,-0.016582,58.945335
9/13/2024,60456.2,0.040607949,-0.013535983,-0.018074734,-0.031291,57.069585
9/14/2024,59964,-0.008141431,0,-0.013535983,0.010744,57.693485
9/15/2024,59100.5,-0.014400307,0,0,0.041001,60.099976
9/16/2024,58187,-0.015456722,0,0,0.004041,60.346881
9/17/2024,60281,0.03598742,-0.011995807,-0.011995807,-0.018807,59.193131
9/18/2024,61735.3,0.024125346,0,-0.011995807,-0.017268,58.153716
9/19/2024,62926.9,0.019301761,0,0,-0.048821,55.265772
9/20/2024,63175.7,0.003953794,0,0,-0.03854,53.097289
9/21/2024,63320.6,0.002293603,0,0,-0.019467,52.044177
9/22/2024,63558.4,0.003755492,0,0,0.011673,52.663362
9/23/2024,63302,-0.004034085,0.001344695,0.001344695,-0.007391,52.266736
9/24/2024,64243.1,0.014866829,-0.00495561,-0.003617578,-0.023462,51.016992
9/25/2024,63118.4,-0.017506938,0,-0.00495561,0.028234,52.48564
9/26/2024,65139.2,0.032016021,0,0,-0.033319,50.703552
9/27/2024,65749.6,0.009370702,0,0,0,50.703552
9/28/2024,65822.6,0.001110273,0,0,0,50.703552
9/29/2024,65568.1,-0.003866453,0,0,0,50.703552
9/30/2024,63309.1,-0.034452729,0,0,0,50.703552
10/1/2024,60776.8,-0.039998989,0,0,0,50.703552
10/2/2024,60622.6,-0.002537152,0,0,0,50.703552
10/3/2024,60727.2,0.001725429,0,0,0.006035,51.015583
10/4/2024,62054.4,0.021855116,0,0,-0.027521,49.584062
10/5/2024,62023.1,-0.000504396,0,0,-1.70E-05,49.583202
10/6/2024,62789.3,0.012353462,0,0,0,49.583202
10/7/2024,62190.7,-0.009533471,0,0,0,49.583202
10/8/2024,62131.7,-0.000948695,0,0,0,49.583202
10/9/2024,60606.4,-0.024549465,0,0,0,49.583202
10/10/2024,60293.2,-0.005167771,0,0,0,49.583202
10/11/2024,62509,0.036750413,0,0,-0.022312,48.454589
10/12/2024,63176,0.010670463,0,0,0,48.454589
10/13/2024,62839.8,-0.005321641,0,0,0.009069,48.903093
10/14/2024,66064.9,0.051322569,0,0,0.066883,52.240762
10/15/2024,67044.1,0.014821789,0,0,-0.017262,51.32172
10/16/2024,67592,0.008172233,0.004086116,0.004086116,0.002489,51.451948
10/17/2024,67401.5,-0.002818381,-0.00140919,0.002671168,-0.013384,50.749932
10/18/2024,68407.8,0.014929935,0.007464967,0.006045257,0.02173,51.874458
10/19/2024,68357.1,-0.000741144,-0.000370572,0.007091629,0.014761,52.654937
10/20/2024,69020.1,0.009699066,0.004849533,0.004477164,0.02902,54.212004
10/21/2024,67368.8,-0.023924915,-0.011962457,-0.007170937,-0.015776,53.340979
10/22/2024,67406.4,0.000558122,0.000279061,-0.011686735,0.004543,53.58785
10/23/2024,66647.2,-0.011263025,-0.005631513,-0.005354023,0.004067,53.809859
10/24/2024,68173.8,0.022905688,0.007635229,0.001960719,0.018385,54.817538
10/25/2024,66662.8,-0.02216394,-0.00738798,0.000190841,-0.018011,53.812209
10/26/2024,67071.8,0.006135356,0.002045119,-0.005357971,0.00806,54.253995
10/27/2024,67992.6,0.013728571,0.00457619,0.006630668,0.012292,54.933177
10/28/2024,69940,0.028641352,0.009547117,0.014166997,0.004641,55.192763
10/29/2024,72739.5,0.040027166,0.013342389,0.023016887,0.006074,55.534078
10/30/2024,72349,-0.005368472,-0.001789491,0.011529022,-0.012599,54.821805
10/31/2024,70321.9,-0.028018355,-0.014009178,-0.015773599,-0.031574,53.059287
11/1/2024,69495.5,-0.011751673,-0.005875837,-0.019802699,-0.013615,52.32327
11/2/2024,69366.6,-0.001854796,-0.000927398,-0.006797786,-0.000686,52.28669
11/3/2024,68762.5,-0.008708802,-0.004354401,-0.005277761,-0.015342,51.469166
11/4/2024,67834.3,-0.013498637,-0.006749318,-0.01107433,-0.020816,50.376968
11/5/2024,69353.1,0.022389853,0.007463284,0.000663594,0.022447,51.530227
11/6/2024,75579.9,0.089784018,0.029928006,0.037614652,0.028631,53.034219
11/7/2024,75859.4,0.003698073,0.001849037,0.031832381,0.024092,54.336012
11/8/2024,76482.2,0.008209925,0.004104963,0.005961589,0.011353,54.964242
11/9/2024,76675.1,0.002522155,0.001261078,0.005371217,0.001303,55.037163
11/10/2024,80410,0.048710729,0.024355364,0.025647156,0.046171,57.624455
11/11/2024,88728.9,0.103456038,0.034485346,0.059680613,0.068085,61.615901
11/12/2024,87972,-0.008530479,-0.002843493,0.031543794,-0.026768,59.939798
11/13/2024,90413.3,0.027750875,0.013875438,0.01099249,0.020398,61.182848
11/14/2024,87382.7,-0.033519405,-0.016759702,-0.003116813,-0.027402,59.478914
11/15/2024,91074.6,0.042249782,0.021124891,0.004011142,0.038543,61.809953
11/16/2024,90643.3,-0.004735678,-0.002367839,0.018707031,-0.00752,61.337622
11/17/2024,89899.9,-0.008201378,-0.004100689,-0.006458819,0.036602,63.619304
11/18/2024,90507.4,0.006757516,0.003378758,-0.000735786,0.00708,64.076808
11/19/2024,92335.9,0.020202768,0.010101384,0.013514272,0.006553,64.503257
11/20/2024,94288,0.02114129,0.010570645,0.020778807,0.007043,64.964596
11/21/2024,98366.8,0.043258951,0.021629476,0.032428758,0.055481,68.624378
11/22/2024,98921.4,0.005638081,0.00187936,0.023549486,0.000196,68.638024
11/23/2024,97725.5,-0.012089396,-0.004029799,-0.002158012,-0.000726,68.587467
11/24/2024,97960.4,0.002403672,0.000801224,-0.003231804,-0.003743,68.327001
11/25/2024,93064,-0.049983463,-0.016661154,-0.01587328,-0.031075,66.172665
11/26/2024,92021.4,-0.011203043,-0.003593206,-0.020194493,-0.014176,65.220425
11/27/2024,95905.2,0.0422054,0.013430952,0.009789485,0.050913,68.591905
11/28/2024,95694.4,-0.002198004,-0.000692161,0.012729495,-0.009926,67.901136
11/29/2024,97516.3,0.019038732,0.006063834,0.005367476,0.012637,68.77184
11/30/2024,96475.1,-0.010677189,-0.00340936,0.002633801,-0.001443,68.671159
12/1/2024,97265.1,0.008188641,0.002659716,-0.000758712,0.002366,68.836001
12/2/2024,95300,-0.020203547,-0.006620306,-0.003978198,-0.027031,66.948264
