date,close,open,signal,position,asset_return,signal_return
2020-11-04,14134.31,14016.55,1.0,1.0,0.008401496801994757,0.008401496801994757
2020-11-05,15598.75,14134.32,1.0,1.0,0.10360887797140439,0.10360887797140439
2020-11-06,15590.96,15598.74,1.0,1.0,-0.0004993989903037122,-0.0004993989903037122
2020-11-07,14824.34,15590.95,1.0,1.0,-0.04917080154140596,-0.04917080154140596
2020-11-08,15473.2,14824.33,1.0,1.0,0.043769908137563096,0.043769908137563096
2020-11-09,15328.72,15473.2,1.0,1.0,-0.009337435048987985,-0.009337435048987985
2020-11-10,15294.68,15328.72,1.0,1.0,-0.0022206681314551613,-0.0022206681314551613
2020-11-11,15690.24,15294.68,1.0,1.0,0.025862587514089874,0.025862587514089874
2020-11-12,16289.02,15690.24,1.0,1.0,0.03816257750040797,0.03816257750040797
2020-11-13,16320.54,16289.01,1.0,1.0,0.0019350458161386808,0.0019350458161386808
2020-11-14,16064.51,16320.54,1.0,1.0,-0.015687593670307476,-0.015687593670307476
2020-11-15,15952.27,16064.51,1.0,1.0,-0.00698682997489497,-0.00698682997489497
2020-11-16,16707.07,15951.93,1.0,1.0,0.047316149989938605,0.047316149989938605
2020-11-17,17670.01,16707.0,1.0,1.0,0.057636677167211214,0.057636677167211214
2020-11-18,17788.32,17670.01,1.0,1.0,0.006695525356239296,0.006695525356239296
2020-11-19,17811.68,17788.32,1.0,1.0,0.0013132212597930515,0.0013132212597930515
2020-11-20,18664.31,17811.68,1.0,1.0,0.0478691510289877,0.0478691510289877
2020-11-21,18721.99,18662.85,1.0,1.0,0.0030903901617578278,0.0030903901617578278
2020-11-22,18435.2,18721.99,1.0,1.0,-0.015318350239477807,-0.015318350239477807
2020-11-23,18382.07,18434.17,1.0,1.0,-0.002881986634264977,-0.002881986634264977
2020-11-24,19179.64,18382.07,1.0,1.0,0.04338847583541994,0.04338847583541994
2020-11-25,18741.67,19178.53,1.0,1.0,-0.02283515227605948,-0.02283515227605948
2020-11-26,17155.34,18741.66,1.0,1.0,-0.08464187022821335,-0.08464187022821335
2020-11-27,17144.1,17155.37,1.0,1.0,-0.0006551895794546514,-0.0006551895794546514
2020-11-28,17717.74,17144.11,1.0,1.0,0.033459907490040575,0.033459907490040575
2020-11-29,18181.09,17717.74,1.0,1.0,0.026151755246436537,0.026151755246436537
2020-11-30,19720.0,18180.43,1.0,1.0,0.08464343996977086,0.08464343996977086
2020-12-01,18772.7,19722.09,1.0,1.0,-0.048037525354969524,-0.048037525354969524
2020-12-02,19207.01,18770.33,1.0,1.0,0.023135190995434707,0.023135190995434707
2020-12-03,19434.3,19207.01,1.0,1.0,0.011833700300046823,0.011833700300046823
2020-12-04,18664.2,19432.66,1.0,1.0,-0.039625816211543485,-0.039625816211543485
2020-12-05,19147.62,18662.72,1.0,1.0,0.025900922621917788,0.025900922621917788
2020-12-06,19375.02,19147.63,1.0,1.0,0.011876149620684062,0.011876149620684062
2020-12-07,19172.88,19375.0,1.0,1.0,-0.010433021488493899,-0.010433021488493899
2020-12-08,18319.32,19172.87,1.0,1.0,-0.044519133275752076,-0.044519133275752076
2020-12-09,18537.98,18319.33,1.0,1.0,0.011936032560160514,0.011936032560160514
2020-12-10,18253.51,18537.97,1.0,1.0,-0.015345253366332301,-0.015345253366332301
2020-12-11,18031.47,18254.0,1.0,1.0,-0.012164235809989266,-0.012164235809989266
2020-12-12,18800.0,18031.71,1.0,1.0,0.04262159435697699,0.04262159435697699
2020-12-13,19175.07,18800.0,1.0,1.0,0.0199505319148936,0.0199505319148936
2020-12-14,19270.7,19175.06,1.0,1.0,0.00498720474032166,0.00498720474032166
2020-12-15,19424.91,19270.71,1.0,1.0,0.008002304015941153,0.008002304015941153
2020-12-16,21346.8,19424.9,1.0,1.0,0.09893945454573538,0.09893945454573538
2020-12-17,22816.99,21346.81,1.0,1.0,0.06887168100136809,0.06887168100136809
2020-12-18,23124.35,22816.99,1.0,1.0,0.013470663746620204,0.013470663746620204
2020-12-19,23847.28,23124.35,1.0,1.0,0.03126271657365498,0.03126271657365498
2020-12-20,23472.96,23847.28,1.0,1.0,-0.015696549040393748,-0.015696549040393748
2020-12-21,22730.1,23472.96,1.0,1.0,-0.03164747863073092,-0.03164747863073092
2020-12-22,23826.99,22736.05,1.0,1.0,0.048257156809693,0.048257156809693
2020-12-23,23238.27,23826.74,1.0,1.0,-0.0247081146212762,-0.0247081146212762
2020-12-24,23737.44,23237.73,1.0,1.0,0.021480514685473517,0.021480514685473517
2020-12-25,24730.0,23738.75,1.0,1.0,0.04181411306358229,0.04181411306358229
2020-12-26,26508.83,24729.99,1.0,1.0,0.07193004448038831,0.07193004448038831
2020-12-27,26305.64,26508.84,1.0,1.0,-0.007664993136249354,-0.007664993136249354
2020-12-28,27102.66,26301.76,1.0,1.0,0.030298445504462146,0.030298445504462146
2020-12-29,27402.83,27101.45,1.0,1.0,0.011075296668297652,0.011075296668297652
2020-12-30,28906.99,27402.83,1.0,1.0,0.0548906809990064,0.0548906809990064
2020-12-31,28951.68,28906.99,1.0,1.0,0.0015459928550152213,0.0015459928550152213
2021-01-01,29337.16,28948.19,1.0,1.0,0.013314598669230904,0.013314598669230904
2021-01-02,32199.91,29337.15,1.0,1.0,0.09758102011237635,0.09758102011237635
2021-01-03,33054.53,32198.41,1.0,1.0,0.026541067971929122,0.026541067971929122
2021-01-04,32031.07,33053.93,1.0,1.0,-0.030962775752672922,-0.030962775752672922
2021-01-05,33999.52,32029.55,1.0,1.0,0.06145439412420495,0.06145439412420495
2021-01-06,36823.68,33999.51,1.0,1.0,0.08306470208991201,0.08306470208991201
2021-01-07,39498.92,36825.77,1.0,1.0,0.07264999044093368,0.07264999044093368
2021-01-08,40637.23,39498.32,1.0,1.0,0.02881876263958616,0.02881876263958616
2021-01-09,40136.04,40638.91,1.0,1.0,-0.012333271731365558,-0.012333271731365558
2021-01-10,38221.67,40136.05,1.0,1.0,-0.04769703239283207,-0.04769703239283207
2021-01-11,35408.46,38200.01,1.0,1.0,-0.07360248780338485,-0.07360248780338485
2021-01-12,34056.9,35406.92,1.0,1.0,-0.03817053890510902,-0.03817053890510902
2021-01-13,37421.07,34065.53,1.0,1.0,0.09878086378971651,0.09878086378971651
2021-01-14,39163.31,37416.34,1.0,1.0,0.04655772803931035,0.04655772803931035
2021-01-15,36755.24,39163.31,1.0,1.0,-0.061487907942408326,-0.061487907942408326
2021-01-16,36025.66,36755.25,1.0,1.0,-0.019849686738543815,-0.019849686738543815
2021-01-17,35869.83,36025.65,1.0,1.0,-0.004325527970896359,-0.004325527970896359
2021-01-18,36686.86,35875.72,1.0,1.0,0.022777637920224247,0.022777637920224247
2021-01-19,35891.03,36690.0,1.0,1.0,-0.02169250788974586,-0.02169250788974586
2021-01-20,35500.0,35891.74,1.0,1.0,-0.010894922770396942,-0.010894922770396942
2021-01-21,30879.97,35499.23,1.0,1.0,-0.1301416901408451,-0.1301416901408451
2021-01-22,32986.34,30875.77,1.0,1.0,0.06821152999824798,0.06821152999824798
2021-01-23,32086.48,32990.08,1.0,1.0,-0.027279777022852447,-0.027279777022852447
2021-01-24,32275.63,32086.48,1.0,1.0,0.005895006245621337,0.005895006245621337
2021-01-25,32253.68,32274.88,1.0,1.0,-0.0006800796762139738,-0.0006800796762139738
2021-01-26,32474.14,32253.68,1.0,1.0,0.0068351890388942405,0.0068351890388942405
2021-01-27,30381.04,32474.81,1.0,1.0,-0.06445436276372518,-0.06445436276372518
2021-01-28,33399.75,30382.96,1.0,1.0,0.0993616413394669,0.0993616413394669
2021-01-29,34269.35,33399.99,1.0,1.0,0.026036123024872904,0.026036123024872904
2021-01-30,34289.85,34267.04,1.0,1.0,0.0005982021835839735,0.0005982021835839735
2021-01-31,33126.21,34284.76,1.0,1.0,-0.03393540654158589,-0.03393540654158589
2021-02-01,33546.09,33125.11,1.0,1.0,0.01267515963945165,0.01267515963945165
2021-02-02,35504.06,33546.08,1.0,1.0,0.05836656373365723,0.05836656373365723
2021-02-03,37652.51,35504.07,1.0,1.0,0.060512797691306464,0.060512797691306464
2021-02-04,36976.93,37651.92,1.0,1.0,-0.017942495732688246,-0.017942495732688246
2021-02-05,38362.65,36975.19,1.0,1.0,0.03747525822181563,0.03747525822181563
2021-02-06,39249.54,38357.17,0.0,0.5,0.02311858018150459,0.02311858018150459
2021-02-07,38849.25,39249.53,0.0,0.5,-0.010198590862466217,-0.0050992954312331085
2021-02-08,46451.32,38849.24,1.0,1.0,0.19568125510788503,0.09784062755394252
2021-02-09,46492.54,46451.32,1.0,1.0,0.0008873805954277003,0.0008873805954277003
2021-02-10,44850.0,46492.53,1.0,1.0,-0.03532910871292472,-0.03532910871292472
2021-02-11,48060.21,44850.0,1.0,1.0,0.07157658862876248,0.07157658862876248
2021-02-12,47361.03,48060.21,1.0,1.0,-0.014548001350805584,-0.014548001350805584
2021-02-13,47221.62,47364.0,1.0,1.0,-0.002943559293368314,-0.002943559293368314
2021-02-14,48655.21,47221.63,1.0,1.0,0.030358763634114938,0.030358763634114938
2021-02-15,47981.58,48655.21,1.0,1.0,-0.013844971586804311,-0.013844971586804311
2021-02-16,49197.94,47981.6,1.0,1.0,0.02535056161135163,0.02535056161135163
2021-02-17,52194.62,49197.93,1.0,1.0,0.060910680406537354,0.060910680406537354
2021-02-18,51619.7,52194.62,1.0,1.0,-0.011014928358516696,-0.011014928358516696
2021-02-19,56004.1,51612.46,1.0,1.0,0.08493656491610757,0.08493656491610757
2021-02-20,55917.41,56005.85,1.0,1.0,-0.0015479223842539414,-0.0015479223842539414
2021-02-21,57487.43,55908.45,1.0,1.0,0.028077480698766255,0.028077480698766255
2021-02-22,54121.1,57475.5,1.0,1.0,-0.058557670781247295,-0.058557670781247295
2021-02-23,48930.0,54125.55,1.0,1.0,-0.0959163801179207,-0.0959163801179207
2021-02-24,49702.03,48930.01,1.0,1.0,0.015778254649499335,0.015778254649499335
2021-02-25,47089.37,49702.05,1.0,1.0,-0.05256646458907199,-0.05256646458907199
2021-02-26,46313.13,47087.97,1.0,1.0,-0.016484399770054337,-0.016484399770054337
2021-02-27,46102.63,46313.12,1.0,1.0,-0.0045451473480631055,-0.0045451473480631055
2021-02-28,45163.36,46097.09,1.0,1.0,-0.02037345808688129,-0.02037345808688129
2021-03-01,49592.7,45162.64,1.0,1.0,0.09807374827736459,0.09807374827736459
2021-03-02,48450.57,49594.99,1.0,1.0,-0.023030204042127078,-0.023030204042127078
2021-03-03,50373.75,48454.21,1.0,1.0,0.03969365066293329,0.03969365066293329
2021-03-04,48385.77,50373.75,1.0,1.0,-0.03946460209930769,-0.03946460209930769
2021-03-05,48770.57,48385.77,1.0,1.0,0.007952751397776625,0.007952751397776625
2021-03-06,48908.21,48772.68,1.0,1.0,0.0028221937943313513,0.0028221937943313513
2021-03-07,50995.27,48908.21,1.0,1.0,0.0426729990731618,0.0426729990731618
2021-03-08,52429.43,50991.35,1.0,1.0,0.028123392620531318,0.028123392620531318
2021-03-09,54917.78,52429.43,1.0,1.0,0.04746093939987528,0.04746093939987528
2021-03-10,55947.98,54917.78,1.0,1.0,0.018758952018818054,0.018758952018818054
2021-03-11,57844.52,55949.3,1.0,1.0,0.03389827479026031,0.03389827479026031
2021-03-12,57291.03,57842.64,1.0,1.0,-0.00956858143174144,-0.00956858143174144
2021-03-13,61267.41,57291.04,1.0,1.0,0.06940667675201517,0.06940667675201517
2021-03-14,59037.12,61267.41,1.0,1.0,-0.036402550719868865,-0.036402550719868865
2021-03-15,55646.61,59037.11,1.0,1.0,-0.05743013886856274,-0.05743013886856274
2021-03-16,56954.19,55646.61,1.0,1.0,0.023497927367003957,0.023497927367003957
2021-03-17,58959.0,56953.23,1.0,1.0,0.0352003952650366,0.0352003952650366
2021-03-18,57700.01,58959.01,1.0,1.0,-0.021353652538204426,-0.021353652538204426
2021-03-19,58089.11,57700.01,1.0,1.0,0.006743499697833721,0.006743499697833721
2021-03-20,58145.61,58089.11,1.0,1.0,0.0009726435815593515,0.0009726435815593515
2021-03-21,57415.18,58144.44,1.0,1.0,-0.012562083362785303,-0.012562083362785303
2021-03-22,54129.56,57415.19,0.0,0.5,-0.05722563266369629,-0.05722563266369629
2021-03-23,54400.0,54129.56,0.0,0.5,0.00499616106245826,0.00249808053122913
2021-03-24,52311.54,54400.0,0.0,0.5,-0.03839080882352941,-0.019195404411764705
2021-03-25,51325.21,52307.89,1.0,1.0,-0.01885492187765836,-0.00942746093882918
2021-03-26,55030.0,51325.21,1.0,1.0,0.07218265643725563,0.07218265643725563
2021-03-27,55828.0,55030.0,1.0,1.0,0.014501181173905087,0.014501181173905087
2021-03-28,55805.08,55828.0,1.0,1.0,-0.0004105466790856882,-0.0004105466790856882
2021-03-29,57677.64,55804.16,1.0,1.0,0.03355536807760151,0.03355536807760151
2021-03-30,58794.16,57676.14,1.0,1.0,0.019357934894701057,0.019357934894701057
2021-03-31,58807.24,58794.17,1.0,1.0,0.00022247107535844357,0.00022247107535844357
2021-04-01,58794.01,58810.99,1.0,1.0,-0.0002249722993290515,-0.0002249722993290515
2021-04-02,59031.36,58797.56,1.0,1.0,0.004036975875603588,0.004036975875603588
2021-04-03,57134.65,59028.99,1.0,1.0,-0.03213054891501732,-0.03213054891501732
2021-04-04,58234.61,57134.65,1.0,1.0,0.019252065077846714,0.019252065077846714
2021-04-05,59243.39,58234.61,1.0,1.0,0.017322688346328663,0.017322688346328663
2021-04-06,58059.99,59243.4,1.0,1.0,-0.01997522424020637,-0.01997522424020637
2021-04-07,56018.18,58060.0,1.0,1.0,-0.035167246842446875,-0.035167246842446875
2021-04-08,58122.26,56018.17,1.0,1.0,0.037560663341793754,0.037560663341793754
2021-04-09,58176.03,58122.93,1.0,1.0,0.0009251188787220421,0.0009251188787220421
2021-04-10,59832.43,58176.04,1.0,1.0,0.028472207539772088,0.028472207539772088
2021-04-11,60090.2,59832.43,1.0,1.0,0.004308198747736025,0.004308198747736025
2021-04-12,59911.18,60093.26,0.0,0.5,-0.0029791879541088973,-0.0029791879541088973
2021-04-13,63649.71,59911.19,1.0,1.0,0.062401207921459756,0.031200603960729878
2021-04-14,63019.1,63645.05,1.0,1.0,-0.009907507826822815,-0.009907507826822815
2021-04-15,63232.55,63018.34,1.0,1.0,0.003387068364987922,0.003387068364987922
2021-04-16,61424.67,63232.56,1.0,1.0,-0.02859097094771612,-0.02859097094771612
2021-04-17,60090.14,61424.67,1.0,1.0,-0.021726286848590348,-0.021726286848590348
2021-04-18,56140.05,60090.14,0.0,0.5,-0.0657360758354032,-0.0657360758354032
2021-04-19,55634.39,56140.05,0.0,0.5,-0.009007117022517885,-0.004503558511258943
2021-04-20,56410.56,55634.38,0.0,0.5,0.013951262878949544,0.006975631439474772
2021-04-21,53800.0,56411.25,0.0,0.5,-0.0462778600318805,-0.02313893001594025
2021-04-22,51714.61,53794.72,0.0,0.5,-0.03876189591078061,-0.019380947955390304
2021-04-23,51122.62,51714.62,0.0,0.5,-0.011447248659518072,-0.005723624329759036
2021-04-24,50092.4,51122.63,0.0,0.5,-0.02015194056955616,-0.01007597028477808
2021-04-25,49063.94,50094.27,0.0,0.5,-0.02053125823478208,-0.01026562911739104
2021-04-26,53984.33,49063.94,0.0,0.5,0.10028526041732477,0.050142630208662387
2021-04-27,55006.25,53984.34,0.0,0.5,0.01892993763190165,0.009464968815950825
2021-04-28,54861.77,55006.25,0.0,0.5,-0.0026266106124304134,-0.0013133053062152067
2021-04-29,53558.8,54861.76,0.0,0.5,-0.023750053999351373,-0.011875026999675686
2021-04-30,57684.16,53558.57,0.0,0.5,0.07702487733108287,0.03851243866554144
2021-05-01,57836.34,57688.29,0.0,0.5,0.0026381592451028,0.0013190796225514
2021-05-02,56630.33,57836.35,0.0,0.5,-0.02085211477766391,-0.010426057388831955
2021-05-03,57214.83,56630.34,1.0,1.0,0.010321324279763067,0.005160662139881533
2021-05-04,53263.32,57214.84,0.0,0.5,-0.0690644366154719,-0.0690644366154719
2021-05-05,57497.77,53263.32,0.0,0.5,0.07950030152082133,0.03975015076041066
2021-05-06,56435.35,57497.76,0.0,0.5,-0.01847758617421158,-0.00923879308710579
2021-05-07,57350.88,56435.35,1.0,1.0,0.016222633508961914,0.008111316754480957
2021-05-08,58924.98,57350.89,1.0,1.0,0.027446832550782174,0.027446832550782174
2021-05-09,58292.53,58926.36,1.0,1.0,-0.010733138984518997,-0.010733138984518997
2021-05-10,55869.67,58292.53,0.0,0.5,-0.04156381615277294,-0.04156381615277294
2021-05-11,56710.43,55869.41,0.0,0.5,0.01504859434465966,0.00752429717232983
2021-05-12,49595.76,56712.7,0.0,0.5,-0.12545611098346454,-0.06272805549173227
2021-05-13,49707.9,49596.75,0.0,0.5,0.0022610803826779158,0.0011305401913389579
2021-05-14,49873.27,49706.27,0.0,0.5,0.003326835372244652,0.001663417686122326
2021-05-15,46793.41,49873.26,0.0,0.5,-0.0617537209811988,-0.0308768604905994
2021-05-16,46429.28,46794.62,0.0,0.5,-0.007781651305173165,-0.0038908256525865825
2021-05-17,43566.18,46429.28,0.0,0.5,-0.0616658281153617,-0.03083291405768085
2021-05-18,42882.53,43565.11,0.0,0.5,-0.01569221813801447,-0.007846109069007234
2021-05-19,36689.14,42882.54,0.0,0.5,-0.14442687966404966,-0.07221343983202483
2021-05-20,40500.3,36689.14,0.0,0.5,0.10387706007826858,0.05193853003913429
2021-05-21,37211.02,40500.0,0.0,0.5,-0.08121618852206047,-0.040608094261030236
2021-05-22,37432.58,37210.01,0.0,0.5,0.005954150141544323,0.0029770750707721616
2021-05-23,34651.6,37436.0,0.0,0.5,-0.07429303563900758,-0.03714651781950379
2021-05-24,38779.66,34656.53,0.0,0.5,0.11913042976370525,0.059565214881852624
2021-05-25,38326.84,38783.58,0.0,0.5,-0.011676739816697923,-0.0058383699083489615
2021-05-26,39224.2,38326.84,0.0,0.5,0.02341335732348404,0.01170667866174202
2021-05-27,38527.38,39224.21,0.0,0.5,-0.017765053206948767,-0.008882526603474383
2021-05-28,35670.99,38527.38,0.0,0.5,-0.074139222547705,-0.0370696112738525
2021-05-29,34611.94,35670.99,0.0,0.5,-0.02968939185595898,-0.01484469592797949
2021-05-30,35651.81,34611.95,0.0,0.5,0.03004367856872503,0.015021839284362515
2021-05-31,37243.38,35651.8,0.0,0.5,0.04464205323656789,0.022321026618283946
2021-06-01,36693.41,37244.36,0.0,0.5,-0.014766919651223787,-0.007383459825611893
2021-06-02,37569.99,36694.37,0.0,0.5,0.02388930328361405,0.011944651641807025
2021-06-03,39247.4,37570.0,0.0,0.5,0.044647603047006434,0.022323801523503217
2021-06-04,36828.03,39247.4,-1.0,0.0,-0.06164408342973049,-0.030822041714865245
2021-06-05,35498.62,36828.03,-1.0,0.0,-0.03609777661199898,-0.0
2021-06-06,35801.71,35497.93,-1.0,0.0,0.008538078381638448,0.0
2021-06-07,33550.96,35801.71,-1.0,0.0,-0.06286710886156,-0.0
2021-06-08,33372.58,33550.97,-1.0,0.0,-0.005316688404743086,-0.0
2021-06-09,37368.45,33372.58,-1.0,0.0,0.11973512386516094,0.0
2021-06-10,36669.66,37369.99,-1.0,0.0,-0.0186999995985917,-0.0
2021-06-11,37300.42,36669.65,-1.0,0.0,0.017201141215926086,0.0
2021-06-12,35537.05,37300.41,-1.0,0.0,-0.0472748028038289,-0.0
2021-06-13,38993.65,35535.95,-1.0,0.0,0.0972674996939813,0.0
2021-06-14,40489.1,38993.66,-1.0,0.0,0.03835111614326947,0.0
2021-06-15,40132.86,40489.1,-1.0,0.0,-0.008798417351830401,-0.0
2021-06-16,38344.97,40132.86,-1.0,0.0,-0.0445492795679151,-0.0
2021-06-17,38060.71,38344.97,-1.0,0.0,-0.0074132278627419,-0.0
2021-06-18,35811.41,38060.71,-1.0,0.0,-0.05909768892908185,-0.0
2021-06-19,35483.0,35811.41,-1.0,0.0,-0.009170540897440294,-0.0
2021-06-20,35588.64,35483.01,-1.0,0.0,0.0029772003494630273,0.0
2021-06-21,31606.0,35588.63,-1.0,0.0,-0.1119076199596275,-0.0
2021-06-22,32496.0,31606.0,-1.0,0.0,0.02815921027652979,0.0
2021-06-23,33649.0,32496.0,-1.0,0.0,0.03548129000492373,0.0
2021-06-24,34644.64,33650.0,-1.0,0.0,0.02958899224345446,0.0
2021-06-25,31568.07,34644.65,-1.0,0.0,-0.0888036360025678,-0.0
2021-06-26,32255.56,31569.18,-1.0,0.0,0.021778018105002905,0.0
2021-06-27,34687.71,32250.15,-1.0,0.0,0.07540250425042982,0.0
2021-06-28,34487.22,34687.71,-1.0,0.0,-0.005779856900325786,-0.0
2021-06-29,35911.26,34486.58,0.0,0.5,0.04129181766463064,0.0
2021-06-30,35031.39,35910.64,-1.0,0.0,-0.024501228862479407,-0.012250614431239704
2021-07-01,33489.96,35031.39,-1.0,0.0,-0.04400139417819282,-0.0
2021-07-02,33760.94,33489.96,-1.0,0.0,0.008091380222610134,0.0
2021-07-03,34652.94,33760.94,-1.0,0.0,0.026421065290243684,0.0
2021-07-04,35280.16,34653.32,-1.0,0.0,0.018100051539638562,0.0
2021-07-05,33672.72,35280.17,-1.0,0.0,-0.04556215164557087,-0.0
2021-07-06,34206.01,33672.72,-1.0,0.0,0.015837449424935146,0.0
2021-07-07,33845.64,34206.0,0.0,0.5,-0.010535283127146466,-0.0
2021-07-08,32852.04,33845.63,-1.0,0.0,-0.029356809326105182,-0.014678404663052591
2021-07-09,33805.01,32855.0,-1.0,0.0,0.029007939841787733,0.0
2021-07-10,33497.98,33805.01,-1.0,0.0,-0.009082381575985288,-0.0
2021-07-11,34253.81,33497.98,-1.0,0.0,0.02256345009460259,0.0
2021-07-12,33070.87,34253.88,-1.0,0.0,-0.03453455250671367,-0.0
2021-07-13,32709.09,33070.86,-1.0,0.0,-0.010939536818958873,-0.0
2021-07-14,32803.01,32708.66,-1.0,0.0,0.0028713730647964564,0.0
2021-07-15,31866.43,32803.0,-1.0,0.0,-0.028551648156678322,-0.0
2021-07-16,31382.95,31865.53,-1.0,0.0,-0.015172079206864364,-0.0
2021-07-17,31496.65,31382.96,-1.0,0.0,0.0036229863668011397,0.0
2021-07-18,31767.0,31496.65,-1.0,0.0,0.008583452525903423,0.0
2021-07-19,30823.62,31765.23,-1.0,0.0,-0.02969685522712251,-0.0
2021-07-20,29775.9,30823.62,-1.0,0.0,-0.0339908161338609,-0.0
2021-07-21,32120.0,29775.89,0.0,0.5,0.07872474047803757,0.0
2021-07-22,32268.11,32120.0,-1.0,0.0,0.004611145703611541,0.0023055728518057705
2021-07-23,33634.46,32268.12,-1.0,0.0,0.04234366375966858,0.0
2021-07-24,34230.0,33631.74,-1.0,0.0,0.017706245321019054,0.0
2021-07-25,35370.66,34230.0,0.0,0.5,0.033323400525854696,0.0
2021-07-26,37218.09,35370.67,0.0,0.5,0.052230577546474866,0.026115288773237433
2021-07-27,39442.33,37218.09,0.0,0.5,0.05976233600380909,0.029881168001904546
2021-07-28,40003.08,39448.06,0.0,0.5,0.014216959292212117,0.007108479646106058
2021-07-29,40012.9,40003.08,0.0,0.5,0.0002454810979555244,0.0001227405489777622
2021-07-30,42203.25,40012.89,0.0,0.5,0.05474109599654109,0.027370547998270545
2021-07-31,41448.11,42202.6,0.0,0.5,-0.017892934785828096,-0.008946467392914048
2021-08-01,39846.78,41448.1,0.0,0.5,-0.03863457223984401,-0.019317286119922006
2021-08-02,39147.48,39846.78,0.0,0.5,-0.017549724218619334,-0.008774862109309667
2021-08-03,38203.26,39147.47,0.0,0.5,-0.02411956018624961,-0.012059780093124806
2021-08-04,39731.31,38201.33,0.0,0.5,0.0399978954675595,0.01999894773377975
2021-08-05,40882.4,39731.31,0.0,0.5,0.02897186123488016,0.01448593061744008
2021-08-06,42825.43,40882.39,0.0,0.5,0.047527297810304736,0.023763648905152368
2021-08-07,44601.11,42825.43,0.0,0.5,0.041463214730126374,0.020731607365063187
2021-08-08,43787.71,44601.11,0.0,0.5,-0.01823721427560887,-0.009118607137804435
2021-08-09,46259.7,43787.71,0.0,0.5,0.056453968476542826,0.028226984238271413
2021-08-10,45589.99,46259.7,0.0,0.5,-0.014477179921184025,-0.007238589960592012
2021-08-11,45522.12,45589.99,0.0,0.5,-0.0014887039896256393,-0.0007443519948128197
2021-08-12,44385.09,45522.13,0.0,0.5,-0.024977527408653333,-0.012488763704326666
2021-08-13,47792.52,44385.09,0.0,0.5,0.0767696990137905,0.03838484950689525
2021-08-14,47083.74,47792.52,0.0,0.5,-0.014830354206055607,-0.0074151771030278035
2021-08-15,47006.02,47083.75,0.0,0.5,-0.001650676008320473,-0.0008253380041602365
2021-08-16,45926.23,47006.02,0.0,0.5,-0.022971313036074803,-0.011485656518037402
2021-08-17,44704.84,45926.23,0.0,0.5,-0.02659460617603504,-0.01329730308801752
2021-08-18,44714.09,44704.85,0.0,0.5,0.00020691271907025133,0.00010345635953512566
2021-08-19,46772.0,44714.09,0.0,0.5,0.046023747771675616,0.023011873885837808
2021-08-20,49332.74,46772.0,0.0,0.5,0.054749422731548814,0.027374711365774407
2021-08-21,48848.29,49332.99,0.0,0.5,-0.00982005053844559,-0.004910025269222795
2021-08-22,49273.28,48846.11,0.0,0.5,0.008700202197456708,0.004350101098728354
2021-08-23,49523.91,49273.28,1.0,1.0,0.005086529656641581,0.0025432648283207904
2021-08-24,47719.36,49523.23,0.0,0.5,-0.03643795491914925,-0.03643795491914925
2021-08-25,48992.65,47719.37,0.0,0.5,0.026682880910389395,0.013341440455194697
2021-08-26,46853.06,48992.65,0.0,0.5,-0.04367165278873475,-0.021835826394367375
2021-08-27,49083.98,46854.22,0.0,0.5,0.047615246474830064,0.023807623237415032
2021-08-28,48931.99,49082.13,0.0,0.5,-0.003096529662020231,-0.0015482648310101155
2021-08-29,48795.41,48931.99,0.0,0.5,-0.002791221039651015,-0.0013956105198255075
2021-08-30,47024.7,48795.42,0.0,0.5,-0.036288454180424035,-0.018144227090212017
2021-08-31,47150.32,47024.69,0.0,0.5,0.0026713620714220454,0.0013356810357110227
2021-09-01,48842.94,47150.32,0.0,0.5,0.03589837778407445,0.017949188892037227
2021-09-02,49299.14,48842.93,0.0,0.5,0.009340142096278425,0.004670071048139213
2021-09-03,50027.08,49299.14,0.0,0.5,0.014765774818789934,0.007382887409394967
2021-09-04,49940.74,50027.09,0.0,0.5,-0.001725865271369087,-0.0008629326356845435
2021-09-05,51799.57,49942.2,0.0,0.5,0.0372207139902212,0.0186103569951106
2021-09-06,52683.97,51799.56,0.0,0.5,0.01707350080319192,0.00853675040159596
2021-09-07,46864.39,52683.98,0.0,0.5,-0.11046206274887793,-0.055231031374438966
2021-09-08,46062.29,46864.38,-1.0,0.0,-0.01711534066697551,-0.008557670333487755
2021-09-09,46413.88,46060.02,0.0,0.5,0.007632924893660187,0.0
2021-09-10,44860.83,46413.88,-1.0,0.0,-0.03346089574928868,-0.01673044787464434
2021-09-11,45193.78,44860.83,0.0,0.5,0.007421842172781856,0.0
2021-09-12,46046.73,45194.19,-1.0,0.0,0.01887317237018027,0.009436586185090134
2021-09-13,44975.96,46048.02,-1.0,0.0,-0.02325398567933068,-0.0
2021-09-14,47087.18,44975.96,1.0,1.0,0.046941076966450446,0.0
2021-09-15,48106.12,47087.18,1.0,1.0,0.021639435617083036,0.021639435617083036
2021-09-16,47745.55,48106.13,1.0,1.0,-0.00749530413178201,-0.00749530413178201
2021-09-17,47303.11,47745.55,1.0,1.0,-0.009266622753324683,-0.009266622753324683
2021-09-18,48285.15,47303.11,1.0,1.0,0.020760580012603835,0.020760580012603835
2021-09-19,47256.91,48284.61,0.0,0.5,-0.02129516010616095,-0.02129516010616095
2021-09-20,43026.6,47256.92,0.0,0.5,-0.08951727906035334,-0.04475863953017667
2021-09-21,40726.1,43026.61,0.0,0.5,-0.05346692511144269,-0.026733462555721343
2021-09-22,43520.0,40727.83,0.0,0.5,0.06860219859009331,0.034301099295046655
2021-09-23,44828.29,43520.0,0.0,0.5,0.03006181066176472,0.01503090533088236
2021-09-24,42798.49,44828.29,0.0,0.5,-0.04527944295889941,-0.022639721479449704
2021-09-25,42651.58,42798.49,0.0,0.5,-0.003432597738845411,-0.0017162988694227055
2021-09-26,43150.0,42646.84,0.0,0.5,0.01168585079380402,0.00584292539690201
2021-09-27,42122.69,43150.01,0.0,0.5,-0.02380787949015062,-0.01190393974507531
2021-09-28,41006.32,42122.69,0.0,0.5,-0.02650281831478485,-0.013251409157392424
2021-09-29,41499.71,41002.96,0.0,0.5,0.012032047742884577,0.006016023871442289
2021-09-30,43796.57,41499.7,0.0,0.5,0.055346410854437256,0.027673205427218628
2021-10-01,48123.94,43799.49,0.0,0.5,0.09880613938488803,0.04940306969244401
2021-10-02,47626.61,48123.93,0.0,0.5,-0.010334357494419688,-0.005167178747209844
2021-10-03,48187.3,47626.62,0.0,0.5,0.011772620390155808,0.005886310195077904
2021-10-04,49198.22,48187.99,0.0,0.5,0.020978971637755084,0.010489485818877542
2021-10-05,51455.12,49199.78,0.0,0.5,0.045873610874539894,0.022936805437269947
2021-10-06,55321.6,51460.22,1.0,1.0,0.07514276519032492,0.03757138259516246
2021-10-07,53814.99,55327.45,1.0,1.0,-0.027233666416011104,-0.027233666416011104
2021-10-08,53975.0,53814.99,1.0,1.0,0.002973335124655918,0.002973335124655918
2021-10-09,54960.77,53974.99,1.0,1.0,0.018263455303381138,0.018263455303381138
2021-10-10,54700.0,54960.79,1.0,1.0,-0.004744656961683691,-0.004744656961683691
2021-10-11,57500.01,54700.0,1.0,1.0,0.05118848263254128,0.05118848263254128
2021-10-12,56011.84,57500.01,1.0,1.0,-0.025881212890223937,-0.025881212890223937
2021-10-13,57393.65,56011.83,1.0,1.0,0.024669962636471254,0.024669962636471254
2021-10-14,57378.19,57393.65,1.0,1.0,-0.00026936777849118076,-0.00026936777849118076
2021-10-15,61702.33,57377.12,1.0,1.0,0.07536208444358383,0.07536208444358383
2021-10-16,60925.56,61702.33,1.0,1.0,-0.012588989751278534,-0.012588989751278534
2021-10-17,61571.45,60925.56,1.0,1.0,0.01060129771478513,0.01060129771478513
2021-10-18,62037.92,61571.45,1.0,1.0,0.00757607624962553,0.00757607624962553
2021-10-19,64316.7,62037.92,1.0,1.0,0.036732050333086574,0.036732050333086574
2021-10-20,66064.24,64314.75,1.0,1.0,0.027170859201420594,0.027170859201420594
2021-10-21,62260.33,66064.25,1.0,1.0,-0.057578956482357224,-0.057578956482357224
2021-10-22,60734.27,62260.33,1.0,1.0,-0.024510952640308892,-0.024510952640308892
2021-10-23,61325.11,60734.28,1.0,1.0,0.009728280260880684,0.009728280260880684
2021-10-24,60902.82,61325.09,1.0,1.0,-0.006886086302984262,-0.006886086302984262
2021-10-25,63127.04,60902.82,1.0,1.0,0.03652080478375219,0.03652080478375219
2021-10-26,60358.75,63129.25,1.0,1.0,-0.04385268183016344,-0.04385268183016344
2021-10-27,58449.36,60358.74,1.0,1.0,-0.03163402157930706,-0.03163402157930706
2021-10-28,60622.03,58449.36,1.0,1.0,0.03717183558553927,0.03717183558553927
2021-10-29,62308.22,60622.02,1.0,1.0,0.027814805937709464,0.027814805937709464
2021-10-30,61895.19,62308.21,1.0,1.0,-0.006628820402829638,-0.006628820402829638
2021-10-31,61348.61,61895.19,1.0,1.0,-0.00883073466613482,-0.00883073466613482
2021-11-01,60942.87,61347.14,1.0,1.0,-0.0066136787777261175,-0.0066136787777261175
2021-11-02,63266.69,60942.87,1.0,1.0,0.038131121819500846,0.038131121819500846
2021-11-03,62946.45,63266.69,1.0,1.0,-0.0050617473428751225,-0.0050617473428751225
2021-11-04,61431.86,62946.45,1.0,1.0,-0.024061563440035072,-0.024061563440035072
2021-11-05,61006.0,61433.9,1.0,1.0,-0.006932233534846621,-0.006932233534846621
2021-11-06,61511.3,61006.0,1.0,1.0,0.008282791856538685,0.008282791856538685
2021-11-07,63316.4,61511.3,1.0,1.0,0.029345827514619227,0.029345827514619227
2021-11-08,67606.96,63316.4,1.0,1.0,0.0677638021113014,0.0677638021113014
2021-11-09,67009.98,67606.96,1.0,1.0,-0.008830155948440943,-0.008830155948440943
2021-11-10,64920.13,67010.65,1.0,1.0,-0.031187145556527573,-0.031187145556527573
2021-11-11,64831.3,64920.13,1.0,1.0,-0.001368296705505534,-0.001368296705505534
2021-11-12,64156.08,64831.2,1.0,1.0,-0.010415031011255405,-0.010415031011255405
2021-11-13,64427.0,64156.08,1.0,1.0,0.004222826581673944,0.004222826581673944
2021-11-14,65568.39,64426.99,1.0,1.0,0.017716019681189632,0.017716019681189632
2021-11-15,63654.49,65568.38,1.0,1.0,-0.029189370060786923,-0.029189370060786923
2021-11-16,60106.03,63654.49,0.0,0.5,-0.05574563553961398,-0.05574563553961398
2021-11-17,60366.96,60106.03,0.0,0.5,0.004341161776946434,0.002170580888473217
2021-11-18,56921.05,60366.97,0.0,0.5,-0.057082715445667565,-0.028541357722833782
2021-11-19,58069.51,56921.04,0.0,0.5,0.020176367090909197,0.010088183545454599
2021-11-20,59716.29,58069.52,0.0,0.5,0.028358772099161822,0.014179386049580911
2021-11-21,58661.39,59716.28,0.0,0.5,-0.01766519654854648,-0.00883259827427324
2021-11-22,56268.31,58648.87,0.0,0.5,-0.04079480557825177,-0.020397402789125885
2021-11-23,57574.23,56268.31,0.0,0.5,0.023208800833008914,0.011604400416504457
2021-11-24,57165.08,57574.24,0.0,0.5,-0.0071064780197668265,-0.0035532390098834132
2021-11-25,58988.21,57165.09,0.0,0.5,0.03189237205650719,0.015946186028253595
2021-11-26,53755.65,58988.36,0.0,0.5,-0.08870518362906754,-0.04435259181453377
2021-11-27,54738.77,53755.66,0.0,0.5,0.018288682212939333,0.009144341106469667
2021-11-28,57315.73,54738.77,0.0,0.5,0.04707741880206684,0.02353870940103342
2021-11-29,57827.98,57315.72,0.0,0.5,0.008937337097512321,0.004468668548756161
2021-11-30,56975.0,57827.97,0.0,0.5,-0.014750299076675355,-0.0073751495383376775
2021-12-01,57209.29,56978.06,0.0,0.5,0.004112154453707717,0.0020560772268538585
2021-12-02,56513.57,57209.28,0.0,0.5,-0.012160961969638118,-0.006080480984819059
2021-12-03,53612.0,56513.56,0.0,0.5,-0.051342889858134955,-0.025671444929067477
2021-12-04,49135.66,53611.86,0.0,0.5,-0.08349511303439527,-0.04174755651719764
2021-12-05,49376.6,49135.66,0.0,0.5,0.004903566981699248,0.002451783490849624
2021-12-06,50424.72,49373.83,0.0,0.5,0.021227058971253543,0.010613529485626771
2021-12-07,50577.2,50424.72,0.0,0.5,0.0030239136677405742,0.0015119568338702871
2021-12-08,50455.61,50577.2,0.0,0.5,-0.0024040476736552074,-0.0012020238368276037
2021-12-09,47539.76,50459.61,0.0,0.5,-0.057790402296196586,-0.028895201148098293
2021-12-10,47136.35,47539.34,0.0,0.5,-0.008485739095022815,-0.0042428695475114075
2021-12-11,49381.15,47132.31,0.0,0.5,0.047623543189067474,0.023811771594533737
2021-12-12,50057.01,49379.51,0.0,0.5,0.013686599036272007,0.0068432995181360035
2021-12-13,46679.93,50057.02,-1.0,0.0,-0.06746467677554058,-0.03373233838777029
2021-12-14,48324.04,46679.93,0.0,0.5,0.03522091828329654,0.0
2021-12-15,48870.48,48324.0,0.0,0.5,0.01130782939505881,0.005653914697529405
2021-12-16,47624.5,48870.48,0.0,0.5,-0.02549555478071841,-0.012747777390359205
2021-12-17,46125.33,47629.1,-1.0,0.0,-0.03147896565843211,-0.015739482829216056
2021-12-18,46815.99,46125.33,-1.0,0.0,0.014973551408737906,0.0
2021-12-19,46668.63,46815.99,-1.0,0.0,-0.0031476425041957468,-0.0
2021-12-20,46898.14,46668.65,-1.0,0.0,0.004917864526985394,0.0
2021-12-21,48875.15,46896.82,-1.0,0.0,0.042155403178036455,0.0
2021-12-22,48569.69,48875.88,0.0,0.5,-0.006249801790889631,-0.0
2021-12-23,50817.92,48569.69,0.0,0.5,0.04628874510008196,0.02314437255004098
2021-12-24,50808.55,50817.94,0.0,0.5,-0.00018438377643148485,-9.219188821574242e-05
2021-12-25,50403.64,50809.37,0.0,0.5,-0.007969327996961262,-0.003984663998480631
2021-12-26,50765.73,50403.64,0.0,0.5,0.007183806566351203,0.0035919032831756015
2021-12-27,50707.72,50765.73,0.0,0.5,-0.0011427000064807569,-0.0005713500032403784
2021-12-28,47522.03,50707.72,0.0,0.5,-0.06282455610309445,-0.03141227805154723
2021-12-29,46436.54,47522.02,-1.0,0.0,-0.02284182725359163,-0.011420913626795814
2021-12-30,47095.02,46436.53,-1.0,0.0,0.014180212393085201,0.0
2021-12-31,46210.56,47095.02,-1.0,0.0,-0.018780329639949134,-0.0
2022-01-01,47704.35,46210.57,-1.0,0.0,0.03232572814525514,0.0
2022-01-02,47280.0,47704.35,-1.0,0.0,-0.00889541519798509,-0.0
2022-01-03,46445.81,47280.01,-1.0,0.0,-0.017643612521150653,-0.0
2022-01-04,45833.42,46445.8,-1.0,0.0,-0.013185042956512127,-0.0
2022-01-05,43421.69,45833.41,-1.0,0.0,-0.052619464137740435,-0.0
2022-01-06,43080.01,43421.7,-1.0,0.0,-0.007868878433796578,-0.0
2022-01-07,41553.86,43080.01,-1.0,0.0,-0.03542594349444217,-0.0
2022-01-08,41688.05,41553.87,-1.0,0.0,0.0032293028854599726,0.0
2022-01-09,41851.22,41688.05,-1.0,0.0,0.003914071298609434,0.0
2022-01-10,41801.55,41851.22,-1.0,0.0,-0.0011868232276143198,-0.0
2022-01-11,42700.68,41801.55,-1.0,0.0,0.02150948948065312,0.0
2022-01-12,43880.72,42700.69,-1.0,0.0,0.027635157098200747,0.0
2022-01-13,42534.32,43880.72,-1.0,0.0,-0.030683179309728748,-0.0
2022-01-14,43042.4,42538.72,-1.0,0.0,0.011945177447294286,0.0
2022-01-15,43070.51,43042.4,-1.0,0.0,0.0006530769659685021,0.0
2022-01-16,43060.66,43070.51,-1.0,0.0,-0.00022869476121822885,-0.0
2022-01-17,42176.34,43060.66,-1.0,0.0,-0.02053661044675137,-0.0
2022-01-18,42337.58,42176.34,-1.0,0.0,0.0038229964951914663,0.0
2022-01-19,41657.89,42337.58,0.0,0.5,-0.016054058829059303,-0.0
2022-01-20,40661.69,41656.9,-1.0,0.0,-0.023913837210669975,-0.011956918605334987
2022-01-21,36425.98,40662.06,-1.0,0.0,-0.10416955124098382,-0.0
2022-01-22,35043.73,36426.46,-1.0,0.0,-0.03794681707945813,-0.0
2022-01-23,36230.01,35043.73,-1.0,0.0,0.03385141935518843,0.0
2022-01-24,36648.31,36230.0,-1.0,0.0,0.011545677188606884,0.0
2022-01-25,36934.26,36648.3,-1.0,0.0,0.007802542600190865,0.0
2022-01-26,36787.43,36934.26,-1.0,0.0,-0.003975441771406851,-0.0
2022-01-27,37131.0,36787.42,-1.0,0.0,0.00933933139662102,0.0
2022-01-28,37696.21,37131.0,-1.0,0.0,0.015222051654951274,0.0
2022-01-29,38150.01,37696.22,-1.0,0.0,0.012038345499454817,0.0
2022-01-30,37870.01,38150.0,-1.0,0.0,-0.007339447617444872,-0.0
2022-01-31,38439.04,37870.0,-1.0,0.0,0.015025874035945463,0.0
2022-02-01,38680.51,38439.04,-1.0,0.0,0.006281894657098608,0.0
2022-02-02,36892.03,38680.51,-1.0,0.0,-0.04623723937455848,-0.0
2022-02-03,37289.86,36892.05,-1.0,0.0,0.010783629960183783,0.0
2022-02-04,41550.0,37287.33,-1.0,0.0,0.11424392582863008,0.0
2022-02-05,41374.69,41550.0,-1.0,0.0,-0.004219253910950571,-0.0
2022-02-06,42361.35,41374.68,0.0,0.5,0.023846946043583506,0.0
2022-02-07,43829.99,42361.34,0.0,0.5,0.03466933891389212,0.01733466945694606
2022-02-08,44021.57,43829.99,0.0,0.5,0.004370979778913986,0.002185489889456993
2022-02-09,44358.08,44021.58,0.0,0.5,0.007644207146632942,0.003822103573316471
2022-02-10,43471.29,44358.09,0.0,0.5,-0.019991622721271973,-0.009995811360635987
2022-02-11,42366.0,43471.3,-1.0,0.0,-0.025425746509938008,-0.012712873254969004
2022-02-12,42199.87,42365.99,-1.0,0.0,-0.003921304819902716,-0.0
2022-02-13,42041.13,42199.88,-1.0,0.0,-0.003761622962345723,-0.0
2022-02-14,42525.14,42041.12,-1.0,0.0,0.01151277332459899,0.0
2022-02-15,44529.6,42525.14,0.0,0.5,0.0471358824450665,0.0
2022-02-16,43860.7,44529.7,0.0,0.5,-0.015021468865653476,-0.007510734432826738
2022-02-17,40491.7,43860.8,-1.0,0.0,-0.07681135959982399,-0.038405679799911996
2022-02-18,39966.8,40491.8,-1.0,0.0,-0.012963150472812823,-0.0
2022-02-19,40052.6,39966.8,-1.0,0.0,0.0021467818289178098,0.0
2022-02-20,38368.1,40052.6,0.0,0.5,-0.042057194788852614,-0.0
2022-02-21,36986.4,38367.9,0.0,0.5,-0.03601168679189215,-0.018005843395946075
2022-02-22,38212.0,36986.4,0.0,0.5,0.033136504228581165,0.016568252114290583
2022-02-23,37227.8,38212.1,0.0,0.5,-0.025756306919292316,-0.012878153459646158
2022-02-24,38315.1,37227.9,0.0,0.5,0.02920666813510331,0.014603334067551654
2022-02-25,39205.4,38316.2,0.0,0.5,0.023236269773535767,0.011618134886767884
2022-02-26,39099.3,39205.4,0.0,0.5,-0.0027062598519591585,-0.0013531299259795793
2022-02-27,37672.0,39099.3,-1.0,0.0,-0.03650448985020205,-0.018252244925101024
2022-02-28,43155.0,37672.1,0.0,0.5,0.14554576343172654,0.0
2022-03-01,44394.1,43155.0,0.0,0.5,0.02871277951569917,0.014356389757849586
2022-03-02,43885.7,44393.6,0.0,0.5,-0.011451972221533935,-0.005725986110766967
2022-03-03,42449.5,43885.8,0.0,0.5,-0.03272592211130265,-0.016362961055651326
2022-03-04,39127.7,42449.6,0.0,0.5,-0.07825298295621863,-0.039126491478109315
2022-03-05,39375.1,39127.7,0.0,0.5,0.006322886343945733,0.0031614431719728664
2022-03-06,38401.1,39375.0,-1.0,0.0,-0.02473644511379014,-0.01236822255689507
2022-03-07,37963.8,38401.1,-1.0,0.0,-0.011387694623331002,-0.0
2022-03-08,38709.9,37963.7,-1.0,0.0,0.019652932530463296,0.0
2022-03-09,41937.5,38709.9,-1.0,0.0,0.08337918723634008,0.0
2022-03-10,39407.2,41939.5,-1.0,0.0,-0.06033502235469457,-0.0
2022-03-11,38713.0,39407.1,-1.0,0.0,-0.01761607015976774,-0.0
2022-03-12,38792.6,38713.1,-1.0,0.0,0.0020561568465373714,0.0
2022-03-13,37743.7,38792.7,-1.0,0.0,-0.027038662012858206,-0.0
2022-03-14,39653.8,37743.0,-1.0,0.0,0.05060712118843691,0.0
2022-03-15,39271.0,39651.6,-1.0,0.0,-0.009653551488129852,-0.0
2022-03-16,41105.8,39270.9,-1.0,0.0,0.046721499325201865,0.0
2022-03-17,40898.1,41105.9,-1.0,0.0,-0.005052814931226335,-0.0
2022-03-18,41751.5,40898.0,-1.0,0.0,0.020866495020551046,0.0
2022-03-19,42188.2,41751.6,0.0,0.5,0.010459504448941948,0.0
2022-03-20,41261.0,42188.2,0.0,0.5,-0.021977709406895696,-0.010988854703447848
2022-03-21,40982.0,41261.0,0.0,0.5,-0.006761833208114187,-0.0033809166040570937
2022-03-22,42349.8,40982.0,0.0,0.5,0.03337562832463048,0.01668781416231524
2022-03-23,42867.9,42349.9,0.0,0.5,0.012233824008613947,0.006116912004306974
2022-03-24,43973.4,42867.8,0.0,0.5,0.025788527079702916,0.012894263539851458
2022-03-25,44290.6,43973.2,0.0,0.5,0.007213451768569135,0.0036067258842845673
2022-03-26,44489.2,44290.6,0.0,0.5,0.004484021440215313,0.0022420107201076567
2022-03-27,46820.8,44489.3,0.0,0.5,0.052408224917508184,0.026204112458754092
2022-03-28,47121.9,46820.9,0.0,0.5,0.006430902504869662,0.003215451252434831
2022-03-29,47418.5,47121.8,0.0,0.5,0.006294313259864293,0.0031471566299321463
2022-03-30,47053.2,47418.5,0.0,0.5,-0.007703744319200401,-0.0038518721596002004
2022-03-31,45506.0,47053.1,0.0,0.5,-0.032881929390562115,-0.016440964695281057
2022-04-01,46266.2,45505.9,0.0,0.5,0.016705489386015016,0.008352744693007508
2022-04-02,45794.6,46266.2,0.0,0.5,-0.010193186386606157,-0.005096593193303078
2022-04-03,46392.4,45792.3,0.0,0.5,0.013053940857655766,0.006526970428827883
2022-04-04,46580.9,46392.3,0.0,0.5,0.004063165518490175,0.0020315827592450875
2022-04-05,45477.4,46580.9,0.0,0.5,-0.02368996734713158,-0.01184498367356579
2022-04-06,43159.7,45477.5,0.0,0.5,-0.0509637754137221,-0.02548188770686105
2022-04-07,43417.1,43159.8,0.0,0.5,0.0059638968760209465,0.0029819484380104733
2022-04-08,42229.2,43417.1,0.0,0.5,-0.027360187575863004,-0.013680093787931502
2022-04-09,42727.7,42229.1,0.0,0.5,0.011804628077254575,0.005902314038627288
2022-04-10,42140.4,42727.8,0.0,0.5,-0.013745181697119135,-0.006872590848559568
2022-04-11,39505.6,42140.3,0.0,0.5,-0.06252432345207926,-0.03126216172603963
2022-04-12,40060.7,39505.6,0.0,0.5,0.014051172492001163,0.007025586246000581
2022-04-13,41129.8,40060.7,0.0,0.5,0.026687002473746224,0.013343501236873112
2022-04-14,39915.9,41129.8,0.0,0.5,-0.029513880446780716,-0.014756940223390358
2022-04-15,40529.5,39915.9,-1.0,0.0,0.015372320303437936,0.007686160151718968
2022-04-16,40361.0,40529.6,-1.0,0.0,-0.004157465549784689,-0.0
2022-04-17,39649.1,40360.9,-1.0,0.0,-0.017638314214216688,-0.0
2022-04-18,40785.6,39649.1,-1.0,0.0,0.028663954541212844,0.0
2022-04-19,41472.9,40785.7,0.0,0.5,0.0168515358361776,0.0
2022-04-20,41327.7,41472.9,0.0,0.5,-0.0035010814290779013,-0.0017505407145389507
2022-04-21,40449.8,41326.0,-1.0,0.0,-0.021242411264115746,-0.010621205632057873
2022-04-22,39674.2,40449.7,-1.0,0.0,-0.019174384051342752,-0.0
2022-04-23,39415.1,39674.3,-1.0,0.0,-0.006530692490333778,-0.0
2022-04-24,39433.4,39413.8,-1.0,0.0,0.00046428906688045224,0.0
2022-04-25,40411.0,39433.4,-1.0,0.0,0.024791166878838755,0.0
2022-04-26,38093.7,40411.0,-1.0,0.0,-0.057343297616985534,-0.0
2022-04-27,39209.0,38093.7,-1.0,0.0,0.02927780709146144,0.0
2022-04-28,39732.5,39209.0,-1.0,0.0,0.013351526435257277,0.0
2022-04-29,38572.2,39732.5,-1.0,0.0,-0.02920279368275347,-0.0
2022-04-30,37614.5,38572.2,-1.0,0.0,-0.024828762684005468,-0.0
2022-05-01,38440.5,37614.4,-1.0,0.0,0.02195961663720114,0.0
2022-05-02,38525.6,38440.2,-1.0,0.0,0.002213810954592166,0.0
2022-05-03,37712.9,38525.5,-1.0,0.0,-0.021095064061299462,-0.0
2022-05-04,39684.0,37713.0,-1.0,0.0,0.05226593552869163,0.0
2022-05-05,36534.7,39684.1,-1.0,0.0,-0.07935943957262381,-0.0
2022-05-06,35995.3,36533.7,-1.0,0.0,-0.014764046235496542,-0.0
2022-05-07,35466.7,35995.2,-1.0,0.0,-0.014685250574380748,-0.0
2022-05-08,34032.0,35466.7,-1.0,0.0,-0.040452029650348,-0.0
2022-05-09,30056.6,34032.1,-1.0,0.0,-0.11681358721203572,-0.0
2022-05-10,31002.1,30056.0,-1.0,0.0,0.0314573171948922,0.0
2022-05-11,29074.7,31002.1,-1.0,0.0,-0.062169982033475124,-0.0
2022-05-12,29020.7,29077.9,-1.0,0.0,-0.0018572848559056387,-0.0
2022-05-13,29274.3,29020.8,-1.0,0.0,0.008738590040901828,0.0
2022-05-14,30079.8,29274.2,-1.0,0.0,0.02751560242260287,0.0
2022-05-15,31324.4,30079.5,-1.0,0.0,0.04137660489763895,0.0
2022-05-16,29866.7,31324.3,-1.0,0.0,-0.046535608024415476,-0.0
2022-05-17,30437.0,29866.4,-1.0,0.0,0.019094844760217944,0.0
2022-05-18,28700.6,30437.0,-1.0,0.0,-0.05704898643098866,-0.0
2022-05-19,30319.9,28700.6,-1.0,0.0,0.05642042326641272,0.0
2022-05-20,29188.9,30319.9,-1.0,0.0,-0.03730223384641773,-0.0
2022-05-21,29427.4,29188.9,-1.0,0.0,0.008170914285910102,0.0
2022-05-22,30284.0,29427.4,-1.0,0.0,0.029108925695100485,0.0
2022-05-23,29097.7,30284.0,-1.0,0.0,-0.03917250033020736,-0.0
2022-05-24,29643.1,29097.8,-1.0,0.0,0.018743749505974572,0.0
2022-05-25,29536.7,29643.0,-1.0,0.0,-0.0035893681834895386,-0.0
2022-05-26,29194.0,29536.7,-1.0,0.0,-0.011602514837473432,-0.0
2022-05-27,28623.2,29194.0,-1.0,0.0,-0.019551962732068162,-0.0
2022-05-28,29018.8,28623.3,-1.0,0.0,0.013820956426954245,0.0
2022-05-29,29452.8,29018.8,-1.0,0.0,0.014955821743145803,0.0
2022-05-30,31726.5,29452.6,-1.0,0.0,0.0771980932203391,0.0
2022-05-31,31797.8,31726.5,-1.0,0.0,0.002247332671426072,0.0
2022-06-01,29796.9,31797.9,-1.0,0.0,-0.06292573700067294,-0.0
2022-06-02,30437.1,29796.9,-1.0,0.0,0.021485456540780934,0.0
2022-06-03,29682.8,30437.1,-1.0,0.0,-0.024782255865374747,-0.0
2022-06-04,29848.4,29682.8,-1.0,0.0,0.005578988505127613,0.0
2022-06-05,29909.9,29848.5,-1.0,0.0,0.002060411948379137,0.0
2022-06-06,31361.2,29910.0,-1.0,0.0,0.04852239559476956,0.0
2022-06-07,31118.1,31361.2,-1.0,0.0,-0.007751616647322268,-0.0
2022-06-08,30192.5,31118.0,0.0,0.5,-0.029744746626561347,-0.0
2022-06-09,30093.3,30192.6,-1.0,0.0,-0.0032855841682537523,-0.0016427920841268762
2022-06-10,29077.7,30093.4,0.0,0.5,-0.03374837588433299,-0.0
2022-06-11,28416.7,29077.7,-1.0,0.0,-0.022732196838126772,-0.011366098419063386
2022-06-12,26564.7,28416.6,-1.0,0.0,-0.06517294407865792,-0.0
2022-06-13,22471.5,26564.7,-1.0,0.0,-0.1540841793809078,-0.0
2022-06-14,22122.7,22471.4,-1.0,0.0,-0.015521883274369763,-0.0
2022-06-15,22567.5,22122.7,-1.0,0.0,0.02010604492218393,0.0
2022-06-16,20387.4,22567.5,-1.0,0.0,-0.09660352276503814,-0.0
2022-06-17,20457.3,20387.4,-1.0,0.0,0.0034285882456810413,0.0
2022-06-18,18959.7,20457.3,-1.0,0.0,-0.07320614157293481,-0.0
2022-06-19,20564.2,18959.7,-1.0,0.0,0.08462686645885742,0.0
2022-06-20,20570.1,20564.3,-1.0,0.0,0.0002869063712664932,0.0
2022-06-21,20713.1,20570.0,-1.0,0.0,0.006951837861750798,0.0
2022-06-22,19977.4,20713.1,-1.0,0.0,-0.03551858485692616,-0.0
2022-06-23,21096.6,19977.5,-1.0,0.0,0.056023306336159706,0.0
2022-06-24,21231.2,21096.6,-1.0,0.0,0.0063801750045031635,0.0
2022-06-25,21481.9,21231.2,-1.0,0.0,0.011808093748822523,0.0
2022-06-26,21029.1,21481.9,-1.0,0.0,-0.021078210027977162,-0.0
2022-06-27,20730.0,21029.1,-1.0,0.0,-0.014223147923591473,-0.0
2022-06-28,20268.6,20730.0,-1.0,0.0,-0.022257597684515296,-0.0
2022-06-29,20109.9,20268.7,-1.0,0.0,-0.007829845179242678,-0.0
2022-06-30,19923.5,20109.9,-1.0,0.0,-0.009269066479694166,-0.0
2022-07-01,19272.0,19923.3,-1.0,0.0,-0.03270007779757578,-0.0
2022-07-02,19240.9,19272.0,-1.0,0.0,-0.0016137401411373542,-0.0
2022-07-03,19305.9,19241.0,-1.0,0.0,0.003378220353517758,0.0
2022-07-04,20226.6,19306.0,-1.0,0.0,0.04769008437835054,0.0
2022-07-05,20170.0,20226.3,-1.0,0.0,-0.002798295314091259,-0.0
2022-07-06,20554.1,20170.1,-1.0,0.0,0.019043133366385634,0.0
2022-07-07,21613.4,20554.2,-1.0,0.0,0.051537162901805544,0.0
2022-07-08,21587.9,21614.5,-1.0,0.0,-0.001179823627934562,-0.0
2022-07-09,21580.0,21587.8,-1.0,0.0,-0.0003659457381218756,-0.0
2022-07-10,20853.8,21580.0,-1.0,0.0,-0.03365152919369785,-0.0
2022-07-11,19954.3,20853.8,-1.0,0.0,-0.04313362552628297,-0.0
2022-07-12,19322.9,19954.3,-1.0,0.0,-0.031642302661581634,-0.0
2022-07-13,20220.1,19322.9,-1.0,0.0,0.046431953795755154,0.0
2022-07-14,20578.6,20220.1,-1.0,0.0,0.01772988264152997,0.0
2022-07-15,20823.1,20578.6,-1.0,0.0,0.011881274722284285,0.0
2022-07-16,21183.5,20823.1,0.0,0.5,0.0173077015429981,0.0
2022-07-17,20794.4,21183.6,0.0,0.5,-0.018368069488044925,-0.009184034744022462
2022-07-18,22423.9,20794.4,0.0,0.5,0.0783624437348518,0.0391812218674259
2022-07-19,23385.9,22423.5,0.0,0.5,0.042900655104598284,0.021450327552299142
2022-07-20,23221.5,23385.9,0.0,0.5,-0.00702987697715296,-0.00351493848857648
2022-07-21,23144.5,23221.5,0.0,0.5,-0.003315892599530579,-0.0016579462997652894
2022-07-22,22675.1,23144.5,0.0,0.5,-0.020281276329149556,-0.010140638164574778
2022-07-23,22440.2,22675.0,0.0,0.5,-0.010359380995012102,-0.005179690497506051
2022-07-24,22570.6,22440.1,0.0,0.5,0.005810999901961544,0.002905499950980772
2022-07-25,21300.0,22570.6,-1.0,0.0,-0.056294471569209414,-0.028147235784604707
2022-07-26,21241.0,21300.0,0.0,0.5,-0.0027699530516431814,-0.0
2022-07-27,22941.1,21241.0,0.0,0.5,0.08003860458547152,0.04001930229273576
2022-07-28,23836.2,22941.1,0.0,0.5,0.03901730954487803,0.019508654772439016
2022-07-29,23771.1,23836.2,0.0,0.5,-0.0027311400307097333,-0.0013655700153548667
2022-07-30,23629.9,23771.0,0.0,0.5,-0.0059399859493248774,-0.0029699929746624387
2022-07-31,23290.1,23630.0,0.0,0.5,-0.014380086246662205,-0.007190043123331102
2022-08-01,23257.6,23290.1,0.0,0.5,-0.0013954426988290747,-0.0006977213494145373
2022-08-02,22975.1,23257.6,0.0,0.5,-0.012146567143643372,-0.006073283571821686
2022-08-03,22801.5,22975.1,0.0,0.5,-0.007556006285065031,-0.0037780031425325156
2022-08-04,22608.9,22801.5,0.0,0.5,-0.008446812709690055,-0.004223406354845027
2022-08-05,23298.1,22608.9,0.0,0.5,0.030483570629265433,0.015241785314632716
2022-08-06,22943.3,23298.0,0.0,0.5,-0.015228709637266524,-0.007614354818633262
2022-08-07,23167.8,22943.2,0.0,0.5,0.009784991696922374,0.004892495848461187
2022-08-08,23804.4,23167.9,0.0,0.5,0.02747779245331894,0.01373889622665947
2022-08-09,23140.2,23804.3,0.0,0.5,-0.0279024045974694,-0.0139512022987347
2022-08-10,23940.9,23140.1,0.0,0.5,0.034602120984261076,0.017301060492130538
2022-08-11,23917.2,23941.0,0.0,0.5,-0.0009899377216395777,-0.0004949688608197889
2022-08-12,24387.5,23917.3,0.0,0.5,0.019663673005201332,0.009831836502600666
2022-08-13,24429.0,24387.5,0.0,0.5,0.0017016914402869787,0.0008508457201434894
2022-08-14,24294.1,24429.0,0.0,0.5,-0.005522125342830253,-0.0027610626714151265
2022-08-15,24085.2,24294.1,0.0,0.5,-0.008598795592345332,-0.004299397796172666
2022-08-16,23843.0,24085.2,0.0,0.5,-0.010055967980336478,-0.005027983990168239
2022-08-17,23333.1,23843.0,0.0,0.5,-0.021385731661284324,-0.010692865830642162
2022-08-18,23185.1,23333.1,-1.0,0.0,-0.006342920572062871,-0.0031714602860314356
2022-08-19,20824.9,23185.0,-1.0,0.0,-0.10179813759699108,-0.0
2022-08-20,21127.8,20825.0,-1.0,0.0,0.014545087851562277,0.0
2022-08-21,21505.6,21127.7,-1.0,0.0,0.01788165355597826,0.0
2022-08-22,21387.0,21505.6,-1.0,0.0,-0.0055148426456363975,-0.0
2022-08-23,21518.2,21387.0,-1.0,0.0,0.006134567728059093,0.0
2022-08-24,21354.9,21518.2,0.0,0.5,-0.0075889247241869295,-0.0
2022-08-25,21548.3,21355.0,0.0,0.5,0.009056469475389628,0.004528234737694814
2022-08-26,20228.7,21548.3,-1.0,0.0,-0.06123916967927856,-0.03061958483963928
2022-08-27,20023.9,20228.7,-1.0,0.0,-0.010124229436394794,-0.0
2022-08-28,19547.5,20024.0,-1.0,0.0,-0.0237915690749555,-0.0
2022-08-29,20275.5,19547.5,-1.0,0.0,0.03724261414503127,0.0
2022-08-30,19803.1,20275.5,-1.0,0.0,-0.023299055510345057,-0.0
2022-08-31,20041.5,19803.2,-1.0,0.0,0.012038519221738042,0.0
2022-09-01,20122.5,20041.4,-1.0,0.0,0.004041613651672771,0.0
2022-09-02,19941.0,20122.6,-1.0,0.0,-0.009019754006708958,-0.0
2022-09-03,19820.7,19941.0,-1.0,0.0,-0.006032796750413683,-0.0
2022-09-04,19992.7,19820.7,-1.0,0.0,0.008677796445130559,0.0
2022-09-05,19784.9,19992.7,-1.0,0.0,-0.010393793734713164,-0.0
2022-09-06,18781.5,19784.9,-1.0,0.0,-0.0507154446067456,-0.0
2022-09-07,19287.0,18781.4,-1.0,0.0,0.026914783164283973,0.0
2022-09-08,19309.3,19287.0,-1.0,0.0,0.0011562192150151862,0.0
2022-09-09,21352.0,19309.3,-1.0,0.0,0.10578840247963428,0.0
2022-09-10,21639.5,21352.0,-1.0,0.0,0.013464780816785371,0.0
2022-09-11,21820.3,21639.5,-1.0,0.0,0.008355091383811963,0.0
2022-09-12,22386.0,21820.3,-1.0,0.0,0.02592539974244179,0.0
2022-09-13,20162.5,22386.0,-1.0,0.0,-0.09932547127669078,-0.0
2022-09-14,20217.0,20162.6,-1.0,0.0,0.0027030378177308467,0.0
2022-09-15,19690.8,20217.0,-1.0,0.0,-0.026027600534203943,-0.0
2022-09-16,19792.5,19690.8,-1.0,0.0,0.005164848558717905,0.0
2022-09-17,20102.0,19792.4,-1.0,0.0,0.015637236326891513,0.0
2022-09-18,19404.5,20102.0,-1.0,0.0,-0.03469803999602028,-0.0
2022-09-19,19528.6,19404.5,-1.0,0.0,0.006395423741915485,0.0
2022-09-20,18866.8,19528.6,-1.0,0.0,-0.033888758026689,-0.0
2022-09-21,18447.5,18866.7,-1.0,0.0,-0.022224224563783923,-0.0
2022-09-22,19392.5,18447.5,-1.0,0.0,0.051226453448976805,0.0
2022-09-23,19280.7,19392.5,-1.0,0.0,-0.005765115379657071,-0.0
2022-09-24,18911.0,19280.7,-1.0,0.0,-0.019174615029537323,-0.0
2022-09-25,18799.7,18910.9,-1.0,0.0,-0.005885463486859477,-0.0
2022-09-26,19216.3,18799.7,-1.0,0.0,0.022159928083958613,0.0
2022-09-27,19070.1,19216.3,-1.0,0.0,-0.007608124352763035,-0.0
2022-09-28,19407.3,19070.1,-1.0,0.0,0.017682130665282347,0.0
2022-09-29,19582.5,19407.4,-1.0,0.0,0.009027530877556478,0.0
2022-09-30,19411.7,19582.5,-1.0,0.0,-0.008722073279713971,-0.0
2022-10-01,19304.0,19411.6,-1.0,0.0,-0.005548200312182949,-0.0
2022-10-02,19049.4,19304.0,-1.0,0.0,-0.013188976377952688,-0.0
2022-10-03,19622.0,19049.3,-1.0,0.0,0.030058689512530545,0.0
2022-10-04,20333.0,19621.9,0.0,0.5,0.03623483844664155,0.0
2022-10-05,20150.0,20332.9,0.0,0.5,-0.009000147543402393,-0.004500073771701196
2022-10-06,19954.0,20149.9,0.0,0.5,-0.009727047146401935,-0.004863523573200967
2022-10-07,19520.9,19954.0,0.0,0.5,-0.021704921319033676,-0.010852460659516838
2022-10-08,19406.2,19520.9,0.0,0.5,-0.005875753679389861,-0.0029378768396949306
2022-10-09,19430.0,19406.3,-1.0,0.0,0.0012264121775513726,0.0006132060887756863
2022-10-10,19124.0,19430.0,-1.0,0.0,-0.015748841996911955,-0.0
2022-10-11,19055.0,19124.1,-1.0,0.0,-0.003608031792512012,-0.0
2022-10-12,19148.0,19055.0,-1.0,0.0,0.004880608764104011,0.0
2022-10-13,19365.5,19148.1,-1.0,0.0,0.01135888865677881,0.0
2022-10-14,19164.6,19365.4,-1.0,0.0,-0.010374118922826803,-0.0
2022-10-15,19060.4,19164.6,-1.0,0.0,-0.0054371080012104445,-0.0
2022-10-16,19251.9,19060.4,0.0,0.5,0.010047008457325202,0.0
2022-10-17,19540.6,19251.8,-1.0,0.0,0.014995922480378399,0.007497961240189199
2022-10-18,19320.9,19540.7,-1.0,0.0,-0.01124325762770828,-0.0
2022-10-19,19116.7,19320.9,-1.0,0.0,-0.010568865839583053,-0.0
2022-10-20,19034.7,19116.6,0.0,0.5,-0.004289443261650816,-0.0
2022-10-21,19150.9,19034.8,0.0,0.5,0.006104640472400336,0.003052320236200168
2022-10-22,19195.1,19151.0,-1.0,0.0,0.0023079855254843906,0.0011539927627421953
2022-10-23,19560.7,19195.1,0.0,0.5,0.019046527499205546,0.0
2022-10-24,19318.1,19560.6,0.0,0.5,-0.012402419136329557,-0.006201209568164778
2022-10-25,20068.3,19318.1,0.0,0.5,0.03883404682655134,0.01941702341327567
2022-10-26,20758.3,20068.3,1.0,1.0,0.03438258347742451,0.017191291738712255
2022-10-27,20285.5,20758.4,1.0,1.0,-0.022776431596036262,-0.022776431596036262
2022-10-28,20582.8,20285.6,1.0,1.0,0.014655788617485399,0.014655788617485399
2022-10-29,20796.7,20582.7,1.0,1.0,0.010392172104864317,0.010392172104864317
2022-10-30,20615.6,20796.7,1.0,1.0,-0.00870811234474711,-0.00870811234474711
2022-10-31,20482.0,20615.5,1.0,1.0,-0.0064805293079026605,-0.0064805293079026605
2022-11-01,20472.1,20482.1,1.0,1.0,-0.0004833512352310221,-0.0004833512352310221
2022-11-02,20140.1,20472.1,0.0,0.5,-0.016217193155562915,-0.016217193155562915
2022-11-03,20199.7,20140.2,-1.0,0.0,0.002959270311468254,0.001479635155734127
2022-11-04,21137.6,20199.8,0.0,0.5,0.04643138264429658,0.0
2022-11-05,21289.9,21137.6,0.0,0.5,0.007205169934145994,0.003602584967072997
2022-11-06,20900.0,21289.8,0.0,0.5,-0.018313848350626438,-0.009156924175313219
2022-11-07,20578.6,20900.0,0.0,0.5,-0.015377990430622046,-0.007688995215311023
2022-11-08,18534.0,20578.5,-1.0,0.0,-0.09935564129726993,-0.04967782064863496
2022-11-09,15905.0,18533.9,-1.0,0.0,-0.14184741556059133,-0.0
2022-11-10,17588.0,15905.0,-1.0,0.0,0.1058157812008802,0.0
2022-11-11,17058.3,17588.0,-1.0,0.0,-0.030117125312713267,-0.0
2022-11-12,16806.9,17058.4,-1.0,0.0,-0.014737693674047092,-0.0
2022-11-13,16321.2,16806.9,-1.0,0.0,-0.028898845117184102,-0.0
2022-11-14,16605.2,16321.3,-1.0,0.0,0.017400681322451872,0.0
2022-11-15,16888.3,16605.3,-1.0,0.0,0.017048876255630674,0.0
2022-11-16,16650.6,16888.3,-1.0,0.0,-0.014074832872462029,-0.0
2022-11-17,16682.1,16650.7,-1.0,0.0,0.0018918237180642894,0.0
2022-11-18,16689.7,16682.1,-1.0,0.0,0.00045557813464736086,0.0
2022-11-19,16692.9,16689.7,-1.0,0.0,0.00019173502219937966,0.0
2022-11-20,16272.6,16693.0,-1.0,0.0,-0.02517836924680561,-0.0
2022-11-21,15773.0,16272.7,-1.0,0.0,-0.030701916104371785,-0.0
2022-11-22,16220.6,15772.9,-1.0,0.0,0.028377607303620156,0.0
2022-11-23,16595.8,16220.5,-1.0,0.0,0.02313108023131072,0.0
2022-11-24,16592.4,16595.8,-1.0,0.0,-0.0002048711119679858,-0.0
2022-11-25,16516.1,16592.5,-1.0,0.0,-0.0045984908753406994,-0.0
2022-11-26,16449.2,16516.2,-1.0,0.0,-0.004050593057682961,-0.0
2022-11-27,16422.6,16449.2,-1.0,0.0,-0.0016170999197531177,-0.0
2022-11-28,16204.5,16422.5,-1.0,0.0,-0.01328047933944676,-0.0
2022-11-29,16433.2,16204.6,-1.0,0.0,0.014113363571847337,0.0
2022-11-30,17153.3,16433.3,-1.0,0.0,0.04381982815276375,0.0
2022-12-01,16970.5,17153.4,-1.0,0.0,-0.010656841540694795,-0.0
2022-12-02,17083.0,16970.5,-1.0,0.0,0.0066291505848383725,0.0
2022-12-03,16879.5,17083.0,-1.0,0.0,-0.011912427559562122,-0.0
2022-12-04,17099.5,16879.5,-1.0,0.0,0.013033561420658257,0.0
2022-12-05,16958.3,17099.5,-1.0,0.0,-0.008257551390391527,-0.0
2022-12-06,17078.6,16958.2,-1.0,0.0,0.007093871437584998,0.0
2022-12-07,16828.0,17078.7,-1.0,0.0,-0.014673333879826167,-0.0
2022-12-08,17216.0,16828.0,-1.0,0.0,0.023056810078440737,0.0
2022-12-09,17122.0,17216.0,0.0,0.5,-0.005460037174721211,-0.0
2022-12-10,17120.0,17122.0,-1.0,0.0,-0.00011680878402053896,-5.840439201026948e-05
2022-12-11,17077.3,17120.1,0.0,0.5,-0.002494158878504682,-0.0
2022-12-12,17200.0,17077.3,0.0,0.5,0.007184976547814914,0.003592488273907457
2022-12-13,17777.1,17200.0,0.0,0.5,0.033552325581395204,0.016776162790697602
2022-12-14,17803.9,17777.1,0.0,0.5,0.0015075574756289178,0.0007537787378144589
2022-12-15,17351.8,17804.0,0.0,0.5,-0.02539331270114986,-0.01269665635057493
2022-12-16,16624.1,17351.9,-1.0,0.0,-0.04193801219470028,-0.02096900609735014
2022-12-17,16768.0,16624.1,0.0,0.5,0.008656107699063442,0.0
2022-12-18,16730.3,16768.1,0.0,0.5,-0.0022483301526717847,-0.0011241650763358924
2022-12-19,16429.2,16730.4,-1.0,0.0,-0.01799728636067488,-0.00899864318033744
2022-12-20,16887.2,16429.2,0.0,0.5,0.027877194263871585,0.0
2022-12-21,16819.6,16887.3,0.0,0.5,-0.004003031882135688,-0.002001515941067844
2022-12-22,16815.5,16819.7,0.0,0.5,-0.00024376322861419109,-0.00012188161430709554
2022-12-23,16776.4,16815.5,0.0,0.5,-0.0023252356456839873,-0.0011626178228419937
2022-12-24,16828.9,16776.3,0.0,0.5,0.0031293960563649748,0.0015646980281824874
2022-12-25,16824.4,16829.0,0.0,0.5,-0.00026739715608270487,-0.00013369857804135243
2022-12-26,16912.9,16824.5,0.0,0.5,0.005260217303440173,0.0026301086517200867
2022-12-27,16698.2,16912.8,0.0,0.5,-0.012694452163733105,-0.006347226081866553
2022-12-28,16539.0,16698.2,0.0,0.5,-0.009533961744379704,-0.004766980872189852
2022-12-29,16630.3,16538.9,0.0,0.5,0.0055202853860572,0.0027601426930286
2022-12-30,16601.2,16630.3,-1.0,0.0,-0.0017498181031009308,-0.0008749090515504654
2022-12-31,16537.6,16601.2,-1.0,0.0,-0.0038310483579501176,-0.0
2023-01-01,16610.3,16537.5,-1.0,0.0,0.004396042956656299,0.0
2023-01-02,16666.0,16610.4,-1.0,0.0,0.0033533409992594354,0.0
2023-01-03,16667.2,16665.9,-1.0,0.0,7.20028801153294e-05,0.0
2023-01-04,16842.1,16667.3,-1.0,0.0,0.010493664202745334,0.0
2023-01-05,16823.8,16842.2,-1.0,0.0,-0.0010865628395508864,-0.0
2023-01-06,16943.8,16823.8,0.0,0.5,0.007132752410276,0.0
2023-01-07,16936.5,16943.9,-1.0,0.0,-0.00043083605802707314,-0.00021541802901353657
2023-01-08,17124.7,16936.5,0.0,0.5,0.011112095179051096,0.0
2023-01-09,17169.7,17124.6,0.0,0.5,0.002627783260436667,0.0013138916302183334
2023-01-10,17428.8,17169.6,0.0,0.5,0.01509053740018751,0.007545268700093755
2023-01-11,17935.7,17428.8,0.0,0.5,0.029084044799412512,0.014542022399706256
2023-01-12,18838.0,17935.6,0.0,0.5,0.05030748730186163,0.025153743650930815
2023-01-13,19924.2,18838.1,1.0,1.0,0.057660048837456346,0.028830024418728173
2023-01-14,20962.8,19924.3,1.0,1.0,0.052127563465534266,0.052127563465534266
2023-01-15,20882.7,20962.8,1.0,1.0,-0.0038210544392923707,-0.0038210544392923707
2023-01-16,21188.3,20882.7,1.0,1.0,0.014634122982181363,0.014634122982181363
2023-01-17,21130.9,21188.2,1.0,1.0,-0.002709042254451677,-0.002709042254451677
2023-01-18,20680.0,21130.8,1.0,1.0,-0.02133841909241918,-0.02133841909241918
2023-01-19,21068.3,20680.1,1.0,1.0,0.018776595744680824,0.018776595744680824
2023-01-20,22661.1,21068.3,1.0,1.0,0.07560173340990972,0.07560173340990972
2023-01-21,22781.9,22661.0,1.0,1.0,0.005330720927051225,0.005330720927051225
2023-01-22,22704.6,22781.8,1.0,1.0,-0.00339304447829214,-0.00339304447829214
2023-01-23,22913.1,22704.7,1.0,1.0,0.009183161121534944,0.009183161121534944
2023-01-24,22627.4,22913.3,1.0,1.0,-0.012468849697334639,-0.012468849697334639
2023-01-25,23060.6,22627.5,1.0,1.0,0.0191449304825122,0.0191449304825122
2023-01-26,23001.9,23060.6,1.0,1.0,-0.0025454671604380197,-0.0025454671604380197
2023-01-27,23068.0,23001.9,1.0,1.0,0.0028736756528808804,0.0028736756528808804
2023-01-28,23015.9,23068.1,1.0,1.0,-0.002258539968787887,-0.002258539968787887
2023-01-29,23740.3,23016.0,1.0,1.0,0.0314738941340551,0.0314738941340551
2023-01-30,22819.9,23740.2,1.0,1.0,-0.03876951849808119,-0.03876951849808119
2023-01-31,23119.4,22819.9,1.0,1.0,0.013124509748070778,0.013124509748070778
2023-02-01,23730.0,23119.5,1.0,1.0,0.026410720001384114,0.026410720001384114
2023-02-02,23493.1,23730.1,1.0,1.0,-0.009983143699957897,-0.009983143699957897
2023-02-03,23424.7,23493.0,1.0,1.0,-0.002911493161821932,-0.002911493161821932
2023-02-04,23322.6,23424.7,1.0,1.0,-0.004358647069119481,-0.004358647069119481
2023-02-05,22929.2,23322.6,1.0,1.0,-0.01686775916921779,-0.01686775916921779
2023-02-06,22757.7,22929.3,1.0,1.0,-0.007479545732079651,-0.007479545732079651
2023-02-07,23234.1,22757.8,1.0,1.0,0.020933574130953314,0.020933574130953314
2023-02-08,22955.9,23234.1,1.0,1.0,-0.011973779918309613,-0.011973779918309613
2023-02-09,21793.4,22955.9,1.0,1.0,-0.05064057606105621,-0.05064057606105621
2023-02-10,21618.6,21793.3,1.0,1.0,-0.008020776932465945,-0.008020776932465945
2023-02-11,21851.3,21618.6,1.0,1.0,0.01076387925212563,0.01076387925212563
2023-02-12,21771.1,21851.2,1.0,1.0,-0.003670262181197481,-0.003670262181197481
2023-02-13,21766.2,21771.0,1.0,1.0,-0.0002250690135086053,-0.0002250690135086053
2023-02-14,22187.4,21766.1,1.0,1.0,0.01935110400529272,0.01935110400529272
2023-02-15,24332.6,22187.4,1.0,1.0,0.09668550618819682,0.09668550618819682
2023-02-16,23526.6,24332.7,1.0,1.0,-0.03312428593738437,-0.03312428593738437
2023-02-17,24581.5,23526.6,1.0,1.0,0.044838608213681574,0.044838608213681574
2023-02-18,24636.9,24581.3,1.0,1.0,0.0022537273966194427,0.0022537273966194427
2023-02-19,24265.9,24636.8,1.0,1.0,-0.015058712743892255,-0.015058712743892255
2023-02-20,24849.9,24265.9,1.0,1.0,0.02406669441479603,0.02406669441479603
2023-02-21,24443.4,24849.9,1.0,1.0,-0.016358214721186037,-0.016358214721186037
2023-02-22,24171.3,24443.3,1.0,1.0,-0.011131839269496124,-0.011131839269496124
2023-02-23,23928.8,24171.3,1.0,1.0,-0.010032559274842479,-0.010032559274842479
2023-02-24,23175.6,23928.7,1.0,1.0,-0.03147671425228182,-0.03147671425228182
2023-02-25,23146.2,23175.5,1.0,1.0,-0.0012685755708589097,-0.0012685755708589097
2023-02-26,23545.3,23146.2,1.0,1.0,0.017242571134786555,0.017242571134786555
2023-02-27,23480.0,23545.2,1.0,1.0,-0.0027733772769936715,-0.0027733772769936715
2023-02-28,23129.6,23480.0,0.0,0.5,-0.014923339011925107,-0.014923339011925107
2023-03-01,23619.8,23129.7,1.0,1.0,0.021193622025456493,0.010596811012728247
2023-03-02,23457.1,23619.8,1.0,1.0,-0.006888288639192552,-0.006888288639192552
2023-03-03,22342.8,23457.1,0.0,0.5,-0.04750374087163367,-0.04750374087163367
2023-03-04,22335.7,22342.8,0.0,0.5,-0.000317775748786997,-0.0001588878743934985
2023-03-05,22419.4,22335.8,0.0,0.5,0.0037473640852985213,0.0018736820426492606
2023-03-06,22397.1,22419.3,0.0,0.5,-0.000994674255332617,-0.0004973371276663086
2023-03-07,22187.1,22397.1,0.0,0.5,-0.00937621388483334,-0.00468810694241667
2023-03-08,21695.4,22187.1,0.0,0.5,-0.022161526292304834,-0.011080763146152417
2023-03-09,20348.3,21695.3,0.0,0.5,-0.06209150326797397,-0.031045751633986984
2023-03-10,20140.3,20348.4,0.0,0.5,-0.010221984146095764,-0.005110992073047882
2023-03-11,20447.3,20140.3,0.0,0.5,0.015243069864897762,0.007621534932448881
2023-03-12,21986.2,20447.3,1.0,1.0,0.07526177050270699,0.037630885251353496
2023-03-13,24119.5,21986.2,1.0,1.0,0.09702904549217228,0.09702904549217228
2023-03-14,24682.5,24119.5,1.0,1.0,0.023342109081863294,0.023342109081863294
2023-03-15,24288.0,24682.5,1.0,1.0,-0.01598298389547248,-0.01598298389547248
2023-03-16,24990.4,24287.9,1.0,1.0,0.02891963109354423,0.02891963109354423
2023-03-17,27384.0,24990.5,1.0,1.0,0.09578077981945055,0.09578077981945055
2023-03-18,26907.0,27383.9,1.0,1.0,-0.017418930762489016,-0.017418930762489016
2023-03-19,27955.7,26907.0,1.0,1.0,0.038974987921358784,0.038974987921358784
2023-03-20,27704.1,27955.8,1.0,1.0,-0.00899995349785565,-0.00899995349785565
2023-03-21,28091.1,27704.1,1.0,1.0,0.013969051512231045,0.013969051512231045
2023-03-22,27233.8,28091.1,1.0,1.0,-0.0305185628188287,-0.0305185628188287
2023-03-23,28284.1,27233.8,1.0,1.0,0.03856604660385243,0.03856604660385243
2023-03-24,27438.9,28284.0,1.0,1.0,-0.029882513496982344,-0.029882513496982344
2023-03-25,27447.3,27439.0,1.0,1.0,0.0003061347211439358,0.0003061347211439358
2023-03-26,27954.3,27447.2,1.0,1.0,0.018471762249838708,0.018471762249838708
2023-03-27,27112.0,27954.3,1.0,1.0,-0.030131321478269912,-0.030131321478269912
2023-03-28,27249.7,27112.0,1.0,1.0,0.005078931838300438,0.005078931838300438
2023-03-29,28338.5,27249.7,1.0,1.0,0.039956403189759904,0.039956403189759904
2023-03-30,28015.0,28338.6,1.0,1.0,-0.011415565396898253,-0.011415565396898253
2023-03-31,28454.9,28015.0,1.0,1.0,0.01570230233803316,0.01570230233803316
2023-04-01,28443.8,28454.8,1.0,1.0,-0.0003900909860867774,-0.0003900909860867774
2023-04-02,28161.2,28443.7,1.0,1.0,-0.009935381348483596,-0.009935381348483596
2023-04-03,27786.1,28161.3,1.0,1.0,-0.013319744897234531,-0.013319744897234531
2023-04-04,28155.2,27786.1,1.0,1.0,0.013283620227380055,0.013283620227380055
2023-04-05,28154.0,28155.1,1.0,1.0,-4.262090129003582e-05,-4.262090129003582e-05
2023-04-06,28022.8,28154.0,1.0,1.0,-0.004660083824678529,-0.004660083824678529
2023-04-07,27890.7,28022.9,1.0,1.0,-0.004714018584866531,-0.004714018584866531
2023-04-08,27924.9,27890.7,1.0,1.0,0.0012262151900095386,0.0012262151900095386
2023-04-09,28309.4,27924.9,1.0,1.0,0.013769073479224625,0.013769073479224625
2023-04-10,29623.1,28309.4,1.0,1.0,0.046405080997830916,0.046405080997830916
2023-04-11,30185.1,29623.1,1.0,1.0,0.01897168088417489,0.01897168088417489
2023-04-12,29875.0,30185.1,1.0,1.0,-0.010273280525822326,-0.010273280525822326
2023-04-13,30362.7,29874.9,1.0,1.0,0.01632468619246863,0.01632468619246863
2023-04-14,30453.1,30362.7,1.0,1.0,0.002977337325073215,0.002977337325073215
2023-04-15,30280.4,30453.0,1.0,1.0,-0.005671015430284476,-0.005671015430284476
2023-04-16,30286.6,30280.4,1.0,1.0,0.00020475290947263858,0.00020475290947263858
2023-04-17,29420.0,30286.6,1.0,1.0,-0.028613314138926094,-0.028613314138926094
2023-04-18,30365.8,29420.1,1.0,1.0,0.032148198504418746,0.032148198504418746
2023-04-19,28795.1,30365.8,1.0,1.0,-0.05172595485710896,-0.05172595485710896
2023-04-20,28229.9,28795.0,1.0,1.0,-0.019628339543880657,-0.019628339543880657
2023-04-21,27252.5,28229.9,1.0,1.0,-0.03462286440972162,-0.03462286440972162
2023-04-22,27807.2,27252.6,0.0,0.5,0.020354095954499662,0.020354095954499662
2023-04-23,27576.0,27807.2,1.0,1.0,-0.008314393394516562,-0.004157196697258281
2023-04-24,27497.5,27575.9,1.0,1.0,-0.002846678270960301,-0.002846678270960301
2023-04-25,28286.7,27497.4,1.0,1.0,0.028700790980998203,0.028700790980998203
2023-04-26,28395.9,28286.7,1.0,1.0,0.003860471529022469,0.003860471529022469
2023-04-27,29459.0,28396.0,1.0,1.0,0.037438503445919924,0.037438503445919924
2023-04-28,29300.0,29459.0,1.0,1.0,-0.0053973318849926954,-0.0053973318849926954
2023-04-29,29212.7,29300.0,1.0,1.0,-0.0029795221843003095,-0.0029795221843003095
2023-04-30,29223.0,29212.7,1.0,1.0,0.000352586375103936,0.000352586375103936
2023-05-01,28054.4,29223.0,0.0,0.5,-0.03998904972111006,-0.03998904972111006
2023-05-02,28656.5,28054.5,1.0,1.0,0.02146187407322908,0.01073093703661454
2023-05-03,29018.4,28656.4,1.0,1.0,0.012628897457819477,0.012628897457819477
2023-05-04,28826.0,29018.4,1.0,1.0,-0.006630275962837384,-0.006630275962837384
2023-05-05,29491.5,28826.0,1.0,1.0,0.023086796641920593,0.023086796641920593
2023-05-06,28837.8,29491.5,1.0,1.0,-0.02216570876354207,-0.02216570876354207
2023-05-07,28419.4,28837.9,1.0,1.0,-0.014508735063007538,-0.014508735063007538
2023-05-08,27659.8,28419.5,0.0,0.5,-0.026728220863213248,-0.026728220863213248
2023-05-09,27610.2,27659.8,0.0,0.5,-0.0017932161476221786,-0.0008966080738110893
2023-05-10,27582.9,27610.2,0.0,0.5,-0.0009887650216223731,-0.0004943825108111866
2023-05-11,26956.4,27583.0,0.0,0.5,-0.022713347762563063,-0.011356673881281532
2023-05-12,26785.1,26956.4,0.0,0.5,-0.0063547061180276865,-0.0031773530590138432
2023-05-13,26762.7,26785.2,0.0,0.5,-0.0008362858454886712,-0.0004181429227443356
2023-05-14,26901.9,26762.8,0.0,0.5,0.005201268930264957,0.0026006344651324786
2023-05-15,27152.5,26901.9,0.0,0.5,0.009315327170199783,0.0046576635850998915
2023-05-16,27024.8,27152.5,0.0,0.5,-0.004703066016020663,-0.0023515330080103314
2023-05-17,27395.8,27024.7,0.0,0.5,0.01372813119801064,0.00686406559900532
2023-05-18,26809.3,27395.7,0.0,0.5,-0.021408391067243904,-0.010704195533621952
2023-05-19,26870.1,26809.4,0.0,0.5,0.0022678697317721763,0.0011339348658860882
2023-05-20,27089.5,26870.1,0.0,0.5,0.008165209656830541,0.0040826048284152705
2023-05-21,26732.8,27089.6,0.0,0.5,-0.013167463408331637,-0.006583731704165818
2023-05-22,26840.2,26732.8,0.0,0.5,0.004017536509456576,0.002008768254728288
2023-05-23,27209.9,26840.2,0.0,0.5,0.013774114946982552,0.006887057473491276
2023-05-24,26313.8,27209.9,0.0,0.5,-0.032932866346440215,-0.016466433173220107
2023-05-25,26461.8,26313.9,0.0,0.5,0.005624425206545602,0.002812212603272801
2023-05-26,26689.9,26461.7,0.0,0.5,0.008619972942127907,0.0043099864710639535
2023-05-27,26841.6,26689.8,0.0,0.5,0.005683797991000272,0.002841898995500136
2023-05-28,28055.7,26841.6,0.0,0.5,0.04523202789699576,0.02261601394849788
2023-05-29,27722.0,28055.8,0.0,0.5,-0.011894196188296902,-0.005947098094148451
2023-05-30,27680.1,27722.1,0.0,0.5,-0.0015114349614026024,-0.0007557174807013012
2023-05-31,27201.1,27680.0,0.0,0.5,-0.017304850777273173,-0.008652425388636587
2023-06-01,26805.3,27201.1,0.0,0.5,-0.014550882133443133,-0.007275441066721566
2023-06-02,27227.8,26805.3,0.0,0.5,0.015761808299105118,0.007880904149552559
2023-06-03,27054.9,27227.8,0.0,0.5,-0.006350127443274789,-0.0031750637216373945
2023-06-04,27102.4,27054.9,0.0,0.5,0.0017556893575656485,0.0008778446787828242
2023-06-05,25714.7,27102.4,0.0,0.5,-0.05120210756242993,-0.025601053781214966
2023-06-06,27221.5,25714.6,0.0,0.5,0.05859683371767899,0.029298416858839493
2023-06-07,26325.9,27221.5,0.0,0.5,-0.032900464706206445,-0.016450232353103222
2023-06-08,26485.9,26325.9,0.0,0.5,0.006077664961121831,0.0030388324805609157
2023-06-09,26468.1,26486.0,0.0,0.5,-0.0006720556975599035,-0.00033602784877995173
2023-06-10,25826.6,26468.2,0.0,0.5,-0.024236722696377888,-0.012118361348188944
2023-06-11,25909.9,25826.6,0.0,0.5,0.003225356802676327,0.0016126784013381634
2023-06-12,25894.8,25910.0,0.0,0.5,-0.0005827888181738627,-0.00029139440908693137
2023-06-13,25918.0,25894.8,0.0,0.5,0.0008959327741477896,0.0004479663870738948
2023-06-14,25115.9,25918.0,0.0,0.5,-0.03094760398178864,-0.01547380199089432
2023-06-15,25586.1,25115.9,0.0,0.5,0.01872120847749814,0.00936060423874907
2023-06-16,26336.0,25586.0,0.0,0.5,0.029308882557326,0.014654441278663
2023-06-17,26508.9,26335.9,0.0,0.5,0.0065651579586878395,0.0032825789793439197
2023-06-18,26329.7,26508.8,0.0,0.5,-0.006759993813398535,-0.0033799969066992674
2023-06-19,26828.5,26329.6,0.0,0.5,0.018944385997561763,0.009472192998780882
2023-06-20,28290.6,26828.6,1.0,1.0,0.0544980151704344,0.0272490075852172
2023-06-21,29988.5,28290.7,1.0,1.0,0.060016401207468206,0.060016401207468206
2023-06-22,29875.0,29988.5,1.0,1.0,-0.0037847841672641325,-0.0037847841672641325
2023-06-23,30673.4,29875.0,1.0,1.0,0.026724686192468594,0.026724686192468594
2023-06-24,30524.2,30673.5,1.0,1.0,-0.0048641493932853885,-0.0048641493932853885
2023-06-25,30458.0,30524.2,1.0,1.0,-0.002168771007921566,-0.002168771007921566
2023-06-26,30260.1,30458.0,1.0,1.0,-0.00649747192855743,-0.00649747192855743
2023-06-27,30683.2,30260.1,1.0,1.0,0.013982108453045594,0.013982108453045594
2023-06-28,30066.3,30683.2,1.0,1.0,-0.020105464879804025,-0.020105464879804025
2023-06-29,30439.9,30066.3,1.0,1.0,0.012425872155868989,0.012425872155868989
2023-06-30,30460.2,30439.9,1.0,1.0,0.0006668878675686329,0.0006668878675686329
2023-07-01,30573.6,30460.2,1.0,1.0,0.0037228908542950023,0.0037228908542950023
2023-07-02,30612.7,30573.6,1.0,1.0,0.0012788811262005595,0.0012788811262005595
2023-07-03,31149.0,30612.7,1.0,1.0,0.017518872886089776,0.017518872886089776
2023-07-04,30756.1,31149.0,1.0,1.0,-0.012613567048701424,-0.012613567048701424
2023-07-05,30488.4,30756.1,1.0,1.0,-0.008703964416814758,-0.008703964416814758
2023-07-06,29874.4,30488.4,1.0,1.0,-0.020138806890489525,-0.020138806890489525
2023-07-07,30327.9,29874.3,1.0,1.0,0.015180221192726773,0.015180221192726773
2023-07-08,30269.3,30328.0,1.0,1.0,-0.0019322142317800273,-0.0019322142317800273
2023-07-09,30147.8,30269.2,1.0,1.0,-0.004013967947722574,-0.004013967947722574
2023-07-10,30396.9,30147.8,1.0,1.0,0.00826262612860651,0.00826262612860651
2023-07-11,30608.4,30396.9,1.0,1.0,0.006957946369531065,0.006957946369531065
2023-07-12,30368.9,30608.3,1.0,1.0,-0.007824649442636611,-0.007824649442636611
2023-07-13,31441.7,30368.9,1.0,1.0,0.03532561271564005,0.03532561271564005
2023-07-14,30293.3,31441.6,1.0,1.0,-0.036524742618878836,-0.036524742618878836
2023-07-15,30276.4,30293.3,1.0,1.0,-0.0005578791349901691,-0.0005578791349901691
2023-07-16,30216.8,30276.5,1.0,1.0,-0.001968529944115005,-0.001968529944115005
2023-07-17,30126.1,30216.9,1.0,1.0,-0.003001641470969818,-0.003001641470969818
2023-07-18,29845.6,30126.0,1.0,1.0,-0.009310863337770203,-0.009310863337770203
2023-07-19,29895.5,29845.7,1.0,1.0,0.0016719382421530593,0.0016719382421530593
2023-07-20,29791.0,29895.5,1.0,1.0,-0.003495509357595572,-0.003495509357595572
2023-07-21,29891.4,29791.0,0.0,0.5,0.0033701453459098474,0.0033701453459098474
2023-07-22,29783.5,29891.5,0.0,0.5,-0.0036097339033970277,-0.0018048669516985139
2023-07-23,30070.8,29783.5,0.0,0.5,0.009646280658754058,0.004823140329377029
2023-07-24,29163.8,30070.9,0.0,0.5,-0.03016215065778094,-0.01508107532889047
2023-07-25,29216.3,29163.8,0.0,0.5,0.0018001769316755567,0.0009000884658377784
2023-07-26,29336.0,29216.2,0.0,0.5,0.00409702802887435,0.002048514014437175
2023-07-27,29209.7,29336.0,0.0,0.5,-0.004305290428142872,-0.002152645214071436
2023-07-28,29299.9,29209.8,0.0,0.5,0.003088015282594503,0.0015440076412972514
2023-07-29,29339.1,29300.0,0.0,0.5,0.0013378885252166572,0.0006689442626083286
2023-07-30,29271.1,29339.1,0.0,0.5,-0.002317726174286161,-0.0011588630871430805
2023-07-31,29220.8,29271.2,0.0,0.5,-0.0017184185083580772,-0.0008592092541790386
2023-08-01,29701.2,29220.8,0.0,0.5,0.016440343864644325,0.008220171932322162
2023-08-02,29170.1,29701.2,0.0,0.5,-0.01788143240003781,-0.008940716200018906
2023-08-03,29180.2,29170.2,0.0,0.5,0.00034624495630808383,0.00017312247815404191
2023-08-04,29101.1,29180.1,0.0,0.5,-0.002710742215612072,-0.001355371107806036
2023-08-05,29057.7,29101.1,0.0,0.5,-0.0014913525605561029,-0.0007456762802780514
2023-08-06,29075.9,29057.7,0.0,0.5,0.0006263400062633817,0.00031317000313169086
2023-08-07,29202.7,29075.9,0.0,0.5,0.004361000003439308,0.002180500001719654
2023-08-08,29759.0,29202.7,0.0,0.5,0.01904960842661807,0.009524804213309035
2023-08-09,29572.8,29758.9,-1.0,0.0,-0.006256930676434069,-0.0031284653382170347
2023-08-10,29443.7,29572.9,-1.0,0.0,-0.004365498025212355,-0.0
2023-08-11,29415.5,29443.7,-1.0,0.0,-0.0009577600641224038,-0.0
2023-08-12,29420.7,29415.5,-1.0,0.0,0.0001767775492511614,0.0
2023-08-13,29293.3,29420.8,-1.0,0.0,-0.0043302844595812795,-0.0
2023-08-14,29419.5,29293.3,-1.0,0.0,0.004308152376140573,0.0
2023-08-15,29188.8,29419.5,-1.0,0.0,-0.007841737623005218,-0.0
2023-08-16,28714.4,29188.9,-1.0,0.0,-0.016252809296716464,-0.0
2023-08-17,26609.7,28714.4,-1.0,0.0,-0.07329771821803699,-0.0
2023-08-18,26042.1,26609.7,-1.0,0.0,-0.021330567424660996,-0.0
2023-08-19,26088.3,26042.0,-1.0,0.0,0.00177405047980006,0.0
2023-08-20,26175.9,26088.4,-1.0,0.0,0.0033578270719059056,0.0
2023-08-21,26115.4,26175.9,-1.0,0.0,-0.0023112863359043834,-0.0
2023-08-22,26044.4,26115.4,-1.0,0.0,-0.002718702374843951,-0.0
2023-08-23,26419.2,26044.5,-1.0,0.0,0.014390809540630656,0.0
2023-08-24,26164.6,26419.2,-1.0,0.0,-0.009636930717054293,-0.0
2023-08-25,26051.7,26164.6,-1.0,0.0,-0.004314990483324732,-0.0
2023-08-26,26004.3,26051.7,-1.0,0.0,-0.0018194589988369536,-0.0
2023-08-27,26087.7,26004.3,-1.0,0.0,0.0032071618924562895,0.0
2023-08-28,26106.5,26087.6,-1.0,0.0,0.0007206461282520671,0.0
2023-08-29,27700.1,26106.5,-1.0,0.0,0.06104226916668254,0.0
2023-08-30,27290.4,27700.1,-1.0,0.0,-0.014790560322886837,-0.0
2023-08-31,25928.0,27290.4,-1.0,0.0,-0.049922317005247296,-0.0
2023-09-01,25795.6,25928.0,-1.0,0.0,-0.005106448626967075,-0.0
2023-09-02,25855.8,25795.6,-1.0,0.0,0.0023337313340259236,0.0
2023-09-03,25962.1,25855.8,-1.0,0.0,0.004111263236875162,0.0
2023-09-04,25814.0,25962.1,-1.0,0.0,-0.005704469207036378,-0.0
2023-09-05,25779.7,25814.0,-1.0,0.0,-0.0013287363446191636,-0.0
2023-09-06,25747.4,25779.7,-1.0,0.0,-0.0012529238121467001,-0.0
2023-09-07,26240.7,25747.4,-1.0,0.0,0.019159216076186203,0.0
2023-09-08,25899.8,26240.7,-1.0,0.0,-0.012991269287785823,-0.0
2023-09-09,25892.6,25899.9,-1.0,0.0,-0.00027799442466736046,-0.0
2023-09-10,25828.4,25892.6,-1.0,0.0,-0.0024794728995928272,-0.0
2023-09-11,25150.4,25828.4,-1.0,0.0,-0.026250174226820078,-0.0
2023-09-12,25825.8,25150.4,-1.0,0.0,0.02685444366689982,0.0
2023-09-13,26209.9,25825.8,-1.0,0.0,0.014872724175049923,0.0
2023-09-14,26510.3,26209.9,-1.0,0.0,0.011461318051575908,0.0
2023-09-15,26591.1,26510.3,-1.0,0.0,0.003047871959200643,0.0
2023-09-16,26546.9,26591.1,-1.0,0.0,-0.0016622102884046308,-0.0
2023-09-17,26514.2,26547.0,0.0,0.5,-0.0012317822419943836,-0.0
2023-09-18,26749.9,26514.2,1.0,1.0,0.008889576151646983,0.0044447880758234914
2023-09-19,27196.0,26749.9,1.0,1.0,0.01667669785681447,0.01667669785681447
2023-09-20,27107.7,27195.9,0.0,0.5,-0.0032468010001470704,-0.0032468010001470704
2023-09-21,26552.6,27107.7,1.0,1.0,-0.020477576481959026,-0.010238788240979513
2023-09-22,26566.7,26552.6,1.0,1.0,0.0005310214442277861,0.0005310214442277861
2023-09-23,26563.1,26566.7,0.0,0.5,-0.00013550798556094534,-0.00013550798556094534
2023-09-24,26232.4,26563.0,0.0,0.5,-0.012449601138421196,-0.006224800569210598
2023-09-25,26290.5,26232.4,0.0,0.5,0.0022148183162806756,0.0011074091581403378
2023-09-26,26208.8,26290.5,0.0,0.5,-0.003107586390521333,-0.0015537931952606665
2023-09-27,26359.6,26208.7,0.0,0.5,0.0057537926192727795,0.0028768963096363898
2023-09-28,27011.8,26359.6,-1.0,0.0,0.024742408837767016,0.012371204418883508
2023-09-29,26890.9,27011.7,0.0,0.5,-0.004475821677933256,-0.0
2023-09-30,26950.9,26890.9,0.0,0.5,0.0022312380768214624,0.0011156190384107312
2023-10-01,27981.4,26951.0,1.0,1.0,0.03823619990427041,0.019118099952135204
2023-10-02,27477.6,27981.4,1.0,1.0,-0.018004817485901436,-0.018004817485901436
2023-10-03,27412.0,27477.7,1.0,1.0,-0.0023873991906133707,-0.0023873991906133707
2023-10-04,27759.8,27412.0,1.0,1.0,0.012687873923828974,0.012687873923828974
2023-10-05,27398.4,27759.7,1.0,1.0,-0.013018825784047339,-0.013018825784047339
2023-10-06,27916.3,27398.3,1.0,1.0,0.018902563653351967,0.018902563653351967
2023-10-07,27943.0,27916.3,1.0,1.0,0.0009564304725195871,0.0009564304725195871
2023-10-08,27901.2,27943.0,1.0,1.0,-0.0014959023726872633,-0.0014959023726872633
2023-10-09,27578.3,27901.2,1.0,1.0,-0.011572978939973999,-0.011572978939973999
2023-10-10,27381.2,27578.4,1.0,1.0,-0.007146923486944345,-0.007146923486944345
2023-10-11,26864.5,27381.3,1.0,1.0,-0.018870611952726768,-0.018870611952726768
2023-10-12,26744.0,26864.5,1.0,1.0,-0.004485473394256312,-0.004485473394256312
2023-10-13,26849.8,26744.0,1.0,1.0,0.0039560275201913075,0.0039560275201913075
2023-10-14,26836.3,26849.7,1.0,1.0,-0.0005027970413187255,-0.0005027970413187255
2023-10-15,27139.8,26836.4,1.0,1.0,0.011309308660284678,0.011309308660284678
2023-10-16,28486.3,27139.8,1.0,1.0,0.04961348278174493,0.04961348278174493
2023-10-17,28381.9,28486.3,1.0,1.0,-0.0036649196280316154,-0.0036649196280316154
2023-10-18,28307.1,28382.0,1.0,1.0,-0.0026354824729846182,-0.0026354824729846182
2023-10-19,28696.9,28307.2,0.0,0.5,0.013770396826238152,0.013770396826238152
2023-10-20,29653.0,28697.0,0.0,0.5,0.03331718757078295,0.016658593785391473
2023-10-21,29895.4,29653.0,0.0,0.5,0.008174552321856154,0.004087276160928077
2023-10-22,29981.5,29895.4,0.0,0.5,0.002880041745552786,0.001440020872776393
2023-10-23,33074.0,29981.4,1.0,1.0,0.10314694061337826,0.05157347030668913
2023-10-24,33917.0,33074.0,1.0,1.0,0.02548829896595506,0.02548829896595506
2023-10-25,34487.7,33917.0,1.0,1.0,0.016826370256803225,0.016826370256803225
2023-10-26,34154.0,34487.8,1.0,1.0,-0.00967591344160379,-0.00967591344160379
2023-10-27,33893.1,34154.0,1.0,1.0,-0.007638929554371399,-0.007638929554371399
2023-10-28,34086.6,33893.2,1.0,1.0,0.005709126636395112,0.005709126636395112
2023-10-29,34528.6,34086.7,1.0,1.0,0.012966972358639417,0.012966972358639417
2023-10-30,34483.8,34528.6,1.0,1.0,-0.0012974751365533166,-0.0012974751365533166
2023-10-31,34651.4,34483.8,1.0,1.0,0.004860253220352773,0.004860253220352773
2023-11-01,35437.4,34651.4,1.0,1.0,0.022683066196459656,0.022683066196459656
2023-11-02,34940.1,35437.5,1.0,1.0,-0.014033196566339612,-0.014033196566339612
2023-11-03,34700.4,34940.1,1.0,1.0,-0.006860312363158538,-0.006860312363158538
2023-11-04,35069.7,34700.5,1.0,1.0,0.010642528616384705,0.010642528616384705
2023-11-05,35025.5,35069.7,1.0,1.0,-0.00126034725133084,-0.00126034725133084
2023-11-06,35057.4,35025.5,1.0,1.0,0.0009107650140611767,0.0009107650140611767
2023-11-07,35406.5,35057.5,1.0,1.0,0.009957954668629032,0.009957954668629032
2023-11-08,35626.7,35406.5,1.0,1.0,0.006219197040091329,0.006219197040091329
2023-11-09,36719.5,35626.7,1.0,1.0,0.030673623995486565,0.030673623995486565
2023-11-10,37330.4,36719.6,1.0,1.0,0.016636936777461697,0.016636936777461697
2023-11-11,37162.1,37330.3,1.0,1.0,-0.004508389944924307,-0.004508389944924307
2023-11-12,37085.5,37162.1,1.0,1.0,-0.0020612398115283925,-0.0020612398115283925
2023-11-13,36486.2,37085.6,1.0,1.0,-0.016159954699276113,-0.016159954699276113
2023-11-14,35559.0,36486.2,1.0,1.0,-0.025412347682137293,-0.025412347682137293
2023-11-15,37885.6,35559.1,1.0,1.0,0.0654292865378665,0.0654292865378665
2023-11-16,36176.0,37885.5,1.0,1.0,-0.04512532466161279,-0.04512532466161279
2023-11-17,36621.9,36176.0,1.0,1.0,0.01232585139318898,0.01232585139318898
2023-11-18,36580.9,36621.9,1.0,1.0,-0.0011195486853494696,-0.0011195486853494696
2023-11-19,37375.9,36580.9,1.0,1.0,0.02173265283248904,0.02173265283248904
2023-11-20,37462.5,37375.8,1.0,1.0,0.0023170010621818005,0.0023170010621818005
2023-11-21,35737.0,37462.6,1.0,1.0,-0.04605939272605941,-0.04605939272605941
2023-11-22,37413.4,35737.0,1.0,1.0,0.04690936564345072,0.04690936564345072
2023-11-23,37294.3,37413.5,1.0,1.0,-0.0031833514195448442,-0.0031833514195448442
2023-11-24,37706.3,37294.4,1.0,1.0,0.011047264595393846,0.011047264595393846
2023-11-25,37766.6,37706.3,1.0,1.0,0.0015992022553259488,0.0015992022553259488
2023-11-26,37437.9,37766.7,1.0,1.0,-0.008703457552440397,-0.008703457552440397
2023-11-27,37234.3,37437.9,1.0,1.0,-0.0054383392230866745,-0.0054383392230866745
2023-11-28,37812.1,37234.4,1.0,1.0,0.015517949847318135,0.015517949847318135
2023-11-29,37837.1,37812.0,1.0,1.0,0.0006611640189251311,0.0006611640189251311
2023-11-30,37716.8,37837.2,1.0,1.0,-0.003179419141530304,-0.003179419141530304
2023-12-01,38660.0,37716.9,1.0,1.0,0.02500742374750775,0.02500742374750775
2023-12-02,39435.0,38659.9,1.0,1.0,0.020046559751681237,0.020046559751681237
2023-12-03,39979.7,39435.1,1.0,1.0,0.01381260301762377,0.01381260301762377
2023-12-04,41993.1,39979.8,1.0,1.0,0.05036055798317651,0.05036055798317651
2023-12-05,44081.7,41993.1,1.0,1.0,0.049736742464833394,0.049736742464833394
2023-12-06,43774.8,44081.7,1.0,1.0,-0.006962072696833244,-0.006962072696833244
2023-12-07,43296.0,43775.1,1.0,1.0,-0.010937799830039285,-0.010937799830039285
2023-12-08,44209.5,43296.0,1.0,1.0,0.0210989467849223,0.0210989467849223
2023-12-09,43734.3,44209.6,1.0,1.0,-0.010748820954772142,-0.010748820954772142
2023-12-10,43810.0,43734.2,1.0,1.0,0.0017309068625768198,0.0017309068625768198
2023-12-11,41271.0,43810.1,1.0,1.0,-0.05795480483907789,-0.05795480483907789
2023-12-12,41515.0,41271.1,1.0,1.0,0.005912141697560047,0.005912141697560047
2023-12-13,42875.0,41514.9,1.0,1.0,0.03275924364687466,0.03275924364687466
2023-12-14,43032.4,42875.0,1.0,1.0,0.003671137026239002,0.003671137026239002
2023-12-15,41968.0,43032.3,1.0,1.0,-0.024734850949517106,-0.024734850949517106
2023-12-16,42287.4,41968.0,1.0,1.0,0.007610560426992041,0.007610560426992041
2023-12-17,41396.5,42287.4,1.0,1.0,-0.021067741218424474,-0.021067741218424474
2023-12-18,42671.7,41396.6,1.0,1.0,0.03080453661541438,0.03080453661541438
2023-12-19,42298.3,42671.8,1.0,1.0,-0.008750530210889007,-0.008750530210889007
2023-12-20,43708.9,42298.2,1.0,1.0,0.03334885799192877,0.03334885799192877
2023-12-21,43896.3,43708.9,1.0,1.0,0.00428745633040406,0.00428745633040406
2023-12-22,43999.2,43896.4,1.0,1.0,0.0023441611251973082,0.0023441611251973082
2023-12-23,43725.2,43999.2,1.0,1.0,-0.006227385952471853,-0.006227385952471853
2023-12-24,43008.4,43725.2,1.0,1.0,-0.016393292655036307,-0.016393292655036307
2023-12-25,43611.9,43008.4,1.0,1.0,0.014032142558197958,0.014032142558197958
2023-12-26,42538.5,43611.9,1.0,1.0,-0.024612548409952417,-0.024612548409952417
2023-12-27,43453.8,42538.6,1.0,1.0,0.021516978736908943,0.021516978736908943
2023-12-28,42600.1,43453.8,1.0,1.0,-0.019646152925636096,-0.019646152925636096
2023-12-29,42095.1,42600.1,1.0,1.0,-0.011854432266590886,-0.011854432266590886
2023-12-30,42174.2,42095.1,1.0,1.0,0.0018790785625879547,0.0018790785625879547
2023-12-31,42314.0,42174.3,1.0,1.0,0.003314822806360418,0.003314822806360418
2024-01-01,44230.2,42314.0,1.0,1.0,0.045285248381150334,0.045285248381150334
2024-01-02,44979.8,44230.3,1.0,1.0,0.016947696370353427,0.016947696370353427
2024-01-03,42849.5,44979.7,1.0,1.0,-0.047361259943352385,-0.047361259943352385
2024-01-04,44143.8,42849.5,1.0,1.0,0.03020572002007027,0.03020572002007027
2024-01-05,44145.4,44143.8,1.0,1.0,3.6245180523586384e-05,3.6245180523586384e-05
2024-01-06,43956.7,44145.3,1.0,1.0,-0.004274511047583807,-0.004274511047583807
2024-01-07,43916.9,43956.6,0.0,0.5,-0.0009054364863603226,-0.0009054364863603226
2024-01-08,46972.7,43916.9,1.0,1.0,0.06958141398869211,0.034790706994346055
2024-01-09,46114.0,46972.6,1.0,1.0,-0.018280831206211157,-0.018280831206211157
2024-01-10,46662.9,46113.9,1.0,1.0,0.011903109684694435,0.011903109684694435
2024-01-11,46337.8,46663.0,1.0,1.0,-0.006966990907123161,-0.006966990907123161
2024-01-12,42788.9,46337.9,0.0,0.5,-0.07658758076559524,-0.07658758076559524
2024-01-13,42846.4,42789.0,0.0,0.5,0.0013438064544777362,0.0006719032272388681
2024-01-14,41734.9,42846.4,0.0,0.5,-0.025941502670002614,-0.012970751335001307
2024-01-15,42515.0,41734.9,1.0,1.0,0.018691790324165014,0.009345895162082507
2024-01-16,43133.0,42515.0,1.0,1.0,0.014536046101375932,0.014536046101375932
2024-01-17,42783.4,43133.0,1.0,1.0,-0.008105163100178503,-0.008105163100178503
2024-01-18,41323.1,42783.3,0.0,0.5,-0.03413239714468708,-0.03413239714468708
2024-01-19,41662.2,41323.2,0.0,0.5,0.008206063920664253,0.004103031960332126
2024-01-20,41691.8,41662.1,0.0,0.5,0.0007104761630447598,0.0003552380815223799
2024-01-21,41580.0,41691.8,0.0,0.5,-0.002681582469454491,-0.0013407912347272455
2024-01-22,39567.0,41579.9,0.0,0.5,-0.04841269841269846,-0.02420634920634923
2024-01-23,39890.0,39567.1,0.0,0.5,0.008163368463618648,0.004081684231809324
2024-01-24,40078.7,39889.9,0.0,0.5,0.004730508899473573,0.0023652544497367867
2024-01-25,39953.3,40078.8,0.0,0.5,-0.003128843999430919,-0.0015644219997154596
2024-01-26,41806.4,39953.3,0.0,0.5,0.04638165057704868,0.02319082528852434
2024-01-27,42102.2,41806.4,0.0,0.5,0.007075471698113178,0.003537735849056589
2024-01-28,42021.2,42102.2,0.0,0.5,-0.0019238899629948625,-0.0009619449814974312
2024-01-29,43287.7,42021.2,1.0,1.0,0.030139548608797417,0.015069774304398709
2024-01-30,42918.3,43287.6,1.0,1.0,-0.00853360192387198,-0.00853360192387198
2024-01-31,42560.5,42918.3,0.0,0.5,-0.008336770095740076,-0.008336770095740076
2024-02-01,43072.6,42560.5,0.0,0.5,0.012032283455316595,0.006016141727658297
2024-02-02,43182.0,43072.6,1.0,1.0,0.0025398977540247447,0.0012699488770123724
2024-02-03,42992.4,43182.0,0.0,0.5,-0.004390718354870038,-0.004390718354870038
2024-02-04,42570.3,42992.4,0.0,0.5,-0.009818014346721693,-0.0049090071733608465
2024-02-05,42692.9,42570.3,0.0,0.5,0.002879942119270895,0.0014399710596354476
2024-02-06,43079.1,42692.9,0.0,0.5,0.009046000623054384,0.004523000311527192
2024-02-07,44326.2,43079.1,0.0,0.5,0.028949072752216143,0.014474536376108071
2024-02-08,45269.1,44326.3,0.0,0.5,0.021271843740271024,0.010635921870135512
2024-02-09,47116.1,45269.2,1.0,1.0,0.04080045770735441,0.020400228853677205
2024-02-10,47732.6,47116.1,1.0,1.0,0.013084699285382362,0.013084699285382362
2024-02-11,48303.4,47732.6,1.0,1.0,0.0119582842753172,0.0119582842753172
2024-02-12,49943.6,48303.4,1.0,1.0,0.03395620184086412,0.03395620184086412
2024-02-13,49696.4,49943.6,1.0,1.0,-0.004949583129770341,-0.004949583129770341
2024-02-14,51823.2,49696.4,1.0,1.0,0.04279585644030548,0.04279585644030548
2024-02-15,51898.5,51823.1,1.0,1.0,0.001453017181494154,0.001453017181494154
2024-02-16,52148.6,51898.4,1.0,1.0,0.004819021744366436,0.004819021744366436
2024-02-17,51679.4,52148.7,1.0,1.0,-0.008997365221693365,-0.008997365221693365
2024-02-18,52175.9,51679.5,1.0,1.0,0.009607309682387877,0.009607309682387877
2024-02-19,51813.8,52175.9,1.0,1.0,-0.0069399857022111044,-0.0069399857022111044
2024-02-20,52297.4,51813.7,1.0,1.0,0.009333420826111993,0.009333420826111993
2024-02-21,51877.8,52297.3,1.0,1.0,-0.008023343416689865,-0.008023343416689865
2024-02-22,51316.9,51877.9,1.0,1.0,-0.010811946535897898,-0.010811946535897898
2024-02-23,50771.9,51316.9,1.0,1.0,-0.010620282986696372,-0.010620282986696372
2024-02-24,51602.1,50771.9,1.0,1.0,0.01635156454653064,0.01635156454653064
2024-02-25,51764.9,51602.1,1.0,1.0,0.0031549103621753005,0.0031549103621753005
2024-02-26,54511.6,51764.9,1.0,1.0,0.053061051021058514,0.053061051021058514
2024-02-27,57074.5,54511.7,1.0,1.0,0.047015681066048254,0.047015681066048254
2024-02-28,62487.9,57074.5,1.0,1.0,0.09484796187439226,0.09484796187439226
2024-02-29,61203.3,62487.9,1.0,1.0,-0.020557579947477755,-0.020557579947477755
2024-03-01,62430.6,61203.3,1.0,1.0,0.020052840288023566,0.020052840288023566
2024-03-02,62039.9,62430.6,1.0,1.0,-0.006258149048703587,-0.006258149048703587
2024-03-03,63178.5,62039.9,1.0,1.0,0.018352705275153536,0.018352705275153536
2024-03-04,68296.4,63178.5,1.0,1.0,0.08100698813678697,0.08100698813678697
2024-03-05,63747.4,68296.5,1.0,1.0,-0.06660673183359578,-0.06660673183359578
2024-03-06,66128.1,63747.5,1.0,1.0,0.03734583684981674,0.03734583684981674
2024-03-07,66870.0,66128.0,1.0,1.0,0.011219133772178536,0.011219133772178536
2024-03-08,68180.2,66870.0,1.0,1.0,0.019593240616120777,0.019593240616120777
2024-03-09,68360.1,68180.2,1.0,1.0,0.002638595956010903,0.002638595956010903
2024-03-10,69001.8,68360.2,1.0,1.0,0.009387054729293798,0.009387054729293798
2024-03-11,72153.8,69001.8,1.0,1.0,0.045679967768956775,0.045679967768956775
2024-03-12,71503.2,72153.9,1.0,1.0,-0.009016850117388175,-0.009016850117388175
2024-03-13,73127.6,71503.3,1.0,1.0,0.022717864375300767,0.022717864375300767
2024-03-14,71455.5,73127.6,1.0,1.0,-0.022865511790350124,-0.022865511790350124
2024-03-15,69552.2,71455.6,1.0,1.0,-0.026636158168370616,-0.026636158168370616
2024-03-16,65351.0,69552.1,1.0,1.0,-0.06040355301485789,-0.06040355301485789
2024-03-17,68447.9,65351.0,1.0,1.0,0.047388716316506097,0.047388716316506097
2024-03-18,67660.0,68447.9,1.0,1.0,-0.01151094482080528,-0.01151094482080528
2024-03-19,61974.1,67660.0,1.0,1.0,-0.0840363582618977,-0.0840363582618977
2024-03-20,67876.4,61974.1,1.0,1.0,0.09523817207510876,0.09523817207510876
2024-03-21,65539.9,67876.4,1.0,1.0,-0.03442286273284967,-0.03442286273284967
2024-03-22,63826.0,65539.9,1.0,1.0,-0.026150482377910178,-0.026150482377910178
2024-03-23,64020.3,63826.1,1.0,1.0,0.0030442139566948523,0.0030442139566948523
2024-03-24,67260.9,64020.4,1.0,1.0,0.05061831950178286,0.05061831950178286
2024-03-25,69920.5,67260.9,1.0,1.0,0.03954154642593255,0.03954154642593255
2024-03-26,70044.1,69920.6,1.0,1.0,0.0017677219127438804,0.0017677219127438804
2024-03-27,69532.6,70044.2,1.0,1.0,-0.007302542255521849,-0.007302542255521849
2024-03-28,70838.7,69532.6,1.0,1.0,0.01878399484558302,0.01878399484558302
2024-03-29,69903.6,70838.8,1.0,1.0,-0.013200411639400333,-0.013200411639400333
2024-03-30,69642.1,69903.6,1.0,1.0,-0.003740865992595488,-0.003740865992595488
2024-03-31,71363.0,69642.0,1.0,1.0,0.024710627623233616,0.024710627623233616
2024-04-01,69700.0,71363.0,1.0,1.0,-0.023303392514328114,-0.023303392514328114
2024-04-02,65505.3,69700.0,1.0,1.0,-0.060182209469153425,-0.060182209469153425
2024-04-03,65971.9,65502.4,0.0,0.5,0.007123087750151358,0.007123087750151358
2024-04-04,68489.9,65971.8,1.0,1.0,0.0381677653667698,0.0190838826833849
2024-04-05,67825.7,68489.8,1.0,1.0,-0.009697780256650912,-0.009697780256650912
2024-04-06,68901.6,67825.8,1.0,1.0,0.015862718703972156,0.015862718703972156
2024-04-07,69362.7,68901.5,1.0,1.0,0.006692152286739139,0.006692152286739139
2024-04-08,71678.4,69362.7,1.0,1.0,0.033385378596853865,0.033385378596853865
2024-04-09,69189.3,71678.3,1.0,1.0,-0.034725942543360255,-0.034725942543360255
2024-04-10,70681.7,69189.2,0.0,0.5,0.021569809204602386,0.021569809204602386
2024-04-11,70055.7,70681.8,0.0,0.5,-0.008856606448345183,-0.004428303224172592
2024-04-12,67136.4,70055.6,0.0,0.5,-0.04167112740290946,-0.02083556370145473
2024-04-13,63939.7,67136.4,0.0,0.5,-0.04761500467704549,-0.023807502338522746
2024-04-14,65615.9,63939.7,0.0,0.5,0.02621532475128907,0.013107662375644535
2024-04-15,63392.7,65615.9,0.0,0.5,-0.03388203164172099,-0.016941015820860494
2024-04-16,63765.0,63392.8,0.0,0.5,0.00587291596666506,0.00293645798333253
2024-04-17,61254.5,63764.9,0.0,0.5,-0.039371128361954,-0.019685564180977
2024-04-18,63445.0,61254.5,1.0,1.0,0.035760637993943245,0.017880318996971623
2024-04-19,63787.4,63445.0,0.0,0.5,0.005396800378280497,0.005396800378280497
2024-04-20,64897.2,63787.4,0.0,0.5,0.017398420377692014,0.008699210188846007
2024-04-21,64912.6,64897.2,1.0,1.0,0.00023729837342756355,0.00011864918671378177
2024-04-22,66778.0,64912.7,1.0,1.0,0.028737101887769123,0.028737101887769123
2024-04-23,66386.3,66777.9,0.0,0.5,-0.005865704273862571,-0.005865704273862571
2024-04-24,64250.0,66386.2,0.0,0.5,-0.03217983228467325,-0.016089916142336624
2024-04-25,64478.8,64250.0,0.0,0.5,0.0035610894941635607,0.0017805447470817803
2024-04-26,63748.8,64478.8,0.0,0.5,-0.011321550649205592,-0.005660775324602796
2024-04-27,63421.0,63748.7,0.0,0.5,-0.005142057575985737,-0.0025710287879928684
2024-04-28,63088.3,63420.9,0.0,0.5,-0.00524589646962359,-0.002622948234811795
2024-04-29,63842.4,63088.4,0.0,0.5,0.011953087973522791,0.005976543986761396
2024-04-30,60651.2,63842.4,0.0,0.5,-0.04998558951417875,-0.024992794757089376
2024-05-01,58307.6,60651.2,0.0,0.5,-0.03864062046587702,-0.01932031023293851
2024-05-02,59036.7,58307.7,0.0,0.5,0.012504373357846932,0.006252186678923466
2024-05-03,62853.7,59036.7,0.0,0.5,0.06465469784049582,0.03232734892024791
2024-05-04,63864.2,62853.7,0.0,0.5,0.01607701694570096,0.00803850847285048
2024-05-05,63988.0,63864.3,0.0,0.5,0.0019384882297124317,0.0009692441148562159
2024-05-06,63142.8,63987.9,0.0,0.5,-0.013208726636244283,-0.006604363318122142
2024-05-07,62296.0,63142.7,0.0,0.5,-0.013410871865042417,-0.006705435932521209
2024-05-08,61157.9,62296.0,0.0,0.5,-0.018269230769230704,-0.009134615384615352
2024-05-09,63050.1,61157.9,0.0,0.5,0.030939584256490127,0.015469792128245063
2024-05-10,60778.1,63050.0,0.0,0.5,-0.036034835789316766,-0.018017417894658383
2024-05-11,60809.2,60778.0,0.0,0.5,0.0005116974699768129,0.00025584873498840643
2024-05-12,61455.8,60809.2,0.0,0.5,0.010633259441005682,0.005316629720502841
2024-05-13,62912.1,61455.7,0.0,0.5,0.023696705599796752,0.011848352799898376
2024-05-14,61550.5,62912.2,0.0,0.5,-0.02164289540485853,-0.010821447702429265
2024-05-15,66175.4,61550.5,1.0,1.0,0.07513992575202466,0.03756996287601233
2024-05-16,65217.7,66175.4,1.0,1.0,-0.01447214523826068,-0.01447214523826068
2024-05-17,66980.0,65217.7,1.0,1.0,0.027021805430121004,0.027021805430121004
2024-05-18,66884.9,66980.0,1.0,1.0,-0.0014198268139744563,-0.0014198268139744563
2024-05-19,66239.4,66884.9,1.0,1.0,-0.009650907753468996,-0.009650907753468996
2024-05-20,71466.5,66239.4,1.0,1.0,0.07891224860128565,0.07891224860128565
2024-05-21,70168.8,71466.5,1.0,1.0,-0.018158158018092396,-0.018158158018092396
2024-05-22,69219.1,70168.7,1.0,1.0,-0.013534505364207416,-0.013534505364207416
2024-05-23,67999.9,69219.2,1.0,1.0,-0.01761363554279105,-0.01761363554279105
2024-05-24,68584.1,67999.9,1.0,1.0,0.008591189104689922,0.008591189104689922
2024-05-25,69314.4,68584.0,1.0,1.0,0.0106482406272006,0.0106482406272006
2024-05-26,68524.3,69314.5,1.0,1.0,-0.011398785822282154,-0.011398785822282154
2024-05-27,69461.6,68524.4,1.0,1.0,0.01367835935573214,0.01367835935573214
2024-05-28,68440.5,69461.5,1.0,1.0,-0.014700208460502018,-0.014700208460502018
2024-05-29,67686.7,68440.4,1.0,1.0,-0.011013946420613596,-0.011013946420613596
2024-05-30,68402.5,67686.8,1.0,1.0,0.010575194240523,0.010575194240523
2024-05-31,67577.9,68402.6,1.0,1.0,-0.012055114944629297,-0.012055114944629297
2024-06-01,67799.2,67577.9,1.0,1.0,0.0032747392268774878,0.0032747392268774878
2024-06-02,67805.9,67799.2,1.0,1.0,9.882122502924418e-05,9.882122502924418e-05
2024-06-03,68851.4,67805.9,1.0,1.0,0.015419012209851868,0.015419012209851868
2024-06-04,70580.0,68851.3,1.0,1.0,0.02510624330078981,0.02510624330078981
2024-06-05,71133.3,70580.0,1.0,1.0,0.007839331255313109,0.007839331255313109
2024-06-06,70830.0,71133.3,1.0,1.0,-0.004263825803104915,-0.004263825803104915
2024-06-07,69377.0,70830.0,1.0,1.0,-0.020513906536778204,-0.020513906536778204
2024-06-08,69346.5,69377.0,1.0,1.0,-0.00043962696570909454,-0.00043962696570909454
2024-06-09,69667.1,69346.6,1.0,1.0,0.004623160505577095,0.004623160505577095
2024-06-10,69558.7,69667.1,1.0,1.0,-0.0015559711829544742,-0.0015559711829544742
2024-06-11,67320.7,69558.8,1.0,1.0,-0.032174264326389035,-0.032174264326389035
2024-06-12,68270.3,67320.6,1.0,1.0,0.014105616845933033,0.014105616845933033
2024-06-13,66786.9,68270.3,1.0,1.0,-0.02172833574775579,-0.02172833574775579
2024-06-14,66039.7,66786.8,0.0,0.5,-0.011187822761649313,-0.011187822761649313
2024-06-15,66213.7,66039.7,1.0,1.0,0.002634778777008462,0.001317389388504231
2024-06-16,66653.6,66213.7,0.0,0.5,0.006643640213430224,0.006643640213430224
2024-06-17,66472.1,66653.5,0.0,0.5,-0.0027230337146080252,-0.0013615168573040126
2024-06-18,65150.0,66472.1,0.0,0.5,-0.019889547644801442,-0.009944773822400721
2024-06-19,64933.6,65149.9,0.0,0.5,-0.0033215656178050557,-0.0016607828089025278
2024-06-20,64854.0,64933.6,0.0,0.5,-0.0012258676555743087,-0.0006129338277871543
2024-06-21,64124.0,64854.0,0.0,0.5,-0.011256052055385934,-0.005628026027692967
2024-06-22,64240.0,64124.1,0.0,0.5,0.001808995072047903,0.0009044975360239516
2024-06-23,63194.9,64240.1,0.0,0.5,-0.01626867995018677,-0.008134339975093385
2024-06-24,60273.6,63194.9,0.0,0.5,-0.046226831595587714,-0.023113415797793857
2024-06-25,61777.8,60273.5,0.0,0.5,0.024956199729234685,0.012478099864617342
2024-06-26,60860.1,61777.9,0.0,0.5,-0.014854850771636507,-0.007427425385818254
2024-06-27,61682.0,60860.1,-1.0,0.0,0.013504742844655304,0.006752371422327652
2024-06-28,60429.8,61682.1,-1.0,0.0,-0.020300898155053315,-0.0
2024-06-29,60982.4,60429.8,-1.0,0.0,0.00914449493461822,0.0
2024-06-30,62766.0,60982.5,0.0,0.5,0.02924778296688868,0.0
2024-07-01,62883.6,62766.1,-1.0,0.0,0.0018736258483891266,0.0009368129241945633
2024-07-02,62123.6,62883.7,-1.0,0.0,-0.01208582205853359,-0.0
2024-07-03,60208.0,62123.5,-1.0,0.0,-0.03083530252593214,-0.0
2024-07-04,57045.9,60208.0,-1.0,0.0,-0.05251959872442202,-0.0
2024-07-05,56604.9,57045.9,-1.0,0.0,-0.007730616924266243,-0.0
2024-07-06,58216.0,56604.9,-1.0,0.0,0.028462200268881244,0.0
2024-07-07,55830.9,58216.0,-1.0,0.0,-0.04096983647107322,-0.0
2024-07-08,56686.4,55831.0,-1.0,0.0,0.01532305587049465,0.0
2024-07-09,58023.2,56686.4,-1.0,0.0,0.023582376019644746,0.0
2024-07-10,57707.0,58023.1,-1.0,0.0,-0.005449544320202948,-0.0
2024-07-11,57315.5,57707.0,-1.0,0.0,-0.00678427227199474,-0.0
2024-07-12,57870.0,57315.7,-1.0,0.0,0.009674520853870217,0.0
2024-07-13,59174.0,57870.0,-1.0,0.0,0.022533264212891035,0.0
2024-07-14,60766.0,59173.9,-1.0,0.0,0.02690370770946693,0.0
2024-07-15,64680.6,60766.0,-1.0,0.0,0.06442089326267975,0.0
2024-07-16,65010.0,64680.6,-1.0,0.0,0.0050927171362047385,0.0
2024-07-17,64055.7,65010.0,0.0,0.5,-0.014679280110752257,-0.0
2024-07-18,63959.9,64055.8,-1.0,0.0,-0.0014955733837893614,-0.0007477866918946807
2024-07-19,66627.9,63960.0,1.0,1.0,0.041713636200181536,0.0
2024-07-20,67095.6,66627.9,1.0,1.0,0.007019581886867465,0.007019581886867465
2024-07-21,68138.0,67095.6,1.0,1.0,0.015536041111488652,0.015536041111488652
2024-07-22,67499.2,68138.0,1.0,1.0,-0.00937509172561568,-0.00937509172561568
2024-07-23,65916.4,67499.2,0.0,0.5,-0.023449166804939914,-0.023449166804939914
2024-07-24,65350.8,65916.3,0.0,0.5,-0.008580565686232777,-0.004290282843116389
2024-07-25,65773.0,65350.7,0.0,0.5,0.006460517698329671,0.0032302588491648354
2024-07-26,67882.5,65773.0,0.0,0.5,0.03207243093670664,0.01603621546835332
2024-07-27,67873.8,67882.5,0.0,0.5,-0.00012816263396309147,-6.408131698154573e-05
2024-07-28,68215.5,67873.7,0.0,0.5,0.005034343148608178,0.002517171574304089
2024-07-29,66750.0,68215.5,0.0,0.5,-0.02148338720671983,-0.010741693603359914
2024-07-30,66159.3,66750.1,0.0,0.5,-0.00884943820224715,-0.004424719101123575
2024-07-31,64601.8,66159.3,0.0,0.5,-0.023541663832598037,-0.011770831916299018
2024-08-01,65328.9,64601.8,0.0,0.5,0.011255104346937772,0.005627552173468886
2024-08-02,61483.7,65329.0,0.0,0.5,-0.05885909605090556,-0.02942954802545278
2024-08-03,60684.6,61483.7,0.0,0.5,-0.012996940652563183,-0.006498470326281591
2024-08-04,58144.5,60684.5,0.0,0.5,-0.04185740698628648,-0.02092870349314324
2024-08-05,54003.1,58144.5,-1.0,0.0,-0.07122599729983059,-0.035612998649915295
2024-08-06,55991.2,54003.5,0.0,0.5,0.03681455323861038,0.0
2024-08-07,55102.9,55991.3,-1.0,0.0,-0.015864993070339506,-0.007932496535169753
2024-08-08,61659.8,55102.9,0.0,0.5,0.11899373717172779,0.0
2024-08-09,60808.6,61659.8,0.0,0.5,-0.013804780424198637,-0.006902390212099319
2024-08-10,60889.9,60808.6,0.0,0.5,0.0013369819400546046,0.0006684909700273023
2024-08-11,58693.1,60889.8,0.0,0.5,-0.036078233007444616,-0.018039116503722308
2024-08-12,59323.6,58693.1,0.0,0.5,0.010742318943794071,0.005371159471897036
2024-08-13,60550.5,59323.7,-1.0,0.0,0.020681482580288568,0.010340741290144284
2024-08-14,58648.1,60550.4,-1.0,0.0,-0.03141840282078601,-0.0
2024-08-15,57511.0,58648.1,-1.0,0.0,-0.019388522390324625,-0.0
2024-08-16,58854.9,57511.1,-1.0,0.0,0.02336770356975193,0.0
2024-08-17,59468.5,58854.9,-1.0,0.0,0.010425640006184622,0.0
2024-08-18,58390.0,59468.5,-1.0,0.0,-0.018135651647510853,-0.0
2024-08-19,59398.5,58390.1,-1.0,0.0,0.017271793115259504,0.0
2024-08-20,58982.9,59398.4,-1.0,0.0,-0.0069968096837461635,-0.0
2024-08-21,61120.0,58982.7,-1.0,0.0,0.036232535192403104,0.0
2024-08-22,60349.9,61120.0,-1.0,0.0,-0.012599803664921416,-0.0
2024-08-23,64019.9,60349.9,-1.0,0.0,0.060812031171551206,0.0
2024-08-24,64116.5,64020.0,0.0,0.5,0.0015089058245951747,0.0
2024-08-25,64190.2,64116.6,0.0,0.5,0.0011494701051990575,0.0005747350525995287
2024-08-26,62807.6,64190.1,-1.0,0.0,-0.021539113447224034,-0.010769556723612017
2024-08-27,59384.5,62807.7,-1.0,0.0,-0.05450136607671685,-0.0
2024-08-28,59010.0,59384.4,-1.0,0.0,-0.0063063594035480675,-0.0
2024-08-29,59323.2,59010.0,0.0,0.5,0.005307574987290176,0.0
2024-08-30,59096.3,59323.3,0.0,0.5,-0.003824810529438616,-0.001912405264719308
2024-08-31,58941.9,59096.4,-1.0,0.0,-0.0026126847196863423,-0.0013063423598431712
2024-09-01,57268.1,58941.9,-1.0,0.0,-0.028397455799694327,-0.0
2024-09-02,59112.1,57268.1,-1.0,0.0,0.032199426906078576,0.0
2024-09-03,57451.9,59112.2,-1.0,0.0,-0.028085620372140352,-0.0
2024-09-04,57944.8,57452.0,0.0,0.5,0.008579350726433788,0.0
2024-09-05,56145.7,57944.8,0.0,0.5,-0.031048515138545785,-0.015524257569272892
2024-09-06,53927.7,56145.7,-1.0,0.0,-0.03950436097510579,-0.019752180487552895
2024-09-07,54134.9,53927.7,-1.0,0.0,0.003842181290876656,0.0
2024-09-08,54839.6,54134.9,-1.0,0.0,0.013017480405431492,0.0
2024-09-09,57010.0,54839.6,-1.0,0.0,0.03957723980481265,0.0
2024-09-10,57609.1,57010.1,-1.0,0.0,0.010508682687247806,0.0
2024-09-11,57306.0,57609.2,-1.0,0.0,-0.005261321562044841,-0.0
2024-09-12,58097.0,57305.6,-1.0,0.0,0.013803092171849274,0.0
2024-09-13,60456.2,58097.1,0.0,0.5,0.04060794877532392,0.0
2024-09-14,59964.0,60456.2,0.0,0.5,-0.008141431317218006,-0.004070715658609003
2024-09-15,59100.5,59963.9,0.0,0.5,-0.01440030685077709,-0.007200153425388545
2024-09-16,58187.0,59100.5,-1.0,0.0,-0.015456722024348335,-0.0077283610121741675
2024-09-17,60281.0,58187.0,0.0,0.5,0.03598741987041776,0.0
2024-09-18,61735.3,60281.0,0.0,0.5,0.024125346294852523,0.012062673147426262
2024-09-19,62926.9,61735.3,0.0,0.5,0.019301760905025223,0.009650880452512611
2024-09-20,63175.7,62926.9,0.0,0.5,0.003953794005425282,0.001976897002712641
2024-09-21,63320.6,63175.8,0.0,0.5,0.002293603394976307,0.0011468016974881534
2024-09-22,63558.4,63320.6,-1.0,0.0,0.0037554918936333337,0.0018777459468166668
2024-09-23,63302.0,63558.5,-1.0,0.0,-0.0040340851877957995,-0.0
2024-09-24,64243.1,63302.1,0.0,0.5,0.014866828852168945,0.0
2024-09-25,63118.4,64243.2,0.0,0.5,-0.01750693848833562,-0.00875346924416781
2024-09-26,65139.2,63118.3,0.0,0.5,0.03201602068493492,0.01600801034246746
2024-09-27,65749.6,65139.1,0.0,0.5,0.009370701513067514,0.004685350756533757
2024-09-28,65822.6,65749.5,0.0,0.5,0.0011102729142078438,0.0005551364571039219
2024-09-29,65568.1,65822.7,0.0,0.5,-0.003866453163503092,-0.001933226581751546
2024-09-30,63309.1,65568.2,0.0,0.5,-0.03445272929976628,-0.01722636464988314
2024-10-01,60776.8,63309.0,0.0,0.5,-0.039998989086876824,-0.019999494543438412
2024-10-02,60622.6,60776.7,0.0,0.5,-0.0025371523344435154,-0.0012685761672217577
2024-10-03,60727.2,60622.7,0.0,0.5,0.0017254291303903102,0.0008627145651951551
2024-10-04,62054.4,60727.1,0.0,0.5,0.02185511599415091,0.010927557997075454
2024-10-05,62023.1,62054.3,0.0,0.5,-0.0005043961427393384,-0.0002521980713696692
2024-10-06,62789.3,62023.1,0.0,0.5,0.012353461855341141,0.006176730927670571
2024-10-07,62190.7,62789.2,0.0,0.5,-0.009533471467272348,-0.004766735733636174
2024-10-08,62131.7,62190.6,0.0,0.5,-0.0009486949013276513,-0.00047434745066382566
2024-10-09,60606.4,62131.8,0.0,0.5,-0.024549465087869704,-0.012274732543934852
2024-10-10,60293.2,60606.3,0.0,0.5,-0.0051677710604821625,-0.0025838855302410813
2024-10-11,62509.0,60293.3,0.0,0.5,0.036750412981895186,0.018375206490947593
2024-10-12,63176.0,62509.0,0.0,0.5,0.010670463453262835,0.0053352317266314175
2024-10-13,62839.8,63176.0,0.0,0.5,-0.005321641129542809,-0.0026608205647714045
2024-10-14,66064.9,62839.7,0.0,0.5,0.05132256945439018,0.02566128472719509
2024-10-15,67044.1,66064.9,1.0,1.0,0.014821788877301234,0.007410894438650617
2024-10-16,67592.0,67044.0,1.0,1.0,0.008172232903417287,0.008172232903417287
2024-10-17,67401.5,67592.0,1.0,1.0,-0.0028183808734761895,-0.0028183808734761895
2024-10-18,68407.8,67401.5,1.0,1.0,0.014929934793736166,0.014929934793736166
2024-10-19,68357.1,68407.8,1.0,1.0,-0.0007411435538052791,-0.0007411435538052791
2024-10-20,69020.1,68357.1,1.0,1.0,0.009699065642047477,0.009699065642047477
2024-10-21,67368.8,69020.2,1.0,1.0,-0.02392491462631907,-0.02392491462631907
2024-10-22,67406.4,67368.7,1.0,1.0,0.0005581218605643645,0.0005581218605643645
2024-10-23,66647.2,67406.5,1.0,1.0,-0.011263025469391619,-0.011263025469391619
2024-10-24,68173.8,66647.3,1.0,1.0,0.022905688461030804,0.022905688461030804
2024-10-25,66662.8,68173.8,1.0,1.0,-0.022163939812655298,-0.022163939812655298
2024-10-26,67071.8,66662.7,1.0,1.0,0.006135355850639401,0.006135355850639401
2024-10-27,67992.6,67071.9,1.0,1.0,0.013728571471169682,0.013728571471169682
2024-10-28,69940.0,67992.7,1.0,1.0,0.02864135214714536,0.02864135214714536
2024-10-29,72739.5,69939.9,1.0,1.0,0.040027166142407866,0.040027166142407866
2024-10-30,72349.0,72739.5,1.0,1.0,-0.005368472425573478,-0.005368472425573478
2024-10-31,70321.9,72349.0,1.0,1.0,-0.02801835547139564,-0.02801835547139564
2024-11-01,69495.5,70321.9,1.0,1.0,-0.01175167337628813,-0.01175167337628813
