date,BTCUSDT,asset_return,signal_return,asset_cum_return,signal_cum_return
2020-11-25 00:00:00,18741.67,-0.022835152,-0.022835152,-0.022835152,-0.022835152
2020-11-26 00:00:00,17155.34,-0.08464187,-0.08464187,-0.105544213,-0.105544213
2020-11-27 00:00:00,17144.1,-0.00065519,-0.00065519,-0.106130251,-0.106130251
2020-11-28 00:00:00,17717.74,0.033459907,0.033459907,-0.076221451,-0.076221451
2020-11-29 00:00:00,18181.09,0.026151755,0.026151755,-0.052063021,-0.052063021
2020-11-30 00:00:00,19720,0.08464344,0.08464344,0.028173626,0.028173626
2020-12-01 00:00:00,18772.7,-0.048037525,-0.048037525,-0.021217291,-0.021217291
2020-12-02 00:00:00,19207.01,0.023135191,0.023135191,0.001427034,0.001427034
2020-12-03 00:00:00,19434.3,0.0118337,0.0118337,0.013277621,0.013277621
2020-12-04 00:00:00,18664.2,-0.039625816,-0.039625816,-0.026874331,-0.026874331
2020-12-05 00:00:00,19147.62,0.025900923,0.025900923,-0.001669479,-0.001669479
2020-12-06 00:00:00,19375.02,0.01187615,0.01187615,0.010186844,0.010186844
2020-12-07 00:00:00,19172.88,-0.010433021,-0.010433021,-0.000352457,-0.000352457
2020-12-08 00:00:00,18319.32,-0.044519133,-0.044519133,-0.044855899,-0.044855899
2020-12-09 00:00:00,18537.98,0.011936033,0.011936033,-0.033455268,-0.033455268
2020-12-10 00:00:00,18253.51,-0.015345253,-0.015345253,-0.048287142,-0.048287142
2020-12-11 00:00:00,18031.47,-0.012164236,-0.012164236,-0.059864002,-0.059864002
2020-12-12 00:00:00,18800,0.042621594,0.042621594,-0.019793906,-0.019793906
2020-12-13 00:00:00,19175.07,0.019950532,0.019950532,-0.000238274,-0.000238274
2020-12-14 00:00:00,19270.7,0.004987205,0.004987205,0.004747743,0.004747743
2020-12-15 00:00:00,19424.91,0.008002304,0.008002304,0.01278804,0.01278804
2020-12-16 00:00:00,21346.8,0.098939455,0.098939455,0.112992736,0.112992736
2020-12-17 00:00:00,22816.99,0.068871681,0.068871681,0.189646417,0.189646417
2020-12-18 00:00:00,23124.35,0.013470664,0.013470664,0.205671744,0.205671744
2020-12-19 00:00:00,23847.28,0.031262717,0.031262717,0.243364318,0.243364318
2020-12-20 00:00:00,23472.96,-0.015696549,-0.015696549,0.223847789,0.223847789
2020-12-21 00:00:00,22730.1,-0.031647479,-0.031647479,0.185116092,0.185116092
2020-12-22 00:00:00,23826.99,0.048257157,0.048257157,0.242306425,0.242306425
2020-12-23 00:00:00,23238.27,-0.024708115,-0.024708115,0.211611375,0.211611375
2020-12-24 00:00:00,23737.44,0.021480515,0.021480515,0.237637411,0.237637411
2020-12-25 00:00:00,24730,0.041814113,0.041814113,0.289388122,0.289388122
2020-12-26 00:00:00,26508.83,0.071930044,0.071930044,0.382133867,0.382133867
2020-12-27 00:00:00,26305.64,-0.007664993,-0.007664993,0.37153982,0.37153982
2020-12-28 00:00:00,27102.66,0.030298446,0.030298446,0.413095345,0.413095345
2020-12-29 00:00:00,27402.83,0.011075297,0.011075297,0.428745795,0.428745795
2020-12-30 00:00:00,28906.99,0.054890681,0.054890681,0.507170625,0.507170625
2020-12-31 00:00:00,28951.68,0.001545993,0.001545993,0.5095007,0.5095007
2021-01-01 00:00:00,29337.16,0.013314599,0.013314599,0.529599096,0.529599096
2021-01-02 00:00:00,32199.91,0.09758102,0.09758102,0.678858936,0.678858936
2021-01-03 00:00:00,33054.53,0.026541068,0.026541068,0.723417645,0.723417645
2021-01-04 00:00:00,32031.07,-0.030962776,-0.030962776,0.670055851,0.670055851
2021-01-05 00:00:00,33999.52,0.061454394,0.061454394,0.772688121,0.772688121
2021-01-06 00:00:00,36823.68,0.083064702,0.083064702,0.919935932,0.919935932
2021-01-07 00:00:00,39498.92,0.07264999,0.07264999,1.059419259,1.059419259
2021-01-08 00:00:00,40637.23,0.028818763,0.028818763,1.118769174,1.118769174
2021-01-09 00:00:00,40136.04,-0.012333272,-0.012333272,1.092637818,1.092637818
2021-01-10 00:00:00,38221.67,-0.047697032,-0.047697032,0.992825204,0.992825204
2021-01-11 00:00:00,35408.46,-0.073602488,-0.073602488,0.846148311,0.846148311
2021-01-12 00:00:00,34056.9,-0.038170539,-0.038170539,0.775679835,0.775679835
2021-01-13 00:00:00,37421.07,0.098780864,0.098780864,0.951083023,0.951083023
2021-01-14 00:00:00,39163.31,0.046557728,0.046557728,1.041921016,1.041921016
2021-01-15 00:00:00,36755.24,-0.061487908,-0.061487908,0.916367565,0.916367565
2021-01-16 00:00:00,36025.66,-0.019849687,-0.019849687,0.878328269,0.878328269
2021-01-17 00:00:00,35869.83,-0.004325528,-0.004325528,0.870203507,0.870203507
2021-01-18 00:00:00,36686.86,0.022777638,0.022777638,0.912802326,0.912802326
2021-01-19 00:00:00,35891.03,-0.021692508,-0.021692508,0.871308846,0.871308846
2021-01-20 00:00:00,35500,-0.010894923,-0.010894923,0.850921081,0.850921081
2021-01-21 00:00:00,30879.97,-0.13014169,-0.13014169,0.610039083,0.610039083
2021-01-22 00:00:00,32986.34,0.06821153,0.06821153,0.719862312,0.719862312
2021-01-23 00:00:00,32086.48,-0.027279777,-0.027279777,0.672944852,0.672944852
2021-01-24 00:00:00,32275.63,0.005895006,0.005895006,0.682806872,0.682806872
2021-01-25 00:00:00,32253.68,-0.00068008,-0.00068008,0.68166243,0.68166243
2021-01-26 00:00:00,32474.14,0.006835189,0.006835189,0.69315691,0.69315691
2021-01-27 00:00:00,30381.04,-0.064454363,-0.064454363,0.58402556,0.58402556
2021-01-28 00:00:00,33399.75,0.099361641,0.099361641,0.74141694,0.74141694
2021-01-29 00:00:00,34269.35,0.026036123,0.026036123,0.786756686,0.786756686
2021-01-30 00:00:00,34289.85,0.000598202,0.000598202,0.787825527,0.787825527
2021-01-31 00:00:00,33126.21,-0.033935407,-0.033935407,0.727154941,0.727154941
2021-02-01 00:00:00,33546.09,0.01267516,0.01267516,0.749046906,0.749046906
2021-02-02 00:00:00,35504.06,0.058366564,0.058366564,0.851132764,0.851132764
2021-02-03 00:00:00,37652.51,0.060512798,0.060512798,0.963149986,0.963149986
2021-02-04 00:00:00,36976.93,-0.017942496,-0.017942496,0.927926176,0.927926176
2021-02-05 00:00:00,38362.65,0.037475258,0.037475258,1.000175707,1.000175707
2021-02-06 00:00:00,39249.54,0.02311858,0.02311858,1.04641693,1.04641693
2021-02-07 00:00:00,38849.25,-0.010198591,-0.005099295,1.025546361,1.035981645
2021-02-08 00:00:00,46451.32,0.195681255,0.097840628,1.421907815,1.235183367
2021-02-09 00:00:00,46492.54,0.000887381,0.000887381,1.424056969,1.237166825
2021-02-10 00:00:00,44850,-0.035329109,-0.035329109,1.338417197,1.158129715
2021-02-11 00:00:00,48060.21,0.071576589,0.071576589,1.505793122,1.312601278
2021-02-12 00:00:00,47361.03,-0.014548001,-0.014548001,1.469338841,1.278957552
2021-02-13 00:00:00,47221.62,-0.002943559,-0.002943559,1.462070195,1.272249305
2021-02-14 00:00:00,48655.21,0.030358764,0.030358764,1.536815602,1.341231985
2021-02-15 00:00:00,47981.58,-0.013844972,-0.013844972,1.501693462,1.308817694
2021-02-16 00:00:00,49197.94,0.025350562,0.025350562,1.565112797,1.367347519
2021-02-17 00:00:00,52194.62,0.06091068,0.06091068,1.721355562,1.511544268
2021-02-18 00:00:00,51619.7,-0.011014928,-0.011014928,1.691380026,1.483879787
2021-02-19 00:00:00,56004.1,0.084936565,0.084936565,1.9199766,1.694852004
2021-02-20 00:00:00,55917.41,-0.001547922,-0.001547922,1.915456703,1.690680583
2021-02-21 00:00:00,57487.43,0.028077481,0.028077481,1.997315382,1.766228115
2021-02-22 00:00:00,54121.1,-0.058557671,-0.058557671,1.821799575,1.604244239
2021-02-23 00:00:00,48930,-0.09591638,-0.09591638,1.551142774,1.354454559
2021-02-24 00:00:00,49702.03,0.015778255,0.015778255,1.591395355,1.391603743
2021-02-25 00:00:00,47089.37,-0.052566465,-0.052566465,1.455174863,1.265885589
2021-02-26 00:00:00,46313.13,-0.0164844,-0.0164844,1.414702779,1.228533825
2021-02-27 00:00:00,46102.63,-0.004545147,-0.004545147,1.403727599,1.218404811
2021-02-28 00:00:00,45163.36,-0.020373458,-0.020373458,1.354755355,1.173208233
2021-03-01 00:00:00,49592.7,0.098073748,0.098073748,1.585695039,1.38634291
2021-03-02 00:00:00,48450.57,-0.023030204,-0.023030204,1.526145955,1.331384946
2021-03-03 00:00:00,50373.75,0.039693651,0.039693651,1.62641791,1.423926126
2021-03-04 00:00:00,48385.77,-0.039464602,-0.039464602,1.522767372,1.328266846
2021-03-05 00:00:00,48770.57,0.007952751,0.007952751,1.542830314,1.346782973
2021-03-06 00:00:00,48908.21,0.002822194,0.002822194,1.550006674,1.35340605
2021-03-07 00:00:00,50995.27,0.042672999,0.042672999,1.658823106,1.453832944
2021-03-08 00:00:00,52429.43,0.028123393,0.028123393,1.733598232,1.522843051
2021-03-09 00:00:00,54917.78,0.047460939,0.047460939,1.863337372,1.642579552
2021-03-10 00:00:00,55947.98,0.018758952,0.018758952,1.917050581,1.692151575
2021-03-11 00:00:00,57844.52,0.033898275,0.033898275,2.015933563,1.783410869
2021-03-12 00:00:00,57291.03,-0.009568581,-0.009568581,1.987075357,1.756777576
2021-03-13 00:00:00,61267.41,0.069406677,0.069406677,2.194398331,1.948116346
2021-03-14 00:00:00,59037.12,-0.036402551,-0.036402551,2.078114083,1.840797391
2021-03-15 00:00:00,55646.61,-0.057430139,-0.057430139,1.901337564,1.677650002
2021-03-16 00:00:00,56954.19,0.023497927,0.023497927,1.969512984,1.740569227
2021-03-17 00:00:00,58959,0.035200395,0.035200395,2.074041014,1.837038348
2021-03-18 00:00:00,57700.01,-0.021353653,-0.021353653,2.008399011,1.776457216
2021-03-19 00:00:00,58089.11,0.0067435,0.0067435,2.028686148,1.795180255
2021-03-20 00:00:00,58145.61,0.000972644,0.000972644,2.031631981,1.797898969
2021-03-21 00:00:00,57415.18,-0.012562083,-0.012562083,1.993548367,1.762751529
2021-03-22 00:00:00,54129.56,-0.057225633,-0.057225633,1.822240668,1.604651325
2021-03-23 00:00:00,54400,0.004996161,0.002498081,1.836341037,1.611157953
2021-03-24 00:00:00,52311.54,-0.038390809,-0.019195404,1.72745161,1.561035721
2021-03-25 00:00:00,51325.21,-0.018854922,-0.009427461,1.676025723,1.536891656
2021-03-26 00:00:00,55030,0.072182656,0.072182656,1.869188368,1.720011235
2021-03-27 00:00:00,55828,0.014501181,0.014501181,1.910794989,1.759454611
2021-03-28 00:00:00,55805.08,-0.000410547,-0.000410547,1.909599972,1.758321726
2021-03-29 00:00:00,57677.64,0.033555368,0.033555368,2.00723267,1.850878227
2021-03-30 00:00:00,58794.16,0.019357935,0.019357935,2.065446484,1.906065342
2021-03-31 00:00:00,58807.24,0.000222471,0.000222471,2.066128457,1.906711857
2021-04-01 00:00:00,58794.01,-0.000224972,-0.000224972,2.065438663,1.906057928
2021-04-02 00:00:00,59031.36,0.004036976,0.004036976,2.077813765,1.917789613
2021-04-03 00:00:00,57134.65,-0.032130549,-0.032130549,1.978921919,1.824039432
2021-04-04 00:00:00,58234.61,0.019252065,0.019252065,2.036272318,1.878408023
2021-04-05 00:00:00,59243.39,0.017322688,0.017322688,2.088868717,1.928269788
2021-04-06 00:00:00,58059.99,-0.019975224,-0.019975224,2.027167872,1.869776942
2021-04-07 00:00:00,56018.18,-0.035167247,-0.035167247,1.920710712,1.768854788
2021-04-08 00:00:00,58122.26,0.037560663,0.037560663,2.030414544,1.87285481
2021-04-09 00:00:00,58176.03,0.000925119,0.000925119,2.033218037,1.875512543
2021-04-10 00:00:00,59832.43,0.028472208,0.028472208,2.119580451,1.957384733
2021-04-11 00:00:00,60090.2,0.004308199,0.004308199,2.133020224,1.970125734
2021-04-12 00:00:00,59911.18,-0.002979188,-0.002979188,2.123686367,1.961277171
2021-04-13 00:00:00,63649.71,0.062401208,0.031200604,2.31860817,2.053670807
2021-04-14 00:00:00,63019.1,-0.009907508,-0.009907508,2.285729033,2.02341654
2021-04-15 00:00:00,63232.55,0.003387068,0.003387068,2.296858022,2.033657058
2021-04-16 00:00:00,61424.67,-0.028590971,-0.028590971,2.20259765,1.946921857
2021-04-17 00:00:00,60090.14,-0.021726287,-0.021726287,2.133017095,1.882896188
2021-04-18 00:00:00,56140.05,-0.065736076,-0.065736076,1.927064846,1.693385905
2021-04-19 00:00:00,55634.39,-0.009007117,-0.004503559,1.90070043,1.681256084
2021-04-20 00:00:00,56410.56,0.013951263,0.006975631,1.941168864,1.699959539
2021-04-21 00:00:00,53800,-0.04627786,-0.02313893,1.805057863,1.637485364
2021-04-22 00:00:00,51714.61,-0.038761896,-0.019380948,1.696328503,1.586368397
2021-04-23 00:00:00,51122.62,-0.011447249,-0.005723624,1.66546296,1.571564996
2021-04-24 00:00:00,50092.4,-0.020151941,-0.01007597,1.611748709,1.545653984
2021-04-25 00:00:00,49063.94,-0.020531258,-0.010265629,1.558126221,1.519521244
2021-04-26 00:00:00,53984.33,0.10028526,0.05014263,1.814668576,1.645856666
2021-04-27 00:00:00,55006.25,0.018929938,0.009464969,1.867950076,1.670899617
2021-04-28 00:00:00,54861.77,-0.002626611,-0.001313305,1.860417088,1.66739191
2021-04-29 00:00:00,53558.8,-0.023750054,-0.011875027,1.792482028,1.635716559
2021-04-30 00:00:00,57684.16,0.077024877,0.038512439,2.007572613,1.737224432
2021-05-01 00:00:00,57836.34,0.002638159,0.00131908,2.015507069,1.740835049
2021-05-02 00:00:00,56630.33,-0.020852115,-0.010426057,1.952627369,1.712258945
2021-05-03 00:00:00,57214.83,0.010321324,0.005160662,1.983102394,1.726255997
2021-05-04 00:00:00,53263.32,-0.069064437,-0.069064437,1.777076108,1.537968663
2021-05-05 00:00:00,57497.77,0.079500302,0.039750151,1.997854496,1.6388533
2021-05-06 00:00:00,56435.35,-0.018477586,-0.009238793,1.942461381,1.61447348
2021-05-07 00:00:00,57350.88,0.016222634,0.008111317,1.990195854,1.635680303
2021-05-08 00:00:00,58924.98,0.027446833,0.027446833,2.072267258,1.708021378
2021-05-09 00:00:00,58292.53,-0.010733139,-0.010733139,2.039292187,1.678955809
2021-05-10 00:00:00,55869.67,-0.041563816,-0.041563816,1.912967605,1.567608182
2021-05-11 00:00:00,56710.43,0.015048594,0.007524297,1.956803673,1.586927629
2021-05-12 00:00:00,49595.76,-0.125456111,-0.062728055,1.585854583,1.424654689
2021-05-13 00:00:00,49707.9,0.00226108,0.00113054,1.591701408,1.427395859
2021-05-14 00:00:00,49873.27,0.003326835,0.001663418,1.600323572,1.431433632
2021-05-15 00:00:00,46793.41,-0.061753721,-0.03087686,1.439743916,1.356358595
2021-05-16 00:00:00,46429.28,-0.007781651,-0.003890826,1.42075868,1.347190414
2021-05-17 00:00:00,43566.18,-0.061665828,-0.030832914,1.271480591,1.274819694
2021-05-18 00:00:00,42882.53,-0.015692218,-0.007846109,1.235836022,1.256971211
2021-05-19 00:00:00,36689.14,-0.14442688,-0.07221344,0.912921202,1.093987556
2021-05-20 00:00:00,40500.3,0.10387706,0.05193853,1.111629832,1.202746191
2021-05-21 00:00:00,37211.02,-0.081216189,-0.040608094,0.940131306,1.113296866
2021-05-22 00:00:00,37432.58,0.00595415,0.002977075,0.951683139,1.11958831
2021-05-23 00:00:00,34651.6,-0.074293036,-0.037146518,0.806686674,1.040852985
2021-05-24 00:00:00,38779.66,0.11913043,0.059565215,1.021918034,1.162416832
2021-05-25 00:00:00,38326.84,-0.01167674,-0.00583837,0.998308623,1.149791842
2021-05-26 00:00:00,39224.2,0.023413357,0.011706679,1.045095737,1.174958764
2021-05-27 00:00:00,38527.38,-0.017765053,-0.008882527,1.008764502,1.155639635
2021-05-28 00:00:00,35670.99,-0.074139223,-0.037069611,0.859836264,1.075730912
2021-05-29 00:00:00,34611.94,-0.029689392,-0.014844696,0.804618856,1.044917318
2021-05-30 00:00:00,35651.81,0.030043679,0.015021839,0.858836245,1.075635737
2021-05-31 00:00:00,37243.38,0.044642053,0.022321027,0.941818512,1.121966058
2021-06-01 00:00:00,36693.41,-0.01476692,-0.00738346,0.913143834,1.106298606
2021-06-02 00:00:00,37569.99,0.023889303,0.011944652,0.958847507,1.13145761
2021-06-03 00:00:00,39247.4,0.044647603,0.022323802,1.046305353,1.179039846
2021-06-04 00:00:00,36828.03,-0.061644083,-0.030822042,0.920162735,1.111877389
2021-06-05 00:00:00,35498.62,-0.036097777,0,0.85084913,1.111877389
2021-06-06 00:00:00,35801.71,0.008538078,0,0.866651825,1.111877389
2021-06-07 00:00:00,33550.96,-0.062867109,0,0.749300821,1.111877389
2021-06-08 00:00:00,33372.58,-0.005316688,0,0.740000334,1.111877389
2021-06-09 00:00:00,37368.45,0.119735124,0,0.948339489,1.111877389
2021-06-10 00:00:00,36669.66,-0.0187,0,0.911905542,1.111877389
2021-06-11 00:00:00,37300.42,0.017201141,0,0.944792499,1.111877389
2021-06-12 00:00:00,35537.05,-0.047274803,0,0.852852817,1.111877389
2021-06-13 00:00:00,38993.65,0.0972675,0,1.033075178,1.111877389
2021-06-14 00:00:00,40489.1,0.038351116,0,1.11104588,1.111877389
2021-06-15 00:00:00,40132.86,-0.008798417,0,1.092472017,1.111877389
2021-06-16 00:00:00,38344.97,-0.04454928,0,0.999253896,1.111877389
2021-06-17 00:00:00,38060.71,-0.007413228,0,0.984432972,1.111877389
2021-06-18 00:00:00,35811.41,-0.059097689,0,0.867157569,1.111877389
2021-06-19 00:00:00,35483,-0.009170541,0,0.850034724,1.111877389
2021-06-20 00:00:00,35588.64,0.0029772,0,0.855542648,1.111877389
2021-06-21 00:00:00,31606,-0.11190762,0,0.647893287,1.111877389
2021-06-22 00:00:00,32496,0.02815921,0,0.69429666,1.111877389
2021-06-23 00:00:00,33649,0.03548129,0,0.754412492,1.111877389
2021-06-24 00:00:00,34644.64,0.029588992,0,0.806323789,1.111877389
2021-06-25 00:00:00,31568.07,-0.088803636,0,0.645915669,1.111877389
2021-06-26 00:00:00,32255.56,0.021778018,0,0.68176045,1.111877389
2021-06-27 00:00:00,34687.71,0.075402504,0,0.8085694,1.111877389
2021-06-28 00:00:00,34487.22,-0.005779857,0,0.798116127,1.111877389
2021-06-29 00:00:00,35911.26,0.041291818,0,0.872363611,1.111877389
2021-06-30 00:00:00,35031.39,-0.024501229,-0.012250614,0.826488401,1.086005594
2021-07-01 00:00:00,33489.96,-0.044001394,0,0.746120365,1.086005594
2021-07-02 00:00:00,33760.94,0.00809138,0,0.760248889,1.086005594
2021-07-03 00:00:00,34652.94,0.026421065,0,0.80675654,1.086005594
2021-07-04 00:00:00,35280.16,0.018100052,0,0.839458926,1.086005594
2021-07-05 00:00:00,33672.72,-0.045562152,0,0.75564922,1.086005594
2021-07-06 00:00:00,34206.01,0.015837449,0,0.783454225,1.086005594
2021-07-07 00:00:00,33845.64,-0.010535283,0,0.76466503,1.086005594
2021-07-08 00:00:00,32852.04,-0.029356809,-0.014678405,0.712860095,1.055386359
2021-07-09 00:00:00,33805.01,0.02900794,0,0.762546638,1.055386359
2021-07-10 00:00:00,33497.98,-0.009082382,0,0.746538517,1.055386359
2021-07-11 00:00:00,34253.81,0.02256345,0,0.785946452,1.055386359
2021-07-12 00:00:00,33070.87,-0.034534553,0,0.72426959,1.055386359
2021-07-13 00:00:00,32709.09,-0.010939537,0,0.705406879,1.055386359
2021-07-14 00:00:00,32803.01,0.002871373,0,0.710303739,1.055386359
2021-07-15 00:00:00,31866.43,-0.028551648,0,0.661471748,1.055386359
2021-07-16 00:00:00,31382.95,-0.015172079,0,0.636263767,1.055386359
2021-07-17 00:00:00,31496.65,0.003622986,0,0.642191929,1.055386359
2021-07-18 00:00:00,31767,0.008583453,0,0.656287605,1.055386359
2021-07-19 00:00:00,30823.62,-0.029696855,0,0.607101072,1.055386359
2021-07-20 00:00:00,29775.9,-0.033990816,0,0.552474395,1.055386359
2021-07-21 00:00:00,32120,0.07872474,0,0.674692539,1.055386359
2021-07-22 00:00:00,32268.11,0.004611146,0.002305573,0.68241479,1.060125202
2021-07-23 00:00:00,33634.46,0.042343664,0,0.753654396,1.060125202
2021-07-24 00:00:00,34230,0.017706245,0,0.784705031,1.060125202
2021-07-25 00:00:00,35370.66,0.033323401,0,0.844177472,1.060125202
2021-07-26 00:00:00,37218.09,0.052230578,0.026115289,0.940499926,1.113925967
2021-07-27 00:00:00,39442.33,0.059762336,0.029881168,1.056468735,1.177092544
2021-07-28 00:00:00,40003.08,0.014216959,0.00710848,1.085705467,1.192568362
2021-07-29 00:00:00,40012.9,0.000245481,0.000122741,1.086217468,1.192837479
2021-07-30 00:00:00,42203.25,0.054741096,0.027370548,1.200419299,1.252856642
2021-07-31 00:00:00,41448.11,-0.017892935,-0.008946467,1.16104734,1.232701534
2021-08-01 00:00:00,39846.78,-0.038634572,-0.019317286,1.0775562,1.1895718
2021-08-02 00:00:00,39147.48,-0.017549724,-0.008774862,1.041095662,1.170358609
2021-08-03 00:00:00,38203.26,-0.02411956,-0.01205978,0.991865332,1.144184561
2021-08-04 00:00:00,39731.31,0.039997895,0.019998948,1.071535754,1.187065996
2021-08-05 00:00:00,40882.4,0.028971861,0.014485931,1.131552,1.218747683
2021-08-06 00:00:00,42825.43,0.047527298,0.023763649,1.232858907,1.271473224
2021-08-07 00:00:00,44601.11,0.041463215,0.020731607,1.325440415,1.318564515
2021-08-08 00:00:00,43787.71,-0.018237214,-0.009118607,1.28303086,1.297422436
2021-08-09 00:00:00,46259.7,0.056453968,0.028226984,1.411917012,1.362271743
2021-08-10 00:00:00,45589.99,-0.01447718,-0.00723859,1.376999255,1.345172226
2021-08-11 00:00:00,45522.12,-0.001488704,-0.000744352,1.373460607,1.343426592
2021-08-12 00:00:00,44385.09,-0.024977527,-0.012488764,1.31417743,1.314160091
2021-08-13 00:00:00,47792.52,0.076769699,0.03838485,1.491836135,1.402988778
2021-08-14 00:00:00,47083.74,-0.014830354,-0.007415177,1.454881322,1.385170191
2021-08-15 00:00:00,47006.02,-0.001650676,-0.000825338,1.450829108,1.383201619
2021-08-16 00:00:00,45926.23,-0.022971313,-0.011485657,1.394530346,1.355828984
2021-08-17 00:00:00,44704.84,-0.026594606,-0.013297303,1.330848754,1.324502812
2021-08-18 00:00:00,44714.09,0.000206913,0.000103456,1.331331036,1.324743297
2021-08-19 00:00:00,46772,0.046023748,0.023011874,1.438627628,1.378239996
2021-08-20 00:00:00,49332.74,0.054749423,0.027374711,1.572141083,1.44334363
2021-08-21 00:00:00,48848.29,-0.009820051,-0.004910025,1.546882528,1.431346751
2021-08-22 00:00:00,49273.28,0.008700202,0.004350101,1.56904092,1.441923355
2021-08-23 00:00:00,49523.91,0.00508653,0.002543265,1.582108423,1.448133813
2021-08-24 00:00:00,47719.36,-0.036437955,-0.036437955,1.488021673,1.358928823
2021-08-25 00:00:00,48992.65,0.026682881,0.01334144,1.554409259,1.390400332
2021-08-26 00:00:00,46853.06,-0.043671653,-0.021835826,1.442853985,1.338203965
2021-08-27 00:00:00,49083.98,0.047615246,0.023807623,1.559171079,1.393871044
2021-08-28 00:00:00,48931.99,-0.00309653,-0.001548265,1.55124653,1.390164698
2021-08-29 00:00:00,48795.41,-0.002791221,-0.001395611,1.544125437,1.386828959
2021-08-30 00:00:00,47024.7,-0.036288454,-0.018144227,1.451803058,1.343521792
2021-08-31 00:00:00,47150.32,0.002671362,0.001335681,1.458352712,1.34665199
2021-09-01 00:00:00,48842.94,0.035898378,0.017949189,1.546603586,1.388772489
2021-09-02 00:00:00,49299.14,0.009340142,0.004670071,1.570389225,1.399928227
2021-09-03 00:00:00,50027.08,0.014765775,0.007382887,1.608343014,1.417646627
2021-09-04 00:00:00,49940.74,-0.001725865,-0.000862933,1.603841365,1.41556036
2021-09-05 00:00:00,51799.57,0.037220714,0.018610357,1.7007582,1.460514801
2021-09-06 00:00:00,52683.97,0.017073501,0.00853675,1.746869597,1.481519602
2021-09-07 00:00:00,46864.39,-0.110462063,-0.055231031,1.443444715,1.344462715
2021-09-08 00:00:00,46062.29,-0.017115341,-0.00855767,1.401624327,1.324399576
2021-09-09 00:00:00,46413.88,0.007632925,0,1.419955745,1.324399576
2021-09-10 00:00:00,44860.83,-0.033460896,-0.016730448,1.338981858,1.28551133
2021-09-11 00:00:00,45193.78,0.007421842,0,1.356341412,1.28551133
2021-09-12 00:00:00,46046.73,0.018873172,0.009436586,1.40081305,1.307078754
2021-09-13 00:00:00,44975.96,-0.023253986,0,1.344984577,1.307078754
2021-09-14 00:00:00,47087.18,0.046941077,0,1.455060679,1.307078754
2021-09-15 00:00:00,48106.12,0.021639436,0.021639436,1.508186806,1.357002637
2021-09-16 00:00:00,47745.55,-0.007495304,-0.007495304,1.489387183,1.339336185
2021-09-17 00:00:00,47303.11,-0.009266623,-0.009266623,1.466318972,1.317658439
2021-09-18 00:00:00,48285.15,0.02076058,0.02076058,1.517521184,1.365774373
2021-09-19 00:00:00,47256.91,-0.02129516,-0.02129516,1.463910167,1.315394829
2021-09-20 00:00:00,43026.6,-0.089517279,-0.04475864,1.243347633,1.211760906
2021-09-21 00:00:00,40726.1,-0.053466925,-0.026733463,1.123402733,1.152632879
2021-09-22 00:00:00,43520,0.068602199,0.034301099,1.269072829,1.226470553
2021-09-23 00:00:00,44828.29,0.030061811,0.015030905,1.337285267,1.259936421
2021-09-24 00:00:00,42798.49,-0.045279443,-0.022639721,1.231454292,1.20877209
2021-09-25 00:00:00,42651.58,-0.003432598,-0.001716299,1.223794607,1.204981177
2021-09-26 00:00:00,43150,0.011685851,0.005842925,1.249781539,1.217864717
2021-09-27 00:00:00,42122.69,-0.023807879,-0.01190394,1.196219011,1.191463389
2021-09-28 00:00:00,41006.32,-0.026502818,-0.013251409,1.138013018,1.162423411
2021-09-29 00:00:00,41499.71,0.012032048,0.006016024,1.163737693,1.175432602
2021-09-30 00:00:00,43796.57,0.055346411,0.027673205,1.283492808,1.235633795
2021-10-01 00:00:00,48123.94,0.098806139,0.04940307,1.509115917,1.346080968
2021-10-02 00:00:00,47626.61,-0.010334357,-0.005167179,1.483185816,1.333958348
2021-10-03 00:00:00,48187.3,0.01177262,0.00588631,1.51241942,1.347696751
2021-10-04 00:00:00,49198.22,0.020978972,0.010489486,1.565127396,1.372322882
2021-10-05 00:00:00,51455.12,0.045873611,0.022936805,1.682799051,1.426736391
2021-10-06 00:00:00,55321.6,0.075142765,0.037571383,1.884391991,1.517912232
2021-10-07 00:00:00,53814.99,-0.027233666,-0.027233666,1.805839421,1.44934025
2021-10-08 00:00:00,53975,0.002973335,0.002973335,1.814182122,1.45662296
2021-10-09 00:00:00,54960.77,0.018263455,0.018263455,1.865578812,1.501489384
2021-10-10 00:00:00,54700,-0.004744657,-0.004744657,1.851982623,1.489620674
2021-10-11 00:00:00,57500.01,0.051188483,0.051188483,1.997971286,1.617060579
2021-10-12 00:00:00,56011.84,-0.025881213,-0.025881213,1.920380153,1.549327877
2021-10-13 00:00:00,57393.65,0.024669963,0.024669963,1.992425822,1.612219701
2021-10-14 00:00:00,57378.19,-0.000269368,-0.000269368,1.991619759,1.611516053
2021-10-15 00:00:00,61702.33,0.075362084,0.075362084,2.21707446,1.808325346
2021-10-16 00:00:00,60925.56,-0.01258899,-0.01258899,2.176574743,1.772971367
2021-10-17 00:00:00,61571.45,0.010601298,0.010601298,2.210250557,1.802368462
2021-10-18 00:00:00,62037.92,0.007576076,0.007576076,2.23457166,1.823599419
2021-10-19 00:00:00,64316.7,0.03673205,0.03673205,2.353384109,1.927316015
2021-10-20 00:00:00,66064.24,0.027170859,0.027170859,2.444498437,2.006853707
2021-10-21 00:00:00,62260.33,-0.057578956,-0.057578956,2.246167811,1.833722208
2021-10-22 00:00:00,60734.27,-0.024510953,-0.024510953,2.166601146,1.764264977
2021-10-23 00:00:00,61325.11,0.00972828,0.00972828,2.197406729,1.791156521
2021-10-24 00:00:00,60902.82,-0.006886086,-0.006886086,2.175389111,1.771936377
2021-10-25 00:00:00,63127.04,0.036520805,0.036520805,2.291356876,1.873169724
2021-10-26 00:00:00,60358.75,-0.043852682,-0.043852682,2.14702205,1.747173526
2021-10-27 00:00:00,58449.36,-0.031634022,-0.031634022,2.047469087,1.66026938
2021-10-28 00:00:00,60622.03,0.037171836,0.037171836,2.160749107,1.759156476
2021-10-29 00:00:00,62308.22,0.027814806,0.027814806,2.24866473,1.835901878
2021-10-30 00:00:00,61895.19,-0.00662882,-0.00662882,2.227129915,1.817103193
2021-10-31 00:00:00,61348.61,-0.008830735,-0.008830735,2.198631987,1.792226103
2021-11-01 00:00:00,60942.87,-0.006613679,-0.006613679,2.177477262,1.773759216
2021-11-02 00:00:00,63266.69,0.038131122,0.038131122,2.298638035,1.879525767
2021-11-03 00:00:00,62946.45,-0.005061747,-0.005061747,2.281941163,1.864950335
2021-11-04 00:00:00,61431.86,-0.024061563,-0.024061563,2.202972527,1.79601515
2021-11-05 00:00:00,61006,-0.006932234,-0.006932234,2.180768774,1.77663252
2021-11-06 00:00:00,61511.3,0.008282792,0.008282792,2.207114419,1.79963079
2021-11-07 00:00:00,63316.4,0.029345828,0.029345828,2.301229846,1.881788272
2021-11-08 00:00:00,67606.96,0.067763802,0.067763802,2.524933732,2.077069202
2021-11-09 00:00:00,67009.98,-0.008830156,-0.008830156,2.493808017,2.049898201
2021-11-10 00:00:00,64920.13,-0.031187146,-0.031187146,2.384846118,1.954780582
2021-11-11 00:00:00,64831.3,-0.001368297,-0.001368297,2.380214644,1.950737566
2021-11-12 00:00:00,64156.08,-0.010415031,-0.010415031,2.345009604,1.920005542
2021-11-13 00:00:00,64427,0.004222827,0.004222827,2.359134999,1.932336219
2021-11-14 00:00:00,65568.39,0.01771602,0.01771602,2.418645501,1.984285545
2021-11-15 00:00:00,63654.49,-0.02918937,-0.02918937,2.318857393,1.89717613
2021-11-16 00:00:00,60106.03,-0.055745636,-0.055745636,2.133845578,1.735671206
2021-11-17 00:00:00,60366.96,0.004341162,0.002170581,2.147450109,1.741609201
2021-11-18 00:00:00,56921.05,-0.057082715,-0.028541358,1.96778511,1.663359952
2021-11-19 00:00:00,58069.51,0.020176367,0.010088184,2.027664231,1.690228416
2021-11-20 00:00:00,59716.29,0.028358772,0.014179386,2.113525071,1.728374204
2021-11-21 00:00:00,58661.39,-0.017665197,-0.008832598,2.058524039,1.70427557
2021-11-22 00:00:00,56268.31,-0.040794806,-0.020397403,1.933752146,1.649115372
2021-11-23 00:00:00,57574.23,0.023208801,0.0116044,2.001841015,1.679856768
2021-11-24 00:00:00,57165.08,-0.007106478,-0.003553239,1.980508498,1.670334596
2021-11-25 00:00:00,58988.21,0.031892372,0.015946186,2.075563983,1.712916248
2021-11-26 00:00:00,53755.65,-0.088705184,-0.044352592,1.802745516,1.592591381
2021-11-27 00:00:00,54738.77,0.018288682,0.009144341,1.854004038,1.616298921
2021-11-28 00:00:00,57315.73,0.047077419,0.023538709,1.988363181,1.677883221
2021-11-29 00:00:00,57827.98,0.008937337,0.004468669,2.01507119,1.689849794
2021-11-30 00:00:00,56975,-0.014750299,-0.00737515,1.970597988,1.67001175
2021-12-01 00:00:00,57209.29,0.004112154,0.002056077,1.982813546,1.6755015
2021-12-02 00:00:00,56513.57,-0.012160962,-0.006080481,1.946539664,1.659233164
2021-12-03 00:00:00,53612,-0.05134289,-0.025671445,1.795255803,1.590966806
2021-12-04 00:00:00,49135.66,-0.083495113,-0.041747557,1.561865603,1.482800273
2021-12-05 00:00:00,49376.6,0.004903567,0.002451783,1.574427883,1.488887562
2021-12-06 00:00:00,50424.72,0.021227059,0.010613529,1.629075415,1.515303443
2021-12-07 00:00:00,50577.2,0.003023914,0.001511957,1.637025512,1.519106473
2021-12-08 00:00:00,50455.61,-0.002404048,-0.001202024,1.630685977,1.516078447
2021-12-09 00:00:00,47539.76,-0.057790402,-0.028895201,1.478657576,1.443375855
2021-12-10 00:00:00,47136.35,-0.008485739,-0.00424287,1.457624335,1.43300893
2021-12-11 00:00:00,49381.15,0.047623543,0.023811772,1.574665114,1.490943182
2021-12-12 00:00:00,50057.01,0.013686599,0.0068433,1.609903523,1.507989453
2021-12-13 00:00:00,46679.93,-0.067464677,-0.033732338,1.433827225,1.423389104
2021-12-14 00:00:00,48324.04,0.035220918,0,1.519548855,1.423389104
2021-12-15 00:00:00,48870.48,0.011307829,0.005653915,1.548039484,1.437090739
2021-12-16 00:00:00,47624.5,-0.025495555,-0.012747777,1.483075803,1.406023249
2021-12-17 00:00:00,46125.33,-0.031478966,-0.015739483,1.404911145,1.368153687
2021-12-18 00:00:00,46815.99,0.014973551,0,1.440921206,1.368153687
2021-12-19 00:00:00,46668.63,-0.003147643,0,1.433238059,1.368153687
2021-12-20 00:00:00,46898.14,0.004917865,0,1.445204394,1.368153687
2021-12-21 00:00:00,48875.15,0.042155403,0,1.548282971,1.368153687
2021-12-22 00:00:00,48569.69,-0.006249802,0,1.532356707,1.368153687
2021-12-23 00:00:00,50817.92,0.046288745,0.023144373,1.649576322,1.422963119
2021-12-24 00:00:00,50808.55,-0.000184384,-9.21919E-05,1.649087783,1.422739741
2021-12-25 00:00:00,50403.64,-0.007969328,-0.003984664,1.627976333,1.413085937
2021-12-26 00:00:00,50765.73,0.007183807,0.003591903,1.646855207,1.421753508
2021-12-27 00:00:00,50707.72,-0.0011427,-0.00057135,1.643830645,1.42036984
2021-12-28 00:00:00,47522.03,-0.062824556,-0.031412278,1.477733159,1.344340509
2021-12-29 00:00:00,46436.54,-0.022841827,-0.011420914,1.421137206,1.317565999
2021-12-30 00:00:00,47095.02,0.014180212,0,1.455469446,1.317565999
2021-12-31 00:00:00,46210.56,-0.01878033,0,1.40935492,1.317565999
2022-01-01 00:00:00,47704.35,0.032325728,0,1.487239072,1.317565999
2022-01-02 00:00:00,47280,-0.008895415,0,1.465114048,1.317565999
2022-01-03 00:00:00,46445.81,-0.017643613,0,1.421620531,1.317565999
2022-01-04 00:00:00,45833.42,-0.013185043,0,1.38969136,1.317565999
2022-01-05 00:00:00,43421.69,-0.052619464,0,1.263947081,1.317565999
2022-01-06 00:00:00,43080.01,-0.007868878,0,1.246132357,1.317565999
2022-01-07 00:00:00,41553.86,-0.035425943,0,1.166560999,1.317565999
2022-01-08 00:00:00,41688.05,0.003229303,0,1.173557481,1.317565999
2022-01-09 00:00:00,41851.22,0.003914071,0,1.18206494,1.317565999
2022-01-10 00:00:00,41801.55,-0.001186823,0,1.179475214,1.317565999
2022-01-11 00:00:00,42700.68,0.021509489,0,1.226354614,1.317565999
2022-01-12 00:00:00,43880.72,0.027635157,0,1.287880273,1.317565999
2022-01-13 00:00:00,42534.32,-0.030683179,0,1.217680832,1.317565999
2022-01-14 00:00:00,43042.4,0.011945177,0,1.244171423,1.317565999
2022-01-15 00:00:00,43070.51,0.000653077,0,1.24563704,1.317565999
2022-01-16 00:00:00,43060.66,-0.000228695,0,1.245123475,1.317565999
2022-01-17 00:00:00,42176.34,-0.02053661,0,1.199016248,1.317565999
2022-01-18 00:00:00,42337.58,0.003822996,0,1.20742308,1.317565999
2022-01-19 00:00:00,41657.89,-0.016054059,0,1.17198498,1.317565999
2022-01-20 00:00:00,40661.69,-0.023913837,-0.011956919,1.120044485,1.289855051
2022-01-21 00:00:00,36425.98,-0.104169551,0,0.899200402,1.289855051
2022-01-22 00:00:00,35043.73,-0.037946817,0,0.827131792,1.289855051
2022-01-23 00:00:00,36230.01,0.033851419,0,0.888982796,1.289855051
2022-01-24 00:00:00,36648.31,0.011545677,0,0.910792382,1.289855051
2022-01-25 00:00:00,36934.26,0.007802543,0,0.925701421,1.289855051
2022-01-26 00:00:00,36787.43,-0.003975442,0,0.918045907,1.289855051
2022-01-27 00:00:00,37131,0.009339331,0,0.935959173,1.289855051
2022-01-28 00:00:00,37696.21,0.015222052,0,0.965428444,1.289855051
2022-01-29 00:00:00,38150.01,0.012038345,0,0.989088951,1.289855051
2022-01-30 00:00:00,37870.01,-0.007339448,0,0.974490136,1.289855051
2022-01-31 00:00:00,38439.04,0.015025874,0,1.004158576,1.289855051
2022-02-01 00:00:00,38680.51,0.006281895,0,1.01674849,1.289855051
2022-02-02 00:00:00,36892.03,-0.046237239,0,0.923499607,1.289855051
2022-02-03 00:00:00,37289.86,0.01078363,0,0.944241915,1.289855051
2022-02-04 00:00:00,41550,0.114243926,0,1.166359744,1.289855051
2022-02-05 00:00:00,41374.69,-0.004219254,0,1.157219322,1.289855051
2022-02-06 00:00:00,42361.35,0.023846946,0,1.208662415,1.289855051
2022-02-07 00:00:00,43829.99,0.034669339,0.017334669,1.285235281,1.329548931
2022-02-08 00:00:00,44021.57,0.00437098,0.00218549,1.295223998,1.334640137
2022-02-09 00:00:00,44358.08,0.007644207,0.003822104,1.312769166,1.343563373
2022-02-10 00:00:00,43471.29,-0.019991623,-0.009995811,1.266533157,1.320137556
2022-02-11 00:00:00,42366,-0.025425747,-0.012712873,1.20890486,1.290641941
2022-02-12 00:00:00,42199.87,-0.003921305,0,1.20024307,1.290641941
2022-02-13 00:00:00,42041.13,-0.003761623,0,1.191966585,1.290641941
2022-02-14 00:00:00,42525.14,0.011512773,0,1.2172022,1.290641941
2022-02-15 00:00:00,44529.6,0.047135882,0,1.321711982,1.290641941
2022-02-16 00:00:00,43860.7,-0.015021469,-0.007510734,1.286836458,1.273437538
2022-02-17 00:00:00,40491.7,-0.07681136,-0.03840568,1.11118144,1.186124624
2022-02-18 00:00:00,39966.8,-0.01296315,0,1.083813878,1.186124624
2022-02-19 00:00:00,40052.6,0.002146782,0,1.088287371,1.186124624
2022-02-20 00:00:00,38368.1,-0.042057195,0,1.000459863,1.186124624
2022-02-21 00:00:00,36986.4,-0.036011687,-0.018005843,0.928419929,1.146761606
2022-02-22 00:00:00,38212,0.033136504,0.016568252,0.992321024,1.182329694
2022-02-23 00:00:00,37227.8,-0.025756307,-0.012878153,0.941006192,1.154225317
2022-02-24 00:00:00,38315.1,0.029206668,0.014603334,0.997696516,1.185684189
2022-02-25 00:00:00,39205.4,0.02323627,0.011618135,1.044115531,1.211077763
2022-02-26 00:00:00,39099.3,-0.00270626,-0.00135313,1.038583623,1.208085887
2022-02-27 00:00:00,37672,-0.03650449,-0.018252245,0.964166168,1.167783363
2022-02-28 00:00:00,43155,0.145545763,0,1.250042232,1.167783363
2022-03-01 00:00:00,44394.1,0.02871278,0.01435639,1.314647199,1.198904905
2022-03-02 00:00:00,43885.7,-0.011451972,-0.005725986,1.288139923,1.186314007
2022-03-03 00:00:00,42449.5,-0.032725922,-0.016362961,1.213258434,1.150539436
2022-03-04 00:00:00,39127.7,-0.078252983,-0.039126491,1.04006436,1.066396373
2022-03-05 00:00:00,39375.1,0.006322886,0.003161443,1.052963455,1.072929167
2022-03-06 00:00:00,38401.1,-0.024736445,-0.012368223,1.002180437,1.047290718
2022-03-07 00:00:00,37963.8,-0.011387695,0,0.979380218,1.047290718
2022-03-08 00:00:00,38709.9,0.019652933,0,1.018280844,1.047290718
2022-03-09 00:00:00,41937.5,0.083379187,0,1.18656346,1.047290718
2022-03-10 00:00:00,39407.2,-0.060335022,0,1.054637105,1.047290718
2022-03-11 00:00:00,38713,-0.01761607,0,1.018442473,1.047290718
2022-03-12 00:00:00,38792.6,0.002056157,0,1.022592708,1.047290718
2022-03-13 00:00:00,37743.7,-0.027038662,0,0.967904507,1.047290718
2022-03-14 00:00:00,39653.8,0.050607121,0,1.067494489,1.047290718
2022-03-15 00:00:00,39271,-0.009653551,0,1.047535824,1.047290718
2022-03-16 00:00:00,41105.8,0.046721499,0,1.143199768,1.047290718
2022-03-17 00:00:00,40898.1,-0.005052815,0,1.132370576,1.047290718
2022-03-18 00:00:00,41751.5,0.020866495,0,1.176865676,1.047290718
2022-03-19 00:00:00,42188.2,0.010459504,0,1.199634613,1.047290718
2022-03-20 00:00:00,41261,-0.021977709,-0.010988855,1.151291682,1.024793338
2022-03-21 00:00:00,40982,-0.006761833,-0.003380917,1.136745007,1.01794768
2022-03-22 00:00:00,42349.8,0.033375628,0.016687814,1.208060214,1.051622816
2022-03-23 00:00:00,42867.9,0.012233824,0.006116912,1.235073234,1.064172413
2022-03-24 00:00:00,43973.4,0.025788527,0.012894264,1.292712481,1.090788396
2022-03-25 00:00:00,44290.6,0.007213452,0.003606726,1.309250851,1.098329296
2022-03-26 00:00:00,44489.2,0.004484021,0.002242011,1.319605582,1.103033773
2022-03-27 00:00:00,46820.8,0.052408225,0.026204112,1.441171993,1.158141907
2022-03-28 00:00:00,47121.9,0.006430903,0.003215451,1.456870932,1.165081307
2022-03-29 00:00:00,47418.5,0.006294313,0.003147157,1.472335247,1.171895157
2022-03-30 00:00:00,47053.2,-0.007703744,-0.003851872,1.453289009,1.163529294
2022-03-31 00:00:00,45506,-0.032881929,-0.016440965,1.372620133,1.127958785
2022-04-01 00:00:00,46266.2,0.016705489,0.008352745,1.412255913,1.145733082
2022-04-02 00:00:00,45794.6,-0.010193186,-0.005096593,1.387667339,1.134797153
2022-04-03 00:00:00,46392.4,0.013053941,0.00652697,1.418835807,1.148730911
2022-04-04 00:00:00,46580.9,0.004063166,0.002031583,1.428663937,1.153096236
2022-04-05 00:00:00,45477.4,-0.023689967,-0.011844984,1.371128968,1.127592846
2022-04-06 00:00:00,43159.7,-0.050963775,-0.025481888,1.250287284,1.073377764
2022-04-07 00:00:00,43417.1,0.005963897,0.002981948,1.263707765,1.07956047
2022-04-08 00:00:00,42229.2,-0.027360188,-0.013680094,1.201772296,1.051111887
2022-04-09 00:00:00,42727.7,0.011804628,0.005902314,1.227763399,1.063218194
2022-04-10 00:00:00,42140.4,-0.013745182,-0.006872591,1.197142386,1.049038539
2022-04-11 00:00:00,39505.6,-0.062524323,-0.031262162,1.059767545,0.984981165
2022-04-12 00:00:00,40060.7,0.014051172,0.007025586,1.088709694,0.998926822
2022-04-13 00:00:00,41129.8,0.026687002,0.013343501,1.144451095,1.025599504
2022-04-14 00:00:00,39915.9,-0.02951388,-0.01475694,1.081160022,0.995707853
2022-04-15 00:00:00,40529.5,0.01537232,0.00768616,1.11315228,1.011047183
2022-04-16 00:00:00,40361,-0.004157466,0,1.104366922,1.011047183
2022-04-17 00:00:00,39649.1,-0.017638314,0,1.067249437,1.011047183
2022-04-18 00:00:00,40785.6,0.028663955,0,1.126504981,1.011047183
2022-04-19 00:00:00,41472.9,0.016851536,0,1.162339856,1.011047183
2022-04-20 00:00:00,41327.7,-0.003501081,-0.001750541,1.154769328,1.007526763
2022-04-21 00:00:00,40449.8,-0.021242411,-0.010621206,1.108996832,0.986204409
2022-04-22 00:00:00,39674.2,-0.019174384,0,1.068558117,0.986204409
2022-04-23 00:00:00,39415.1,-0.006530692,0,1.055049,0.986204409
2022-04-24 00:00:00,39433.4,0.000464289,0,1.056003137,0.986204409
2022-04-25 00:00:00,40411,0.024791167,0,1.106973854,0.986204409
2022-04-26 00:00:00,38093.7,-0.057343298,0,0.986153025,0.986204409
2022-04-27 00:00:00,39209,0.029277807,0,1.04430323,0.986204409
2022-04-28 00:00:00,39732.5,0.013351526,0,1.071597798,0.986204409
2022-04-29 00:00:00,38572.2,-0.029202794,0,1.011101355,0.986204409
2022-04-30 00:00:00,37614.5,-0.024828763,0,0.961168197,0.986204409
2022-05-01 00:00:00,38440.5,0.021959617,0,1.004234699,0.986204409
2022-05-02 00:00:00,38525.6,0.002213811,0,1.008671696,0.986204409
2022-05-03 00:00:00,37712.9,-0.021095064,0,0.966298638,0.986204409
2022-05-04 00:00:00,39684,0.052265936,0,1.069069075,0.986204409
2022-05-05 00:00:00,36534.7,-0.07935944,0,0.904868913,0.986204409
2022-05-06 00:00:00,35995.3,-0.014764046,0,0.87674534,0.986204409
2022-05-07 00:00:00,35466.7,-0.014685251,0,0.849184865,0.986204409
2022-05-08 00:00:00,34032,-0.04045203,0,0.774381584,0.986204409
2022-05-09 00:00:00,30056.6,-0.116813587,0,0.567109706,0.986204409
2022-05-10 00:00:00,31002.1,0.031457317,0,0.616406773,0.986204409
2022-05-11 00:00:00,29074.7,-0.062169982,0,0.515914793,0.986204409
2022-05-12 00:00:00,29020.7,-0.001857285,0,0.513099307,0.986204409
2022-05-13 00:00:00,29274.3,0.00873859,0,0.526321662,0.986204409
2022-05-14 00:00:00,30079.8,0.027515602,0,0.568319322,0.986204409
2022-05-15 00:00:00,31324.4,0.041376605,0,0.633211051,0.986204409
2022-05-16 00:00:00,29866.7,-0.046535608,0,0.557208582,0.986204409
2022-05-17 00:00:00,30437,0.019094845,0,0.586943238,0.986204409
2022-05-18 00:00:00,28700.6,-0.057048986,0,0.496409734,0.986204409
2022-05-19 00:00:00,30319.9,0.056420423,0,0.580837805,0.986204409
2022-05-20 00:00:00,29188.9,-0.037302234,0,0.521869024,0.986204409
2022-05-21 00:00:00,29427.4,0.008170914,0,0.534304085,0.986204409
2022-05-22 00:00:00,30284,0.029108926,0,0.578966029,0.986204409
2022-05-23 00:00:00,29097.7,-0.0391725,0,0.517113981,0.986204409
2022-05-24 00:00:00,29643.1,0.01874375,0,0.545550386,0.986204409
2022-05-25 00:00:00,29536.7,-0.003589368,0,0.540002836,0.986204409
2022-05-26 00:00:00,29194,-0.011602515,0,0.522134931,0.986204409
2022-05-27 00:00:00,28623.2,-0.019551963,0,0.492374205,0.986204409
2022-05-28 00:00:00,29018.8,0.013820956,0,0.513000244,0.986204409
2022-05-29 00:00:00,29452.8,0.014955822,0,0.535628406,0.986204409
2022-05-30 00:00:00,31726.5,0.077198093,0,0.654175991,0.986204409
2022-05-31 00:00:00,31797.8,0.002247333,0,0.657893475,0.986204409
2022-06-01 00:00:00,29796.9,-0.062925737,0,0.553569306,0.986204409
2022-06-02 00:00:00,30437.1,0.021485457,0,0.586948452,0.986204409
2022-06-03 00:00:00,29682.8,-0.024782256,0,0.547620289,0.986204409
2022-06-04 00:00:00,29848.4,0.005578989,0,0.556254445,0.986204409
2022-06-05 00:00:00,29909.9,0.002060412,0,0.55946097,0.986204409
2022-06-06 00:00:00,31361.2,0.048522396,0,0.635129752,0.986204409
2022-06-07 00:00:00,31118.1,-0.007751617,0,0.622454853,0.986204409
2022-06-08 00:00:00,30192.5,-0.029744747,0,0.574195345,0.986204409
2022-06-09 00:00:00,30093.3,-0.003285584,-0.001642792,0.569023193,0.982941488
2022-06-10 00:00:00,29077.7,-0.033748376,0,0.516071209,0.982941488
2022-06-11 00:00:00,28416.7,-0.022732197,-0.011366098,0.48160758,0.96040318
2022-06-12 00:00:00,26564.7,-0.065172944,0,0.385046852,0.96040318
2022-06-13 00:00:00,22471.5,-0.154084179,0,0.171633044,0.96040318
2022-06-14 00:00:00,22122.7,-0.015521883,0,0.153447093,0.96040318
2022-06-15 00:00:00,22567.5,0.020106045,0,0.176638352,0.96040318
2022-06-16 00:00:00,20387.4,-0.096603523,0,0.062970942,0.96040318
2022-06-17 00:00:00,20457.3,0.003428588,0,0.066615432,0.96040318
2022-06-18 00:00:00,18959.7,-0.073206142,0,-0.011467369,0.96040318
2022-06-19 00:00:00,20564.2,0.084626866,0,0.07218905,0.96040318
2022-06-20 00:00:00,20570.1,0.000286906,0,0.072496668,0.96040318
2022-06-21 00:00:00,20713.1,0.006951838,0,0.079952491,0.96040318
2022-06-22 00:00:00,19977.4,-0.035518585,0,0.041594107,0.96040318
2022-06-23 00:00:00,21096.6,0.056023306,0,0.099947653,0.96040318
2022-06-24 00:00:00,21231.2,0.006380175,0,0.106965511,0.96040318
2022-06-25 00:00:00,21481.9,0.011808094,0,0.120036664,0.96040318
2022-06-26 00:00:00,21029.1,-0.02107821,0,0.096428296,0.96040318
2022-06-27 00:00:00,20730,-0.014223148,0,0.080833634,0.96040318
2022-06-28 00:00:00,20268.6,-0.022257598,0,0.056776874,0.96040318
2022-06-29 00:00:00,20109.9,-0.007829845,0,0.048502474,0.96040318
2022-06-30 00:00:00,19923.5,-0.009269066,0,0.038783835,0.96040318
2022-07-01 00:00:00,19272,-0.032700078,0,0.004815523,0.96040318
2022-07-02 00:00:00,19240.9,-0.00161374,0,0.003194012,0.96040318
2022-07-03 00:00:00,19305.9,0.00337822,0,0.006583022,0.96040318
2022-07-04 00:00:00,20226.6,0.047690084,0,0.054587052,0.96040318
2022-07-05 00:00:00,20170,-0.002798295,0,0.051636006,0.96040318
2022-07-06 00:00:00,20554.1,0.019043133,0,0.07166245,0.96040318
2022-07-07 00:00:00,21613.4,0.051537163,0,0.126892893,0.96040318
2022-07-08 00:00:00,21587.9,-0.001179824,0,0.125563358,0.96040318
2022-07-09 00:00:00,21580,-0.000365946,0,0.125151463,0.96040318
2022-07-10 00:00:00,20853.8,-0.033651529,0,0.087288395,0.96040318
2022-07-11 00:00:00,19954.3,-0.043133626,0,0.040389705,0.96040318
2022-07-12 00:00:00,19322.9,-0.031642303,0,0.007469379,0.96040318
2022-07-13 00:00:00,20220.1,0.046431954,0,0.054248151,0.96040318
2022-07-14 00:00:00,20578.6,0.017729883,0,0.072939847,0.96040318
2022-07-15 00:00:00,20823.1,0.011881275,0,0.08568774,0.96040318
2022-07-16 00:00:00,21183.5,0.017307702,0,0.104478499,0.96040318
2022-07-17 00:00:00,20794.4,-0.018368069,-0.009184035,0.084191361,0.942398769
2022-07-18 00:00:00,22423.9,0.078362444,0.039181222,0.169151246,1.018504326
2022-07-19 00:00:00,23385.9,0.042900655,0.021450328,0.2193086,1.061801905
2022-07-20 00:00:00,23221.5,-0.007029877,-0.003514938,0.210737011,1.054554798
2022-07-21 00:00:00,23144.5,-0.003315893,-0.001657946,0.206722337,1.051148457
2022-07-22 00:00:00,22675.1,-0.020281276,-0.010140638,0.182248468,1.030348502
2022-07-23 00:00:00,22440.2,-0.010359381,-0.00517969,0.170001105,1.019831926
2022-07-24 00:00:00,22570.6,0.005811,0.0029055,0.176799982,1.025700547
2022-07-25 00:00:00,21300,-0.056294472,-0.028147236,0.110552649,0.968682676
2022-07-26 00:00:00,21241,-0.002769953,0,0.10747647,0.968682676
2022-07-27 00:00:00,22941.1,0.080038605,0.040019302,0.196117341,1.047467983
2022-07-28 00:00:00,23836.2,0.03901731,0.019508655,0.242786622,1.087411329
2022-07-29 00:00:00,23771.1,-0.00273114,-0.00136557,0.239392397,1.084560823
2022-07-30 00:00:00,23629.9,-0.005939986,-0.002969993,0.232030424,1.078369692
2022-07-31 00:00:00,23290.1,-0.014380086,-0.007190043,0.21431372,1.063426124
2022-08-01 00:00:00,23257.6,-0.001395443,-0.000697721,0.212619215,1.061986428
2022-08-02 00:00:00,22975.1,-0.012146567,-0.006073284,0.197890054,1.0494634
2022-08-03 00:00:00,22801.5,-0.007556006,-0.003778003,0.188838789,1.04172052
2022-08-04 00:00:00,22608.9,-0.008446813,-0.004223406,0.178796891,1.033097505
2022-08-05 00:00:00,23298.1,0.030483571,0.015241785,0.214730829,1.064085541
2022-08-06 00:00:00,22943.3,-0.01522871,-0.007614355,0.196232046,1.048368861
2022-08-07 00:00:00,23167.8,0.009784992,0.004892496,0.207937167,1.058390497
2022-08-08 00:00:00,23804.4,0.027477792,0.013738896,0.241128613,1.086670511
2022-08-09 00:00:00,23140.2,-0.027902405,-0.013951202,0.206498141,1.057558948
2022-08-10 00:00:00,23940.9,0.034602121,0.01730106,0.248245535,1.0931569
2022-08-11 00:00:00,23917.2,-0.000989938,-0.000494969,0.24700985,1.092120852
2022-08-12 00:00:00,24387.5,0.019663673,0.009831837,0.271530644,1.112690243
2022-08-13 00:00:00,24429,0.001701691,0.000850846,0.273694397,1.114487816
2022-08-14 00:00:00,24294.1,-0.005522125,-0.002761063,0.266660897,1.108649583
2022-08-15 00:00:00,24085.2,-0.008598796,-0.004299398,0.255769139,1.099583659
2022-08-16 00:00:00,23843,-0.010055968,-0.005027984,0.243141164,1.089026986
2022-08-17 00:00:00,23333.1,-0.021385732,-0.010692866,0.216555681,1.066689301
2022-08-18 00:00:00,23185.1,-0.006342921,-0.00317146,0.208839165,1.060134878
2022-08-19 00:00:00,20824.9,-0.101798138,0,0.085781589,1.060134878
2022-08-20 00:00:00,21127.8,0.014545088,0,0.101574378,1.060134878
2022-08-21 00:00:00,21505.6,0.017881654,0,0.121272349,1.060134878
2022-08-22 00:00:00,21387,-0.005514843,0,0.115088709,1.060134878
2022-08-23 00:00:00,21518.2,0.006134568,0,0.121929296,1.060134878
2022-08-24 00:00:00,21354.9,-0.007588925,0,0.113415059,1.060134878
2022-08-25 00:00:00,21548.3,0.009056469,0.004528235,0.123498668,1.069463652
2022-08-26 00:00:00,20228.7,-0.06123917,-0.030619585,0.054696543,1.006097534
2022-08-27 00:00:00,20023.9,-0.010124229,0,0.044018553,1.006097534
2022-08-28 00:00:00,19547.5,-0.023791569,0,0.019179713,1.006097534
2022-08-29 00:00:00,20275.5,0.037242614,0,0.05713663,1.006097534
2022-08-30 00:00:00,19803.1,-0.023299056,0,0.032506345,1.006097534
2022-08-31 00:00:00,20041.5,0.012038519,0,0.044936193,1.006097534
2022-09-01 00:00:00,20122.5,0.004041614,0,0.049159421,1.006097534
2022-09-02 00:00:00,19941,-0.009019754,0,0.039696261,1.006097534
2022-09-03 00:00:00,19820.7,-0.006032797,0,0.033423985,1.006097534
2022-09-04 00:00:00,19992.7,0.008677796,0,0.042391828,1.006097534
2022-09-05 00:00:00,19784.9,-0.010393794,0,0.031557422,1.006097534
2022-09-06 00:00:00,18781.5,-0.050715445,0,-0.020758471,1.006097534
2022-09-07 00:00:00,19287,0.026914783,0,0.005597602,1.006097534
2022-09-08 00:00:00,19309.3,0.001156219,0,0.006760294,1.006097534
2022-09-09 00:00:00,21352,0.105788402,0,0.113263857,1.006097534
2022-09-10 00:00:00,21639.5,0.013464781,0,0.128253711,1.006097534
2022-09-11 00:00:00,21820.3,0.008355091,0,0.137680374,1.006097534
2022-09-12 00:00:00,22386,0.0259254,0,0.167175192,1.006097534
2022-09-13 00:00:00,20162.5,-0.099325471,0,0.051244966,1.006097534
2022-09-14 00:00:00,20217,0.002703038,0,0.054086521,1.006097534
2022-09-15 00:00:00,19690.8,-0.026027601,0,0.026651178,1.006097534
2022-09-16 00:00:00,19792.5,0.005164849,0,0.031953676,1.006097534
2022-09-17 00:00:00,20102,0.015637236,0,0.048090579,1.006097534
2022-09-18 00:00:00,19404.5,-0.03469804,0,0.011723891,1.006097534
2022-09-19 00:00:00,19528.6,0.006395424,0,0.018194294,1.006097534
2022-09-20 00:00:00,18866.8,-0.033888758,0,-0.016311047,1.006097534
2022-09-21 00:00:00,18447.5,-0.022224225,0,-0.038172771,1.006097534
2022-09-22 00:00:00,19392.5,0.051226453,0,0.011098227,1.006097534
2022-09-23 00:00:00,19280.7,-0.005765115,0,0.005269129,1.006097534
2022-09-24 00:00:00,18911,-0.019174615,0,-0.014006519,1.006097534
2022-09-25 00:00:00,18799.7,-0.005885463,0,-0.019809548,1.006097534
2022-09-26 00:00:00,19216.3,0.022159928,0,0.001911402,1.006097534
2022-09-27 00:00:00,19070.1,-0.007608124,0,-0.005711265,1.006097534
2022-09-28 00:00:00,19407.3,0.017682131,0,0.011869879,1.006097534
2022-09-29 00:00:00,19582.5,0.009027531,0,0.021004565,1.006097534
2022-09-30 00:00:00,19411.7,-0.008722073,0,0.012099289,1.006097534
2022-10-01 00:00:00,19304,-0.0055482,0,0.006483959,1.006097534
2022-10-02 00:00:00,19049.4,-0.013188976,0,-0.006790534,1.006097534
2022-10-03 00:00:00,19622,0.03005869,0,0.023064041,1.006097534
2022-10-04 00:00:00,20333,0.036234838,0,0.060134601,1.006097534
2022-10-05 00:00:00,20150,-0.009000148,-0.004500074,0.050593233,0.997069948
2022-10-06 00:00:00,19954,-0.009727047,-0.004863524,0.040374063,0.987357151
2022-10-07 00:00:00,19520.9,-0.021704921,-0.010852461,0.017792826,0.965789435
2022-10-08 00:00:00,19406.2,-0.005875754,-0.002937877,0.011812526,0.960014188
2022-10-09 00:00:00,19430,0.001226412,0.000613206,0.013053425,0.961216081
2022-10-10 00:00:00,19124,-0.015748842,0,-0.002900993,0.961216081
2022-10-11 00:00:00,19055,-0.003608032,0,-0.006498558,0.961216081
2022-10-12 00:00:00,19148,0.004880609,0,-0.001649666,0.961216081
2022-10-13 00:00:00,19365.5,0.011358889,0,0.009690484,0.961216081
2022-10-14 00:00:00,19164.6,-0.010374119,0,-0.000784165,0.961216081
2022-10-15 00:00:00,19060.4,-0.005437108,0,-0.006217009,0.961216081
2022-10-16 00:00:00,19251.9,0.010047008,0,0.003767537,0.961216081
2022-10-17 00:00:00,19540.6,0.014995922,0.007497961,0.018819957,0.975921203
2022-10-18 00:00:00,19320.9,-0.011243258,0,0.007365102,0.975921203
2022-10-19 00:00:00,19116.7,-0.010568866,0,-0.003281605,0.975921203
2022-10-20 00:00:00,19034.7,-0.004289443,0,-0.007556972,0.975921203
2022-10-21 00:00:00,19150.9,0.00610464,0.00305232,-0.001498464,0.981952347
2022-10-22 00:00:00,19195.1,0.002307986,0.001153993,0.000806063,0.984239506
2022-10-23 00:00:00,19560.7,0.019046527,0,0.019867943,0.984239506
2022-10-24 00:00:00,19318.1,-0.012402419,-0.00620121,0.007219114,0.971934821
2022-10-25 00:00:00,20068.3,0.038834047,0.019417023,0.046333508,1.010223926
2022-10-26 00:00:00,20758.3,0.034382583,0.017191292,0.082309157,1.044782271
2022-10-27 00:00:00,20285.5,-0.022776432,-0.022776432,0.057658017,0.998209428
2022-10-28 00:00:00,20582.8,0.014655789,0.014655789,0.073158829,1.027494763
2022-10-29 00:00:00,20796.7,0.010392172,0.010392172,0.08431128,1.048564837
2022-10-30 00:00:00,20615.6,-0.008708112,-0.008708112,0.074868976,1.030725705
2022-10-31 00:00:00,20482,-0.006480529,-0.006480529,0.067903256,1.017565527
2022-11-01 00:00:00,20472.1,-0.000483351,-0.000483351,0.067387083,1.016590334
2022-11-02 00:00:00,20140.1,-0.016217193,-0.016217193,0.050077061,0.9838869
2022-11-03 00:00:00,20199.7,0.00295927,0.001479635,0.053184523,0.986822328
2022-11-04 00:00:00,21137.6,0.046431383,0,0.102085336,0.986822328
2022-11-05 00:00:00,21289.9,0.00720517,0.003602585,0.110026048,0.993980025
2022-11-06 00:00:00,20900,-0.018313848,-0.009156924,0.0896972,0.975721301
2022-11-07 00:00:00,20578.6,-0.01537799,-0.007688995,0.072939847,0.960529989
2022-11-08 00:00:00,18534,-0.099355641,-0.049677821,-0.03366278,0.863135132
2022-11-09 00:00:00,15905,-0.141847416,0,-0.170735217,0.863135132
2022-11-10 00:00:00,17588,0.105815781,0,-0.082985916,0.863135132
2022-11-11 00:00:00,17058.3,-0.030117125,0,-0.110603744,0.863135132
2022-11-12 00:00:00,16806.9,-0.014737694,0,-0.123711394,0.863135132
2022-11-13 00:00:00,16321.2,-0.028898845,0,-0.149035123,0.863135132
2022-11-14 00:00:00,16605.2,0.017400681,0,-0.134227754,0.863135132
2022-11-15 00:00:00,16888.3,0.017048876,0,-0.11946731,0.863135132
2022-11-16 00:00:00,16650.6,-0.014074833,0,-0.131860661,0.863135132
2022-11-17 00:00:00,16682.1,0.001891824,0,-0.130218294,0.863135132
2022-11-18 00:00:00,16689.7,0.000455578,0,-0.12982204,0.863135132
2022-11-19 00:00:00,16692.9,0.000191735,0,-0.129655197,0.863135132
2022-11-20 00:00:00,16272.6,-0.025178369,0,-0.15156906,0.863135132
2022-11-21 00:00:00,15773,-0.030701916,0,-0.177617515,0.863135132
2022-11-22 00:00:00,16220.6,0.028377607,0,-0.154280268,0.863135132
2022-11-23 00:00:00,16595.8,0.02313108,0,-0.134717857,0.863135132
2022-11-24 00:00:00,16592.4,-0.000204871,0,-0.134895128,0.863135132
2022-11-25 00:00:00,16516.1,-0.004598491,0,-0.138873305,0.863135132
2022-11-26 00:00:00,16449.2,-0.004050593,0,-0.142361379,0.863135132
2022-11-27 00:00:00,16422.6,-0.0016171,0,-0.143748266,0.863135132
2022-11-28 00:00:00,16204.5,-0.013280479,0,-0.1551197,0.863135132
2022-11-29 00:00:00,16433.2,0.014113364,0,-0.143195597,0.863135132
2022-11-30 00:00:00,17153.3,0.043819828,0,-0.105650575,0.863135132
2022-12-01 00:00:00,16970.5,-0.010656842,0,-0.115181515,0.863135132
2022-12-02 00:00:00,17083,0.006629151,0,-0.10931592,0.863135132
2022-12-03 00:00:00,16879.5,-0.011912428,0,-0.11992613,0.863135132
2022-12-04 00:00:00,17099.5,0.013033561,0,-0.108455633,0.863135132
2022-12-05 00:00:00,16958.3,-0.008257551,0,-0.115817607,0.863135132
2022-12-06 00:00:00,17078.6,0.007093871,0,-0.10954533,0.863135132
2022-12-07 00:00:00,16828,-0.014673334,0,-0.122611269,0.863135132
2022-12-08 00:00:00,17216,0.02305681,0,-0.102381484,0.863135132
2022-12-09 00:00:00,17122,-0.005460037,0,-0.107282514,0.863135132
2022-12-10 00:00:00,17120,-0.000116809,-5.84044E-05,-0.107386791,0.863026317
2022-12-11 00:00:00,17077.3,-0.002494159,0,-0.109613111,0.863026317
2022-12-12 00:00:00,17200,0.007184977,0.003592488,-0.103215702,0.869719217
2022-12-13 00:00:00,17777.1,0.033552326,0.016776163,-0.073126503,0.901085931
2022-12-14 00:00:00,17803.9,0.001507557,0.000753779,-0.071729188,0.902518929
2022-12-15 00:00:00,17351.8,-0.025393313,-0.012696656,-0.095301059,0.8783633
2022-12-16 00:00:00,16624.1,-0.041938012,-0.020969006,-0.133242334,0.838975888
2022-12-17 00:00:00,16768,0.008656108,0,-0.125739586,0.838975888
2022-12-18 00:00:00,16730.3,-0.00224833,-0.001124165,-0.127705212,0.836908576
2022-12-19 00:00:00,16429.2,-0.017997286,-0.008998643,-0.143404151,0.820378891
2022-12-20 00:00:00,16887.2,0.027877194,0,-0.119524663,0.820378891
2022-12-21 00:00:00,16819.6,-0.004003032,-0.002001516,-0.123049233,0.816735374
2022-12-22 00:00:00,16815.5,-0.000243763,-0.000121882,-0.123263002,0.816513947
2022-12-23 00:00:00,16776.4,-0.002325236,-0.001162618,-0.125301622,0.814402036
2022-12-24 00:00:00,16828.9,0.003129396,0.001564698,-0.122564344,0.817241027
2022-12-25 00:00:00,16824.4,-0.000267397,-0.000133699,-0.122798968,0.816998064
2022-12-26 00:00:00,16912.9,0.005260217,0.002630109,-0.1181847,0.821776967
2022-12-27 00:00:00,16698.2,-0.012694452,-0.006347226,-0.129378862,0.810213736
2022-12-28 00:00:00,16539,-0.009533962,-0.004766981,-0.137679331,0.801584482
2022-12-29 00:00:00,16630.3,0.005520285,0.002760143,-0.132919075,0.806557112
2022-12-30 00:00:00,16601.2,-0.001749818,-0.000874909,-0.134436309,0.804976539
2022-12-31 00:00:00,16537.6,-0.003831048,0,-0.137752325,0.804976539
2023-01-01 00:00:00,16610.3,0.004396043,0,-0.133961847,0.804976539
2023-01-02 00:00:00,16666,0.003353341,0,-0.131057726,0.804976539
2023-01-03 00:00:00,16667.2,7.20029E-05,0,-0.130995159,0.804976539
2023-01-04 00:00:00,16842.1,0.010493664,0,-0.121876114,0.804976539
2023-01-05 00:00:00,16823.8,-0.001086563,0,-0.122830251,0.804976539
2023-01-06 00:00:00,16943.8,0.007132752,0,-0.116573617,0.804976539
2023-01-07 00:00:00,16936.5,-0.000430836,-0.000215418,-0.116954229,0.804587715
2023-01-08 00:00:00,17124.7,0.011112095,0,-0.10714174,0.804587715
2023-01-09 00:00:00,17169.7,0.002627783,0.001313892,-0.104795502,0.806958747
2023-01-10 00:00:00,17428.8,0.015090537,0.007545269,-0.091286385,0.820592737
2023-01-11 00:00:00,17935.7,0.029084045,0.014542022,-0.064857317,0.847067837
2023-01-12 00:00:00,18838,0.050307487,0.025153744,-0.017812639,0.893528508
2023-01-13 00:00:00,19924.2,0.057660049,0.028830024,0.038820332,0.948118981
2023-01-14 00:00:00,20962.8,0.052127563,0.052127563,0.092971505,1.049669677
2023-01-15 00:00:00,20882.7,-0.003821054,-0.003821054,0.088795202,1.041837777
2023-01-16 00:00:00,21188.3,0.014634123,0.014634123,0.104728764,1.071718283
2023-01-17 00:00:00,21130.9,-0.002709042,-0.002709042,0.101736008,1.06610591
2023-01-18 00:00:00,20680,-0.021338419,-0.021338419,0.078226703,1.022018476
2023-01-19 00:00:00,21068.3,0.018776596,0.018776596,0.09847213,1.0599851
2023-01-20 00:00:00,22661.1,0.075601733,0.075601733,0.181518527,1.215723544
2023-01-21 00:00:00,22781.9,0.005330721,0.005330721,0.187816872,1.227534948
2023-01-22 00:00:00,22704.6,-0.003393044,-0.003393044,0.183786557,1.219976823
2023-01-23 00:00:00,22913.1,0.009183161,0.009183161,0.19465746,1.240363228
2023-01-24 00:00:00,22627.4,-0.01246885,-0.01246885,0.179761455,1.212428475
2023-01-25 00:00:00,23060.6,0.01914493,0.01914493,0.202347906,1.254785265
2023-01-26 00:00:00,23001.9,-0.002545467,-0.002545467,0.199287369,1.249045783
2023-01-27 00:00:00,23068,0.002873676,0.002873676,0.202733732,1.255508811
2023-01-28 00:00:00,23015.9,-0.00225854,-0.00225854,0.20001731,1.250414654
2023-01-29 00:00:00,23740.3,0.031473894,0.031473894,0.237786528,1.321243967
2023-01-30 00:00:00,22819.9,-0.038769518,-0.038769518,0.18979814,1.231250456
2023-01-31 00:00:00,23119.4,0.01312451,0.01312451,0.205413657,1.260534524
2023-02-01 00:00:00,23730,0.02641072,0.02641072,0.2372495,1.320236869
2023-02-02 00:00:00,23493.1,-0.009983144,-0.009983144,0.22489786,1.297073611
2023-02-03 00:00:00,23424.7,-0.002911493,-0.002911493,0.221331579,1.290385697
2023-02-04 00:00:00,23322.6,-0.004358647,-0.004358647,0.216008225,1.280402714
2023-02-05 00:00:00,22929.2,-0.016867759,-0.016867759,0.195496891,1.24193743
2023-02-06 00:00:00,22757.7,-0.007479546,-0.007479546,0.186555118,1.225168756
2023-02-07 00:00:00,23234.1,0.020933574,0.020933574,0.211393957,1.271749491
2023-02-08 00:00:00,22955.9,-0.01197378,-0.01197378,0.196888993,1.244548063
2023-02-09 00:00:00,21793.4,-0.050640576,-0.050640576,0.136277845,1.130882856
2023-02-10 00:00:00,21618.6,-0.008020777,-0.008020777,0.127164014,1.11379152
2023-02-11 00:00:00,21851.3,0.010763879,0.010763879,0.139296671,1.136544117
2023-02-12 00:00:00,21771.1,-0.003670262,-0.003670262,0.135115153,1.12870244
2023-02-13 00:00:00,21766.2,-0.000225069,-0.000225069,0.134859674,1.128223335
2023-02-14 00:00:00,22187.4,0.019351104,0.019351104,0.156820462,1.169406806
2023-02-15 00:00:00,24332.6,0.096685506,0.096685506,0.268668234,1.379157001
2023-02-16 00:00:00,23526.6,-0.033124286,-0.033124286,0.226644504,1.300349124
2023-02-17 00:00:00,24581.5,0.044838608,0.044838608,0.281645537,1.403493577
2023-02-18 00:00:00,24636.9,0.002253727,0.002253727,0.284534016,1.408910397
2023-02-19 00:00:00,24265.9,-0.015058713,-0.015058713,0.265190588,1.372635307
2023-02-20 00:00:00,24849.9,0.024066694,0.024066694,0.295639543,1.429736796
2023-02-21 00:00:00,24443.4,-0.016358215,-0.016358215,0.274445193,1.38999064
2023-02-22 00:00:00,24171.3,-0.011131839,-0.011131839,0.260258274,1.363385648
2023-02-23 00:00:00,23928.8,-0.010032559,-0.010032559,0.247614658,1.339674841
2023-02-24 00:00:00,23175.6,-0.031476714,-0.031476714,0.208343848,1.266029565
2023-02-25 00:00:00,23146.2,-0.001268576,-0.001268576,0.206810972,1.263154935
2023-02-26 00:00:00,23545.3,0.017242571,0.017242571,0.227619497,1.302177545
2023-02-27 00:00:00,23480,-0.002773377,-0.002773377,0.224214844,1.295792738
2023-02-28 00:00:00,23129.6,-0.014923339,-0.014923339,0.205945471,1.261531845
2023-03-01 00:00:00,23619.8,0.021193622,0.010596811,0.231503824,1.28549687
2023-03-02 00:00:00,23457.1,-0.006888289,-0.006888289,0.22302087,1.269753708
2023-03-03 00:00:00,22342.8,-0.047503741,-0.047503741,0.164922804,1.161931916
2023-03-04 00:00:00,22335.7,-0.000317776,-0.000158888,0.164552619,1.161588412
2023-03-05 00:00:00,22419.4,0.003747364,0.001873682,0.168916622,1.165638541
2023-03-06 00:00:00,22397.1,-0.000994674,-0.000497337,0.167753931,1.164561488
2023-03-07 00:00:00,22187.1,-0.009376214,-0.004688107,0.15680482,1.154413793
2023-03-08 00:00:00,21695.4,-0.022161526,-0.011080763,0.13116826,1.130541244
2023-03-09 00:00:00,20348.3,-0.062091503,-0.031045752,0.060932322,1.064396989
2023-03-10 00:00:00,20140.3,-0.010221984,-0.005110992,0.050087489,1.053845873
2023-03-11 00:00:00,20447.3,0.01524307,0.007621535,0.066094046,1.069499331
2023-03-12 00:00:00,21986.2,0.075261771,0.037630885,0.146330171,1.147376423
2023-03-13 00:00:00,24119.5,0.097029045,0.097029045,0.257557493,1.355734307
2023-03-14 00:00:00,24682.5,0.023342109,0.023342109,0.286911537,1.410722115
2023-03-15 00:00:00,24288,-0.015982984,-0.015982984,0.266342851,1.372191582
2023-03-16 00:00:00,24990.4,0.028919631,0.028919631,0.302965019,1.440794487
2023-03-17 00:00:00,27384,0.09578078,0.09578078,0.427764025,1.674575687
2023-03-18 00:00:00,26907,-0.017418931,-0.017418931,0.402893902,1.627987438
2023-03-19 00:00:00,27955.7,0.038974988,0.038974988,0.457571675,1.730413217
2023-03-20 00:00:00,27704.1,-0.008999953,-0.008999953,0.444453598,1.705839625
2023-03-21 00:00:00,28091.1,0.013969052,0.013969052,0.464631244,1.743637638
2023-03-22 00:00:00,27233.8,-0.030518563,-0.030518563,0.419932804,1.65990576
2023-03-23 00:00:00,28284.1,0.038566047,0.038566047,0.474693998,1.76248781
2023-03-24 00:00:00,27438.9,-0.029882513,-0.029882513,0.430626435,1.67993773
2023-03-25 00:00:00,27447.3,0.000306135,0.000306135,0.4310644,1.680758152
2023-03-26 00:00:00,27954.3,0.018471762,0.018471762,0.457498681,1.73027648
2023-03-27 00:00:00,27112,-0.030131321,-0.030131321,0.41358232,1.648009641
2023-03-28 00:00:00,27249.7,0.005078932,0.005078932,0.420761808,1.661458702
2023-03-29 00:00:00,28338.5,0.039956403,0.039956403,0.477530339,1.767801019
2023-03-30 00:00:00,28015,-0.011415565,-0.011415565,0.460663495,1.736205005
2023-03-31 00:00:00,28454.9,0.015702302,0.015702302,0.483599275,1.779169723
2023-04-01 00:00:00,28443.8,-0.000390091,-0.000390091,0.483020536,1.778085594
2023-04-02 00:00:00,28161.2,-0.009935381,-0.009935381,0.468286162,1.750484255
2023-04-03 00:00:00,27786.1,-0.013319745,-0.013319745,0.448728965,1.713848506
2023-04-04 00:00:00,28155.2,0.01328362,0.01328362,0.46797333,1.749898239
2023-04-05 00:00:00,28154,-4.26209E-05,-4.26209E-05,0.467910764,1.749781036
2023-04-06 00:00:00,28022.8,-0.004660084,-0.004660084,0.461070176,1.736966826
2023-04-07 00:00:00,27890.7,-0.004714019,-0.004714019,0.454182665,1.724064713
2023-04-08 00:00:00,27924.9,0.001226215,0.001226215,0.455965805,1.727405003
2023-04-09 00:00:00,28309.4,0.013769073,0.013769073,0.476013106,1.764958842
2023-04-10 00:00:00,29623.1,0.046405081,0.046405081,0.544507613,1.893266982
2023-04-11 00:00:00,30185.1,0.018971681,0.018971681,0.573809519,1.948157119
2023-04-12 00:00:00,29875,-0.010273281,-0.010273281,0.557641332,1.917869874
2023-04-13 00:00:00,30362.7,0.016324686,0.016324686,0.583069338,1.965503184
2023-04-14 00:00:00,30453.1,0.002977337,0.002977337,0.58778267,1.974332488
2023-04-15 00:00:00,30280.4,-0.005671015,-0.005671015,0.57877833,1.957465002
2023-04-16 00:00:00,30286.6,0.000204753,0.000204753,0.579101589,1.958070552
2023-04-17 00:00:00,29420,-0.028613314,-0.028613314,0.533918259,1.87343035
2023-04-18 00:00:00,30365.8,0.032148199,0.032148199,0.583230968,1.965805959
2023-04-19 00:00:00,28795.1,-0.051725955,-0.051725955,0.501336834,1.812396814
2023-04-20 00:00:00,28229.9,-0.01962834,-0.01962834,0.471868085,1.757194134
2023-04-21 00:00:00,27252.5,-0.034622864,-0.034622864,0.420907796,1.661732176
2023-04-22 00:00:00,27807.2,0.020354096,0.020354096,0.44982909,1.715909328
2023-04-23 00:00:00,27576,-0.008314393,-0.004157197,0.43777464,1.704618759
2023-04-24 00:00:00,27497.5,-0.002846678,-0.002846678,0.433681758,1.696919579
2023-04-25 00:00:00,28286.7,0.028700791,0.028700791,0.474829559,1.774323304
2023-04-26 00:00:00,28395.9,0.003860472,0.003860472,0.480523096,1.7850335
2023-04-27 00:00:00,29459,0.037438503,0.037438503,0.535951665,1.889300987
2023-04-28 00:00:00,29300,-0.005397332,-0.005397332,0.527661625,1.87370647
2023-04-29 00:00:00,29212.7,-0.002979522,-0.002979522,0.523109923,1.865144198
2023-04-30 00:00:00,29223,0.000352586,0.000352586,0.523646951,1.866154409
2023-05-01 00:00:00,28054.4,-0.03998905,-0.03998905,0.462717757,1.751539618
2023-05-02 00:00:00,28656.5,0.021461874,0.010730937,0.494110421,1.781066216
2023-05-03 00:00:00,29018.4,0.012628897,0.012628897,0.512979389,1.816188016
2023-05-04 00:00:00,28826,-0.006630276,-0.006630276,0.502947918,1.797515912
2023-05-05 00:00:00,29491.5,0.023086797,0.023086797,0.537646171,1.862101593
2023-05-06 00:00:00,28837.8,-0.022165709,-0.022165709,0.503563153,1.798661083
2023-05-07 00:00:00,28419.4,-0.014508735,-0.014508735,0.481748354,1.758056051
2023-05-08 00:00:00,27659.8,-0.026728221,-0.026728221,0.442143857,1.68433812
2023-05-09 00:00:00,27610.2,-0.001793216,-0.000896608,0.439557781,1.68193132
2023-05-10 00:00:00,27582.9,-0.000988765,-0.000494383,0.438134397,1.68060542
2023-05-11 00:00:00,26956.4,-0.022713348,-0.011356674,0.40546955,1.650162659
2023-05-12 00:00:00,26785.1,-0.006354706,-0.003177353,0.396538204,1.641742156
2023-05-13 00:00:00,26762.7,-0.000836286,-0.000418143,0.395370299,1.640637531
2023-05-14 00:00:00,26901.9,0.005201269,0.002600634,0.402627995,1.647504864
2023-05-15 00:00:00,27152.5,0.009315327,0.004657664,0.415693934,1.659836051
2023-05-16 00:00:00,27024.8,-0.004703066,-0.002351533,0.409035832,1.653581358
2023-05-17 00:00:00,27395.8,0.013728131,0.006864066,0.428379261,1.671795715
2023-05-18 00:00:00,26809.3,-0.021408391,-0.010704196,0.397799959,1.643196291
2023-05-19 00:00:00,26870.1,0.00226787,0.001133935,0.400969987,1.646193504
2023-05-20 00:00:00,27089.5,0.00816521,0.004082605,0.412409201,1.656996866
2023-05-21 00:00:00,26732.8,-0.013167463,-0.006583732,0.393811354,1.639503911
2023-05-22 00:00:00,26840.2,0.004017537,0.002008768,0.399411042,1.644806063
2023-05-23 00:00:00,27209.9,0.013774115,0.006887057,0.418686691,1.663020994
2023-05-24 00:00:00,26313.8,-0.032932866,-0.016466433,0.371965272,1.619170537
2023-05-25 00:00:00,26461.8,0.005624425,0.002812213,0.379681788,1.626536202
2023-05-26 00:00:00,26689.9,0.008619973,0.004309986,0.391574607,1.637856537
2023-05-27 00:00:00,26841.6,0.005683798,0.002841899,0.399484036,1.645353059
2023-05-28 00:00:00,28055.7,0.045232028,0.022616014,0.462785537,1.705180401
2023-05-29 00:00:00,27722,-0.011894196,-0.005947098,0.445386879,1.689092427
2023-05-30 00:00:00,27680.1,-0.001511435,-0.000755717,0.443202271,1.687060233
2023-05-31 00:00:00,27201.1,-0.017304851,-0.008652425,0.418227871,1.663810645
2023-06-01 00:00:00,26805.3,-0.014550882,-0.007275441,0.397591404,1.644430248
2023-06-02 00:00:00,27227.8,0.015761808,0.007880904,0.419619972,1.665270749
2023-06-03 00:00:00,27054.9,-0.006350127,-0.003175064,0.410605204,1.656808345
2023-06-04 00:00:00,27102.4,0.001755689,0.000877845,0.413081789,1.65914061
2023-06-05 00:00:00,25714.7,-0.051202108,-0.025601054,0.340729023,1.591063808
2023-06-06 00:00:00,27221.5,0.058596834,0.029298417,0.419291499,1.666977875
2023-06-07 00:00:00,26325.9,-0.032900465,-0.016450232,0.372596149,1.62310547
2023-06-08 00:00:00,26485.9,0.006077665,0.003038832,0.380938328,1.631076648
2023-06-09 00:00:00,26468.1,-0.000672056,-0.000336028,0.380010261,1.630192533
2023-06-10 00:00:00,25826.6,-0.024236723,-0.012118361,0.346563335,1.598318909
2023-06-11 00:00:00,25909.9,0.003225357,0.001612678,0.350906482,1.602509162
2023-06-12 00:00:00,25894.8,-0.000582789,-0.000291394,0.350119189,1.601750805
2023-06-13 00:00:00,25918,0.000895933,0.000447966,0.351328805,1.602916302
2023-06-14 00:00:00,25115.9,-0.030947604,-0.015473802,0.309508416,1.562639291
2023-06-15 00:00:00,25586.1,0.018721208,0.009360604,0.334023996,1.586627143
2023-06-16 00:00:00,26336,0.029308883,0.014654441,0.373122749,1.624532719
2023-06-17 00:00:00,26508.9,0.006565158,0.003282579,0.382137517,1.633147955
2023-06-18 00:00:00,26329.7,-0.006759994,-0.003379997,0.372794276,1.624247923
2023-06-19 00:00:00,26828.5,0.018944386,0.009472193,0.39880102,1.649105305
2023-06-20 00:00:00,28290.6,0.054498015,0.027249008,0.475032899,1.721290796
2023-06-21 00:00:00,29988.5,0.060016401,0.060016401,0.563559066,1.884612876
2023-06-22 00:00:00,29875,-0.003784784,-0.003784784,0.557641332,1.873695239
2023-06-23 00:00:00,30673.4,0.026724686,0.026724686,0.599268808,1.950493843
2023-06-24 00:00:00,30524.2,-0.004864149,-0.004864149,0.591489726,1.9361422
2023-06-25 00:00:00,30458,-0.002168771,-0.002168771,0.588038149,1.92977438
2023-06-26 00:00:00,30260.1,-0.006497472,-0.006497472,0.577719915,1.910738253
2023-06-27 00:00:00,30683.2,0.013982108,0.013982108,0.599779766,1.951436511
2023-06-28 00:00:00,30066.3,-0.020105465,-0.020105465,0.567615451,1.892096508
2023-06-29 00:00:00,30439.9,0.012425872,0.012425872,0.58709444,1.928033329
2023-06-30 00:00:00,30460.2,0.000666888,0.000666888,0.588152854,1.929985999
2023-07-01 00:00:00,30573.6,0.003722891,0.003722891,0.594065373,1.940894017
2023-07-02 00:00:00,30612.7,0.001278881,0.001278881,0.596103994,1.944655071
2023-07-03 00:00:00,31149,0.017518873,0.017518873,0.624065937,1.996242109
2023-07-04 00:00:00,30756.1,-0.012613567,-0.012613567,0.603580672,1.958448808
2023-07-05 00:00:00,30488.4,-0.008703964,-0.008703964,0.589623163,1.932698575
2023-07-06 00:00:00,29874.4,-0.020138807,-0.020138807,0.557610049,1.873637525
2023-07-07 00:00:00,30327.9,0.015180221,0.015180221,0.581254914,1.917259978
2023-07-08 00:00:00,30269.3,-0.001932214,-0.001932214,0.578199591,1.911623207
2023-07-09 00:00:00,30147.8,-0.004013968,-0.004013968,0.571864748,1.899936044
2023-07-10 00:00:00,30396.9,0.008262626,0.008262626,0.584852479,1.923897132
2023-07-11 00:00:00,30608.4,0.006957946,0.006957946,0.595879798,1.944241451
2023-07-12 00:00:00,30368.9,-0.007824649,-0.007824649,0.583392598,1.921203794
2023-07-13 00:00:00,31441.7,0.035325613,0.035325613,0.639326911,2.024397108
2023-07-14 00:00:00,30293.3,-0.036524743,-0.036524743,0.579450918,1.913931782
2023-07-15 00:00:00,30276.4,-0.000557879,-0.000557879,0.578569775,1.91230616
2023-07-16 00:00:00,30216.8,-0.00196853,-0.00196853,0.575462313,1.906573198
2023-07-17 00:00:00,30126.1,-0.003001641,-0.003001641,0.57073334,1.897848708
2023-07-18 00:00:00,29845.6,-0.009310863,-0.009310863,0.556108457,1.870867234
2023-07-19 00:00:00,29895.5,0.001671938,0.001671938,0.558710174,1.875667147
2023-07-20 00:00:00,29791,-0.003495509,-0.003495509,0.553261688,1.865615226
2023-07-21 00:00:00,29891.4,0.003370145,0.003370145,0.558496406,1.875272765
2023-07-22 00:00:00,29783.5,-0.003609734,-0.001804867,0.552870648,1.870083281
2023-07-23 00:00:00,30070.8,0.009646281,0.00482314,0.567850074,1.883926095
2023-07-24 00:00:00,29163.8,-0.030162151,-0.015081075,0.520560344,1.840433388
2023-07-25 00:00:00,29216.3,0.001800177,0.000900088,0.523297622,1.84299003
2023-07-26 00:00:00,29336,0.004097028,0.002048514,0.529538615,1.848813935
2023-07-27 00:00:00,29209.7,-0.00430529,-0.002152645,0.522953507,1.842681449
2023-07-28 00:00:00,29299.9,0.003088015,0.001544008,0.527656411,1.847070571
2023-07-29 00:00:00,29339.1,0.001337889,0.000668944,0.529700245,1.848975102
2023-07-30 00:00:00,29271.1,-0.002317726,-0.001158863,0.526154818,1.84567353
2023-07-31 00:00:00,29220.8,-0.001718419,-0.000859209,0.523532246,1.843228501
2023-08-01 00:00:00,29701.2,0.016440344,0.008220172,0.54857964,1.866600328
2023-08-02 00:00:00,29170.1,-0.017881432,-0.008940716,0.520888818,1.840970868
2023-08-03 00:00:00,29180.2,0.000346245,0.000173122,0.521415418,1.841462704
2023-08-04 00:00:00,29101.1,-0.002710742,-0.001355371,0.517291253,1.837611468
2023-08-05 00:00:00,29057.7,-0.001491353,-0.000745676,0.515028436,1.835495528
2023-08-06 00:00:00,29075.9,0.00062634,0.00031317,0.515977359,1.83638352
2023-08-07 00:00:00,29202.7,0.004361,0.0021805,0.522588537,1.842568255
2023-08-08 00:00:00,29759,0.019049608,0.009524804,0.551593252,1.869643161
2023-08-09 00:00:00,29572.8,-0.006256931,-0.003128465,0.541885041,1.860665582
2023-08-10 00:00:00,29443.7,-0.004365498,0,0.535153944,1.860665582
2023-08-11 00:00:00,29415.5,-0.00095776,0,0.533683635,1.860665582
2023-08-12 00:00:00,29420.7,0.000176778,0,0.533954756,1.860665582
2023-08-13 00:00:00,29293.3,-0.004330284,0,0.527312296,1.860665582
2023-08-14 00:00:00,29419.5,0.004308152,0,0.53389219,1.860665582
2023-08-15 00:00:00,29188.8,-0.007841738,0,0.52186381,1.860665582
2023-08-16 00:00:00,28714.4,-0.016252809,0,0.497129247,1.860665582
2023-08-17 00:00:00,26609.7,-0.073297718,0,0.38739309,1.860665582
2023-08-18 00:00:00,26042.1,-0.021330567,0,0.357799208,1.860665582
2023-08-19 00:00:00,26088.3,0.00177405,0,0.360208012,1.860665582
2023-08-20 00:00:00,26175.9,0.003357827,0,0.364775356,1.860665582
2023-08-21 00:00:00,26115.4,-0.002311286,0,0.361620969,1.860665582
2023-08-22 00:00:00,26044.4,-0.002718702,0,0.357919127,1.860665582
2023-08-23 00:00:00,26419.2,0.01439081,0,0.377460682,1.860665582
2023-08-24 00:00:00,26164.6,-0.009636931,0,0.364186189,1.860665582
2023-08-25 00:00:00,26051.7,-0.00431499,0,0.358299739,1.860665582
2023-08-26 00:00:00,26004.3,-0.001819459,0,0.355828368,1.860665582
2023-08-27 00:00:00,26087.7,0.003207162,0,0.360176729,1.860665582
2023-08-28 00:00:00,26106.5,0.000720646,0,0.361156935,1.860665582
2023-08-29 00:00:00,27700.1,0.061042269,0,0.444245043,1.860665582
2023-08-30 00:00:00,27290.4,-0.01479056,0,0.42288385,1.860665582
2023-08-31 00:00:00,25928,-0.049922317,0,0.351850191,1.860665582
2023-09-01 00:00:00,25795.6,-0.005106449,0,0.344947038,1.860665582
2023-09-02 00:00:00,25855.8,0.002333731,0,0.348085783,1.860665582
2023-09-03 00:00:00,25962.1,0.004111263,0,0.353628118,1.860665582
2023-09-04 00:00:00,25814,-0.005704469,0,0.345906388,1.860665582
2023-09-05 00:00:00,25779.7,-0.001328736,0,0.344118033,1.860665582
2023-09-06 00:00:00,25747.4,-0.001252924,0,0.342433956,1.860665582
2023-09-07 00:00:00,26240.7,0.019159216,0,0.368153938,1.860665582
2023-09-08 00:00:00,25899.8,-0.012991269,0,0.350379882,1.860665582
2023-09-09 00:00:00,25892.6,-0.000277994,0,0.350004484,1.860665582
2023-09-10 00:00:00,25828.4,-0.002479473,0,0.346657184,1.860665582
2023-09-11 00:00:00,25150.4,-0.026250174,0,0.311307199,1.860665582
2023-09-12 00:00:00,25825.8,0.026854444,0,0.346521624,1.860665582
2023-09-13 00:00:00,26209.9,0.014872724,0,0.366548069,1.860665582
2023-09-14 00:00:00,26510.3,0.011461318,0,0.382210511,1.860665582
2023-09-15 00:00:00,26591.1,0.003047872,0,0.386423311,1.860665582
2023-09-16 00:00:00,26546.9,-0.00166221,0,0.384118784,1.860665582
2023-09-17 00:00:00,26514.2,-0.001231782,0,0.382413851,1.860665582
2023-09-18 00:00:00,26749.9,0.008889576,0.004444788,0.394702925,1.873380634
2023-09-19 00:00:00,27196,0.016676698,0.016676698,0.417961964,1.921299135
2023-09-20 00:00:00,27107.7,-0.003246801,-0.003246801,0.413358124,1.911814258
2023-09-21 00:00:00,26552.6,-0.020477576,-0.010238788,0.384415974,1.882000808
2023-09-22 00:00:00,26566.7,0.000531021,0.000531021,0.385151129,1.883531212
2023-09-23 00:00:00,26563.1,-0.000135508,-0.000135508,0.38496343,1.883140471
2023-09-24 00:00:00,26232.4,-0.012449601,-0.006224801,0.367721188,1.865193496
2023-09-25 00:00:00,26290.5,0.002214818,0.001107409,0.370750442,1.868366438
2023-09-26 00:00:00,26208.8,-0.003107586,-0.001553793,0.366490716,1.86390959
2023-09-27 00:00:00,26359.6,0.005753793,0.002876896,0.37435322,1.872148761
2023-09-28 00:00:00,27011.8,0.024742409,0.012371204,0.40835803,1.9076807
2023-09-29 00:00:00,26890.9,-0.004475822,0,0.40205447,1.9076807
2023-09-30 00:00:00,26950.9,0.002231238,0.001115619,0.405182788,1.910924564
2023-10-01 00:00:00,27981.4,0.0382362,0.0191181,0.458911638,1.966575911
2023-10-02 00:00:00,27477.6,-0.018004817,-0.018004817,0.4326442,1.913163253
2023-10-03 00:00:00,27412,-0.002387399,-0.002387399,0.429223906,1.906208369
2023-10-04 00:00:00,27759.8,0.012687874,0.012687874,0.447357719,1.943081975
2023-10-05 00:00:00,27398.4,-0.013018826,-0.013018826,0.428514821,1.904766503
2023-10-06 00:00:00,27916.3,0.018902564,0.018902564,0.455517413,1.959674037
2023-10-07 00:00:00,27943,0.00095643,0.00095643,0.456909514,1.962504759
2023-10-08 00:00:00,27901.2,-0.001495902,-0.001495902,0.45473012,1.958073141
2023-10-09 00:00:00,27578.3,-0.011572979,-0.011572979,0.437894559,1.923839423
2023-10-10 00:00:00,27381.2,-0.007146923,-0.007146923,0.427618037,1.902942967
2023-10-11 00:00:00,26864.5,-0.018870612,-0.018870612,0.400678011,1.848162656
2023-10-12 00:00:00,26744,-0.004485473,-0.004485473,0.394395307,1.835387299
2023-10-13 00:00:00,26849.8,0.003956028,0.003956028,0.399911573,1.846604169
2023-10-14 00:00:00,26836.3,-0.000502797,-0.000502797,0.399207702,1.845172905
2023-10-15 00:00:00,27139.8,0.011309309,0.011309309,0.415031773,1.877349843
2023-10-16 00:00:00,28486.3,0.049613483,0.049613483,0.485236428,2.02010519
2023-10-17 00:00:00,28381.9,-0.00366492,-0.00366492,0.479793156,2.009036747
2023-10-18 00:00:00,28307.1,-0.002635482,-0.002635482,0.475893187,2.001106484
2023-10-19 00:00:00,28696.9,0.013770397,0.013770397,0.496216822,2.042432911
2023-10-20 00:00:00,29653,0.033317188,0.016658594,0.546066558,2.093115565
2023-10-21 00:00:00,29895.4,0.008174552,0.004087276,0.55870496,2.105757982
2023-10-22 00:00:00,29981.5,0.002880042,0.001440021,0.563194095,2.110230339
2023-10-23 00:00:00,33074,0.103146941,0.05157347,0.724432784,2.270635711
2023-10-24 00:00:00,33917,0.025488299,0.025488299,0.768385642,2.353998651
2023-10-25 00:00:00,34487.7,0.01682637,0.01682637,0.798141154,2.410434275
2023-10-26 00:00:00,34154,-0.009675913,-0.009675913,0.780742496,2.377435208
2023-10-27 00:00:00,33893.1,-0.00763893,-0.00763893,0.767139529,2.351635218
2023-10-28 00:00:00,34086.6,0.005709127,0.005709127,0.777228353,2.370770128
2023-10-29 00:00:00,34528.6,0.012966972,0.012966972,0.800273623,2.414478811
2023-10-30 00:00:00,34483.8,-0.001297475,-0.001297475,0.797937813,2.41004861
2023-10-31 00:00:00,34651.4,0.004860253,0.004860253,0.806676246,2.42662231
2023-11-01 00:00:00,35437.4,0.022683066,0.022683066,0.847657203,2.50434861
2023-11-02 00:00:00,34940.1,-0.014033197,-0.014033197,0.821728666,2.455171397
2023-11-03 00:00:00,34700.4,-0.006860312,-0.006860312,0.809231039,2.431467842
2023-11-04 00:00:00,35069.7,0.010642529,0.010642529,0.828485832,2.467987337
2023-11-05 00:00:00,35025.5,-0.001260347,-0.001260347,0.826181305,2.463616469
2023-11-06 00:00:00,35057.4,0.000910765,0.000910765,0.827844527,2.466771009
2023-11-07 00:00:00,35406.5,0.009957955,0.009957955,0.84604612,2.501292958
2023-11-08 00:00:00,35626.7,0.006219197,0.006219197,0.857527044,2.523068189
2023-11-09 00:00:00,36719.5,0.030673624,0.030673624,0.91450413,2.631133458
2023-11-10 00:00:00,37330.4,0.016636937,0.016636937,0.946355615,2.691544395
2023-11-11 00:00:00,37162.1,-0.00450839,-0.00450839,0.937580685,2.674901474
2023-11-12 00:00:00,37085.5,-0.00206124,-0.00206124,0.933586866,2.667326621
2023-11-13 00:00:00,36486.2,-0.016159955,-0.016159955,0.90234019,2.608062788
2023-11-14 00:00:00,35559,-0.025412348,-0.025412348,0.85399726,2.516373442
2023-11-15 00:00:00,37885.6,0.065429287,0.065429287,0.975302978,2.746447248
2023-11-16 00:00:00,36176,-0.045125325,-0.045125325,0.886166789,2.5773876
2023-11-17 00:00:00,36621.9,0.012325851,0.012325851,0.909415401,2.621481948
2023-11-18 00:00:00,36580.9,-0.001119549,-0.001119549,0.907277717,2.617427522
2023-11-19 00:00:00,37375.9,0.021732653,0.021732653,0.948727922,2.696043819
2023-11-20 00:00:00,37462.5,0.002317001,0.002317001,0.953243127,2.704607556
2023-11-21 00:00:00,35737,-0.046059393,-0.046059393,0.863277934,2.533975582
2023-11-22 00:00:00,37413.4,0.046909366,0.046909366,0.95068312,2.699752135
2023-11-23 00:00:00,37294.3,-0.003183351,-0.003183351,0.94447341,2.687974523
2023-11-24 00:00:00,37706.3,0.011047265,0.011047265,0.965954523,2.728716554
2023-11-25 00:00:00,37766.6,0.001599202,0.001599202,0.969098482,2.734679526
2023-11-26 00:00:00,37437.9,-0.008703458,-0.008703458,0.951960516,2.702174901
2023-11-27 00:00:00,37234.3,-0.005438339,-0.005438339,0.941345093,2.682041218
2023-11-28 00:00:00,37812.1,0.01551795,0.01551795,0.971470789,2.739178949
2023-11-29 00:00:00,37837.1,0.000661164,0.000661164,0.972774254,2.741651159
2023-11-30 00:00:00,37716.8,-0.003179419,-0.003179419,0.966501978,2.729754882
2023-12-01 00:00:00,38660,0.025007424,0.025007424,1.015679126,2.823026443
2023-12-02 00:00:00,39435,0.02004656,0.02004656,1.056086558,2.899664971
2023-12-03 00:00:00,39979.7,0.013812603,0.013812603,1.084486466,2.953529495
2023-12-04 00:00:00,41993.1,0.050360558,0.050360558,1.189462367,3.152631446
2023-12-05 00:00:00,44081.7,0.049736742,0.049736742,1.298359093,3.359169807
2023-12-06 00:00:00,43774.8,-0.006962073,-0.006962073,1.28235775,3.32882095
2023-12-07 00:00:00,43296,-0.0109378,-0.0109378,1.257393778,3.281473173
2023-12-08 00:00:00,44209.5,0.021098947,0.021098947,1.305022409,3.371807748
2023-12-09 00:00:00,43734.3,-0.010748821,-0.010748821,1.280246136,3.324815969
2023-12-10 00:00:00,43810,0.001730907,0.001730907,1.28419303,3.332301823
2023-12-11 00:00:00,41271,-0.057954805,-0.057954805,1.151813068,3.081224116
2023-12-12 00:00:00,41515,0.005912142,0.005912142,1.164534892,3.105352891
2023-12-13 00:00:00,42875,0.032759244,0.032759244,1.235443418,3.239841147
2023-12-14 00:00:00,43032.4,0.003671137,0.003671137,1.243650037,3.255406185
2023-12-15 00:00:00,41968,-0.024734851,-0.024734851,1.188153688,3.150149347
2023-12-16 00:00:00,42287.4,0.00761056,0.00761056,1.204806764,3.181734309
2023-12-17 00:00:00,41396.5,-0.021067741,-0.021067741,1.158356466,3.093634613
2023-12-18 00:00:00,42671.7,0.030804537,0.030804537,1.224843636,3.219737131
2023-12-19 00:00:00,42298.3,-0.00875053,-0.00875053,1.205375075,3.182812193
2023-12-20 00:00:00,43708.9,0.033348858,0.033348858,1.278921815,3.322304203
2023-12-21 00:00:00,43896.3,0.004287456,0.004287456,1.288692593,3.340835894
2023-12-22 00:00:00,43999.2,0.002344161,0.002344161,1.294057657,3.351011512
2023-12-23 00:00:00,43725.2,-0.006227386,-0.006227386,1.279771675,3.323916084
2023-12-24 00:00:00,43008.4,-0.016393293,-0.016393293,1.24239871,3.253032863
2023-12-25 00:00:00,43611.9,0.014032143,0.014032143,1.273864369,3.312712026
2023-12-26 00:00:00,42538.5,-0.024612548,-0.024612548,1.217898772,3.206565193
2023-12-27 00:00:00,43453.8,0.021516979,0.021516979,1.265621253,3.297077766
2023-12-28 00:00:00,42600.1,-0.019646153,-0.019646153,1.221110511,3.212656719
2023-12-29 00:00:00,42095.1,-0.011854432,-0.011854432,1.194780507,3.162718066
2023-12-30 00:00:00,42174.2,0.001879079,0.001879079,1.198904672,3.17054014
2023-12-31 00:00:00,42314,0.003314823,0.003314823,1.206193651,3.184364742
2024-01-01 00:00:00,44230.2,0.045285248,0.045285248,1.306101679,3.373854738
2024-01-02 00:00:00,44979.8,0.016947696,0.016947696,1.34518479,3.4479815
2024-01-03 00:00:00,42849.5,-0.04736126,-0.04736126,1.234113883,3.237319492
2024-01-04 00:00:00,44143.8,0.03020572,0.03020572,1.301596902,3.365310778
2024-01-05 00:00:00,44145.4,3.62452E-05,3.62452E-05,1.301680324,3.365469
2024-01-06 00:00:00,43956.7,-0.004274511,-0.004274511,1.291841766,3.346808754
2024-01-07 00:00:00,43916.9,-0.000905436,-0.000905436,1.289766648,3.342872995
2024-01-08 00:00:00,46972.7,0.069581414,0.034790707,1.449091849,3.493964617
2024-01-09 00:00:00,46114,-0.018280831,-0.018280831,1.404320415,3.411811208
2024-01-10 00:00:00,46662.9,0.01190311,0.01190311,1.432939304,3.464325481
2024-01-11 00:00:00,46337.8,-0.006966991,-0.006966991,1.415989038,3.433222566
2024-01-12 00:00:00,42788.9,-0.076587581,-0.076587581,1.230954283,3.093692775
2024-01-13 00:00:00,42846.4,0.001343806,0.000671903,1.233952254,3.09644334
2024-01-14 00:00:00,41734.9,-0.025941503,-0.012970751,1.176000175,3.043309392
2024-01-15 00:00:00,42515,0.01869179,0.009345895,1.216673514,3.081097738
2024-01-16 00:00:00,43133,0.014536046,0.014536046,1.248895183,3.140420763
2024-01-17 00:00:00,42783.4,-0.008105163,-0.008105163,1.23066752,3.106861977
2024-01-18 00:00:00,41323.1,-0.034132397,-0.034132397,1.154529491,2.966684933
2024-01-19 00:00:00,41662.2,0.008206064,0.004103032,1.172209697,2.982960368
2024-01-20 00:00:00,41691.8,0.000710476,0.000355238,1.173753001,2.984375267
2024-01-21 00:00:00,41580,-0.002681582,-0.001340791,1.167923903,2.979033052
2024-01-22 00:00:00,39567,-0.048412698,-0.024206349,1.062968857,2.882715188
2024-01-23 00:00:00,39890,0.008163368,0.004081684,1.079809631,2.898563206
2024-01-24 00:00:00,40078.7,0.004730509,0.002365254,1.089648189,2.9077843
2024-01-25 00:00:00,39953.3,-0.003128844,-0.001564422,1.083110006,2.901670876
2024-01-26 00:00:00,41806.4,0.046381651,0.023190825,1.179728087,2.992153844
2024-01-27 00:00:00,42102.2,0.007075472,0.003537736,1.195150691,3.006277029
2024-01-28 00:00:00,42021.2,-0.00192389,-0.000961945,1.190927463,3.002423211
2024-01-29 00:00:00,43287.7,0.030139549,0.015069774,1.256961027,3.062738826
2024-01-30 00:00:00,42918.3,-0.008533602,-0.008533602,1.23770102,3.02806903
2024-01-31 00:00:00,42560.5,-0.00833677,-0.00833677,1.219045822,2.994487945
2024-02-01 00:00:00,43072.6,0.012032283,0.006016142,1.24574601,3.01851935
2024-02-02 00:00:00,43182,0.002539898,0.001269949,1.251449975,3.023622664
2024-02-03 00:00:00,42992.4,-0.004390718,-0.004390718,1.241564492,3.00595607
2024-02-04 00:00:00,42570.3,-0.009818014,-0.004909007,1.21955678,2.986290803
2024-02-05 00:00:00,42692.9,0.002879942,0.001439971,1.225948975,2.992030947
2024-02-06 00:00:00,43079.1,0.009046001,0.004523,1.246084911,3.010086904
2024-02-07 00:00:00,44326.2,0.028949073,0.014474536,1.311106986,3.068131053
2024-02-08 00:00:00,45269.1,0.021271844,0.010635922,1.360268493,3.111399377
2024-02-09 00:00:00,47116.1,0.040800458,0.020400229,1.456568528,3.195272865
2024-02-10 00:00:00,47732.6,0.013084699,0.013084699,1.488711988,3.250166749
2024-02-11 00:00:00,48303.4,0.011958284,0.011958284,1.518472714,3.300991451
2024-02-12 00:00:00,49943.6,0.033956202,0.033956202,1.603990482,3.447036785
2024-02-13 00:00:00,49696.4,-0.004949583,-0.004949583,1.591101814,3.425025807
2024-02-14 00:00:00,51823.2,0.042795856,0.042795856,1.701990235,3.614398576
2024-02-15 00:00:00,51898.5,0.001453017,0.001453017,1.705916274,3.621103376
2024-02-16 00:00:00,52148.6,0.004819022,0.004819022,1.718956143,3.643372574
2024-02-17 00:00:00,51679.4,-0.008997365,-0.008997365,1.694492702,3.601594455
2024-02-18 00:00:00,52175.9,0.00960731,0.00960731,1.720379527,3.645803398
2024-02-19 00:00:00,51813.8,-0.006939986,-0.006939986,1.701500132,3.613561589
2024-02-20 00:00:00,52297.4,0.009333421,0.009333421,1.72671437,3.6566219
2024-02-21 00:00:00,51877.8,-0.008023343,-0.008023343,1.704837004,3.619260224
2024-02-22 00:00:00,51316.9,-0.010811947,-0.010811947,1.675592451,3.569317029
2024-02-23 00:00:00,50771.9,-0.010620283,-0.010620283,1.647176902,3.520789589
2024-02-24 00:00:00,51602.1,0.016351565,0.016351565,1.690462386,3.594711572
2024-02-25 00:00:00,51764.9,0.00315491,0.00315491,1.698950554,3.609207475
2024-02-26 00:00:00,54511.6,0.053061051,0.053061051,1.842159707,3.853776868
2024-02-27 00:00:00,57074.5,0.047015681,0.047015681,1.975785781,4.081980493
2024-02-28 00:00:00,62487.9,0.094847962,0.094847962,2.258032997,4.563995986
2024-02-29 00:00:00,61203.3,-0.02055758,-0.02055758,2.191055724,4.449613693
2024-03-01 00:00:00,62430.6,0.02005284,0.02005284,2.255045454,4.558893926
2024-03-02 00:00:00,62039.9,-0.006258149,-0.006258149,2.234674895,4.52410554
2024-03-03 00:00:00,63178.5,0.018352705,0.018352705,2.29403993,4.62548782
2024-03-04 00:00:00,68296.4,0.081006988,0.081006988,2.560880183,5.081191646
2024-03-05 00:00:00,63747.4,-0.066606732,-0.066606732,2.323701592,4.676143344
2024-03-06 00:00:00,66128.1,0.037345837,0.037345837,2.447828009,4.888123668
2024-03-07 00:00:00,66870,0.011219134,0.011219134,2.486509653,4.954183315
2024-03-08 00:00:00,68180.2,0.019593241,0.019593241,2.554821675,5.070845061
2024-03-09 00:00:00,68360.1,0.002638596,0.002638596,2.564201414,5.086863568
2024-03-10 00:00:00,69001.8,0.009387055,0.009387055,2.597658767,5.14400129
2024-03-11 00:00:00,72153.8,0.045679968,0.045679968,2.761999704,5.424659071
2024-03-12 00:00:00,71503.2,-0.00901685,-0.00901685,2.728078316,5.366728883
2024-03-13 00:00:00,73127.6,0.022717864,0.022717864,2.812772294,5.511367366
2024-03-14 00:00:00,71455.5,-0.022865512,-0.022865512,2.725591304,5.362481619
2024-03-15 00:00:00,69552.2,-0.026636158,-0.026636158,2.626355865,5.193009552
2024-03-16 00:00:00,65351,-0.060403553,-0.060403553,2.407311086,4.818929771
2024-03-17 00:00:00,68447.9,0.047388716,0.047388716,2.568779185,5.094681383
2024-03-18 00:00:00,67660,-0.011510945,-0.011510945,2.527699164,5.024525842
2024-03-19 00:00:00,61974.1,-0.084036358,-0.084036358,2.231244174,4.51824663
2024-03-20 00:00:00,67876.4,0.095238172,0.095238172,2.538981962,5.043794352
2024-03-21 00:00:00,65539.9,-0.034422863,-0.034422863,2.417160072,4.835749649
2024-03-22 00:00:00,63826,-0.026150482,-0.026150482,2.327799688,4.683141981
2024-03-23 00:00:00,64020.3,0.003044214,0.003044214,2.337930222,4.700442681
2024-03-24 00:00:00,67260.9,0.05061832,0.05061832,2.50689064,4.98898951
2024-03-25 00:00:00,69920.5,0.039541546,0.039541546,2.645558519,5.225803416
2024-03-26 00:00:00,70044.1,0.001767722,0.001767722,2.652002853,5.236808906
2024-03-27 00:00:00,69532.6,-0.007302542,-0.007302542,2.625333948,5.191264345
2024-03-28 00:00:00,70838.7,0.018783995,0.018783995,2.693432202,5.307561023
2024-03-29 00:00:00,69903.6,-0.013200412,-0.013200412,2.644677377,5.224298621
2024-03-30 00:00:00,69642.1,-0.003740866,-0.003740866,2.631043127,5.201014354
2024-03-31 00:00:00,71363,0.024710628,0.024710628,2.720768482,5.35424531
2024-04-01 00:00:00,69700,-0.023303393,-0.023303393,2.634061953,5.206169838
2024-04-02 00:00:00,65505.3,-0.060182209,-0.060182209,2.415356076,4.832668824
2024-04-03 00:00:00,65971.9,0.007123088,0.007123088,2.439683957,4.874215436
2024-04-04 00:00:00,68489.9,0.038167765,0.019083883,2.570969007,4.986318274
2024-04-05 00:00:00,67825.7,-0.00969778,-0.00969778,2.536338534,4.928264275
2024-04-06 00:00:00,68901.6,0.015862719,0.015862719,2.592434477,5.022302664
2024-04-07 00:00:00,69362.7,0.006692152,0.006692152,2.616475596,5.06260483
2024-04-08 00:00:00,71678.4,0.033385379,0.033385379,2.737213003,5.265007188
2024-04-09 00:00:00,69189.3,-0.034725943,-0.034725943,2.607434759,5.047448908
2024-04-10 00:00:00,70681.7,0.021569809,0.021569809,2.685246438,5.177891227
2024-04-11 00:00:00,70055.7,-0.008856606,-0.004428303,2.652607661,5.150533652
2024-04-12 00:00:00,67136.4,-0.041671127,-0.020835564,2.500399382,5.022383816
2024-04-13 00:00:00,63939.7,-0.047615005,-0.023807502,2.333727849,4.879005899
2024-04-14 00:00:00,65615.9,0.026215325,0.013107662,2.421122607,4.956065924
2024-04-15 00:00:00,63392.7,-0.033882032,-0.016941016,2.305208023,4.855164117
2024-04-16 00:00:00,63765,0.005872916,0.002936458,2.324619232,4.87235756
2024-04-17 00:00:00,61254.5,-0.039371128,-0.019685564,2.193725221,4.756756889
2024-04-18 00:00:00,63445,0.035760638,0.017880319,2.307934873,4.859689538
2024-04-19 00:00:00,63787.4,0.0053968,0.0053968,2.325787137,4.891313113
2024-04-20 00:00:00,64897.2,0.01739842,0.00869921,2.383650579,4.942562884
2024-04-21 00:00:00,64912.6,0.000237298,0.000118649,2.384453514,4.943267964
2024-04-22 00:00:00,66778,0.028737102,0.028737102,2.4817129,5.114060261
2024-04-23 00:00:00,66386.3,-0.005865704,-0.005865704,2.461290201,5.078196992
2024-04-24 00:00:00,64250,-0.032179832,-0.016089916,2.349906463,4.980399312
2024-04-25 00:00:00,64478.8,0.003561089,0.001780545,2.36183578,4.99104768
2024-04-26 00:00:00,63748.8,-0.011321551,-0.005660775,2.323774586,4.957133706
2024-04-27 00:00:00,63421,-0.005142058,-0.002571029,2.306683546,4.941817743
2024-04-28 00:00:00,63088.3,-0.005245896,-0.002622948,2.289337026,4.926232663
2024-04-29 00:00:00,63842.4,0.011953088,0.005976544,2.328654761,4.961651053
2024-04-30 00:00:00,60651.2,-0.04998559,-0.024992795,2.16226999,4.812652732
2024-05-01 00:00:00,58307.6,-0.03864062,-0.01932031,2.040077916,4.700350478
2024-05-02 00:00:00,59036.7,0.012504373,0.006252187,2.078092185,4.735990133
2024-05-03 00:00:00,62853.7,0.064654698,0.032327349,2.277105305,4.921419488
2024-05-04 00:00:00,63864.2,0.016077017,0.008038508,2.329791383,4.969018868
2024-05-05 00:00:00,63988,0.001938488,0.000969244,2.336246144,4.974804305
2024-05-06 00:00:00,63142.8,-0.013208727,-0.006604363,2.292178581,4.935344526
2024-05-07 00:00:00,62296,-0.013410872,-0.006705436,2.248027596,4.895545454
2024-05-08 00:00:00,61157.9,-0.018269231,-0.009134615,2.18868863,4.841691914
2024-05-09 00:00:00,63050.1,0.030939584,0.015469792,2.287345331,4.932061673
2024-05-10 00:00:00,60778.1,-0.036034836,-0.018017418,2.168886382,4.825181239
2024-05-11 00:00:00,60809.2,0.000511697,0.000255849,2.170507893,4.826671604
2024-05-12 00:00:00,61455.8,0.010633259,0.00531663,2.204220726,4.85764986
2024-05-13 00:00:00,62912.1,0.023696706,0.011848353,2.280150201,4.927053362
2024-05-14 00:00:00,61550.5,-0.021642895,-0.010821448,2.209158253,4.862914064
2024-05-15 00:00:00,66175.4,0.075139926,0.037569963,2.450294166,5.083183528
2024-05-16 00:00:00,65217.7,-0.014472145,-0.014472145,2.400361008,4.995146812
2024-05-17 00:00:00,66980,0.027021805,0.027021805,2.492244901,5.157146503
2024-05-18 00:00:00,66884.9,-0.001419827,-0.001419827,2.487286518,5.148404421
2024-05-19 00:00:00,66239.4,-0.009650908,-0.009650908,2.453631038,5.089066737
2024-05-20 00:00:00,71466.5,0.078912249,0.078912249,2.726164829,5.569568685
2024-05-21 00:00:00,70168.8,-0.018158158,-0.018158158,2.658504539,5.450277419
2024-05-22 00:00:00,69219.1,-0.013534505,-0.013534505,2.60898849,5.362976105
2024-05-23 00:00:00,67999.9,-0.017613636,-0.017613636,2.545421082,5.250900963
2024-05-24 00:00:00,68584.1,0.008591189,0.008591189,2.575880465,5.304603635
2024-05-25 00:00:00,69314.4,0.010648241,0.010648241,2.613957301,5.371736571
2024-05-26 00:00:00,68524.3,-0.011398786,-0.011398786,2.572762575,5.299106511
2024-05-27 00:00:00,69461.6,0.013678359,0.013678359,2.621632106,5.385267953
2024-05-28 00:00:00,68440.5,-0.014700208,-0.014700208,2.568393359,5.291403183
2024-05-29 00:00:00,67686.7,-0.011013946,-0.011013946,2.529091266,5.222110006
2024-05-30 00:00:00,68402.5,0.010575194,0.010575194,2.566412091,5.287910028
2024-05-31 00:00:00,67577.9,-0.012055115,-0.012055115,2.523418583,5.21210855
2024-06-01 00:00:00,67799.2,0.003274739,0.003274739,2.534956861,5.232451585
2024-06-02 00:00:00,67805.9,9.88212E-05,9.88212E-05,2.535306189,5.233067484
2024-06-03 00:00:00,68851.4,0.015419012,0.015419012,2.589817119,5.329175227
2024-06-04 00:00:00,70580,0.025106243,0.025106243,2.679943941,5.48807704
2024-06-05 00:00:00,71133.3,0.007839331,0.007839331,2.70879224,5.538939226
2024-06-06 00:00:00,70830,-0.004263826,-0.004263826,2.692978596,5.511058328
2024-06-07 00:00:00,69377,-0.020513907,-0.020513907,2.617221178,5.377491086
2024-06-08 00:00:00,69346.5,-0.000439627,-0.000439627,2.61563095,5.374687369
2024-06-09 00:00:00,69667.1,0.004623161,0.004623161,2.632346593,5.404158572
2024-06-10 00:00:00,69558.7,-0.001555971,-0.001555971,2.626694766,5.394193885
2024-06-11 00:00:00,67320.7,-0.032174264,-0.032174264,2.51000853,5.188465401
2024-06-12 00:00:00,68270.3,0.014105617,0.014105617,2.559519365,5.275757523
2024-06-13 00:00:00,66786.9,-0.021728336,-0.021728336,2.482176933,5.139395757
2024-06-14 00:00:00,66039.7,-0.011187823,-0.011187823,2.443218955,5.070709285
2024-06-15 00:00:00,66213.7,0.002634779,0.001317389,2.452291075,5.078706773
2024-06-16 00:00:00,66653.6,0.00664364,0.00664364,2.475226855,5.119091514
2024-06-17 00:00:00,66472.1,-0.002723034,-0.001361517,2.465763695,5.110760267
2024-06-18 00:00:00,65150,-0.019889548,-0.009944774,2.396831223,5.049990139
2024-06-19 00:00:00,64933.6,-0.003321566,-0.001660783,2.385548425,5.039942419
2024-06-20 00:00:00,64854,-0.001225868,-0.000612934,2.381398191,5.036240334
2024-06-21 00:00:00,64124,-0.011256052,-0.005628026,2.343336997,5.002268216
2024-06-22 00:00:00,64240,0.001808995,0.000904498,2.349385077,5.007697253
2024-06-23 00:00:00,63194.9,-0.01626868,-0.00813434,2.294895003,4.958828601
2024-06-24 00:00:00,60273.6,-0.046226832,-0.023113416,2.142582447,4.821099718
2024-06-25 00:00:00,61777.8,0.0249562,0.0124781,2.221009362,4.893735982
2024-06-26 00:00:00,60860.1,-0.014854851,-0.007427425,2.173161749,4.849960697
2024-06-27 00:00:00,61682,0.013504743,0.006752371,2.216014482,4.889461805
2024-06-28 00:00:00,60429.8,-0.020300898,0,2.1507265,4.889461805
2024-06-29 00:00:00,60982.4,0.009144495,0,2.179538302,4.889461805
2024-06-30 00:00:00,62766,0.029247783,0,2.272532748,4.889461805
2024-07-01 00:00:00,62883.6,0.001873626,0.000936813,2.27866425,4.894979129
2024-07-02 00:00:00,62123.6,-0.012085822,0,2.239038897,4.894979129
2024-07-03 00:00:00,60208,-0.030835303,0,2.139162153,4.894979129
2024-07-04 00:00:00,57045.9,-0.052519599,0,1.974294617,4.894979129
2024-07-05 00:00:00,56604.9,-0.007730617,0,1.951301484,4.894979129
2024-07-06 00:00:00,58216,0.0284622,0,2.035302018,4.894979129
2024-07-07 00:00:00,55830.9,-0.040969836,0,1.910946191,4.894979129
2024-07-08 00:00:00,56686.4,0.015323056,0,1.955550782,4.894979129
2024-07-09 00:00:00,58023.2,0.023582376,0,2.025249692,4.894979129
2024-07-10 00:00:00,57707,-0.005449544,0,2.00876346,4.894979129
2024-07-11 00:00:00,57315.5,-0.006784272,0,1.988351189,4.894979129
2024-07-12 00:00:00,57870,0.009674521,0,2.017262055,4.894979129
2024-07-13 00:00:00,59174,0.022533264,0,2.085250818,4.894979129
2024-07-14 00:00:00,60766,0.026903708,0,2.168255504,4.894979129
2024-07-15 00:00:00,64680.6,0.064420893,0,2.372357354,4.894979129
2024-07-16 00:00:00,65010,0.005092717,0,2.389531816,4.894979129
2024-07-17 00:00:00,64055.7,-0.01467928,0,2.339775929,4.894979129
2024-07-18 00:00:00,63959.9,-0.001495573,-0.000747787,2.334781049,4.890570942
2024-07-19 00:00:00,66627.9,0.041713636,0,2.473886893,4.890570942
2024-07-20 00:00:00,67095.6,0.007019582,0.007019582,2.498272126,4.931920287
2024-07-21 00:00:00,68138,0.015536041,0.015536041,2.552621426,5.024078844
2024-07-22 00:00:00,67499.2,-0.009375092,-0.009375092,2.519315274,4.967602553
2024-07-23 00:00:00,65916.4,-0.023449167,-0.023449167,2.436790263,4.827667245
2024-07-24 00:00:00,65350.8,-0.008580566,-0.004290283,2.407300658,4.802664904
2024-07-25 00:00:00,65773,0.006460518,0.003230259,2.429313585,4.821409014
2024-07-26 00:00:00,67882.5,0.032072431,0.016036215,2.539300008,4.914762383
2024-07-27 00:00:00,67873.8,-0.000128163,-6.40813E-05,2.538846402,4.914383357
2024-07-28 00:00:00,68215.5,0.005034343,0.002517172,2.556662169,4.929270875
2024-07-29 00:00:00,66750,-0.021483387,-0.010741694,2.480253018,4.865580464
2024-07-30 00:00:00,66159.3,-0.008849438,-0.004424719,2.449454734,4.839626918
2024-07-31 00:00:00,64601.8,-0.023541664,-0.011770832,2.368248831,4.770889651
2024-08-01 00:00:00,65328.9,0.011255104,0.005627552,2.406158823,4.803365634
2024-08-02 00:00:00,61483.7,-0.058859096,-0.029429548,2.205675393,4.632575206
2024-08-03 00:00:00,60684.6,-0.012996941,-0.00649847,2.16401142,4.595972083
2024-08-04 00:00:00,58144.5,-0.041857407,-0.020928703,2.031574107,4.478855643
2024-08-05 00:00:00,54003.1,-0.071225997,-0.035612999,1.815647218,4.283737164
2024-08-06 00:00:00,55991.2,0.036814553,0,1.919304012,4.283737164
2024-08-07 00:00:00,55102.9,-0.015864993,-0.007932497,1.872989274,4.241823937
2024-08-08 00:00:00,61659.8,0.118993737,0,2.214857005,4.241823937
2024-08-09 00:00:00,60808.6,-0.01380478,-0.00690239,2.17047661,4.205642823
2024-08-10 00:00:00,60889.9,0.001336982,0.000668491,2.17471548,4.209122748
2024-08-11 00:00:00,58693.1,-0.036078233,-0.018039117,2.060177355,4.115154776
2024-08-12 00:00:00,59323.6,0.010742319,0.005371159,2.093050756,4.142629088
2024-08-13 00:00:00,60550.5,0.020681483,0.010340741,2.157019631,4.195807685
2024-08-14 00:00:00,58648.1,-0.031418403,0,2.057831117,4.195807685
2024-08-15 00:00:00,57511,-0.019388522,0,1.99854429,4.195807685
2024-08-16 00:00:00,58854.9,0.023367704,0,2.068613384,4.195807685
2024-08-17 00:00:00,59468.5,0.01042564,0,2.100605642,4.195807685
2024-08-18 00:00:00,58390,-0.018135652,0,2.044374138,4.195807685
2024-08-19 00:00:00,59398.5,0.017271793,0,2.096955939,4.195807685
2024-08-20 00:00:00,58982.9,-0.00699681,0,2.075287127,4.195807685
2024-08-21 00:00:00,61120,0.036232535,0,2.186712576,4.195807685
2024-08-22 00:00:00,60349.9,-0.012599804,0,2.146560624,4.195807685
2024-08-23 00:00:00,64019.9,0.060812031,0,2.337909366,4.195807685
2024-08-24 00:00:00,64116.5,0.001508906,0,2.342945957,4.195807685
2024-08-25 00:00:00,64190.2,0.00114947,0.000574735,2.346788574,4.198793898
2024-08-26 00:00:00,62807.6,-0.021539113,-0.010769557,2.274701715,4.142805192
2024-08-27 00:00:00,59384.5,-0.054501366,0,2.096225998,4.142805192
2024-08-28 00:00:00,59010,-0.006306359,0,2.076700084,4.142805192
2024-08-29 00:00:00,59323.2,0.005307575,0,2.0930299,4.142805192
2024-08-30 00:00:00,59096.3,-0.003824811,-0.001912405,2.081199647,4.132970065
2024-08-31 00:00:00,58941.9,-0.002612685,-0.001306342,2.073149444,4.126264648
2024-09-01 00:00:00,57268.1,-0.028397456,0,1.985879818,4.126264648
2024-09-02 00:00:00,59112.1,0.032199427,0,2.082023437,4.126264648
2024-09-03 00:00:00,57451.9,-0.02808562,0,1.995462897,4.126264648
2024-09-04 00:00:00,57944.8,0.008579351,0,2.021162024,4.126264648
2024-09-05 00:00:00,56145.7,-0.031048515,-0.015524258,1.927359429,4.046683196
2024-09-06 00:00:00,53927.7,-0.039504361,-0.01975218,1.811715965,3.947000198
2024-09-07 00:00:00,54134.9,0.003842181,0,1.822519088,3.947000198
2024-09-08 00:00:00,54839.6,0.01301748,0,1.859261175,3.947000198
2024-09-09 00:00:00,57010,0.03957724,0,1.97242284,3.947000198
2024-09-10 00:00:00,57609.1,0.010508683,0,2.003659088,3.947000198
2024-09-11 00:00:00,57306,-0.005261322,0,1.987855872,3.947000198
2024-09-12 00:00:00,58097,0.013803092,0,2.029097522,3.947000198
2024-09-13 00:00:00,60456.2,0.040607949,0,2.152102959,3.947000198
2024-09-14 00:00:00,59964,-0.008141431,-0.004070716,2.126440329,3.926862367
2024-09-15 00:00:00,59100.5,-0.014400307,-0.007200153,2.081418629,3.891388202
2024-09-16 00:00:00,58187,-0.015456722,-0.007728361,2.033789998,3.853585788
2024-09-17 00:00:00,60281,0.03598742,0,2.142968273,3.853585788
2024-09-18 00:00:00,61735.3,0.024125346,0.012062673,2.218793471,3.912133007
2024-09-19 00:00:00,62926.9,0.019301761,0.00965088,2.280921853,3.959539416
2024-09-20 00:00:00,63175.7,0.003953794,0.001976897,2.293893942,3.969343914
2024-09-21 00:00:00,63320.6,0.002293603,0.001146802,2.301448828,3.975042766
2024-09-22 00:00:00,63558.4,0.003755492,0.001877746,2.313847392,3.984384633
2024-09-23 00:00:00,63302,-0.004034085,0,2.30047905,3.984384633
2024-09-24 00:00:00,64243.1,0.014866829,0,2.349546707,3.984384633
2024-09-25 00:00:00,63118.4,-0.017506938,-0.008753469,2.290906399,3.940753975
2024-09-26 00:00:00,65139.2,0.032016021,0.01600801,2.396268126,4.019845616
2024-09-27 00:00:00,65749.6,0.009370702,0.004685351,2.428093541,4.043365353
2024-09-28 00:00:00,65822.6,0.001110273,0.000555136,2.43189966,4.046165109
2024-09-29 00:00:00,65568.1,-0.003866453,-0.001933227,2.418630381,4.036409729
2024-09-30 00:00:00,63309.1,-0.034452729,-0.017226365,2.300849234,3.949650698
2024-10-01 00:00:00,60776.8,-0.039998989,-0.019999495,2.168818601,3.850660186
2024-10-02 00:00:00,60622.6,-0.002537152,-0.001268576,2.160778826,3.844506754
2024-10-03 00:00:00,60727.2,0.001725429,0.000862715,2.166232526,3.848686181
2024-10-04 00:00:00,62054.4,0.021855116,0.010927558,2.235430905,3.90167048
2024-10-05 00:00:00,62023.1,-0.000504396,-0.000252198,2.233798966,3.900434288
2024-10-06 00:00:00,62789.3,0.012353462,0.006176731,2.273747578,3.930702952
2024-10-07 00:00:00,62190.7,-0.009533471,-0.004766736,2.242537399,3.907199594
2024-10-08 00:00:00,62131.7,-0.000948695,-0.000474347,2.23946122,3.904871877
2024-10-09 00:00:00,60606.4,-0.024549465,-0.012274733,2.15993418,3.844665886
2024-10-10 00:00:00,60293.2,-0.005167771,-0.002583886,2.143604364,3.832147824
2024-10-11 00:00:00,62509,0.036750413,0.018375206,2.259133122,3.920939538
2024-10-12 00:00:00,63176,0.010670463,0.005335232,2.293909583,3.947193891
2024-10-13 00:00:00,62839.8,-0.005321641,-0.002660821,2.276380579,3.934030296
2024-10-14 00:00:00,66064.9,0.051322569,0.025661285,2.444532848,4.060643852
2024-10-15 00:00:00,67044.1,0.014821789,0.007410894,2.495586987,4.098147749
2024-10-16 00:00:00,67592,0.008172233,0.008172233,2.524153738,4.139811
2024-10-17 00:00:00,67401.5,-0.002818381,-0.002818381,2.514221331,4.125325055
2024-10-18 00:00:00,68407.8,0.014929935,0.014929935,2.566688426,4.201845824
2024-10-19 00:00:00,68357.1,-0.000741144,-0.000741144,2.564044998,4.19799051
2024-10-20 00:00:00,69020.1,0.009699066,0.009699066,2.598612904,4.248406161
2024-10-21 00:00:00,67368.8,-0.023924915,-0.023924915,2.512516398,4.122838491
2024-10-22 00:00:00,67406.4,0.000558122,0.000558122,2.51447681,4.12569766
2024-10-23 00:00:00,66647.2,-0.011263025,-0.011263025,2.474893168,4.067966796
2024-10-24 00:00:00,68173.8,0.022905688,0.022905688,2.554487988,4.184052065
2024-10-25 00:00:00,66662.8,-0.02216394,-0.02216394,2.47570653,4.069153047
2024-10-26 00:00:00,67071.8,0.006135356,0.006135356,2.497031227,4.100254105
2024-10-27 00:00:00,67992.6,0.013728571,0.013728571,2.54504047,4.170273308
2024-10-28 00:00:00,69940,0.028641352,0.028641352,2.646575222,4.318356926
2024-10-29 00:00:00,72739.5,0.040027166,0.040027166,2.792537295,4.531235683
2024-10-30 00:00:00,72349,-0.005368472,-0.005368472,2.772177163,4.501541396
2024-10-31 00:00:00,70321.9,-0.028018355,-0.028018355,2.666486962,4.347397254
2024-11-01 00:00:00,69495.5,-0.011751673,-0.011751673,2.623399605,4.284556388
2024-11-02 00:00:00,69366.6,-0.001854796,-0.001854796,2.616678937,4.274754612
2024-11-03 00:00:00,68762.5,-0.008708802,-0.008708802,2.585181995,4.228817817
2024-11-04 00:00:00,67834.3,-0.013498637,-0.013498637,2.536786926,4.158235906
2024-11-05 00:00:00,69353.1,0.022389853,0.022389853,2.615975065,4.273728049
2024-11-06 00:00:00,75579.9,0.089784018,0.089784018,2.940631837,4.747224545
2024-11-07 00:00:00,75859.4,0.003698073,0.003698073,2.955204582,4.768478201
2024-11-08 00:00:00,76482.2,0.008209925,0.008209925,2.987676515,4.815836976
2024-11-09 00:00:00,76675.1,0.002522155,0.002522155,2.997734055,4.830505421
2024-11-10 00:00:00,80410,0.048710729,0.048710729,3.192466595,5.114513589
2024-11-11 00:00:00,88728.9,0.103456038,0.103456038,3.626202577,5.747096938
2024-11-12 00:00:00,87972,-0.008530479,-0.008530479,3.586738854,5.689540971
2024-11-13 00:00:00,90413.3,0.027750875,0.027750875,3.714024872,5.875181588
2024-11-14 00:00:00,87382.7,-0.033519405,-0.033519405,3.556013564,5.644729594
2024-11-15 00:00:00,91074.6,0.042249782,0.042249782,3.748504143,5.925467968
2024-11-16 00:00:00,90643.3,-0.004735678,-0.004735678,3.726016755,5.892671181
2024-11-17 00:00:00,89899.9,-0.008201378,-0.008201378,3.687256904,5.836141776
2024-11-18 00:00:00,90507.4,0.006757516,0.006757516,3.718931117,5.882337113
2024-11-19 00:00:00,92335.9,0.020202768,0.020202768,3.814266587,6.021379372
2024-11-20 00:00:00,94288,0.02114129,0.02114129,3.916046391,6.169820387
2024-11-21 00:00:00,98366.8,0.043258951,0.043258951,4.128709402,6.479979298
